method,total
glmReserve (refitted means),18494.9932899687
glmReserve (refitted means),17728.0363172507
glmReserve (refitted means),17628.9319314704
glmReserve (refitted means),17682.5125651719
glmReserve (refitted means),18086.4986904051
glmReserve (refitted means),17938.4074550912
glmReserve (refitted means),18021.3627907797
glmReserve (refitted means),17716.9612281095
glmReserve (refitted means),18368.042742404
glmReserve (refitted means),17831.530604295
glmReserve (refitted means),17886.438004925
glmReserve (refitted means),18842.5325470806
glmReserve (refitted means),17991.3933965588
glmReserve (refitted means),18200.7732372323
glmReserve (refitted means),18154.9745364873
glmReserve (refitted means),17542.4055061965
glmReserve (refitted means),18462.8625181153
glmReserve (refitted means),18284.958444347
glmReserve (refitted means),18350.839813731
glmReserve (refitted means),17564.7160437731
glmReserve (refitted means),18330.9331316256
glmReserve (refitted means),18030.4817788257
glmReserve (refitted means),17734.0993291849
glmReserve (refitted means),17432.0849741211
glmReserve (refitted means),17766.3393563977
glmReserve (refitted means),17661.8717098033
glmReserve (refitted means),17367.9677638244
glmReserve (refitted means),18379.6722660446
glmReserve (refitted means),17240.641865771
glmReserve (refitted means),18037.6807714764
glmReserve (refitted means),17857.8431439787
glmReserve (refitted means),17881.4073348655
glmReserve (refitted means),17538.2537832648
glmReserve (refitted means),18266.0891819281
glmReserve (refitted means),17032.591266218
glmReserve (refitted means),17044.9550983513
glmReserve (refitted means),18552.3512861499
glmReserve (refitted means),18016.9143341468
glmReserve (refitted means),18314.5148052582
glmReserve (refitted means),17106.3220436595
glmReserve (refitted means),17439.7710398528
glmReserve (refitted means),18258.4733585814
glmReserve (refitted means),17643.7100130561
glmReserve (refitted means),18130.8092695942
glmReserve (refitted means),18067.0917428808
glmReserve (refitted means),19109.2463041558
glmReserve (refitted means),18350.861365844
glmReserve (refitted means),17365.0332997378
glmReserve (refitted means),17657.549536641
glmReserve (refitted means),17605.5121635689
glmReserve (refitted means),17287.2567249521
glmReserve (refitted means),17687.4109402916
glmReserve (refitted means),18195.4759006713
glmReserve (refitted means),17632.9933226936
glmReserve (refitted means),18358.5579152737
glmReserve (refitted means),17668.6427806113
glmReserve (refitted means),17062.6648812833
glmReserve (refitted means),18778.6966649044
glmReserve (refitted means),17896.0433771316
glmReserve (refitted means),18533.5867870256
glmReserve (refitted means),17463.3674472591
glmReserve (refitted means),17758.8657160738
glmReserve (refitted means),18353.2364482081
glmReserve (refitted means),17715.7651336053
glmReserve (refitted means),18099.7654983001
glmReserve (refitted means),18232.5609198372
glmReserve (refitted means),17199.1169410052
glmReserve (refitted means),18047.5878794202
glmReserve (refitted means),18135.3554330364
glmReserve (refitted means),18154.4808064018
glmReserve (refitted means),18393.6978561362
glmReserve (refitted means),18105.1792407312
glmReserve (refitted means),17238.2761950249
glmReserve (refitted means),17204.1573868837
glmReserve (refitted means),17457.6308450505
glmReserve (refitted means),17924.1080602225
glmReserve (refitted means),17948.8261412657
glmReserve (refitted means),17998.0426843335
glmReserve (refitted means),17841.2819164455
glmReserve (refitted means),18207.1556078462
glmReserve (refitted means),18388.259240331
glmReserve (refitted means),17769.2122409835
glmReserve (refitted means),18390.0560055666
glmReserve (refitted means),17264.3484586597
glmReserve (refitted means),17593.148952886
glmReserve (refitted means),18167.4130007132
glmReserve (refitted means),17957.8856678646
glmReserve (refitted means),18083.9374396377
glmReserve (refitted means),17863.0899318742
glmReserve (refitted means),19143.2745344637
glmReserve (refitted means),18543.5773306165
glmReserve (refitted means),17811.8243215731
glmReserve (refitted means),17944.4177967043
glmReserve (refitted means),18379.6356942335
glmReserve (refitted means),17130.0521537237
glmReserve (refitted means),18022.9559236236
glmReserve (refitted means),17942.9899585669
glmReserve (refitted means),18434.4213772738
glmReserve (refitted means),17496.5386541168
glmReserve (refitted means),17719.9163215681
glmReserve (refitted means),17796.0711588239
glmReserve (refitted means),18322.7897657291
glmReserve (refitted means),18440.5313136264
glmReserve (refitted means),17956.7010378315
glmReserve (refitted means),17804.3782311861
glmReserve (refitted means),17231.3558542649
glmReserve (refitted means),17766.6840049078
glmReserve (refitted means),17654.8049683857
glmReserve (refitted means),18590.8855747975
glmReserve (refitted means),18033.8330379175
glmReserve (refitted means),17474.1047190172
glmReserve (refitted means),18037.1666961203
glmReserve (refitted means),17924.5534654904
glmReserve (refitted means),18834.608823006
glmReserve (refitted means),17510.1097296014
glmReserve (refitted means),17375.1481016151
glmReserve (refitted means),17834.3936768528
glmReserve (refitted means),17590.47866138
glmReserve (refitted means),17968.0194224811
glmReserve (refitted means),17809.6939098593
glmReserve (refitted means),18642.2497552296
glmReserve (refitted means),17959.547130132
glmReserve (refitted means),18495.8449333327
glmReserve (refitted means),17398.0345350379
glmReserve (refitted means),17393.5495257257
glmReserve (refitted means),17598.3632368609
glmReserve (refitted means),17426.4298927028
glmReserve (refitted means),16895.9250217862
glmReserve (refitted means),18179.4027911501
glmReserve (refitted means),17434.952003334
glmReserve (refitted means),18424.0621749583
glmReserve (refitted means),18158.4630230938
glmReserve (refitted means),17833.0873893076
glmReserve (refitted means),18152.6795571491
glmReserve (refitted means),18089.487535594
glmReserve (refitted means),17987.7406065695
glmReserve (refitted means),18187.0253042894
glmReserve (refitted means),17757.9918635798
glmReserve (refitted means),18039.6078020168
glmReserve (refitted means),17172.4971731815
glmReserve (refitted means),17880.6035527353
glmReserve (refitted means),17890.3040463013
glmReserve (refitted means),17998.9362481334
glmReserve (refitted means),17487.0941059891
glmReserve (refitted means),17755.139574204
glmReserve (refitted means),18241.9767994184
glmReserve (refitted means),18050.2475542267
glmReserve (refitted means),17788.8054633434
glmReserve (refitted means),18170.6537322037
glmReserve (refitted means),17723.5243005508
glmReserve (refitted means),18503.3506170345
glmReserve (refitted means),18089.5886424238
glmReserve (refitted means),17614.6118855407
glmReserve (refitted means),17554.5836288279
glmReserve (refitted means),18258.6204350291
glmReserve (refitted means),18339.5085475935
glmReserve (refitted means),18219.0813735285
glmReserve (refitted means),17621.7052185328
glmReserve (refitted means),18199.7328655417
glmReserve (refitted means),17641.8877041932
glmReserve (refitted means),18406.901841256
glmReserve (refitted means),17727.5660158267
glmReserve (refitted means),17857.7689010127
glmReserve (refitted means),18051.8162517494
glmReserve (refitted means),16971.5232634484
glmReserve (refitted means),18982.8783146159
glmReserve (refitted means),17897.4467716938
glmReserve (refitted means),18044.8306597926
glmReserve (refitted means),17660.4860407635
glmReserve (refitted means),18846.8444168581
glmReserve (refitted means),18125.6824392002
glmReserve (refitted means),18298.5178472297
glmReserve (refitted means),17989.3816788417
glmReserve (refitted means),18483.6161642533
glmReserve (refitted means),16904.9090433967
glmReserve (refitted means),17103.3571543698
glmReserve (refitted means),18128.598666937
glmReserve (refitted means),17977.7638045003
glmReserve (refitted means),18312.8733353672
glmReserve (refitted means),17379.72343416
glmReserve (refitted means),17897.792404262
glmReserve (refitted means),18075.3069905568
glmReserve (refitted means),19447.5753451903
glmReserve (refitted means),17453.4313049164
glmReserve (refitted means),17654.2683807812
glmReserve (refitted means),17425.790663228
glmReserve (refitted means),17819.8894247369
glmReserve (refitted means),17351.1853679426
glmReserve (refitted means),17888.1376785257
glmReserve (refitted means),17418.590688158
glmReserve (refitted means),17910.407367281
glmReserve (refitted means),17793.3052241024
glmReserve (refitted means),18919.0935570856
glmReserve (refitted means),17949.0383188812
glmReserve (refitted means),17369.6001680869
glmReserve (refitted means),18173.1376162019
glmReserve (refitted means),18029.9749718287
glmReserve (refitted means),18637.6567844806
glmReserve (refitted means),18427.8734101705
glmReserve (refitted means),18033.8244884654
glmReserve (refitted means),17308.4959519729
glmReserve (refitted means),18137.3820956643
glmReserve (refitted means),19209.0661458493
glmReserve (refitted means),19060.7862890409
glmReserve (refitted means),18694.409825538
glmReserve (refitted means),18271.5975689239
glmReserve (refitted means),17979.8341844085
glmReserve (refitted means),17546.6156919443
glmReserve (refitted means),18821.9070479782
glmReserve (refitted means),17950.8834976093
glmReserve (refitted means),18006.8648398288
glmReserve (refitted means),18534.2391596193
glmReserve (refitted means),18220.7433681646
glmReserve (refitted means),20847.7471316459
glmReserve (refitted means),17368.1183059391
glmReserve (refitted means),17644.6422305168
glmReserve (refitted means),17634.4797595413
glmReserve (refitted means),17547.6842803463
glmReserve (refitted means),18040.7702546555
glmReserve (refitted means),17926.497800062
glmReserve (refitted means),17297.9127274953
glmReserve (refitted means),17103.6965110921
glmReserve (refitted means),17535.5921509272
glmReserve (refitted means),17783.027946179
glmReserve (refitted means),17920.3359820892
glmReserve (refitted means),18079.9089000357
glmReserve (refitted means),19253.0372259863
glmReserve (refitted means),18025.5613880655
glmReserve (refitted means),17594.3774301833
glmReserve (refitted means),17891.44750916
glmReserve (refitted means),17750.9703665199
glmReserve (refitted means),18823.4949803276
glmReserve (refitted means),17636.2524326158
glmReserve (refitted means),18268.2865694761
glmReserve (refitted means),17396.100114585
glmReserve (refitted means),17852.5191633856
glmReserve (refitted means),17099.4160562398
glmReserve (refitted means),18048.3375090363
glmReserve (refitted means),18767.4952123287
glmReserve (refitted means),17908.9182746861
glmReserve (refitted means),16961.7534156028
glmReserve (refitted means),17819.5811273844
glmReserve (refitted means),17737.041774274
glmReserve (refitted means),19089.4855066126
glmReserve (refitted means),17575.4979437616
glmReserve (refitted means),17187.9812712527
glmReserve (refitted means),17905.671507284
glmReserve (refitted means),18098.3108609214
glmReserve (refitted means),18424.7965805029
glmReserve (refitted means),17384.4784170003
glmReserve (refitted means),17348.8926915472
glmReserve (refitted means),17696.1503832562
glmReserve (refitted means),18122.0318890094
glmReserve (refitted means),17882.9529645753
glmReserve (refitted means),18722.783325723
glmReserve (refitted means),17731.6930151933
glmReserve (refitted means),18606.8892095408
glmReserve (refitted means),17616.5757100293
glmReserve (refitted means),17339.9879068
glmReserve (refitted means),17925.1209995756
glmReserve (refitted means),17439.7625268559
glmReserve (refitted means),17412.8082461585
glmReserve (refitted means),17383.7029772378
glmReserve (refitted means),18121.4678851285
glmReserve (refitted means),18435.128019377
glmReserve (refitted means),17550.5080122422
glmReserve (refitted means),17819.0769270089
glmReserve (refitted means),17589.4568104046
glmReserve (refitted means),17951.224612953
glmReserve (refitted means),19011.0572899234
glmReserve (refitted means),17757.7839607378
glmReserve (refitted means),17303.1016890839
glmReserve (refitted means),18237.5441129997
glmReserve (refitted means),18068.8578934163
glmReserve (refitted means),17398.4300224531
glmReserve (refitted means),17674.436297525
glmReserve (refitted means),18481.4921708691
glmReserve (refitted means),18564.0570948778
glmReserve (refitted means),17552.441648511
glmReserve (refitted means),18257.2259189732
glmReserve (refitted means),17186.2707838558
glmReserve (refitted means),17546.179908342
glmReserve (refitted means),18680.6062048476
glmReserve (refitted means),19019.8747485721
glmReserve (refitted means),17956.205550202
glmReserve (refitted means),18577.8042432637
glmReserve (refitted means),18631.2010263911
glmReserve (refitted means),17542.6122177194
glmReserve (refitted means),18387.5810869321
glmReserve (refitted means),17974.9133086661
glmReserve (refitted means),17762.1449210949
glmReserve (refitted means),18050.9682108165
glmReserve (refitted means),17336.3986617985
glmReserve (refitted means),18354.9243678908
glmReserve (refitted means),17961.0750518975
glmReserve (refitted means),17362.1999007213
glmReserve (refitted means),17250.108303848
glmReserve (refitted means),17757.3654510401
glmReserve (refitted means),18246.5549703786
glmReserve (refitted means),18477.1894890324
glmReserve (refitted means),17812.68484045
glmReserve (refitted means),19400.744079117
glmReserve (refitted means),18098.8925367595
glmReserve (refitted means),17857.6578947683
glmReserve (refitted means),17767.6421103911
glmReserve (refitted means),17477.0302963193
glmReserve (refitted means),17231.3117881748
glmReserve (refitted means),17805.4215214997
glmReserve (refitted means),18323.5805878035
glmReserve (refitted means),18725.7198624988
glmReserve (refitted means),17911.511629616
glmReserve (refitted means),17862.9147415133
glmReserve (refitted means),17585.9261863302
glmReserve (refitted means),18774.4754606323
glmReserve (refitted means),18621.4050862154
glmReserve (refitted means),17103.9495645305
glmReserve (refitted means),18828.0668721651
glmReserve (refitted means),18737.5358740967
glmReserve (refitted means),17543.8062168877
glmReserve (refitted means),18289.4188772787
glmReserve (refitted means),18509.7733965522
glmReserve (refitted means),17579.3935820338
glmReserve (refitted means),17801.1172752495
glmReserve (refitted means),17799.6151102299
glmReserve (refitted means),18264.8154727098
glmReserve (refitted means),18154.768919233
glmReserve (refitted means),17662.8107050014
glmReserve (refitted means),17151.2691517928
glmReserve (refitted means),17893.8409746207
glmReserve (refitted means),17550.4101688951
glmReserve (refitted means),18529.4613817165
glmReserve (refitted means),17809.301753841
glmReserve (refitted means),18345.5584672821
glmReserve (refitted means),18102.7246112026
glmReserve (refitted means),18416.6250124137
glmReserve (refitted means),17878.2844931497
glmReserve (refitted means),18276.8249915979
glmReserve (refitted means),18385.5734732639
glmReserve (refitted means),17408.247314746
glmReserve (refitted means),19134.5120184189
glmReserve (refitted means),18149.2141700304
glmReserve (refitted means),18799.5982360867
glmReserve (refitted means),17733.487919526
glmReserve (refitted means),18167.5948776749
glmReserve (refitted means),17413.1027670669
glmReserve (refitted means),19034.1665445193
glmReserve (refitted means),18036.9375985418
glmReserve (refitted means),17936.2275730585
glmReserve (refitted means),18020.1042657688
glmReserve (refitted means),17581.7860467867
glmReserve (refitted means),17744.8182480088
glmReserve (refitted means),18556.7485710917
glmReserve (refitted means),17958.6428840929
glmReserve (refitted means),17518.354953412
glmReserve (refitted means),17936.9765260801
glmReserve (refitted means),17459.1678900455
glmReserve (refitted means),17634.2491311759
glmReserve (refitted means),19149.6535524088
glmReserve (refitted means),18204.9636648172
glmReserve (refitted means),17262.4115903902
glmReserve (refitted means),19209.1483222575
glmReserve (refitted means),18499.8438422064
glmReserve (refitted means),17683.6051734425
glmReserve (refitted means),18099.8632467744
glmReserve (refitted means),17891.0157400448
glmReserve (refitted means),17278.2705991785
glmReserve (refitted means),18168.0459659822
glmReserve (refitted means),17705.5830366387
glmReserve (refitted means),17093.2160590233
glmReserve (refitted means),18052.2346338144
glmReserve (refitted means),17464.5565089577
glmReserve (refitted means),18062.4381426323
glmReserve (refitted means),17155.1308904645
glmReserve (refitted means),17804.246443826
glmReserve (refitted means),18084.6985034763
glmReserve (refitted means),18133.7099577055
glmReserve (refitted means),18144.2534388349
glmReserve (refitted means),17425.0820648866
glmReserve (refitted means),18014.8965574593
glmReserve (refitted means),17426.1580621221
glmReserve (refitted means),18111.7219743648
glmReserve (refitted means),19327.3184090962
glmReserve (refitted means),18625.3669485681
glmReserve (refitted means),17356.4283275383
glmReserve (refitted means),17185.7899497981
glmReserve (refitted means),18212.698110167
glmReserve (refitted means),18109.604749202
glmReserve (refitted means),17422.3190493343
glmReserve (refitted means),18241.0344642054
glmReserve (refitted means),18138.8785188132
glmReserve (refitted means),18624.398255351
glmReserve (refitted means),17466.2413769844
glmReserve (refitted means),18504.7171750893
glmReserve (refitted means),17765.7254664128
glmReserve (refitted means),18485.8770345414
glmReserve (refitted means),17423.7897529345
glmReserve (refitted means),17587.3210642766
glmReserve (refitted means),18032.4318731106
glmReserve (refitted means),18324.6259766051
glmReserve (refitted means),17514.869647144
glmReserve (refitted means),17637.2132039149
glmReserve (refitted means),17949.4241230089
glmReserve (refitted means),17813.1144058309
glmReserve (refitted means),17736.3221036042
glmReserve (refitted means),17938.3177792432
glmReserve (refitted means),18167.9690694184
glmReserve (refitted means),17294.0931590511
glmReserve (refitted means),18427.4412651151
glmReserve (refitted means),18571.1796727239
glmReserve (refitted means),18255.5648315311
glmReserve (refitted means),17721.6971914826
glmReserve (refitted means),17890.1746410031
glmReserve (refitted means),17711.9850664976
glmReserve (refitted means),17889.2703761431
glmReserve (refitted means),17782.2297540691
glmReserve (refitted means),18517.4502218341
glmReserve (refitted means),17701.9316500164
glmReserve (refitted means),18016.6526486995
glmReserve (refitted means),17873.754611899
glmReserve (refitted means),18125.6272063612
glmReserve (refitted means),18337.8468121607
glmReserve (refitted means),18964.2887889496
glmReserve (refitted means),18176.5186788219
glmReserve (refitted means),18112.1325672699
glmReserve (refitted means),17556.9093794584
glmReserve (refitted means),17957.2715740075
glmReserve (refitted means),18264.3805206949
glmReserve (refitted means),18955.5593052018
glmReserve (refitted means),17869.1312790612
glmReserve (refitted means),17802.4978634731
glmReserve (refitted means),18349.4766303154
glmReserve (refitted means),17861.9438971066
glmReserve (refitted means),17721.5451303399
glmReserve (refitted means),18729.915231506
glmReserve (refitted means),18152.9175253949
glmReserve (refitted means),17636.1895963786
glmReserve (refitted means),19196.5755292815
glmReserve (refitted means),18447.1570169181
glmReserve (refitted means),17455.6364213509
glmReserve (refitted means),18581.2894105843
glmReserve (refitted means),17957.9173568421
glmReserve (refitted means),17935.4591626162
glmReserve (refitted means),18321.4739042536
glmReserve (refitted means),17730.4221315558
glmReserve (refitted means),18261.6209419686
glmReserve (refitted means),17907.3965754054
glmReserve (refitted means),17244.0418554357
glmReserve (refitted means),18243.8257630531
glmReserve (refitted means),18192.0409585026
glmReserve (refitted means),18042.5928231876
glmReserve (refitted means),18117.7888821348
glmReserve (refitted means),17532.3087080461
glmReserve (refitted means),17870.7577755639
glmReserve (refitted means),17810.0400234901
glmReserve (refitted means),17813.9693615533
glmReserve (refitted means),17954.287443258
glmReserve (refitted means),17461.9425129617
glmReserve (refitted means),17986.995889301
glmReserve (refitted means),18759.0291874704
glmReserve (refitted means),17751.3756171745
glmReserve (refitted means),17386.5903834149
glmReserve (refitted means),18154.2372011635
glmReserve (refitted means),19463.6859445602
glmReserve (refitted means),17479.3064485684
glmReserve (refitted means),18913.9408391018
glmReserve (refitted means),17848.445464348
glmReserve (refitted means),18001.2882756249
glmReserve (refitted means),18072.1561822273
glmReserve (refitted means),18272.5007483052
glmReserve (refitted means),17343.1561281182
glmReserve (refitted means),17798.5090776904
glmReserve (refitted means),17764.2714277711
glmReserve (refitted means),17807.8071033926
glmReserve (refitted means),19343.4850165648
glmReserve (refitted means),18354.674120413
glmReserve (refitted means),18104.6632000665
glmReserve (refitted means),18092.3443939597
glmReserve (refitted means),17702.5921148305
glmReserve (refitted means),18381.2975559824
glmReserve (refitted means),18028.2820036226
glmReserve (refitted means),18086.1449430763
glmReserve (refitted means),17859.5274037508
glmReserve (refitted means),17279.1391639798
glmReserve (refitted means),17483.1425880061
glmReserve (refitted means),17609.9557595507
glmReserve (refitted means),16599.3953254431
glmReserve (refitted means),17020.7221036191
glmReserve (refitted means),17267.5510158078
glmReserve (refitted means),17709.8945763695
glmReserve (refitted means),18025.0203991594
glmReserve (refitted means),17535.722994497
glmReserve (refitted means),17271.7794589179
glmReserve (refitted means),18572.2299764174
glmReserve (refitted means),17125.1436898731
glmReserve (refitted means),17113.0218664988
glmReserve (refitted means),17579.4937820298
glmReserve (refitted means),18387.9817290504
glmReserve (refitted means),17886.0411189313
glmReserve (refitted means),17726.2989276093
glmReserve (refitted means),18385.7170416669
glmReserve (refitted means),17679.2834086662
glmReserve (refitted means),18205.0513710936
glmReserve (refitted means),17977.2478128712
glmReserve (refitted means),18005.3703421517
glmReserve (refitted means),18020.9237749503
glmReserve (refitted means),18056.5035684766
glmReserve (refitted means),17939.4025844879
glmReserve (refitted means),18511.8414169307
glmReserve (refitted means),18095.9000846954
glmReserve (refitted means),19887.0771603644
glmReserve (refitted means),17273.7168495684
glmReserve (refitted means),17503.1722112245
glmReserve (refitted means),17496.175980083
glmReserve (refitted means),18168.8185933223
glmReserve (refitted means),18120.2186131313
glmReserve (refitted means),18156.0935672964
glmReserve (refitted means),18161.8276897226
glmReserve (refitted means),17521.8997968645
glmReserve (refitted means),17165.0882218509
glmReserve (refitted means),18594.4454017167
glmReserve (refitted means),17482.0260869491
glmReserve (refitted means),17781.4418240981
glmReserve (refitted means),17832.0015877034
glmReserve (refitted means),17723.7248821541
glmReserve (refitted means),17904.9280781021
glmReserve (refitted means),18313.7089101144
glmReserve (refitted means),17677.6772125921
glmReserve (refitted means),17697.9108854285
glmReserve (refitted means),17739.2407234161
glmReserve (refitted means),17834.4869280147
glmReserve (refitted means),18468.7114195824
glmReserve (refitted means),17490.3437302015
glmReserve (refitted means),18735.0333733658
glmReserve (refitted means),17970.8511651064
glmReserve (refitted means),17974.9761100201
glmReserve (refitted means),17952.0730483384
glmReserve (refitted means),19008.2250321205
glmReserve (refitted means),17893.8987539878
glmReserve (refitted means),17362.0901909081
glmReserve (refitted means),17475.6980140028
glmReserve (refitted means),17448.8517815123
glmReserve (refitted means),17706.6338702885
glmReserve (refitted means),18650.6204532053
glmReserve (refitted means),17837.7470806357
glmReserve (refitted means),18702.4266585846
glmReserve (refitted means),17334.3196675973
glmReserve (refitted means),18234.9586093286
glmReserve (refitted means),17798.1434277336
glmReserve (refitted means),17848.894577488
glmReserve (refitted means),17584.4854084441
glmReserve (refitted means),18521.2295554238
glmReserve (refitted means),17675.8123044634
glmReserve (refitted means),18083.9109780647
glmReserve (refitted means),17752.0329080166
glmReserve (refitted means),18346.0127106163
glmReserve (refitted means),17139.4531300098
glmReserve (refitted means),17646.6746610529
glmReserve (refitted means),17782.0737615576
glmReserve (refitted means),18881.4759406691
glmReserve (refitted means),17898.6486860259
glmReserve (refitted means),17841.3786389305
glmReserve (refitted means),17741.1850893981
glmReserve (refitted means),17975.9332329403
glmReserve (refitted means),18233.111454913
glmReserve (refitted means),18525.3438326647
glmReserve (refitted means),17816.6570087755
glmReserve (refitted means),18728.4389969849
glmReserve (refitted means),18148.0973507046
glmReserve (refitted means),19028.1701272788
glmReserve (refitted means),18206.4416199106
glmReserve (refitted means),17473.4592684122
glmReserve (refitted means),20171.2783772581
glmReserve (refitted means),18419.637673142
glmReserve (refitted means),19063.2150730969
glmReserve (refitted means),17678.0050862958
glmReserve (refitted means),17819.9077325122
glmReserve (refitted means),18351.3951897115
glmReserve (refitted means),17179.4483772845
glmReserve (refitted means),17615.2148765949
glmReserve (refitted means),17122.6646208571
glmReserve (refitted means),18199.8279481704
glmReserve (refitted means),17917.7005926154
glmReserve (refitted means),17825.2956653686
glmReserve (refitted means),17397.2469159704
glmReserve (refitted means),19088.7195184868
glmReserve (refitted means),17435.4549349928
glmReserve (refitted means),17897.771780777
glmReserve (refitted means),18143.802459016
glmReserve (refitted means),18115.6536066806
glmReserve (refitted means),17863.1778058493
glmReserve (refitted means),17737.6205717897
glmReserve (refitted means),17518.1081307622
glmReserve (refitted means),17694.6628940066
glmReserve (refitted means),18047.6802932939
glmReserve (refitted means),19140.3929987926
glmReserve (refitted means),18366.155842346
glmReserve (refitted means),17113.8139970508
glmReserve (refitted means),18830.3649760354
glmReserve (refitted means),18289.2022774071
glmReserve (refitted means),18060.5836759489
glmReserve (refitted means),17594.8732728197
glmReserve (refitted means),17305.3326797581
glmReserve (refitted means),17946.6933645719
glmReserve (refitted means),17204.9218324567
glmReserve (refitted means),18377.0923561988
glmReserve (refitted means),17396.3318795934
glmReserve (refitted means),17598.4226662966
glmReserve (refitted means),18082.6635803931
glmReserve (refitted means),18925.9785953467
glmReserve (refitted means),18089.4661784679
glmReserve (refitted means),18251.951576968
glmReserve (refitted means),17932.8246319669
glmReserve (refitted means),19146.3836857288
glmReserve (refitted means),17832.7133621441
glmReserve (refitted means),17783.022436571
glmReserve (refitted means),20279.4004158012
glmReserve (refitted means),18149.0387657311
glmReserve (refitted means),17304.3965514895
glmReserve (refitted means),18407.8860431638
glmReserve (refitted means),18327.0288380483
glmReserve (refitted means),17949.4313882371
glmReserve (refitted means),18356.4750575205
glmReserve (refitted means),16392.3361198101
glmReserve (refitted means),17142.7765187741
glmReserve (refitted means),17924.2472689857
glmReserve (refitted means),18471.1197586344
glmReserve (refitted means),17985.6187903959
glmReserve (refitted means),17344.6202104776
glmReserve (refitted means),18620.9844773571
glmReserve (refitted means),18247.1346170724
glmReserve (refitted means),18514.8601043563
glmReserve (refitted means),18262.9374921309
glmReserve (refitted means),19373.6277639661
glmReserve (refitted means),17372.8675435011
glmReserve (refitted means),18298.5089215455
glmReserve (refitted means),17719.7994530383
glmReserve (refitted means),17844.5502533917
glmReserve (refitted means),17942.9113629944
glmReserve (refitted means),17692.1933193513
glmReserve (refitted means),17714.7236385664
glmReserve (refitted means),18252.3535920381
glmReserve (refitted means),17700.8625858142
glmReserve (refitted means),17469.8095611114
glmReserve (refitted means),18158.0417067674
glmReserve (refitted means),17817.8656780397
glmReserve (refitted means),18512.1758455061
glmReserve (refitted means),19054.338782531
glmReserve (refitted means),17691.9647965663
glmReserve (refitted means),17776.8582580197
glmReserve (refitted means),18280.424287894
glmReserve (refitted means),17896.8240952928
glmReserve (refitted means),17881.9084074177
glmReserve (refitted means),18555.5443988432
glmReserve (refitted means),18246.0833816364
glmReserve (refitted means),18295.7671275931
glmReserve (refitted means),17487.379746639
glmReserve (refitted means),17688.0027219417
glmReserve (refitted means),17748.8728497336
glmReserve (refitted means),17719.3646590163
glmReserve (refitted means),16914.4247291664
glmReserve (refitted means),17545.2467171752
glmReserve (refitted means),18291.0387277668
glmReserve (refitted means),17970.8581367309
glmReserve (refitted means),17558.3993614212
glmReserve (refitted means),18130.1047745699
glmReserve (refitted means),17164.5402011701
glmReserve (refitted means),17384.9217044819
glmReserve (refitted means),18159.6292583505
glmReserve (refitted means),17713.2436284084
glmReserve (refitted means),17843.7318858618
glmReserve (refitted means),17934.6940789137
glmReserve (refitted means),17940.3029976368
glmReserve (refitted means),18206.785812617
glmReserve (refitted means),18009.6190912504
glmReserve (refitted means),18471.6899211886
glmReserve (refitted means),18331.8091708042
glmReserve (refitted means),17684.229098601
glmReserve (refitted means),18174.4954316581
glmReserve (refitted means),18301.0193949752
glmReserve (refitted means),18997.4450193086
glmReserve (refitted means),18922.4312248367
glmReserve (refitted means),17424.0101326471
glmReserve (refitted means),18287.0242151724
glmReserve (refitted means),17881.9282766463
glmReserve (refitted means),18905.7927929976
glmReserve (refitted means),18657.6368065911
glmReserve (refitted means),17760.6864032479
glmReserve (refitted means),17788.8816561308
glmReserve (refitted means),17583.8520318181
glmReserve (refitted means),17796.2150011273
glmReserve (refitted means),17873.3276724825
glmReserve (refitted means),18680.4492592714
glmReserve (refitted means),17597.7114066535
glmReserve (refitted means),17848.1079885183
glmReserve (refitted means),17521.2110169452
glmReserve (refitted means),18175.7912081083
glmReserve (refitted means),18344.1663949964
glmReserve (refitted means),17553.1251553383
glmReserve (refitted means),18261.3225070963
glmReserve (refitted means),18460.030118651
glmReserve (refitted means),18050.7574299337
glmReserve (refitted means),17191.5942840655
glmReserve (refitted means),17907.6117727653
glmReserve (refitted means),18145.4886770207
glmReserve (refitted means),17900.7093680071
glmReserve (refitted means),18079.3835764475
glmReserve (refitted means),18105.4771299721
glmReserve (refitted means),17920.7774070261
glmReserve (refitted means),17547.2439753139
glmReserve (refitted means),17860.0873031904
glmReserve (refitted means),17485.6756931042
glmReserve (refitted means),18615.8139378092
glmReserve (refitted means),18673.1308739824
glmReserve (refitted means),18286.1124970582
glmReserve (refitted means),17926.7723205344
glmReserve (refitted means),18684.7497243027
glmReserve (refitted means),18225.0189935975
glmReserve (refitted means),18259.03661744
glmReserve (refitted means),18019.3311830394
glmReserve (refitted means),17557.6713566682
glmReserve (refitted means),18177.0332122402
glmReserve (refitted means),18807.616957673
glmReserve (refitted means),17893.29964793
glmReserve (refitted means),17375.8229761854
glmReserve (refitted means),17796.4257624198
glmReserve (refitted means),18388.9394620613
glmReserve (refitted means),18732.2646583731
glmReserve (refitted means),18199.9111897125
glmReserve (refitted means),17796.9840367856
glmReserve (refitted means),18735.1958359151
glmReserve (refitted means),17771.9745165357
glmReserve (refitted means),17517.6093806331
glmReserve (refitted means),18103.4257024278
glmReserve (refitted means),17821.898297341
glmReserve (refitted means),18190.6795696021
glmReserve (refitted means),19313.636333924
glmReserve (refitted means),18740.8821354314
glmReserve (refitted means),17574.8793146995
glmReserve (refitted means),18727.3417431252
glmReserve (refitted means),18341.1834817783
glmReserve (refitted means),17272.032759631
glmReserve (refitted means),18459.9323843688
glmReserve (refitted means),17381.9078778087
glmReserve (refitted means),17894.9696521521
glmReserve (refitted means),17826.1739622464
glmReserve (refitted means),17883.3479148279
glmReserve (refitted means),19276.3192367316
glmReserve (refitted means),18312.0889665715
glmReserve (refitted means),16781.4803157319
glmReserve (refitted means),18502.8127730324
glmReserve (refitted means),18504.8012933582
glmReserve (refitted means),19223.7146749702
glmReserve (refitted means),17316.0651186697
glmReserve (refitted means),17597.9912643054
glmReserve (refitted means),17524.1829354466
glmReserve (refitted means),17536.6882613018
glmReserve (refitted means),17919.8964301097
glmReserve (refitted means),17625.3321843702
glmReserve (refitted means),17966.9406591244
glmReserve (refitted means),18146.735794766
glmReserve (refitted means),17610.5440783253
glmReserve (refitted means),18781.1712310836
glmReserve (refitted means),17416.9214093975
glmReserve (refitted means),17630.7682006831
glmReserve (refitted means),16869.6815813736
glmReserve (refitted means),17461.6784162099
glmReserve (refitted means),18336.3225050406
glmReserve (refitted means),17575.712151627
glmReserve (refitted means),18246.8214196905
glmReserve (refitted means),18350.1278599874
glmReserve (refitted means),17745.2500374286
glmReserve (refitted means),17462.0328566192
glmReserve (refitted means),18021.2051117584
glmReserve (refitted means),17841.9059500085
glmReserve (refitted means),17461.9309237733
glmReserve (refitted means),17480.8946689802
glmReserve (refitted means),18317.1736700165
glmReserve (refitted means),19565.3324289669
glmReserve (refitted means),20579.6657535344
glmReserve (refitted means),18223.0880061358
glmReserve (refitted means),17510.9788608279
glmReserve (refitted means),18230.1281620365
glmReserve (refitted means),17187.2886511075
glmReserve (refitted means),17431.0454291717
glmReserve (refitted means),17272.1428470767
glmReserve (refitted means),17864.3469406881
glmReserve (refitted means),17867.0743379988
glmReserve (refitted means),17970.4745920042
glmReserve (refitted means),18956.4540596525
glmReserve (refitted means),17986.3150677646
glmReserve (refitted means),17119.0726905727
glmReserve (refitted means),17912.5403876095
glmReserve (refitted means),17908.412779496
glmReserve (refitted means),18475.3092619937
glmReserve (refitted means),19216.7430757804
glmReserve (refitted means),16983.3657461531
glmReserve (refitted means),18650.4241964317
glmReserve (refitted means),17518.0867898673
glmReserve (refitted means),17423.1140846857
glmReserve (refitted means),18047.5735745639
glmReserve (refitted means),18026.584569744
glmReserve (refitted means),18199.0492084633
glmReserve (refitted means),17932.5565705245
glmReserve (refitted means),17244.6530133419
glmReserve (refitted means),18384.990708697
glmReserve (refitted means),18443.1350110561
glmReserve (refitted means),17257.1065811897
glmReserve (refitted means),18178.0170055211
glmReserve (refitted means),18646.826929366
glmReserve (refitted means),17812.813560238
glmReserve (refitted means),17398.7093887345
glmReserve (refitted means),18582.6746950919
glmReserve (refitted means),17535.1000667474
glmReserve (refitted means),18666.7819425483
glmReserve (refitted means),18297.7883164863
glmReserve (refitted means),18669.5532003278
glmReserve (refitted means),17850.7917881997
glmReserve (refitted means),17248.5115401107
glmReserve (refitted means),17774.2234643496
glmReserve (refitted means),18289.9395446801
glmReserve (refitted means),17800.8195025476
glmReserve (refitted means),17390.2381993415
glmReserve (refitted means),17440.5938966505
glmReserve (refitted means),16996.0704317782
glmReserve (refitted means),17754.8227958439
glmReserve (refitted means),17891.6436061794
glmReserve (refitted means),17830.0061012087
glmReserve (refitted means),17930.4359887228
glmReserve (refitted means),18232.364538666
glmReserve (refitted means),17508.1983425643
glmReserve (refitted means),18260.9547403508
glmReserve (refitted means),18161.1802961346
glmReserve (refitted means),17726.1782123253
glmReserve (refitted means),18880.0148793444
glmReserve (refitted means),17624.5081425201
glmReserve (refitted means),17873.0455516325
glmReserve (refitted means),18152.7664032344
glmReserve (refitted means),17622.3025769136
glmReserve (refitted means),16595.7339287528
glmReserve (refitted means),17970.0545228641
glmReserve (refitted means),17707.830612684
glmReserve (refitted means),17724.5923272626
glmReserve (refitted means),17627.2007580948
glmReserve (refitted means),18317.6785628873
glmReserve (refitted means),18061.3151747114
glmReserve (refitted means),17497.6091223583
glmReserve (refitted means),18219.9017297042
glmReserve (refitted means),18102.3066497711
glmReserve (refitted means),17441.5782098018
glmReserve (refitted means),18578.6464949331
glmReserve (refitted means),17678.0053847977
glmReserve (refitted means),18734.0907579058
glmReserve (refitted means),17243.4201484565
glmReserve (refitted means),17891.4618245961
glmReserve (refitted means),18032.535252916
glmReserve (refitted means),18324.5919627234
glmReserve (refitted means),17922.3887847336
glmReserve (refitted means),18414.57979626
glmReserve (refitted means),17675.6400311101
glmReserve (refitted means),18463.81606153
glmReserve (refitted means),17580.1435217874
glmReserve (refitted means),18203.0839348029
glmReserve (refitted means),18188.9062749019
glmReserve (refitted means),17753.9745924121
glmReserve (refitted means),17676.239360319
glmReserve (refitted means),17466.0878352003
glmReserve (refitted means),17938.6489133354
glmReserve (refitted means),18110.9161077344
glmReserve (refitted means),18027.3599949948
glmReserve (refitted means),17789.0197974046
glmReserve (refitted means),18556.0412530249
glmReserve (refitted means),17357.5237697706
glmReserve (refitted means),17914.208048478
glmReserve (refitted means),17430.5200023547
glmReserve (refitted means),17519.171032051
glmReserve (refitted means),19015.4081168726
glmReserve (refitted means),18605.6071983057
glmReserve (refitted means),18323.2667534238
glmReserve (refitted means),17898.089139058
glmReserve (refitted means),18282.723695927
glmReserve (refitted means),18038.6381130605
glmReserve (refitted means),18094.6380340358
glmReserve (refitted means),18513.0683119485
glmReserve (refitted means),17361.6572664823
glmReserve (refitted means),18056.0879910444
glmReserve (refitted means),17100.5334589799
glmReserve (refitted means),18610.4446666503
glmReserve (refitted means),17668.798712528
glmReserve (refitted means),18464.584647142
glmReserve (refitted means),17656.9621560881
glmReserve (refitted means),18443.1520671183
glmReserve (refitted means),18303.1322041345
glmReserve (refitted means),18201.5046274296
glmReserve (refitted means),17108.7616263854
glmReserve (refitted means),18788.6370062915
glmReserve (refitted means),18051.9710231212
glmReserve (refitted means),17580.5273429899
glmReserve (refitted means),18785.962232117
glmReserve (refitted means),18101.33829921
glmReserve (refitted means),17968.8208640515
glmReserve (refitted means),18168.3165886745
glmReserve (refitted means),18539.4843797612
glmReserve (refitted means),18649.9386691906
glmReserve (refitted means),18427.5831265517
glmReserve (refitted means),18347.6691953969
glmReserve (refitted means),17914.3367330931
glmReserve (refitted means),17565.8078848488
glmReserve (refitted means),18197.7636887863
glmReserve (refitted means),18434.6844205355
glmReserve (refitted means),18716.2611373219
glmReserve (refitted means),18512.2891530971
glmReserve (refitted means),17926.3160854047
glmReserve (refitted means),17901.8875335716
glmReserve (refitted means),18005.6304380693
glmReserve (refitted means),17252.8305986314
glmReserve (refitted means),17849.2842867035
glmReserve (refitted means),18491.8724116328
glmReserve (refitted means),17217.7211778611
glmReserve (refitted means),17990.7589914348
glmReserve (refitted means),18137.7103745533
glmReserve (refitted means),18601.1272852914
glmReserve (refitted means),17322.1790534841
glmReserve (refitted means),18771.0579471775
glmReserve (refitted means),17408.7221677774
glmReserve (refitted means),17416.2474701992
glmReserve (refitted means),17842.6014282777
glmReserve (refitted means),18245.4997562388
glmReserve (refitted means),18411.2171085819
glmReserve (refitted means),17918.9493646334
glmReserve (refitted means),18901.1484959227
glmReserve (refitted means),17811.2311413298
glmReserve (refitted means),18425.5668461413
glmReserve (refitted means),18774.126905188
glmReserve (refitted means),17597.977098116
glmReserve (refitted means),18480.0171457429
glmReserve (refitted means),17736.6808304345
glmReserve (refitted means),17915.3872657449
glmReserve (refitted means),17933.4404193451
glmReserve (refitted means),18236.60666869
glmReserve (refitted means),17106.3221207874
glmReserve (refitted means),16937.743785933
glmReserve (refitted means),17520.7186929311
glmReserve (refitted means),17417.6001981283
glmReserve (refitted means),17869.7085844376
glmReserve (refitted means),18723.9929036484
glmReserve (refitted means),17732.2274766344
glmReserve (refitted means),17955.4782961306
glmReserve (refitted means),17943.746425812
glmReserve (refitted means),17232.9768721329
glmReserve (refitted means),17892.3495328035
glmReserve (refitted means),18604.7406054367
glmReserve (refitted means),17742.6248012106
glmReserve (refitted means),17771.8111630352
glmReserve (refitted means),18231.9960517439
glmReserve (refitted means),18237.6125620496
glmReserve (refitted means),17867.8767658428
glmReserve (refitted means),18115.4950945161
glmReserve (refitted means),18277.893765298
glmReserve (refitted means),18139.5569155779
glmReserve (refitted means),17743.4885913566
glmReserve (refitted means),18011.4381778724
glmReserve (refitted means),17657.751012941
glmReserve (refitted means),17906.2936658436
glmReserve (refitted means),18551.3865416674
glmReserve (refitted means),17748.3356071233
glmReserve (refitted means),18394.3101170602
glmReserve (refitted means),18860.3783385893
glmReserve (refitted means),17598.3892735505
glmReserve (refitted means),18122.2584367777
glmReserve (refitted means),18543.8793793942
glmReserve (refitted means),17855.5170389372
glmReserve (refitted means),17434.3145099758
glmReserve (refitted means),18459.2676118304
glmReserve (refitted means),19164.0567469811
glmReserve (refitted means),18669.1409370508
glmReserve (refitted means),18303.4910796291
glmReserve (refitted means),17867.204287102
glmReserve (refitted means),18073.4187097081
glmReserve (refitted means),18099.1922270615
glmReserve (refitted means),17557.2682451048
glmReserve (refitted means),18394.3714994056
glmReserve (refitted means),18790.335893898
glmReserve (refitted means),18091.734467897
glmReserve (refitted means),18037.7115843575
glmReserve (refitted means),17389.0332686727
glmReserve (refitted means),17402.6211607649
glmReserve (refitted means),17876.4404990633
glmReserve (refitted means),18284.5369640034
glmReserve (refitted means),17593.2919431654
glmReserve (refitted means),17862.697049396
glmReserve (refitted means),18066.6758264543
glmReserve (refitted means),18822.5293254692
glmReserve (refitted means),17750.7730529849
glmReserve (refitted means),18157.5017020297
glmReserve (refitted means),17060.6150808912
glmReserve (refitted means),18550.0646510437
glmReserve (refitted means),18109.332085693
glmReserve (refitted means),17957.779995819
glmReserve (refitted means),18235.5852216531
glmReserve (refitted means),18252.1856194796
E&V 1999,18442.9347325689
E&V 1999,18240.8431520057
E&V 1999,18232.3025439518
E&V 1999,17677.739374178
E&V 1999,17939.7296151474
E&V 1999,17661.1582231206
E&V 1999,18218.3920578701
E&V 1999,18276.2461129297
E&V 1999,18078.9137122487
E&V 1999,17701.3275405993
E&V 1999,17866.8803747145
E&V 1999,18246.4772513997
E&V 1999,18078.4306317069
E&V 1999,18721.2460772332
E&V 1999,17016.6340376274
E&V 1999,18210.7528371943
E&V 1999,18067.8728931473
E&V 1999,17691.4872951486
E&V 1999,17776.5112241313
E&V 1999,17767.0641723319
E&V 1999,18512.4440653581
E&V 1999,17581.6670338386
E&V 1999,17071.302105733
E&V 1999,18231.3288094303
E&V 1999,18339.1294663497
E&V 1999,18807.8635392452
E&V 1999,18199.3192403003
E&V 1999,18451.1846678608
E&V 1999,18136.8539551898
E&V 1999,17762.5901787829
E&V 1999,18229.5332354792
E&V 1999,18092.0219585857
E&V 1999,17603.6185829396
E&V 1999,18145.2581819123
E&V 1999,18703.5717459387
E&V 1999,17900.050481607
E&V 1999,18171.3272940388
E&V 1999,17683.266961894
E&V 1999,17816.0617937861
E&V 1999,18492.48274302
E&V 1999,18202.9623310538
E&V 1999,17634.793916458
E&V 1999,17636.0240279065
E&V 1999,17569.6566855564
E&V 1999,17817.8741398562
E&V 1999,17969.7947732047
E&V 1999,17208.1656292406
E&V 1999,17672.7005379144
E&V 1999,17660.6651352173
E&V 1999,17539.7225133987
E&V 1999,17532.7315837369
E&V 1999,17402.9763402548
E&V 1999,17481.1696070631
E&V 1999,18358.6118541017
E&V 1999,18122.6236536625
E&V 1999,18228.4965390118
E&V 1999,17682.5248299729
E&V 1999,18131.8239060237
E&V 1999,18445.5082223349
E&V 1999,18345.5400114019
E&V 1999,17968.2677779604
E&V 1999,16854.7416813204
E&V 1999,17818.367391451
E&V 1999,17353.948048269
E&V 1999,18469.9988385397
E&V 1999,18147.9910508616
E&V 1999,17947.7506370238
E&V 1999,19007.4233251383
E&V 1999,17728.3791703541
E&V 1999,18003.7346018771
E&V 1999,17675.3184707916
E&V 1999,18463.0669786253
E&V 1999,18151.5554018104
E&V 1999,17823.6606540049
E&V 1999,17730.8379943524
E&V 1999,17840.632712257
E&V 1999,17482.7324822645
E&V 1999,18745.2490646649
E&V 1999,18580.7719621378
E&V 1999,17621.3200340938
E&V 1999,18087.0389125725
E&V 1999,17833.7710618105
E&V 1999,17836.4677484352
E&V 1999,18232.511759044
E&V 1999,17800.5020229509
E&V 1999,19401.1888404019
E&V 1999,17272.3596492917
E&V 1999,18422.2506966754
E&V 1999,18008.3873295009
E&V 1999,17730.1827877993
E&V 1999,18514.8839324481
E&V 1999,16999.6870197826
E&V 1999,17486.9755210605
E&V 1999,17906.8814447238
E&V 1999,18454.5436865822
E&V 1999,18864.21436155
E&V 1999,18587.7896575575
E&V 1999,18264.2114840167
E&V 1999,18331.3335649062
E&V 1999,18546.7894441549
E&V 1999,17273.7518744884
E&V 1999,17660.5494646302
E&V 1999,17530.4081448741
E&V 1999,17649.359612499
E&V 1999,17922.0411113427
E&V 1999,17863.4441062556
E&V 1999,18103.997102818
E&V 1999,18314.3114675095
E&V 1999,17669.2894718024
E&V 1999,18467.1318505934
E&V 1999,17802.5551699436
E&V 1999,17947.2470143146
E&V 1999,18292.4258407095
E&V 1999,17569.9270969266
E&V 1999,17577.9641100145
E&V 1999,17906.9342823293
E&V 1999,17845.1716260416
E&V 1999,17124.9517954883
E&V 1999,17874.8426459184
E&V 1999,17757.159159341
E&V 1999,17785.0047003467
E&V 1999,17837.3304273725
E&V 1999,17970.1177092466
E&V 1999,18215.6921579978
E&V 1999,18040.9887152216
E&V 1999,18092.4009356842
E&V 1999,18369.2215531437
E&V 1999,17464.6971202176
E&V 1999,18349.603321654
E&V 1999,17652.6480170755
E&V 1999,18625.5953399981
E&V 1999,17707.4186011236
E&V 1999,17933.3707087224
E&V 1999,18357.2490421659
E&V 1999,17428.9062883324
E&V 1999,18403.4950787373
E&V 1999,18560.8547063561
E&V 1999,17660.8573474306
E&V 1999,17979.1269112385
E&V 1999,18248.8291514171
E&V 1999,17672.2876788075
E&V 1999,17888.3269032129
E&V 1999,18357.9567742501
E&V 1999,17986.1187037555
E&V 1999,18786.0968027157
E&V 1999,18037.622500163
E&V 1999,17528.2795896092
E&V 1999,17848.0502895492
E&V 1999,18245.0772294542
E&V 1999,17752.2254807818
E&V 1999,18365.4687834929
E&V 1999,18425.2591408533
E&V 1999,18052.588360697
E&V 1999,18412.8519110267
E&V 1999,18247.3273522713
E&V 1999,18357.9172997361
E&V 1999,17586.6147059128
E&V 1999,18323.5726275822
E&V 1999,18467.178322565
E&V 1999,18269.6290836993
E&V 1999,17757.7928481473
E&V 1999,18607.3648661213
E&V 1999,17899.85370562
E&V 1999,17387.3766938434
E&V 1999,18142.8635022143
E&V 1999,17811.7623067227
E&V 1999,17388.3347250765
E&V 1999,17803.8807695551
E&V 1999,18161.8398767832
E&V 1999,18109.5892511159
E&V 1999,18701.8218105001
E&V 1999,18009.7345611087
E&V 1999,18189.0453852075
E&V 1999,18304.8236927537
E&V 1999,18207.625700645
E&V 1999,17665.9399125435
E&V 1999,17430.3060383982
E&V 1999,17570.1653737562
E&V 1999,17648.280577785
E&V 1999,17645.9455502926
E&V 1999,17465.6310302662
E&V 1999,17882.0145068403
E&V 1999,17707.7069113484
E&V 1999,17873.4427674896
E&V 1999,17527.3786506453
E&V 1999,17660.8566865446
E&V 1999,18001.0873507812
E&V 1999,17683.4418865553
E&V 1999,18108.9453517065
E&V 1999,18425.571959481
E&V 1999,17626.7106262973
E&V 1999,18674.6107975545
E&V 1999,17334.6245642234
E&V 1999,17655.9240289788
E&V 1999,18028.6211669168
E&V 1999,18073.7918977606
E&V 1999,17036.2640782663
E&V 1999,17355.1807497343
E&V 1999,17946.62791369
E&V 1999,17687.1688339092
E&V 1999,18874.1153047441
E&V 1999,18274.392632503
E&V 1999,17953.5696105796
E&V 1999,18444.0245490657
E&V 1999,18200.2394113548
E&V 1999,17158.3209548227
E&V 1999,17895.7760663364
E&V 1999,18257.6502411826
E&V 1999,17426.5018843354
E&V 1999,17759.6122995753
E&V 1999,18530.7752027535
E&V 1999,18839.3784637185
E&V 1999,18109.1152453593
E&V 1999,18793.4209621679
E&V 1999,18243.815102907
E&V 1999,18233.1842289127
E&V 1999,18655.9996844367
E&V 1999,18451.4074871081
E&V 1999,18194.1125525621
E&V 1999,18663.6258730904
E&V 1999,17890.8925746208
E&V 1999,17652.6878151151
E&V 1999,17623.4239157967
E&V 1999,17830.3531828041
E&V 1999,17724.3917980011
E&V 1999,18219.0375518247
E&V 1999,17210.0171574098
E&V 1999,17976.7556559593
E&V 1999,17780.9617095577
E&V 1999,17884.3245273262
E&V 1999,17700.9370543779
E&V 1999,17136.0684390057
E&V 1999,17506.0545528511
E&V 1999,17679.9133966771
E&V 1999,17866.8328479983
E&V 1999,18335.5217605106
E&V 1999,18440.1337308088
E&V 1999,17637.7245257892
E&V 1999,17668.8800704358
E&V 1999,17486.7192284581
E&V 1999,18275.5386337662
E&V 1999,17591.0218191598
E&V 1999,16985.4743037021
E&V 1999,18255.5589123992
E&V 1999,18508.2809868673
E&V 1999,18199.6491766554
E&V 1999,18530.1923785335
E&V 1999,18393.5875188329
E&V 1999,17942.0054053014
E&V 1999,18437.1425879712
E&V 1999,18447.1906678598
E&V 1999,18498.8402110115
E&V 1999,17714.3649395093
E&V 1999,17876.2789595148
E&V 1999,17548.5008623318
E&V 1999,17640.6404922166
E&V 1999,18052.443263229
E&V 1999,17641.9112443339
E&V 1999,17146.273292528
E&V 1999,17988.8287068785
E&V 1999,18064.6265192886
E&V 1999,18149.2198861949
E&V 1999,17553.3173120612
E&V 1999,17965.5388627162
E&V 1999,18355.5800220663
E&V 1999,16415.7503165069
E&V 1999,18594.6231836762
E&V 1999,18470.3783617419
E&V 1999,17493.5889846967
E&V 1999,17770.0934114032
E&V 1999,18225.5458688376
E&V 1999,17814.4755696485
E&V 1999,17324.5748670569
E&V 1999,17837.085571815
E&V 1999,18485.8346139629
E&V 1999,18412.1843502846
E&V 1999,17322.316433944
E&V 1999,18087.2218345253
E&V 1999,17531.0984613657
E&V 1999,17729.6281674367
E&V 1999,18288.2974398652
E&V 1999,18041.4752912179
E&V 1999,17411.3090766953
E&V 1999,17596.9566776792
E&V 1999,17711.5870208339
E&V 1999,18007.6780696248
E&V 1999,17695.935136496
E&V 1999,18067.4526192177
E&V 1999,17950.2290675187
E&V 1999,18065.4890500106
E&V 1999,17446.2696756726
E&V 1999,17551.2394951604
E&V 1999,17177.1540580152
E&V 1999,18626.3215124746
E&V 1999,17839.9221214489
E&V 1999,17783.073924052
E&V 1999,17687.4142328288
E&V 1999,17853.7475523038
E&V 1999,19696.9601511537
E&V 1999,18000.9643260173
E&V 1999,18059.0235704705
E&V 1999,17582.7572788443
E&V 1999,18698.3316471715
E&V 1999,17881.7638482526
E&V 1999,17801.6751017955
E&V 1999,18251.5823463331
E&V 1999,18504.640645233
E&V 1999,18486.2259653757
E&V 1999,18201.6764268043
E&V 1999,17170.4943870893
E&V 1999,18043.5448266788
E&V 1999,18137.8334223617
E&V 1999,18042.2423656609
E&V 1999,19104.6475776234
E&V 1999,17911.1456229236
E&V 1999,18572.3288291544
E&V 1999,17754.2354200693
E&V 1999,17426.9852347699
E&V 1999,18829.0121203977
E&V 1999,17235.8914997009
E&V 1999,18279.5284988039
E&V 1999,18338.2008468094
E&V 1999,17909.7883494592
E&V 1999,17800.6813681117
E&V 1999,17686.5882501442
E&V 1999,18421.1055886816
E&V 1999,17779.3082683798
E&V 1999,18146.886045503
E&V 1999,18140.595248851
E&V 1999,18502.2051315607
E&V 1999,18042.7782915419
E&V 1999,17634.83613477
E&V 1999,18598.9222159099
E&V 1999,18335.9763731487
E&V 1999,18276.897147741
E&V 1999,17570.4014704906
E&V 1999,17246.44741123
E&V 1999,17413.4627484828
E&V 1999,17240.4607215513
E&V 1999,17094.2590223222
E&V 1999,18167.1662684429
E&V 1999,18366.3841536393
E&V 1999,18192.0569998792
E&V 1999,17992.1365591475
E&V 1999,17770.5651743925
E&V 1999,18645.9497076015
E&V 1999,17967.4079644948
E&V 1999,17522.2262434195
E&V 1999,17455.0646517046
E&V 1999,17141.1973111984
E&V 1999,17269.7354985823
E&V 1999,18228.1260704881
E&V 1999,17677.9353781296
E&V 1999,17693.165593896
E&V 1999,18145.5423303372
E&V 1999,17329.0978709186
E&V 1999,17365.7737595751
E&V 1999,17962.3428874616
E&V 1999,17405.5042333161
E&V 1999,18253.9899153166
E&V 1999,17900.6298145085
E&V 1999,17699.547561913
E&V 1999,18146.7752769405
E&V 1999,18049.9582558918
E&V 1999,17318.6597665032
E&V 1999,18355.6148289017
E&V 1999,17963.7786394375
E&V 1999,18157.5745333215
E&V 1999,18168.6804219624
E&V 1999,17882.3184158558
E&V 1999,18069.4913294494
E&V 1999,18057.1629929314
E&V 1999,18067.219322224
E&V 1999,18178.2537996022
E&V 1999,17682.3393466199
E&V 1999,17571.6139764242
E&V 1999,18035.6317172179
E&V 1999,18853.4392433821
E&V 1999,17971.7819454106
E&V 1999,18258.491828853
E&V 1999,18219.6636451441
E&V 1999,17775.2659121743
E&V 1999,17065.9317213097
E&V 1999,18236.7762142643
E&V 1999,17901.4011806863
E&V 1999,17775.2795983653
E&V 1999,17910.9635436744
E&V 1999,17781.0439321224
E&V 1999,17615.6615189476
E&V 1999,18107.2594583551
E&V 1999,17917.0010200749
E&V 1999,17515.2322451795
E&V 1999,18719.7476852616
E&V 1999,17847.907955328
E&V 1999,18885.7754924449
E&V 1999,17622.8648325586
E&V 1999,18674.5084728605
E&V 1999,19417.873005782
E&V 1999,17896.0618847353
E&V 1999,17991.8579278294
E&V 1999,17608.0194876806
E&V 1999,18191.7710443241
E&V 1999,17856.3163285671
E&V 1999,17327.4139439034
E&V 1999,18227.9715710643
E&V 1999,17582.5079842787
E&V 1999,17096.2102946473
E&V 1999,17259.4898565162
E&V 1999,18161.6381561184
E&V 1999,18030.1270039362
E&V 1999,17349.1052907601
E&V 1999,17963.6572739866
E&V 1999,17485.9244237033
E&V 1999,17923.4871635945
E&V 1999,17672.5783194105
E&V 1999,18269.7862312394
E&V 1999,18205.5401464734
E&V 1999,17880.6617134032
E&V 1999,17486.8931166008
E&V 1999,18721.9958253956
E&V 1999,17674.4353303743
E&V 1999,17638.4080508764
E&V 1999,16921.2090562328
E&V 1999,17289.428993639
E&V 1999,18126.9838000064
E&V 1999,17462.3280828701
E&V 1999,18047.5197694878
E&V 1999,18773.0354805493
E&V 1999,18386.8804685648
E&V 1999,18165.3133440267
E&V 1999,18081.7506511676
E&V 1999,17114.2978358534
E&V 1999,17981.7990791108
E&V 1999,17918.7070899273
E&V 1999,17396.1929997815
E&V 1999,18076.8890081415
E&V 1999,17493.9667920375
E&V 1999,17871.1372963476
E&V 1999,17807.7594496227
E&V 1999,17868.6291919154
E&V 1999,17559.5778114559
E&V 1999,17480.5079246168
E&V 1999,17966.2932413792
E&V 1999,18224.8611932652
E&V 1999,17813.8047123192
E&V 1999,18315.0861214779
E&V 1999,18792.4620397078
E&V 1999,18234.3113155615
E&V 1999,18318.4973171512
E&V 1999,18643.2389524183
E&V 1999,17819.3251908782
E&V 1999,17823.607283231
E&V 1999,17908.1910605018
E&V 1999,18326.8313025974
E&V 1999,17836.1695671012
E&V 1999,17511.3557964607
E&V 1999,18303.4676922682
E&V 1999,17189.203228481
E&V 1999,18021.2176736043
E&V 1999,17368.4642605034
E&V 1999,17724.7593466778
E&V 1999,17869.5286042747
E&V 1999,17764.8247635407
E&V 1999,17631.8977149385
E&V 1999,18382.2626641952
E&V 1999,17448.8686938998
E&V 1999,17764.5066872147
E&V 1999,18349.6856814779
E&V 1999,18062.2527373259
E&V 1999,17748.0512225853
E&V 1999,18477.5621265609
E&V 1999,17575.4461717902
E&V 1999,18798.6227888041
E&V 1999,17881.751576417
E&V 1999,17918.3526584782
E&V 1999,17491.1399020736
E&V 1999,18124.6000956358
E&V 1999,18695.5551809004
E&V 1999,18419.5118447711
E&V 1999,17800.5833935668
E&V 1999,18032.0994796784
E&V 1999,18515.4230097636
E&V 1999,17852.8268932123
E&V 1999,17721.6284274904
E&V 1999,18033.2630913965
E&V 1999,17924.6575223309
E&V 1999,17865.0403384206
E&V 1999,17908.906832774
E&V 1999,18234.2129477991
E&V 1999,18330.0409952928
E&V 1999,18657.4011246584
E&V 1999,18583.8733089685
E&V 1999,18115.8306620201
E&V 1999,17788.5935206389
E&V 1999,18179.288105957
E&V 1999,17775.7290746821
E&V 1999,18119.8540875205
E&V 1999,18005.3750337652
E&V 1999,17083.2234718909
E&V 1999,18141.1498731617
E&V 1999,18303.0841708153
E&V 1999,17487.1080773485
E&V 1999,17845.9157051165
E&V 1999,18409.3367084535
E&V 1999,17721.566191988
E&V 1999,18160.7390513864
E&V 1999,18340.7161271745
E&V 1999,18034.3628107399
E&V 1999,17573.3013978374
E&V 1999,18643.9666247732
E&V 1999,17545.5979469741
E&V 1999,17732.891882536
E&V 1999,18503.6307216988
E&V 1999,17495.9696898146
E&V 1999,18937.5433719762
E&V 1999,17492.9132916781
E&V 1999,17773.2247853092
E&V 1999,18443.6845637682
E&V 1999,18194.3760286456
E&V 1999,18014.2918929085
E&V 1999,18496.8662583235
E&V 1999,18175.4402057682
E&V 1999,18185.9076726915
E&V 1999,17713.6188148001
E&V 1999,17602.2443652508
E&V 1999,17638.9043536674
E&V 1999,18168.4746876926
E&V 1999,18489.6194235329
E&V 1999,17677.8715801776
E&V 1999,18024.748982099
E&V 1999,17386.3474131114
E&V 1999,17484.4072330832
E&V 1999,17450.3699287586
E&V 1999,16872.3348259713
E&V 1999,18347.0170769934
E&V 1999,19517.4841165406
E&V 1999,17651.5699212018
E&V 1999,17632.3343419698
E&V 1999,18383.4089780456
E&V 1999,18167.8161680018
E&V 1999,17538.4147488458
E&V 1999,17857.3478882911
E&V 1999,18237.3138756932
E&V 1999,18544.0826952543
E&V 1999,17633.2853606611
E&V 1999,17984.6491076541
E&V 1999,18646.1124880701
E&V 1999,18727.0623673059
E&V 1999,18403.9279265651
E&V 1999,18299.2576344471
E&V 1999,18151.1647626334
E&V 1999,17538.5717345025
E&V 1999,17530.5138003536
E&V 1999,18302.0805747237
E&V 1999,17729.7375505894
E&V 1999,17241.7980229464
E&V 1999,16421.7967052914
E&V 1999,18091.6181689685
E&V 1999,18448.2966295299
E&V 1999,17694.275847557
E&V 1999,18011.435333872
E&V 1999,18050.511295945
E&V 1999,18379.1177260266
E&V 1999,17858.5353519176
E&V 1999,18229.5167892015
E&V 1999,18176.256017561
E&V 1999,17815.6240717764
E&V 1999,19761.3125963665
E&V 1999,18799.3541104098
E&V 1999,17399.5102057639
E&V 1999,17328.6420641973
E&V 1999,18492.8065884422
E&V 1999,16856.3569451273
E&V 1999,18347.9723087144
E&V 1999,17459.0534410352
E&V 1999,17937.7744080469
E&V 1999,17347.9104245006
E&V 1999,19305.6534861531
E&V 1999,17552.3262601338
E&V 1999,17537.5763998141
E&V 1999,17167.3904160072
E&V 1999,18193.983398031
E&V 1999,17615.6703062695
E&V 1999,17793.0510974957
E&V 1999,18538.123853641
E&V 1999,18360.4340106388
E&V 1999,17183.0414472365
E&V 1999,18305.8292483636
E&V 1999,17569.6296874378
E&V 1999,18327.8001781768
E&V 1999,17609.4230286793
E&V 1999,18133.8334008585
E&V 1999,17534.923961389
E&V 1999,17154.1008765337
E&V 1999,18276.9218751695
E&V 1999,18691.4605576988
E&V 1999,18519.1369851613
E&V 1999,18737.7107508146
E&V 1999,18343.188812668
E&V 1999,17714.8252048589
E&V 1999,17706.7410367446
E&V 1999,17987.1260731576
E&V 1999,17396.5494896438
E&V 1999,17694.5058746037
E&V 1999,17697.0619136759
E&V 1999,17675.6059995167
E&V 1999,18542.6606899398
E&V 1999,17002.9748176493
E&V 1999,18562.1669415288
E&V 1999,17702.5448880698
E&V 1999,18203.2665419918
E&V 1999,17839.6457414047
E&V 1999,18340.0275176952
E&V 1999,18702.3712813951
E&V 1999,18259.1498645857
E&V 1999,17815.604981007
E&V 1999,17819.6994787327
E&V 1999,17718.4453636741
E&V 1999,20041.128083615
E&V 1999,19684.611932823
E&V 1999,18132.4161342243
E&V 1999,17508.7401389744
E&V 1999,18241.0235930935
E&V 1999,17811.8233456136
E&V 1999,18312.742228145
E&V 1999,17956.0900347095
E&V 1999,17980.5657537685
E&V 1999,17282.9401161504
E&V 1999,17860.170149845
E&V 1999,18432.0603652137
E&V 1999,17337.6365176809
E&V 1999,17767.9047070492
E&V 1999,17954.3217410448
E&V 1999,17936.0695254865
E&V 1999,18018.8541251885
E&V 1999,17294.4670199511
E&V 1999,18206.358511906
E&V 1999,17296.1270969145
E&V 1999,17637.1309269987
E&V 1999,18253.255434692
E&V 1999,17787.339670796
E&V 1999,18404.2842608233
E&V 1999,18310.2134455914
E&V 1999,17823.6359488456
E&V 1999,18663.0144077741
E&V 1999,19444.4346305666
E&V 1999,17799.4338100611
E&V 1999,18706.7075448101
E&V 1999,17637.3523321299
E&V 1999,17874.7096684692
E&V 1999,18421.9612598369
E&V 1999,17582.4421288675
E&V 1999,18316.937013377
E&V 1999,17394.0194582926
E&V 1999,17838.2381864995
E&V 1999,18045.1767897698
E&V 1999,18322.7082238751
E&V 1999,17515.8495913691
E&V 1999,18197.708357446
E&V 1999,17847.4944444903
E&V 1999,18035.6262466398
E&V 1999,17349.3812707073
E&V 1999,18088.0065847899
E&V 1999,17602.8396271755
E&V 1999,17816.9474479681
E&V 1999,17767.958756595
E&V 1999,17824.7846531817
E&V 1999,17882.3483657312
E&V 1999,17952.5203956655
E&V 1999,18211.490524168
E&V 1999,17585.8415508615
E&V 1999,17754.1450039703
E&V 1999,18218.8637591885
E&V 1999,17170.0601749684
E&V 1999,18418.0491867264
E&V 1999,18151.2112093914
E&V 1999,17824.496910507
E&V 1999,18156.5367158428
E&V 1999,18261.0043859826
E&V 1999,18423.6402419777
E&V 1999,17865.8485993862
E&V 1999,17301.4560059525
E&V 1999,17975.5081885033
E&V 1999,18110.230794005
E&V 1999,17483.5462999886
E&V 1999,17899.8200203744
E&V 1999,17808.7076969961
E&V 1999,17630.7839717125
E&V 1999,17816.8964846047
E&V 1999,18104.7012053574
E&V 1999,17802.1494237135
E&V 1999,17187.7642398368
E&V 1999,18126.2358464978
E&V 1999,17735.4214131634
E&V 1999,17872.6566545148
E&V 1999,18023.8463205422
E&V 1999,17920.1241459776
E&V 1999,17914.2379356633
E&V 1999,17970.3002081692
E&V 1999,17864.2946873595
E&V 1999,17899.9189631882
E&V 1999,18522.7671278481
E&V 1999,18369.241439946
E&V 1999,17851.8929383076
E&V 1999,18457.1386672023
E&V 1999,17850.5506078184
E&V 1999,18142.2461669319
E&V 1999,19804.7662545433
E&V 1999,18328.1329292617
E&V 1999,17926.9186673061
E&V 1999,17478.3209591556
E&V 1999,18362.5903531695
E&V 1999,17861.9602994177
E&V 1999,18456.9942001467
E&V 1999,17976.8824723387
E&V 1999,18579.7956674601
E&V 1999,18067.6718828848
E&V 1999,18353.6858806191
E&V 1999,17692.3653818966
E&V 1999,18556.1695308412
E&V 1999,17820.5204695137
E&V 1999,18085.0559918274
E&V 1999,18484.102962071
E&V 1999,17915.784473406
E&V 1999,18191.0493999703
E&V 1999,17921.0177156883
E&V 1999,18030.4240635617
E&V 1999,18169.7803685196
E&V 1999,17640.3555345707
E&V 1999,18192.3651497639
E&V 1999,17516.1881365836
E&V 1999,18549.0106592246
E&V 1999,18310.8773545427
E&V 1999,18749.4981419912
E&V 1999,18291.8935960907
E&V 1999,17731.078644644
E&V 1999,17827.8836018162
E&V 1999,18056.2679772364
E&V 1999,17561.3452038617
E&V 1999,18076.9074122163
E&V 1999,17296.6746613014
E&V 1999,18144.2486617911
E&V 1999,17622.0107042946
E&V 1999,18243.3223614539
E&V 1999,18249.2074917032
E&V 1999,17750.6579347459
E&V 1999,18271.2063830049
E&V 1999,17856.4444529374
E&V 1999,17776.8844971944
E&V 1999,18320.0419680576
E&V 1999,17917.892986246
E&V 1999,18158.8103196033
E&V 1999,17366.531369979
E&V 1999,17712.8569858912
E&V 1999,17640.8428513231
E&V 1999,18004.275930728
E&V 1999,18333.938725094
E&V 1999,17619.172102906
E&V 1999,17355.3053796446
E&V 1999,18103.3468919597
E&V 1999,18091.8880845769
E&V 1999,17094.3313429969
E&V 1999,18001.7877702408
E&V 1999,19026.1429700877
E&V 1999,17149.1665495411
E&V 1999,17134.9040934604
E&V 1999,18300.8760090357
E&V 1999,17178.0260444512
E&V 1999,17450.1295398849
E&V 1999,18230.6943852828
E&V 1999,17483.6703270634
E&V 1999,18369.2447179217
E&V 1999,17836.2924450888
E&V 1999,17701.7659558684
E&V 1999,18722.8075612371
E&V 1999,19057.2614812346
E&V 1999,17800.3882195001
E&V 1999,17357.7548387829
E&V 1999,17458.6811859399
E&V 1999,17906.7209852225
E&V 1999,18122.4514802153
E&V 1999,17897.8234097541
E&V 1999,17810.361352858
E&V 1999,18098.3487205115
E&V 1999,18098.9024572291
E&V 1999,17371.6321084828
E&V 1999,17897.6068479732
E&V 1999,19767.7379663963
E&V 1999,19029.8367891342
E&V 1999,17950.7146547639
E&V 1999,17918.7690132855
E&V 1999,17900.9602803716
E&V 1999,17759.814501053
E&V 1999,18778.0301664637
E&V 1999,17786.2971535842
E&V 1999,18121.1075554474
E&V 1999,18367.6144505468
E&V 1999,17837.9378207039
E&V 1999,18021.8413712208
E&V 1999,18027.5960926715
E&V 1999,18092.0563687822
E&V 1999,18386.3792699035
E&V 1999,18481.2232068678
E&V 1999,17570.0915845819
E&V 1999,17186.167333096
E&V 1999,17114.4907080683
E&V 1999,17823.7926954669
E&V 1999,18378.7449033077
E&V 1999,17445.3847146753
E&V 1999,17769.3621756495
E&V 1999,18523.0781945815
E&V 1999,18128.3449809883
E&V 1999,17351.6605146474
E&V 1999,17367.6797616375
E&V 1999,17943.7304058463
E&V 1999,17543.6952851377
E&V 1999,17981.2732262094
E&V 1999,17952.2934260517
E&V 1999,17967.4473875449
E&V 1999,17720.5373834028
E&V 1999,18614.3920502331
E&V 1999,17992.6527094096
E&V 1999,17724.8635237291
E&V 1999,17294.8437062555
E&V 1999,17804.9216638358
E&V 1999,17886.1611301204
E&V 1999,18429.8523460083
E&V 1999,17503.7122872714
E&V 1999,17572.5818225922
E&V 1999,18332.0281759083
E&V 1999,18877.8457152665
E&V 1999,17409.9645466443
E&V 1999,18208.3754734989
E&V 1999,17874.8972427334
E&V 1999,17504.4794372793
E&V 1999,17695.9934265702
E&V 1999,18254.7260993971
E&V 1999,17560.7115230831
E&V 1999,18759.9465787221
E&V 1999,18170.3171710667
E&V 1999,18441.7900239421
E&V 1999,18186.8384119807
E&V 1999,17647.4117273385
E&V 1999,19069.3754923461
E&V 1999,18122.6783857057
E&V 1999,17957.362593904
E&V 1999,17993.2255310998
E&V 1999,16596.871794566
E&V 1999,17482.6292873703
E&V 1999,18729.8341920121
E&V 1999,19028.4170794372
E&V 1999,18144.7103917109
E&V 1999,18490.9623560906
E&V 1999,17798.0808693916
E&V 1999,19605.3969799408
E&V 1999,17883.24459116
E&V 1999,17467.146219404
E&V 1999,18318.1174213496
E&V 1999,17761.3089850554
E&V 1999,17134.6675260384
E&V 1999,17342.5220686453
E&V 1999,17377.8138028048
E&V 1999,17970.5005986924
E&V 1999,17466.6617763807
E&V 1999,18127.0568069938
E&V 1999,18311.3917627894
E&V 1999,18176.6096274053
E&V 1999,17887.3449210965
E&V 1999,18228.2511092215
E&V 1999,18194.8491914422
E&V 1999,17658.4073244973
E&V 1999,17837.5911502611
E&V 1999,17717.760638674
E&V 1999,18185.2871517238
E&V 1999,17732.8968150608
E&V 1999,17775.9575783271
E&V 1999,18142.4420828725
E&V 1999,17617.1228836978
E&V 1999,18387.8034259676
E&V 1999,17820.3009379238
E&V 1999,17645.1237965802
E&V 1999,17899.150029187
E&V 1999,18095.9477107843
E&V 1999,18402.0599210645
E&V 1999,17331.5976465899
E&V 1999,17372.5430597034
E&V 1999,17710.49327117
E&V 1999,18184.8192225643
E&V 1999,18285.6975269606
E&V 1999,18161.7839981089
E&V 1999,17350.6341144152
E&V 1999,17710.0859940376
E&V 1999,18486.5899737755
E&V 1999,18521.6341077273
E&V 1999,17907.8741457878
E&V 1999,19107.6679375321
E&V 1999,18154.2529170363
E&V 1999,18116.3905008597
E&V 1999,18261.3401160546
E&V 1999,18057.7910462112
E&V 1999,18383.215429915
E&V 1999,18188.9626330755
E&V 1999,17505.7726886205
E&V 1999,17855.3009962524
E&V 1999,17039.698561442
E&V 1999,18075.7559719846
E&V 1999,17361.477053999
E&V 1999,17407.0049626115
E&V 1999,17759.0577299878
E&V 1999,17570.7687575398
E&V 1999,17582.48386783
E&V 1999,19681.2546527218
E&V 1999,18060.4113989444
E&V 1999,17705.7881444081
E&V 1999,18783.2836218798
E&V 1999,17902.5662340087
E&V 1999,18343.9810595522
E&V 1999,17176.9730122256
E&V 1999,17836.1842101966
E&V 1999,18748.2818780144
E&V 1999,18258.3672645098
E&V 1999,17428.0803926528
E&V 1999,17813.2795603251
E&V 1999,17014.055923231
E&V 1999,18330.0245346957
E&V 1999,18357.8846290213
E&V 1999,18200.6733829716
E&V 1999,18235.5929821815
E&V 1999,17943.9981707252
E&V 1999,17425.9595934748
E&V 1999,18037.3403729794
E&V 1999,17547.8747951141
E&V 1999,17745.6466705492
E&V 1999,17871.66372534
E&V 1999,18188.2012583202
E&V 1999,18035.2683416725
E&V 1999,17883.6063648607
E&V 1999,18395.4768298042
E&V 1999,17492.9089724071
E&V 1999,18162.1683561032
E&V 1999,17471.8458357851
E&V 1999,17734.0549886983
E&V 1999,17992.3135396036
E&V 1999,18638.3073185972
E&V 1999,17718.0487726985
E&V 1999,18037.6225807824
E&V 1999,17794.4908920506
E&V 1999,18133.0281182951
E&V 1999,18718.7293383065
E&V 1999,17882.6289695165
E&V 1999,18169.530200742
E&V 1999,17526.6650325009
E&V 1999,18573.3339477398
E&V 1999,18723.3775443578
E&V 1999,17498.7237120927
E&V 1999,17987.25403071
E&V 1999,17833.042069032
E&V 1999,17877.8139640556
E&V 1999,18362.8538252826
E&V 1999,17659.3877032487
E&V 1999,17021.7700171525
E&V 1999,17569.561689799
E&V 1999,18814.6828328956
E&V 1999,18096.0564642966
E&V 1999,18054.1029309276
E&V 1999,18319.6551646587
E&V 1999,17851.6912027349
E&V 1999,17756.2585341095
E&V 1999,16996.471358288
E&V 1999,18239.0395410145
E&V 1999,17238.7471544717
E&V 1999,18218.8529188245
E&V 1999,18323.8847676868
E&V 1999,18389.5233669435
E&V 1999,18687.629633326
E&V 1999,18008.952480468
E&V 1999,17643.2172792789
E&V 1999,17437.5675244367
E&V 1999,18162.5725283197
E&V 1999,17878.210627164
E&V 1999,18092.008235068
E&V 1999,17906.3936640108
E&V 1999,18321.980492655
E&V 1999,17651.878404887
E&V 1999,18122.3043362567
E&V 1999,17530.8897073045
E&V 1999,17716.0460370127
E&V 1999,18486.1612922127
E&V 1999,17823.5113020958
E&V 1999,17372.4492870617
E&V 1999,18083.3227617463
E&V 1999,18644.1109792195
E&V 1999,18053.6320113893
E&V 1999,17981.1243881039
E&V 1999,19424.2950265254
E&V 1999,17524.2397899389
E&V 1999,18427.7709098728
E&V 1999,17426.895666034
E&V 1999,17563.3746626312
E&V 1999,17637.1393817351
"Paper C, phi pearson",18435.7366369053
"Paper C, phi pearson",18230.7593447783
"Paper C, phi pearson",18287.5684418052
"Paper C, phi pearson",18042.9246741602
"Paper C, phi pearson",18422.2254545112
"Paper C, phi pearson",17612.2432105596
"Paper C, phi pearson",18469.7510137788
"Paper C, phi pearson",18444.4886704772
"Paper C, phi pearson",17833.9499678458
"Paper C, phi pearson",18034.215560367
"Paper C, phi pearson",18624.8092234059
"Paper C, phi pearson",17944.338522592
"Paper C, phi pearson",17849.9253387822
"Paper C, phi pearson",18959.0583154784
"Paper C, phi pearson",16893.4590753767
"Paper C, phi pearson",18776.5165400817
"Paper C, phi pearson",18943.6265351405
"Paper C, phi pearson",18275.0617004444
"Paper C, phi pearson",18447.5434015464
"Paper C, phi pearson",18790.4364688498
"Paper C, phi pearson",17267.6586524776
"Paper C, phi pearson",17364.2099003994
"Paper C, phi pearson",17559.1785947785
"Paper C, phi pearson",18332.094881517
"Paper C, phi pearson",17345.1093386917
"Paper C, phi pearson",18139.8906470231
"Paper C, phi pearson",17679.2881021968
"Paper C, phi pearson",18020.4038441234
"Paper C, phi pearson",18362.0843859799
"Paper C, phi pearson",18205.454800485
"Paper C, phi pearson",18651.1845895618
"Paper C, phi pearson",18600.8703013597
"Paper C, phi pearson",17612.5624561053
"Paper C, phi pearson",18173.5430591035
"Paper C, phi pearson",18173.7155268363
"Paper C, phi pearson",17831.8711569823
"Paper C, phi pearson",17596.2032003626
"Paper C, phi pearson",17980.1732102608
"Paper C, phi pearson",17426.6910197312
"Paper C, phi pearson",18141.2142402463
"Paper C, phi pearson",17736.8268158625
"Paper C, phi pearson",17925.6310438755
"Paper C, phi pearson",17973.0497543849
"Paper C, phi pearson",18897.1579021899
"Paper C, phi pearson",18128.9706464584
"Paper C, phi pearson",17562.4827014787
"Paper C, phi pearson",18133.9491709405
"Paper C, phi pearson",17972.2020595237
"Paper C, phi pearson",18354.5686082367
"Paper C, phi pearson",18137.764460591
"Paper C, phi pearson",18457.76282484
"Paper C, phi pearson",17761.2205699152
"Paper C, phi pearson",17442.6510558412
"Paper C, phi pearson",18592.8212457945
"Paper C, phi pearson",18751.5384424502
"Paper C, phi pearson",18536.4116141314
"Paper C, phi pearson",18000.7647892732
"Paper C, phi pearson",17844.9194790143
"Paper C, phi pearson",18996.87460513
"Paper C, phi pearson",17560.8073653244
"Paper C, phi pearson",18414.6467110803
"Paper C, phi pearson",17468.7624210254
"Paper C, phi pearson",17517.0778056754
"Paper C, phi pearson",17739.5584426884
"Paper C, phi pearson",18700.5551379483
"Paper C, phi pearson",18339.032680306
"Paper C, phi pearson",18152.4499128616
"Paper C, phi pearson",17693.5862025383
"Paper C, phi pearson",17765.6751329164
"Paper C, phi pearson",18286.4895778919
"Paper C, phi pearson",18622.1801750407
"Paper C, phi pearson",17288.2545149187
"Paper C, phi pearson",19044.2839504714
"Paper C, phi pearson",17040.6415480771
"Paper C, phi pearson",17956.0284133239
"Paper C, phi pearson",18278.4542768987
"Paper C, phi pearson",17364.9153457666
"Paper C, phi pearson",19093.2257918563
"Paper C, phi pearson",18499.4229451429
"Paper C, phi pearson",18258.0516232386
"Paper C, phi pearson",16931.231151589
"Paper C, phi pearson",18485.9255264832
"Paper C, phi pearson",17664.9685668433
"Paper C, phi pearson",17579.8254192328
"Paper C, phi pearson",18807.9639901638
"Paper C, phi pearson",19133.5948018213
"Paper C, phi pearson",17957.1119445483
"Paper C, phi pearson",17808.2398367895
"Paper C, phi pearson",17990.7956253655
"Paper C, phi pearson",18588.3522748431
"Paper C, phi pearson",19007.3047734634
"Paper C, phi pearson",17233.0844447602
"Paper C, phi pearson",17555.9659397005
"Paper C, phi pearson",18355.7825533227
"Paper C, phi pearson",18127.8006207453
"Paper C, phi pearson",17864.7552711067
"Paper C, phi pearson",17714.4182722187
"Paper C, phi pearson",17955.9331386599
"Paper C, phi pearson",17006.9508102789
"Paper C, phi pearson",18536.4204378094
"Paper C, phi pearson",17905.5013306692
"Paper C, phi pearson",18507.6653716342
"Paper C, phi pearson",17936.8308342547
"Paper C, phi pearson",18328.2069631988
"Paper C, phi pearson",17551.7684841944
"Paper C, phi pearson",17340.758308477
"Paper C, phi pearson",18292.8111109683
"Paper C, phi pearson",17185.5628168961
"Paper C, phi pearson",18363.630547021
"Paper C, phi pearson",18742.9790254251
"Paper C, phi pearson",17741.5502500019
"Paper C, phi pearson",17801.2510504769
"Paper C, phi pearson",18388.71448386
"Paper C, phi pearson",17862.4228659036
"Paper C, phi pearson",18327.6089314813
"Paper C, phi pearson",18243.336171822
"Paper C, phi pearson",18839.0461307128
"Paper C, phi pearson",18143.4706406302
"Paper C, phi pearson",17424.3596225588
"Paper C, phi pearson",16993.5747407025
"Paper C, phi pearson",17621.6725616638
"Paper C, phi pearson",17768.5086402447
"Paper C, phi pearson",17047.1765948211
"Paper C, phi pearson",18065.8466778771
"Paper C, phi pearson",18452.9553617312
"Paper C, phi pearson",17763.0477678212
"Paper C, phi pearson",17195.020946815
"Paper C, phi pearson",18165.5253791126
"Paper C, phi pearson",18570.4484464831
"Paper C, phi pearson",17279.9289326356
"Paper C, phi pearson",17489.2170804428
"Paper C, phi pearson",18915.1372238373
"Paper C, phi pearson",16759.1803119427
"Paper C, phi pearson",17603.6103785854
"Paper C, phi pearson",17384.9660687539
"Paper C, phi pearson",17719.7066447769
"Paper C, phi pearson",17835.8170561248
"Paper C, phi pearson",18745.6694613924
"Paper C, phi pearson",18083.045652353
"Paper C, phi pearson",18199.9399987942
"Paper C, phi pearson",18547.8080739407
"Paper C, phi pearson",17369.3052126613
"Paper C, phi pearson",17239.8791908653
"Paper C, phi pearson",17829.3074644295
"Paper C, phi pearson",17664.4918669777
"Paper C, phi pearson",17896.7675095052
"Paper C, phi pearson",17647.7735205227
"Paper C, phi pearson",18536.5996794706
"Paper C, phi pearson",17608.1120505898
"Paper C, phi pearson",17041.5560323452
"Paper C, phi pearson",17642.2438341552
"Paper C, phi pearson",17562.1613600885
"Paper C, phi pearson",17980.5595820374
"Paper C, phi pearson",17520.9837266482
"Paper C, phi pearson",17654.4558515082
"Paper C, phi pearson",18147.4359332991
"Paper C, phi pearson",18426.4291010466
"Paper C, phi pearson",17033.829525357
"Paper C, phi pearson",18573.8138753795
"Paper C, phi pearson",18664.2430782159
"Paper C, phi pearson",17123.5230814409
"Paper C, phi pearson",18141.765529778
"Paper C, phi pearson",17514.9526496792
"Paper C, phi pearson",18333.4299641369
"Paper C, phi pearson",18385.1199929439
"Paper C, phi pearson",17679.401208759
"Paper C, phi pearson",18199.5833228855
"Paper C, phi pearson",17410.8464628145
"Paper C, phi pearson",18400.2004367999
"Paper C, phi pearson",17231.3268280543
"Paper C, phi pearson",17479.3535884156
"Paper C, phi pearson",17342.4327579589
"Paper C, phi pearson",17990.7314943741
"Paper C, phi pearson",17733.280637253
"Paper C, phi pearson",17649.9504364854
"Paper C, phi pearson",18134.2928436432
"Paper C, phi pearson",18301.4998327583
"Paper C, phi pearson",18240.6486450899
"Paper C, phi pearson",17924.8494518167
"Paper C, phi pearson",17419.5944718128
"Paper C, phi pearson",17597.7733985329
"Paper C, phi pearson",18305.199131996
"Paper C, phi pearson",17251.6010029963
"Paper C, phi pearson",17634.9073736851
"Paper C, phi pearson",18384.6457868414
"Paper C, phi pearson",17555.0726205948
"Paper C, phi pearson",17269.8205279093
"Paper C, phi pearson",17576.8661384651
"Paper C, phi pearson",17484.9699663775
"Paper C, phi pearson",18135.0771369736
"Paper C, phi pearson",18575.6230899872
"Paper C, phi pearson",18847.4905930061
"Paper C, phi pearson",17322.2323007187
"Paper C, phi pearson",18127.1345452139
"Paper C, phi pearson",18811.766698293
"Paper C, phi pearson",17876.2649347406
"Paper C, phi pearson",18388.3596104356
"Paper C, phi pearson",17003.9517593745
"Paper C, phi pearson",17499.9720846768
"Paper C, phi pearson",17798.2936492356
"Paper C, phi pearson",18464.1678143786
"Paper C, phi pearson",18457.700966762
"Paper C, phi pearson",18020.8858864898
"Paper C, phi pearson",18183.3501716612
"Paper C, phi pearson",18429.274695781
"Paper C, phi pearson",17372.8852478713
"Paper C, phi pearson",18556.3929368505
"Paper C, phi pearson",18310.059197014
"Paper C, phi pearson",19166.4897316726
"Paper C, phi pearson",18588.3263621223
"Paper C, phi pearson",18064.3861619959
"Paper C, phi pearson",18092.0971006105
"Paper C, phi pearson",18315.6840273016
"Paper C, phi pearson",18100.5624180624
"Paper C, phi pearson",17600.2311109325
"Paper C, phi pearson",17998.3292326657
"Paper C, phi pearson",17928.39624
"Paper C, phi pearson",17933.4027336778
"Paper C, phi pearson",17280.4675055455
"Paper C, phi pearson",17995.5030331098
"Paper C, phi pearson",17663.7728660768
"Paper C, phi pearson",18141.728121722
"Paper C, phi pearson",18204.4017858041
"Paper C, phi pearson",16844.9936512459
"Paper C, phi pearson",18228.7625106047
"Paper C, phi pearson",17589.0909107127
"Paper C, phi pearson",17477.7762866596
"Paper C, phi pearson",17897.4751692195
"Paper C, phi pearson",17438.1918079185
"Paper C, phi pearson",17982.5989487195
"Paper C, phi pearson",17611.1176658868
"Paper C, phi pearson",17807.1380601605
"Paper C, phi pearson",17706.7843018153
"Paper C, phi pearson",18627.7120441045
"Paper C, phi pearson",18492.2683308835
"Paper C, phi pearson",18262.6371130526
"Paper C, phi pearson",18666.2547385993
"Paper C, phi pearson",18287.526206417
"Paper C, phi pearson",18100.7242946708
"Paper C, phi pearson",16530.3353302756
"Paper C, phi pearson",17523.3124260087
"Paper C, phi pearson",18842.5024428916
"Paper C, phi pearson",17806.93352265
"Paper C, phi pearson",17566.8854990091
"Paper C, phi pearson",18038.0866723711
"Paper C, phi pearson",17162.9148470848
"Paper C, phi pearson",18406.5941220409
"Paper C, phi pearson",18004.0546932
"Paper C, phi pearson",19161.6199369635
"Paper C, phi pearson",17280.9489311577
"Paper C, phi pearson",17548.8409240456
"Paper C, phi pearson",18494.8249092566
"Paper C, phi pearson",17105.2472826488
"Paper C, phi pearson",17882.8163912637
"Paper C, phi pearson",17205.3429362363
"Paper C, phi pearson",18182.0686226376
"Paper C, phi pearson",17790.716448354
"Paper C, phi pearson",17899.904851686
"Paper C, phi pearson",18491.6387473199
"Paper C, phi pearson",17623.4055060976
"Paper C, phi pearson",17936.8354470009
"Paper C, phi pearson",17051.1096898804
"Paper C, phi pearson",17841.9841433843
"Paper C, phi pearson",17770.2021026674
"Paper C, phi pearson",18742.5383850994
"Paper C, phi pearson",17512.0711521804
"Paper C, phi pearson",18546.8378923817
"Paper C, phi pearson",16974.0584469953
"Paper C, phi pearson",17568.0521258842
"Paper C, phi pearson",17795.7483243282
"Paper C, phi pearson",18251.9028019632
"Paper C, phi pearson",18035.6287566433
"Paper C, phi pearson",18334.3538939741
"Paper C, phi pearson",17512.8171806822
"Paper C, phi pearson",17880.0016472286
"Paper C, phi pearson",17581.7637562747
"Paper C, phi pearson",18607.7214648125
"Paper C, phi pearson",18213.8631595922
"Paper C, phi pearson",18003.5450341408
"Paper C, phi pearson",19143.1281700671
"Paper C, phi pearson",17861.9907443891
"Paper C, phi pearson",16921.2692983142
"Paper C, phi pearson",17836.1843527095
"Paper C, phi pearson",17394.2822814867
"Paper C, phi pearson",18773.4270783427
"Paper C, phi pearson",17984.2751081848
"Paper C, phi pearson",17334.6142417328
"Paper C, phi pearson",18410.9094282636
"Paper C, phi pearson",18145.5301067029
"Paper C, phi pearson",17470.8545781481
"Paper C, phi pearson",17751.1076361737
"Paper C, phi pearson",17772.3046561147
"Paper C, phi pearson",18136.0473108326
"Paper C, phi pearson",18803.6246208228
"Paper C, phi pearson",17815.9417177313
"Paper C, phi pearson",18015.2793163667
"Paper C, phi pearson",17591.3000175859
"Paper C, phi pearson",17226.2187680905
"Paper C, phi pearson",17685.4565712139
"Paper C, phi pearson",17605.9725401051
"Paper C, phi pearson",16976.3169862204
"Paper C, phi pearson",18870.7329847442
"Paper C, phi pearson",18192.7283419653
"Paper C, phi pearson",17659.9940462922
"Paper C, phi pearson",18170.8652160744
"Paper C, phi pearson",18487.319083601
"Paper C, phi pearson",18506.5759211351
"Paper C, phi pearson",17865.2917937721
"Paper C, phi pearson",17721.3926834075
"Paper C, phi pearson",18222.3756228081
"Paper C, phi pearson",17996.2511606567
"Paper C, phi pearson",18150.1087613375
"Paper C, phi pearson",17809.9876801208
"Paper C, phi pearson",18156.0643581026
"Paper C, phi pearson",17920.2000035393
"Paper C, phi pearson",17797.0045306268
"Paper C, phi pearson",17007.1281291347
"Paper C, phi pearson",17987.8874126304
"Paper C, phi pearson",17925.0428087472
"Paper C, phi pearson",17617.2383888898
"Paper C, phi pearson",18771.5141305991
"Paper C, phi pearson",17492.1354961113
"Paper C, phi pearson",18085.6703794868
"Paper C, phi pearson",18070.1236019333
"Paper C, phi pearson",17617.3546427813
"Paper C, phi pearson",18617.2613500761
"Paper C, phi pearson",18599.9733273971
"Paper C, phi pearson",18424.6406983653
"Paper C, phi pearson",19411.0914126106
"Paper C, phi pearson",18412.5971219071
"Paper C, phi pearson",17778.4736360352
"Paper C, phi pearson",18256.5233865948
"Paper C, phi pearson",17499.3490742582
"Paper C, phi pearson",17889.7335506852
"Paper C, phi pearson",17784.1268791724
"Paper C, phi pearson",18081.4153727203
"Paper C, phi pearson",17579.3150232089
"Paper C, phi pearson",17794.3612994037
"Paper C, phi pearson",17636.1610075046
"Paper C, phi pearson",17217.1472717728
"Paper C, phi pearson",17830.4706222879
"Paper C, phi pearson",17671.1142859645
"Paper C, phi pearson",17390.3936969179
"Paper C, phi pearson",18627.4807615398
"Paper C, phi pearson",18564.4318283787
"Paper C, phi pearson",18455.5224631538
"Paper C, phi pearson",18463.0107645375
"Paper C, phi pearson",18612.8517350289
"Paper C, phi pearson",17454.4308213066
"Paper C, phi pearson",18976.0371199856
"Paper C, phi pearson",17501.9220230321
"Paper C, phi pearson",17698.273205819
"Paper C, phi pearson",18119.2691382991
"Paper C, phi pearson",18050.5907011703
"Paper C, phi pearson",18189.9194620848
"Paper C, phi pearson",17979.8998237767
"Paper C, phi pearson",17697.2680025414
"Paper C, phi pearson",17882.0434942683
"Paper C, phi pearson",17952.5565382755
"Paper C, phi pearson",18084.3152097998
"Paper C, phi pearson",18036.671221181
"Paper C, phi pearson",18334.787657104
"Paper C, phi pearson",17198.9630938017
"Paper C, phi pearson",16790.4908767703
"Paper C, phi pearson",18674.8596760935
"Paper C, phi pearson",18281.2546842802
"Paper C, phi pearson",17872.1291432228
"Paper C, phi pearson",17565.6903891755
"Paper C, phi pearson",18152.7347645924
"Paper C, phi pearson",19013.4827906642
"Paper C, phi pearson",18618.2136696926
"Paper C, phi pearson",18355.9491898583
"Paper C, phi pearson",17703.7211979875
"Paper C, phi pearson",17964.7811543436
"Paper C, phi pearson",17857.268200234
"Paper C, phi pearson",17787.7894946379
"Paper C, phi pearson",17985.7796017491
"Paper C, phi pearson",17998.918844538
"Paper C, phi pearson",18151.0429636961
"Paper C, phi pearson",16820.559319815
"Paper C, phi pearson",17751.4137659808
"Paper C, phi pearson",17841.9378416787
"Paper C, phi pearson",18224.590433789
"Paper C, phi pearson",18315.8406293683
"Paper C, phi pearson",18155.9749242748
"Paper C, phi pearson",17583.6829278077
"Paper C, phi pearson",17609.214748629
"Paper C, phi pearson",17228.9083748121
"Paper C, phi pearson",18058.7033054526
"Paper C, phi pearson",18195.4414783227
"Paper C, phi pearson",17789.9046983511
"Paper C, phi pearson",17777.6706748723
"Paper C, phi pearson",18304.055947616
"Paper C, phi pearson",17612.7911987636
"Paper C, phi pearson",18106.651855186
"Paper C, phi pearson",17851.3355843354
"Paper C, phi pearson",18224.717308414
"Paper C, phi pearson",17340.2178665728
"Paper C, phi pearson",18153.4522895802
"Paper C, phi pearson",17522.7548754667
"Paper C, phi pearson",18198.7787057867
"Paper C, phi pearson",17572.0110037304
"Paper C, phi pearson",18027.7126648269
"Paper C, phi pearson",18631.4935422404
"Paper C, phi pearson",17612.7495666349
"Paper C, phi pearson",17262.4002150487
"Paper C, phi pearson",18165.4601013127
"Paper C, phi pearson",18311.0782023526
"Paper C, phi pearson",18058.9194786856
"Paper C, phi pearson",18115.5606740925
"Paper C, phi pearson",18768.2462032177
"Paper C, phi pearson",17398.3131322543
"Paper C, phi pearson",17258.98478382
"Paper C, phi pearson",17035.4318429942
"Paper C, phi pearson",18073.7652729367
"Paper C, phi pearson",18134.1288099029
"Paper C, phi pearson",18440.9110076388
"Paper C, phi pearson",17715.8879856063
"Paper C, phi pearson",17681.4038654505
"Paper C, phi pearson",17867.0952833414
"Paper C, phi pearson",17625.4445374827
"Paper C, phi pearson",18011.0127867234
"Paper C, phi pearson",17846.9219712106
"Paper C, phi pearson",18820.1464639543
"Paper C, phi pearson",18868.0506388011
"Paper C, phi pearson",18276.6080944755
"Paper C, phi pearson",17710.0156666366
"Paper C, phi pearson",18167.4541289909
"Paper C, phi pearson",18050.0186499919
"Paper C, phi pearson",17410.1816314226
"Paper C, phi pearson",16962.0173277436
"Paper C, phi pearson",16999.0892616283
"Paper C, phi pearson",18100.4314504602
"Paper C, phi pearson",17760.7729027537
"Paper C, phi pearson",17416.2825748344
"Paper C, phi pearson",17756.0490250278
"Paper C, phi pearson",17917.6510206703
"Paper C, phi pearson",18110.2424130877
"Paper C, phi pearson",17133.3672076834
"Paper C, phi pearson",18346.9245378632
"Paper C, phi pearson",17751.0714660988
"Paper C, phi pearson",18415.7657587727
"Paper C, phi pearson",16645.7335651734
"Paper C, phi pearson",18309.2521560132
"Paper C, phi pearson",17415.4669433466
"Paper C, phi pearson",17225.2117118983
"Paper C, phi pearson",17605.4514889114
"Paper C, phi pearson",17518.5089129474
"Paper C, phi pearson",17222.4982484487
"Paper C, phi pearson",17478.7936072495
"Paper C, phi pearson",17779.8908693732
"Paper C, phi pearson",17313.0320085329
"Paper C, phi pearson",19475.9437510477
"Paper C, phi pearson",18451.1436725639
"Paper C, phi pearson",17663.0710630862
"Paper C, phi pearson",16903.4806331236
"Paper C, phi pearson",19077.9283263319
"Paper C, phi pearson",18577.8114706197
"Paper C, phi pearson",17294.089521446
"Paper C, phi pearson",17873.4361161136
"Paper C, phi pearson",18607.5066679037
"Paper C, phi pearson",18501.6656156335
"Paper C, phi pearson",17106.7306760724
"Paper C, phi pearson",18518.2878719346
"Paper C, phi pearson",17699.896526938
"Paper C, phi pearson",17386.0437895343
"Paper C, phi pearson",18330.8986677965
"Paper C, phi pearson",17933.4188046691
"Paper C, phi pearson",18491.5194366266
"Paper C, phi pearson",18400.7187153224
"Paper C, phi pearson",18615.9618162181
"Paper C, phi pearson",18277.996385926
"Paper C, phi pearson",18707.8065825308
"Paper C, phi pearson",18235.6283452371
"Paper C, phi pearson",18486.5466259614
"Paper C, phi pearson",18306.519847426
"Paper C, phi pearson",17662.1813925143
"Paper C, phi pearson",17141.2921646544
"Paper C, phi pearson",18474.1924941699
"Paper C, phi pearson",17911.8800482219
"Paper C, phi pearson",18499.4724572778
"Paper C, phi pearson",18254.4531571062
"Paper C, phi pearson",17688.1158019409
"Paper C, phi pearson",19284.5804844842
"Paper C, phi pearson",17483.9376708209
"Paper C, phi pearson",18151.033546165
"Paper C, phi pearson",18430.5201192761
"Paper C, phi pearson",18946.1690775514
"Paper C, phi pearson",17880.0512214358
"Paper C, phi pearson",17540.1594404733
"Paper C, phi pearson",18108.3033296671
"Paper C, phi pearson",17881.4812879618
"Paper C, phi pearson",17998.2288924395
"Paper C, phi pearson",18646.9477242075
"Paper C, phi pearson",18181.300439429
"Paper C, phi pearson",18056.9896030508
"Paper C, phi pearson",18276.0560285528
"Paper C, phi pearson",18014.7552299494
"Paper C, phi pearson",18557.1309375035
"Paper C, phi pearson",17524.3393333335
"Paper C, phi pearson",18329.5778155777
"Paper C, phi pearson",17389.6501778356
"Paper C, phi pearson",17924.650018848
"Paper C, phi pearson",18654.5048042185
"Paper C, phi pearson",18360.0053358666
"Paper C, phi pearson",18001.1524677025
"Paper C, phi pearson",17303.7214866366
"Paper C, phi pearson",18339.8813462013
"Paper C, phi pearson",18311.8278702214
"Paper C, phi pearson",18096.3409802773
"Paper C, phi pearson",18376.2934278264
"Paper C, phi pearson",17964.8880702793
"Paper C, phi pearson",17292.7035808404
"Paper C, phi pearson",18434.9233297928
"Paper C, phi pearson",18266.3406718162
"Paper C, phi pearson",18447.2767725828
"Paper C, phi pearson",17840.9136422807
"Paper C, phi pearson",17870.4869375145
"Paper C, phi pearson",18717.3159848491
"Paper C, phi pearson",18274.4774883297
"Paper C, phi pearson",17998.2827226145
"Paper C, phi pearson",18393.761144116
"Paper C, phi pearson",17867.5613259348
"Paper C, phi pearson",18181.9872703168
"Paper C, phi pearson",18042.1546107503
"Paper C, phi pearson",17179.0162893317
"Paper C, phi pearson",18931.2445804294
"Paper C, phi pearson",18611.5603614086
"Paper C, phi pearson",17589.2748920964
"Paper C, phi pearson",17737.5756743029
"Paper C, phi pearson",18910.7902550787
"Paper C, phi pearson",16968.9843437351
"Paper C, phi pearson",17928.9010955504
"Paper C, phi pearson",17131.2203177739
"Paper C, phi pearson",17642.363327467
"Paper C, phi pearson",17630.8029205846
"Paper C, phi pearson",18450.8853795706
"Paper C, phi pearson",18305.1690943516
"Paper C, phi pearson",17777.0797227622
"Paper C, phi pearson",19079.7210715146
"Paper C, phi pearson",17686.2232930022
"Paper C, phi pearson",17856.6106259885
"Paper C, phi pearson",17704.7746366573
"Paper C, phi pearson",18400.9140125655
"Paper C, phi pearson",17895.6516405062
"Paper C, phi pearson",17087.8042969097
"Paper C, phi pearson",17873.1642715134
"Paper C, phi pearson",18021.2040213991
"Paper C, phi pearson",18329.6358340516
"Paper C, phi pearson",18034.2520140707
"Paper C, phi pearson",17991.620862341
"Paper C, phi pearson",18166.0457970156
"Paper C, phi pearson",17789.1087021644
"Paper C, phi pearson",17701.8655692263
"Paper C, phi pearson",17128.3296538056
"Paper C, phi pearson",18882.362253083
"Paper C, phi pearson",18261.066741708
"Paper C, phi pearson",17445.4994230618
"Paper C, phi pearson",18153.0015315505
"Paper C, phi pearson",16765.2357454958
"Paper C, phi pearson",18082.5509775143
"Paper C, phi pearson",18320.8927912649
"Paper C, phi pearson",17223.270455118
"Paper C, phi pearson",17651.7424472615
"Paper C, phi pearson",17782.7144988453
"Paper C, phi pearson",17997.4491172141
"Paper C, phi pearson",18101.0824304797
"Paper C, phi pearson",18170.3209276027
"Paper C, phi pearson",18297.3650002833
"Paper C, phi pearson",17463.924498494
"Paper C, phi pearson",17375.3920035528
"Paper C, phi pearson",18032.5999524497
"Paper C, phi pearson",18542.2982712445
"Paper C, phi pearson",18160.9864053502
"Paper C, phi pearson",18405.7465032997
"Paper C, phi pearson",17795.3895256081
"Paper C, phi pearson",17632.1701916014
"Paper C, phi pearson",17731.1262126693
"Paper C, phi pearson",18562.0662716058
"Paper C, phi pearson",17923.5152649539
"Paper C, phi pearson",17172.3757076741
"Paper C, phi pearson",19075.8562063471
"Paper C, phi pearson",18372.0613535497
"Paper C, phi pearson",17263.4088268855
"Paper C, phi pearson",17667.8871976655
"Paper C, phi pearson",17210.8675523793
"Paper C, phi pearson",17504.2396479277
"Paper C, phi pearson",17341.7269611247
"Paper C, phi pearson",18840.5081609597
"Paper C, phi pearson",18190.4440506761
"Paper C, phi pearson",17686.8062944432
"Paper C, phi pearson",17055.6181201064
"Paper C, phi pearson",17185.4945197841
"Paper C, phi pearson",18491.0584812615
"Paper C, phi pearson",17677.7784802792
"Paper C, phi pearson",18160.2642127223
"Paper C, phi pearson",18022.7404902464
"Paper C, phi pearson",17763.2998663801
"Paper C, phi pearson",17389.2232703821
"Paper C, phi pearson",18033.9578373989
"Paper C, phi pearson",18336.6698410978
"Paper C, phi pearson",18203.3748916533
"Paper C, phi pearson",17209.8298097919
"Paper C, phi pearson",18184.3880946219
"Paper C, phi pearson",17645.1485282691
"Paper C, phi pearson",18265.3916835204
"Paper C, phi pearson",17990.9960154339
"Paper C, phi pearson",17828.0015089186
"Paper C, phi pearson",17555.8713929783
"Paper C, phi pearson",16996.6319567245
"Paper C, phi pearson",18644.3459254849
"Paper C, phi pearson",18736.0175495412
"Paper C, phi pearson",18723.9148485406
"Paper C, phi pearson",17623.7351298999
"Paper C, phi pearson",18262.9090198335
"Paper C, phi pearson",17547.1048964213
"Paper C, phi pearson",18047.0215661121
"Paper C, phi pearson",18113.2095768436
"Paper C, phi pearson",17943.3870549954
"Paper C, phi pearson",18255.7011892817
"Paper C, phi pearson",17496.019822391
"Paper C, phi pearson",17752.6185440753
"Paper C, phi pearson",18171.86411461
"Paper C, phi pearson",18476.2166542641
"Paper C, phi pearson",18173.9542766125
"Paper C, phi pearson",17318.1247975581
"Paper C, phi pearson",18169.0352303689
"Paper C, phi pearson",17328.9065066805
"Paper C, phi pearson",18457.0941073655
"Paper C, phi pearson",18212.1269113455
"Paper C, phi pearson",17954.1642069618
"Paper C, phi pearson",17609.1389000046
"Paper C, phi pearson",17252.5054422375
"Paper C, phi pearson",18014.1394475421
"Paper C, phi pearson",17160.2600908238
"Paper C, phi pearson",18457.1913233849
"Paper C, phi pearson",18093.9232295649
"Paper C, phi pearson",18335.9819534697
"Paper C, phi pearson",17263.8664190749
"Paper C, phi pearson",18092.3937174906
"Paper C, phi pearson",17753.794889268
"Paper C, phi pearson",18045.6633764741
"Paper C, phi pearson",17629.4031975799
"Paper C, phi pearson",17539.1575422898
"Paper C, phi pearson",17916.9308375834
"Paper C, phi pearson",17732.6044474832
"Paper C, phi pearson",17138.1355694183
"Paper C, phi pearson",18151.0833716449
"Paper C, phi pearson",17481.3955083434
"Paper C, phi pearson",18034.5603230183
"Paper C, phi pearson",18091.7438155472
"Paper C, phi pearson",16971.652072714
"Paper C, phi pearson",17488.8273907914
"Paper C, phi pearson",18169.1533974925
"Paper C, phi pearson",18456.8192267762
"Paper C, phi pearson",18224.2905832895
"Paper C, phi pearson",17101.9121272161
"Paper C, phi pearson",18167.6126979817
"Paper C, phi pearson",17378.9821177768
"Paper C, phi pearson",17572.855057225
"Paper C, phi pearson",18288.9489622191
"Paper C, phi pearson",17927.5868827645
"Paper C, phi pearson",18622.3178216527
"Paper C, phi pearson",17554.6576556877
"Paper C, phi pearson",18987.0093112122
"Paper C, phi pearson",17037.9509400236
"Paper C, phi pearson",18114.5969667717
"Paper C, phi pearson",18794.2054414116
"Paper C, phi pearson",17691.5628586439
"Paper C, phi pearson",17200.3888528689
"Paper C, phi pearson",17688.0730016355
"Paper C, phi pearson",17748.3587094965
"Paper C, phi pearson",18122.4587682671
"Paper C, phi pearson",17593.3378033525
"Paper C, phi pearson",18178.901613009
"Paper C, phi pearson",17973.9114857712
"Paper C, phi pearson",18304.339569149
"Paper C, phi pearson",19065.15395551
"Paper C, phi pearson",17596.8909073996
"Paper C, phi pearson",18075.2270412566
"Paper C, phi pearson",18152.4957235567
"Paper C, phi pearson",18525.7374903821
"Paper C, phi pearson",17598.37679774
"Paper C, phi pearson",18390.7791849318
"Paper C, phi pearson",18293.3189107261
"Paper C, phi pearson",18671.7699560542
"Paper C, phi pearson",18224.4155297895
"Paper C, phi pearson",18144.7193701631
"Paper C, phi pearson",17621.6661308257
"Paper C, phi pearson",18855.7498292105
"Paper C, phi pearson",16662.0164972741
"Paper C, phi pearson",18126.5411372505
"Paper C, phi pearson",18034.4051862818
"Paper C, phi pearson",17460.7099384889
"Paper C, phi pearson",18004.8332497222
"Paper C, phi pearson",18075.184686063
"Paper C, phi pearson",18068.1167158514
"Paper C, phi pearson",17397.1183288962
"Paper C, phi pearson",17289.2243163239
"Paper C, phi pearson",18204.9094865405
"Paper C, phi pearson",17780.4371094869
"Paper C, phi pearson",17440.3845586767
"Paper C, phi pearson",17369.3432131991
"Paper C, phi pearson",17953.5000365872
"Paper C, phi pearson",18084.3388572356
"Paper C, phi pearson",18064.3156378173
"Paper C, phi pearson",18977.887419588
"Paper C, phi pearson",18078.3242286469
"Paper C, phi pearson",18106.2614824121
"Paper C, phi pearson",18058.907180796
"Paper C, phi pearson",17296.9453005775
"Paper C, phi pearson",18133.0761740109
"Paper C, phi pearson",18224.8134415755
"Paper C, phi pearson",18268.8308395282
"Paper C, phi pearson",18071.4564156569
"Paper C, phi pearson",18007.1933898991
"Paper C, phi pearson",17970.9898035752
"Paper C, phi pearson",18660.1508886915
"Paper C, phi pearson",18186.2208517615
"Paper C, phi pearson",17623.4551864263
"Paper C, phi pearson",18123.9038247741
"Paper C, phi pearson",17857.3891248235
"Paper C, phi pearson",18408.265656666
"Paper C, phi pearson",18598.4185349788
"Paper C, phi pearson",17864.9311507025
"Paper C, phi pearson",17658.7361245491
"Paper C, phi pearson",18045.805910135
"Paper C, phi pearson",17913.9694456763
"Paper C, phi pearson",18659.6232892023
"Paper C, phi pearson",18467.7232817143
"Paper C, phi pearson",17627.7203567952
"Paper C, phi pearson",17545.6013959867
"Paper C, phi pearson",18335.9485226846
"Paper C, phi pearson",17703.8872418336
"Paper C, phi pearson",17922.2648637543
"Paper C, phi pearson",17322.1924684381
"Paper C, phi pearson",17898.1032194788
"Paper C, phi pearson",17897.8791793904
"Paper C, phi pearson",19153.040772799
"Paper C, phi pearson",18146.4968723549
"Paper C, phi pearson",18285.7009101929
"Paper C, phi pearson",18815.2027434504
"Paper C, phi pearson",17992.4355297888
"Paper C, phi pearson",18707.8818238051
"Paper C, phi pearson",17689.624190181
"Paper C, phi pearson",18212.9857290527
"Paper C, phi pearson",17783.6438259065
"Paper C, phi pearson",16974.320568008
"Paper C, phi pearson",17652.1682710113
"Paper C, phi pearson",17498.1347057616
"Paper C, phi pearson",17400.4778934354
"Paper C, phi pearson",18162.4611776961
"Paper C, phi pearson",18412.7337934942
"Paper C, phi pearson",18260.0412734804
"Paper C, phi pearson",18208.0615408818
"Paper C, phi pearson",17785.8640108199
"Paper C, phi pearson",17878.9560097502
"Paper C, phi pearson",17982.5831307719
"Paper C, phi pearson",18016.3781857118
"Paper C, phi pearson",18293.0992068827
"Paper C, phi pearson",17995.847826977
"Paper C, phi pearson",17611.1175659098
"Paper C, phi pearson",17601.0163788642
"Paper C, phi pearson",16674.9469254887
"Paper C, phi pearson",17723.5895810336
"Paper C, phi pearson",17688.2481226763
"Paper C, phi pearson",17463.1445716051
"Paper C, phi pearson",18690.1765111684
"Paper C, phi pearson",18239.3202795949
"Paper C, phi pearson",17305.4898710312
"Paper C, phi pearson",18303.9716684866
"Paper C, phi pearson",17533.1134329542
"Paper C, phi pearson",17522.6128418447
"Paper C, phi pearson",18858.2416151685
"Paper C, phi pearson",18333.8159458324
"Paper C, phi pearson",17725.3677715036
"Paper C, phi pearson",18419.9371952877
"Paper C, phi pearson",18177.7656154556
"Paper C, phi pearson",18138.9744197696
"Paper C, phi pearson",17897.4937501702
"Paper C, phi pearson",18145.3402547159
"Paper C, phi pearson",19290.6524851797
"Paper C, phi pearson",18228.9194697029
"Paper C, phi pearson",17197.8924469476
"Paper C, phi pearson",17761.7666366156
"Paper C, phi pearson",18039.173605458
"Paper C, phi pearson",18456.7915392345
"Paper C, phi pearson",18762.6686624727
"Paper C, phi pearson",18681.8071750338
"Paper C, phi pearson",17351.504766091
"Paper C, phi pearson",18348.7370241688
"Paper C, phi pearson",19505.0890490766
"Paper C, phi pearson",17875.1449150966
"Paper C, phi pearson",17156.0052576341
"Paper C, phi pearson",18066.5653638166
"Paper C, phi pearson",17105.2056425516
"Paper C, phi pearson",17637.7349535006
"Paper C, phi pearson",17506.3811104984
"Paper C, phi pearson",17563.8567254652
"Paper C, phi pearson",17988.2971623661
"Paper C, phi pearson",18611.4040601328
"Paper C, phi pearson",19015.9869423334
"Paper C, phi pearson",18124.9183729068
"Paper C, phi pearson",17508.4337046685
"Paper C, phi pearson",17807.8648480206
"Paper C, phi pearson",18946.9069409132
"Paper C, phi pearson",17710.7761858658
"Paper C, phi pearson",17547.0635202695
"Paper C, phi pearson",18393.1312360566
"Paper C, phi pearson",18213.9360114653
"Paper C, phi pearson",16721.3085681679
"Paper C, phi pearson",17083.8418337388
"Paper C, phi pearson",17889.3883734315
"Paper C, phi pearson",17404.716764081
"Paper C, phi pearson",18864.9222960513
"Paper C, phi pearson",18238.0028070811
"Paper C, phi pearson",17922.1145962625
"Paper C, phi pearson",17751.8091099696
"Paper C, phi pearson",16924.3414069457
"Paper C, phi pearson",19160.8672723959
"Paper C, phi pearson",18736.4528486432
"Paper C, phi pearson",17862.9132626516
"Paper C, phi pearson",17346.0833358806
"Paper C, phi pearson",17857.4662677117
"Paper C, phi pearson",17403.5172056979
"Paper C, phi pearson",17546.60064359
"Paper C, phi pearson",16949.9803633081
"Paper C, phi pearson",18889.8317397096
"Paper C, phi pearson",18627.4138867532
"Paper C, phi pearson",17954.5929428769
"Paper C, phi pearson",17879.2669953051
"Paper C, phi pearson",18338.9749471615
"Paper C, phi pearson",18211.9070593285
"Paper C, phi pearson",19197.2278642914
"Paper C, phi pearson",17840.246199818
"Paper C, phi pearson",17764.8433394504
"Paper C, phi pearson",17591.6155493986
"Paper C, phi pearson",18044.6132884631
"Paper C, phi pearson",17676.2906774937
"Paper C, phi pearson",17822.4797342075
"Paper C, phi pearson",17967.9678803744
"Paper C, phi pearson",18538.6530314274
"Paper C, phi pearson",18667.0273774978
"Paper C, phi pearson",18168.945535302
"Paper C, phi pearson",18773.8142749394
"Paper C, phi pearson",17576.4574247042
"Paper C, phi pearson",18006.4910568795
"Paper C, phi pearson",18101.7113831185
"Paper C, phi pearson",18003.345537845
"Paper C, phi pearson",17886.0787245832
"Paper C, phi pearson",17277.1044131524
"Paper C, phi pearson",17453.2854848579
"Paper C, phi pearson",18848.6503914635
"Paper C, phi pearson",18379.4513253021
"Paper C, phi pearson",17205.1337710267
"Paper C, phi pearson",18568.0344262824
"Paper C, phi pearson",18553.6329404734
"Paper C, phi pearson",17595.1638557926
"Paper C, phi pearson",17865.5766333872
"Paper C, phi pearson",17633.7896632307
"Paper C, phi pearson",18579.2175335506
"Paper C, phi pearson",17796.8794474385
"Paper C, phi pearson",17840.199170372
"Paper C, phi pearson",16893.2368473015
"Paper C, phi pearson",17664.6898080018
"Paper C, phi pearson",17266.2099145593
"Paper C, phi pearson",18804.3832046374
"Paper C, phi pearson",17773.3264311872
"Paper C, phi pearson",17286.9277156471
"Paper C, phi pearson",18143.2259825482
"Paper C, phi pearson",17638.4707569533
"Paper C, phi pearson",18148.8655889669
"Paper C, phi pearson",18852.3178992093
"Paper C, phi pearson",17830.9990995412
"Paper C, phi pearson",16992.5175935086
"Paper C, phi pearson",18192.9724535623
"Paper C, phi pearson",17426.799956394
"Paper C, phi pearson",17966.0026452205
"Paper C, phi pearson",18700.5351972718
"Paper C, phi pearson",18259.9796050505
"Paper C, phi pearson",17652.7584955585
"Paper C, phi pearson",18103.615514956
"Paper C, phi pearson",17368.9266185358
"Paper C, phi pearson",17854.1421017256
"Paper C, phi pearson",18334.8675491602
"Paper C, phi pearson",17376.2791745396
"Paper C, phi pearson",18214.5496216495
"Paper C, phi pearson",17951.0874874837
"Paper C, phi pearson",18840.5233591593
"Paper C, phi pearson",18243.6743370307
"Paper C, phi pearson",17936.6420074337
"Paper C, phi pearson",17063.443199023
"Paper C, phi pearson",17909.3763504621
"Paper C, phi pearson",18158.1043371611
"Paper C, phi pearson",17740.1166164079
"Paper C, phi pearson",18986.7546884321
"Paper C, phi pearson",18165.8797093889
"Paper C, phi pearson",18100.0518034997
"Paper C, phi pearson",17486.3118344095
"Paper C, phi pearson",17395.7468575359
"Paper C, phi pearson",17830.8890432362
"Paper C, phi pearson",18032.2225577758
"Paper C, phi pearson",17368.7731209403
"Paper C, phi pearson",17970.6720750443
"Paper C, phi pearson",18675.201944186
"Paper C, phi pearson",18585.7686537978
"Paper C, phi pearson",17551.2799670848
"Paper C, phi pearson",18146.5595393457
"Paper C, phi pearson",17441.5923913105
"Paper C, phi pearson",16801.117565238
"Paper C, phi pearson",18250.1887380011
"Paper C, phi pearson",17224.6999946725
"Paper C, phi pearson",18393.7520434259
"Paper C, phi pearson",18154.6146381405
"Paper C, phi pearson",17579.9183044438
"Paper C, phi pearson",17843.1804402622
"Paper C, phi pearson",18176.7125750017
"Paper C, phi pearson",17519.7060540044
"Paper C, phi pearson",17711.4132404199
"Paper C, phi pearson",17781.6137782079
"Paper C, phi pearson",17679.2417038674
"Paper C, phi pearson",17963.7310802217
"Paper C, phi pearson",17277.3970157448
"Paper C, phi pearson",18519.655653267
"Paper C, phi pearson",18440.1301008657
"Paper C, phi pearson",18507.3328540877
"Paper C, phi pearson",18406.0128944455
"Paper C, phi pearson",17682.742832876
"Paper C, phi pearson",18030.0497266703
"Paper C, phi pearson",17779.2610532419
"Paper C, phi pearson",17549.9385078144
"Paper C, phi pearson",17636.9502589177
"Paper C, phi pearson",17433.2326659973
"Paper C, phi pearson",17797.7273467544
"Paper C, phi pearson",18310.4114360088
"Paper C, phi pearson",17894.2295275688
"Paper C, phi pearson",17917.6160801641
"Paper C, phi pearson",19397.0725482491
"Paper C, phi pearson",17799.9157852603
"Paper C, phi pearson",18575.3050811981
"Paper C, phi pearson",18726.75271725
"Paper C, phi pearson",17644.1110989467
"Paper C, phi pearson",18173.0152867885
"Paper C, phi pearson",17929.3334757304
"Paper C, phi pearson",18731.658010625
"Paper C, phi pearson",18744.5979112405
"Paper C, phi pearson",18252.8928381228
"Paper C, phi pearson",17784.4835913801
"Paper C, phi pearson",18563.3126306033
"Paper C, phi pearson",18756.2417182435
"Paper C, phi pearson",18582.317595144
"Paper C, phi pearson",17693.6153903452
"Paper C, phi pearson",18110.6748028701
"Paper C, phi pearson",18294.9743560687
"Paper C, phi pearson",18125.9407699694
"Paper C, phi pearson",18360.7335272019
"Paper C, phi pearson",17753.5984442489
"Paper C, phi pearson",17129.4765532928
"Paper C, phi pearson",18212.2852358436
"Paper C, phi pearson",17789.7722348519
"Paper C, phi pearson",16912.7532750826
"Paper C, phi pearson",17059.2650782412
"Paper C, phi pearson",17520.9017816703
"Paper C, phi pearson",18286.7365918711
"Paper C, phi pearson",18218.2053245295
"Paper C, phi pearson",18120.8220828622
"Paper C, phi pearson",17813.5349887319
"Paper C, phi pearson",17829.2742740411
"Paper C, phi pearson",17394.5762905364
"Paper C, phi pearson",17662.4845750204
"Paper C, phi pearson",18300.6213539343
"Paper C, phi pearson",17895.7819042316
"Paper C, phi pearson",17628.9769789594
"Paper C, phi pearson",17325.8226192933
"Paper C, phi pearson",17752.5402346169
"Paper C, phi pearson",17889.9844493193
"Paper C, phi pearson",17791.3071200293
"Paper C, phi pearson",16828.2744812789
"Paper C, phi pearson",17482.0366248762
"Paper C, phi pearson",17596.382667183
"Paper C, phi pearson",17826.401123114
"Paper C, phi pearson",17593.1108556599
"Paper C, phi pearson",17849.5677035715
"Paper C, phi pearson",18252.3359512902
"Paper C, phi pearson",18387.2685538212
"Paper C, phi pearson",17749.3045049771
"Paper C, phi pearson",18037.9778567149
"Paper C, phi pearson",18280.7868586809
"Paper C, phi pearson",17749.8120297098
"Paper C, phi pearson",18055.6889681272
"Paper C, phi pearson",18034.57330912
"Paper C, phi pearson",17622.1905471642
"Paper C, phi pearson",18163.495189726
"Paper C, phi pearson",17029.3649957322
"Paper C, phi pearson",17923.0165202277
"Paper C, phi pearson",18228.4839695658
"Paper C, phi pearson",17434.3651453192
"Paper C, phi pearson",17203.1580365037
"Paper C, phi pearson",17708.8355397246
"Paper C, phi pearson",17748.5875103658
"Paper C, phi deviance",19118.2885507356
"Paper C, phi deviance",17842.0627626793
"Paper C, phi deviance",17450.3071594427
"Paper C, phi deviance",18028.6018281013
"Paper C, phi deviance",17720.9961168762
"Paper C, phi deviance",17120.9411628319
"Paper C, phi deviance",18424.9852312375
"Paper C, phi deviance",17966.5901508703
"Paper C, phi deviance",17719.7799488872
"Paper C, phi deviance",18301.3419477214
"Paper C, phi deviance",17343.0053490858
"Paper C, phi deviance",18201.1437697884
"Paper C, phi deviance",17540.353809126
"Paper C, phi deviance",18492.2800161349
"Paper C, phi deviance",17910.618016903
"Paper C, phi deviance",18697.0103071801
"Paper C, phi deviance",17733.1756889548
"Paper C, phi deviance",17859.194898605
"Paper C, phi deviance",18871.3020365974
"Paper C, phi deviance",17225.6051731451
"Paper C, phi deviance",17984.9223886307
"Paper C, phi deviance",18377.8105509659
"Paper C, phi deviance",18679.7164913099
"Paper C, phi deviance",18377.3229387307
"Paper C, phi deviance",17833.1706635038
"Paper C, phi deviance",17627.5119700263
"Paper C, phi deviance",17236.1353307863
"Paper C, phi deviance",18445.4573378279
"Paper C, phi deviance",17923.109226981
"Paper C, phi deviance",17598.0282177912
"Paper C, phi deviance",17435.8915252112
"Paper C, phi deviance",17529.1381471941
"Paper C, phi deviance",18134.8238168672
"Paper C, phi deviance",18110.9516392442
"Paper C, phi deviance",17254.5942402283
"Paper C, phi deviance",17416.8735693361
"Paper C, phi deviance",18080.6937223188
"Paper C, phi deviance",18414.9987438285
"Paper C, phi deviance",18561.6423193345
"Paper C, phi deviance",17546.2815471045
"Paper C, phi deviance",17997.7618257164
"Paper C, phi deviance",18555.5708192149
"Paper C, phi deviance",18752.578729063
"Paper C, phi deviance",18620.6628556746
"Paper C, phi deviance",19081.2666224806
"Paper C, phi deviance",16712.5203772913
"Paper C, phi deviance",18123.2748700811
"Paper C, phi deviance",17973.6506121214
"Paper C, phi deviance",18645.9632819977
"Paper C, phi deviance",17787.5517968615
"Paper C, phi deviance",18623.0474754977
"Paper C, phi deviance",17513.8336523192
"Paper C, phi deviance",17288.2026596285
"Paper C, phi deviance",18088.4853907547
"Paper C, phi deviance",18339.8205587017
"Paper C, phi deviance",17216.4323171145
"Paper C, phi deviance",17927.4165659662
"Paper C, phi deviance",17658.1981060918
"Paper C, phi deviance",17516.5804211789
"Paper C, phi deviance",18314.5775841116
"Paper C, phi deviance",17656.9739206112
"Paper C, phi deviance",17379.7041657705
"Paper C, phi deviance",18170.9383232598
"Paper C, phi deviance",18617.0867467846
"Paper C, phi deviance",17913.1082795869
"Paper C, phi deviance",18077.1498029592
"Paper C, phi deviance",17411.0066303543
"Paper C, phi deviance",18452.4013519978
"Paper C, phi deviance",16998.9785158145
"Paper C, phi deviance",18144.9753163676
"Paper C, phi deviance",18629.3556107339
"Paper C, phi deviance",18425.5712969306
"Paper C, phi deviance",18395.0030517158
"Paper C, phi deviance",17757.2149147231
"Paper C, phi deviance",17497.2412826167
"Paper C, phi deviance",17642.6951672621
"Paper C, phi deviance",18306.3556824265
"Paper C, phi deviance",18502.7651933225
"Paper C, phi deviance",18086.5288615548
"Paper C, phi deviance",17386.3620381745
"Paper C, phi deviance",18074.1219648955
"Paper C, phi deviance",18437.8595076803
"Paper C, phi deviance",17834.6592899548
"Paper C, phi deviance",17740.5144445567
"Paper C, phi deviance",18650.5564797475
"Paper C, phi deviance",18120.357590436
"Paper C, phi deviance",18080.4498922366
"Paper C, phi deviance",18172.5857363908
"Paper C, phi deviance",18005.3471850497
"Paper C, phi deviance",17926.6087644534
"Paper C, phi deviance",17737.6605718896
"Paper C, phi deviance",18398.9974904213
"Paper C, phi deviance",17985.3950122317
"Paper C, phi deviance",17694.3308651294
"Paper C, phi deviance",18216.801484538
"Paper C, phi deviance",18195.5387558966
"Paper C, phi deviance",18151.4789615714
"Paper C, phi deviance",17606.1369933725
"Paper C, phi deviance",17756.2709722904
"Paper C, phi deviance",18084.4359104725
"Paper C, phi deviance",18361.0947854725
"Paper C, phi deviance",18345.4216203734
"Paper C, phi deviance",18594.1683245817
"Paper C, phi deviance",17576.5493143242
"Paper C, phi deviance",17638.2784000456
"Paper C, phi deviance",18602.0210182908
"Paper C, phi deviance",17754.9139805693
"Paper C, phi deviance",18557.0206991776
"Paper C, phi deviance",18229.1418474634
"Paper C, phi deviance",18364.6199670575
"Paper C, phi deviance",17633.9947495716
"Paper C, phi deviance",18603.5358675403
"Paper C, phi deviance",17750.2631421898
"Paper C, phi deviance",18202.0012427612
"Paper C, phi deviance",18519.33720392
"Paper C, phi deviance",18435.026568629
"Paper C, phi deviance",17634.8873791829
"Paper C, phi deviance",17784.5406619119
"Paper C, phi deviance",17868.0542604536
"Paper C, phi deviance",17644.289338117
"Paper C, phi deviance",18490.5027051935
"Paper C, phi deviance",17271.3342209209
"Paper C, phi deviance",18453.3012361728
"Paper C, phi deviance",17845.2274280136
"Paper C, phi deviance",17733.2921552997
"Paper C, phi deviance",16791.7519172035
"Paper C, phi deviance",18477.6535626295
"Paper C, phi deviance",17627.7582704973
"Paper C, phi deviance",17356.8928979527
"Paper C, phi deviance",18576.5610554337
"Paper C, phi deviance",18202.6018090293
"Paper C, phi deviance",17988.9446976989
"Paper C, phi deviance",18166.6366866353
"Paper C, phi deviance",18254.4293703691
"Paper C, phi deviance",18810.2578537123
"Paper C, phi deviance",17588.4072204947
"Paper C, phi deviance",17805.6862921744
"Paper C, phi deviance",17655.7328760136
"Paper C, phi deviance",17879.7864868747
"Paper C, phi deviance",17835.3584001766
"Paper C, phi deviance",18114.7541921421
"Paper C, phi deviance",18505.904841165
"Paper C, phi deviance",18310.9157701537
"Paper C, phi deviance",17502.1319351392
"Paper C, phi deviance",18649.3314119635
"Paper C, phi deviance",17824.0553973841
"Paper C, phi deviance",19066.4433755642
"Paper C, phi deviance",18099.6658894782
"Paper C, phi deviance",17821.0354496704
"Paper C, phi deviance",17728.8698289228
"Paper C, phi deviance",18203.3654040677
"Paper C, phi deviance",17377.6102080549
"Paper C, phi deviance",17798.6048178462
"Paper C, phi deviance",18326.8504101874
"Paper C, phi deviance",18061.3739601329
"Paper C, phi deviance",18189.8377937538
"Paper C, phi deviance",17539.3721902866
"Paper C, phi deviance",17431.5585834465
"Paper C, phi deviance",17606.010757303
"Paper C, phi deviance",18174.3149139368
"Paper C, phi deviance",17343.5047018675
"Paper C, phi deviance",18562.8746459922
"Paper C, phi deviance",18773.6184587033
"Paper C, phi deviance",17437.558509329
"Paper C, phi deviance",17758.2214663364
"Paper C, phi deviance",18230.3918209481
"Paper C, phi deviance",17698.3116817583
"Paper C, phi deviance",17846.2383012035
"Paper C, phi deviance",18577.6809116778
"Paper C, phi deviance",17853.8254344991
"Paper C, phi deviance",17755.3094352774
"Paper C, phi deviance",17891.6540830352
"Paper C, phi deviance",17652.5251050579
"Paper C, phi deviance",18922.3813251163
"Paper C, phi deviance",16876.8736657114
"Paper C, phi deviance",18431.2636466466
"Paper C, phi deviance",18398.861273123
"Paper C, phi deviance",18947.7728485695
"Paper C, phi deviance",16741.5340361871
"Paper C, phi deviance",18773.6404522518
"Paper C, phi deviance",18046.5024292985
"Paper C, phi deviance",17658.5221017328
"Paper C, phi deviance",17308.928725835
"Paper C, phi deviance",16733.5562798416
"Paper C, phi deviance",17680.3090808008
"Paper C, phi deviance",17694.3525734752
"Paper C, phi deviance",18144.9160480998
"Paper C, phi deviance",18655.2191842256
"Paper C, phi deviance",17726.2961139294
"Paper C, phi deviance",17938.8008259459
"Paper C, phi deviance",17058.9598711631
"Paper C, phi deviance",17742.2214342189
"Paper C, phi deviance",17848.876475734
"Paper C, phi deviance",17604.3522801999
"Paper C, phi deviance",18507.8915091725
"Paper C, phi deviance",17349.8603074986
"Paper C, phi deviance",17456.9458497748
"Paper C, phi deviance",18567.4283511884
"Paper C, phi deviance",17942.5872880708
"Paper C, phi deviance",17953.6586874231
"Paper C, phi deviance",19084.7208947383
"Paper C, phi deviance",17905.582833602
"Paper C, phi deviance",17662.1079394992
"Paper C, phi deviance",18121.8761937377
"Paper C, phi deviance",17435.3140452892
"Paper C, phi deviance",17865.6300385949
"Paper C, phi deviance",17094.0894737554
"Paper C, phi deviance",18570.1210793176
"Paper C, phi deviance",17673.2254745452
"Paper C, phi deviance",17760.9959167799
"Paper C, phi deviance",17976.508346941
"Paper C, phi deviance",17311.6047880781
"Paper C, phi deviance",17451.3298694349
"Paper C, phi deviance",17897.1742347584
"Paper C, phi deviance",17330.7967923218
"Paper C, phi deviance",17432.383093771
"Paper C, phi deviance",18008.6686055086
"Paper C, phi deviance",18399.2252335472
"Paper C, phi deviance",17932.946642635
"Paper C, phi deviance",18077.1313396587
"Paper C, phi deviance",17835.4792294126
"Paper C, phi deviance",17470.6771471409
"Paper C, phi deviance",17827.7673311674
"Paper C, phi deviance",18184.2682929676
"Paper C, phi deviance",17702.9602199404
"Paper C, phi deviance",18590.807616581
"Paper C, phi deviance",18533.8530768566
"Paper C, phi deviance",18773.7209542552
"Paper C, phi deviance",18281.3691712535
"Paper C, phi deviance",17287.1257890598
"Paper C, phi deviance",17833.9246225842
"Paper C, phi deviance",18612.3793612631
"Paper C, phi deviance",17521.0504718211
"Paper C, phi deviance",17871.9124749616
"Paper C, phi deviance",17559.351501249
"Paper C, phi deviance",17271.999638264
"Paper C, phi deviance",17858.2433533376
"Paper C, phi deviance",17421.8820699133
"Paper C, phi deviance",17435.241548523
"Paper C, phi deviance",17864.7972105114
"Paper C, phi deviance",17740.5787023382
"Paper C, phi deviance",17899.8236990663
"Paper C, phi deviance",17481.6151628859
"Paper C, phi deviance",17567.5928869922
"Paper C, phi deviance",17914.2535550518
"Paper C, phi deviance",17909.7596538492
"Paper C, phi deviance",17977.4558996431
"Paper C, phi deviance",18574.2755159633
"Paper C, phi deviance",18301.7743413791
"Paper C, phi deviance",17503.9978033862
"Paper C, phi deviance",17431.6158574297
"Paper C, phi deviance",17758.5393463385
"Paper C, phi deviance",18307.5214715314
"Paper C, phi deviance",18081.458595868
"Paper C, phi deviance",17749.792490942
"Paper C, phi deviance",18451.5131457576
"Paper C, phi deviance",17069.4298291919
"Paper C, phi deviance",16934.3281910907
"Paper C, phi deviance",17952.1536834794
"Paper C, phi deviance",17127.3853264025
"Paper C, phi deviance",17750.2368712216
"Paper C, phi deviance",19135.874195909
"Paper C, phi deviance",16919.1690354797
"Paper C, phi deviance",18901.2482712969
"Paper C, phi deviance",17952.956846235
"Paper C, phi deviance",19282.3568497551
"Paper C, phi deviance",18397.3036563566
"Paper C, phi deviance",18122.4941580169
"Paper C, phi deviance",17596.3751620746
"Paper C, phi deviance",18108.4599348703
"Paper C, phi deviance",18087.4965571347
"Paper C, phi deviance",17818.2998198609
"Paper C, phi deviance",18261.7689995417
"Paper C, phi deviance",18029.1272632026
"Paper C, phi deviance",17928.5834895392
"Paper C, phi deviance",18213.2745696781
"Paper C, phi deviance",18025.4417855019
"Paper C, phi deviance",17054.0603721278
"Paper C, phi deviance",18402.1070831417
"Paper C, phi deviance",18286.1559264256
"Paper C, phi deviance",18137.5628842196
"Paper C, phi deviance",18044.8514937357
"Paper C, phi deviance",17917.0669167905
"Paper C, phi deviance",18503.104878582
"Paper C, phi deviance",18764.1944019983
"Paper C, phi deviance",17681.6526201313
"Paper C, phi deviance",18332.1268138112
"Paper C, phi deviance",18675.7549409549
"Paper C, phi deviance",17430.0666130754
"Paper C, phi deviance",18098.999040399
"Paper C, phi deviance",18675.3198146868
"Paper C, phi deviance",18337.6558712345
"Paper C, phi deviance",18304.5145495887
"Paper C, phi deviance",18342.2617287727
"Paper C, phi deviance",18284.599665029
"Paper C, phi deviance",17627.0638614519
"Paper C, phi deviance",17418.9646230845
"Paper C, phi deviance",17539.5384473211
"Paper C, phi deviance",17787.8842462618
"Paper C, phi deviance",17897.699718689
"Paper C, phi deviance",18578.0032077296
"Paper C, phi deviance",18776.0389626376
"Paper C, phi deviance",17810.046836946
"Paper C, phi deviance",18422.1006453404
"Paper C, phi deviance",18549.0823432133
"Paper C, phi deviance",17626.4139819988
"Paper C, phi deviance",18596.8977989944
"Paper C, phi deviance",17980.7119558057
"Paper C, phi deviance",17829.343592176
"Paper C, phi deviance",17191.5429260332
"Paper C, phi deviance",18094.000853206
"Paper C, phi deviance",17370.149820178
"Paper C, phi deviance",18125.7119936675
"Paper C, phi deviance",17879.8660138271
"Paper C, phi deviance",18165.9610430518
"Paper C, phi deviance",18274.73643287
"Paper C, phi deviance",17127.1377739756
"Paper C, phi deviance",17576.97782602
"Paper C, phi deviance",18258.9866736558
"Paper C, phi deviance",18505.5743958015
"Paper C, phi deviance",18483.4187150527
"Paper C, phi deviance",19208.7473862901
"Paper C, phi deviance",18583.8616311981
"Paper C, phi deviance",18140.2806129785
"Paper C, phi deviance",17637.1715220464
"Paper C, phi deviance",17964.3853062863
"Paper C, phi deviance",17315.8353897793
"Paper C, phi deviance",18053.9931581753
"Paper C, phi deviance",18334.5166952676
"Paper C, phi deviance",17995.9841795165
"Paper C, phi deviance",17674.2578602472
"Paper C, phi deviance",18127.3109587906
"Paper C, phi deviance",18268.1467153797
"Paper C, phi deviance",17695.5377018382
"Paper C, phi deviance",18448.1709183512
"Paper C, phi deviance",17852.9299701887
"Paper C, phi deviance",18526.0398188052
"Paper C, phi deviance",17920.5362449228
"Paper C, phi deviance",17891.8084788591
"Paper C, phi deviance",17918.4093653628
"Paper C, phi deviance",18414.3224554838
"Paper C, phi deviance",19118.7074152331
"Paper C, phi deviance",17235.3646574769
"Paper C, phi deviance",17845.4746441778
"Paper C, phi deviance",16941.9077471255
"Paper C, phi deviance",18652.1710955033
"Paper C, phi deviance",17919.7510898608
"Paper C, phi deviance",17479.2248605367
"Paper C, phi deviance",17640.4915868275
"Paper C, phi deviance",17456.416024804
"Paper C, phi deviance",18143.898429425
"Paper C, phi deviance",17852.7987452073
"Paper C, phi deviance",18101.7579926323
"Paper C, phi deviance",18032.08272675
"Paper C, phi deviance",17682.8410868743
"Paper C, phi deviance",18518.0515740945
"Paper C, phi deviance",19083.7141946343
"Paper C, phi deviance",17359.1684661797
"Paper C, phi deviance",18846.0505781443
"Paper C, phi deviance",17948.3661031856
"Paper C, phi deviance",18618.1529529301
"Paper C, phi deviance",17409.4290964586
"Paper C, phi deviance",17735.1833346338
"Paper C, phi deviance",18744.9742877898
"Paper C, phi deviance",17937.0903634473
"Paper C, phi deviance",16962.1463570628
"Paper C, phi deviance",17890.5755505154
"Paper C, phi deviance",18976.2210451389
"Paper C, phi deviance",17172.7256423053
"Paper C, phi deviance",18238.1789707747
"Paper C, phi deviance",18501.1571178874
"Paper C, phi deviance",18323.4482963554
"Paper C, phi deviance",17471.8951942359
"Paper C, phi deviance",18126.3969026475
"Paper C, phi deviance",18080.8366311076
"Paper C, phi deviance",18302.406584857
"Paper C, phi deviance",17314.5085541353
"Paper C, phi deviance",19324.153832472
"Paper C, phi deviance",17192.1481889928
"Paper C, phi deviance",18634.6704546777
"Paper C, phi deviance",18056.097241552
"Paper C, phi deviance",18383.8517236382
"Paper C, phi deviance",17621.5941078549
"Paper C, phi deviance",18168.8480825246
"Paper C, phi deviance",18493.0415303857
"Paper C, phi deviance",17938.0508661221
"Paper C, phi deviance",17951.3248016635
"Paper C, phi deviance",17226.1729439551
"Paper C, phi deviance",18413.120845474
"Paper C, phi deviance",18959.763621275
"Paper C, phi deviance",18215.359974944
"Paper C, phi deviance",18112.4556717609
"Paper C, phi deviance",17927.8777300358
"Paper C, phi deviance",17913.6858786668
"Paper C, phi deviance",18147.7921816013
"Paper C, phi deviance",18364.7868593329
"Paper C, phi deviance",17733.8986934693
"Paper C, phi deviance",18563.7851758193
"Paper C, phi deviance",17832.2159198904
"Paper C, phi deviance",18533.068468538
"Paper C, phi deviance",17451.8792357445
"Paper C, phi deviance",17310.7604992546
"Paper C, phi deviance",18365.2211926542
"Paper C, phi deviance",17837.5910930289
"Paper C, phi deviance",17732.6312193383
"Paper C, phi deviance",17953.0887694587
"Paper C, phi deviance",17190.5548488095
"Paper C, phi deviance",17283.9817398924
"Paper C, phi deviance",17552.5488569366
"Paper C, phi deviance",17663.4224564835
"Paper C, phi deviance",18572.9891369909
"Paper C, phi deviance",17761.4226552955
"Paper C, phi deviance",18239.2539970751
"Paper C, phi deviance",17885.8147217483
"Paper C, phi deviance",18251.8907784515
"Paper C, phi deviance",17962.1972673076
"Paper C, phi deviance",18808.8804849462
"Paper C, phi deviance",16482.1651653502
"Paper C, phi deviance",17300.8562356585
"Paper C, phi deviance",18156.7713100884
"Paper C, phi deviance",17321.9350698285
"Paper C, phi deviance",18747.8898409719
"Paper C, phi deviance",18071.0633751861
"Paper C, phi deviance",17675.4482880933
"Paper C, phi deviance",17872.1518057771
"Paper C, phi deviance",18781.6599891172
"Paper C, phi deviance",19282.7523004584
"Paper C, phi deviance",18292.6038021356
"Paper C, phi deviance",17735.1818920673
"Paper C, phi deviance",17684.8585277123
"Paper C, phi deviance",17991.2896615199
"Paper C, phi deviance",17841.0856581904
"Paper C, phi deviance",17554.3765914001
"Paper C, phi deviance",18065.611404256
"Paper C, phi deviance",18072.2013236634
"Paper C, phi deviance",17363.7100969241
"Paper C, phi deviance",17935.7144476951
"Paper C, phi deviance",18338.349614729
"Paper C, phi deviance",18081.3413287246
"Paper C, phi deviance",18779.510417659
"Paper C, phi deviance",18003.8506497962
"Paper C, phi deviance",17397.1893739543
"Paper C, phi deviance",18284.2386142402
"Paper C, phi deviance",18554.4524226172
"Paper C, phi deviance",17802.3725580398
"Paper C, phi deviance",17571.4200081229
"Paper C, phi deviance",17327.4225046552
"Paper C, phi deviance",18347.6462174002
"Paper C, phi deviance",17512.4607521831
"Paper C, phi deviance",17662.8415476078
"Paper C, phi deviance",17518.1392223606
"Paper C, phi deviance",18560.2519004792
"Paper C, phi deviance",18278.7159158754
"Paper C, phi deviance",18322.1498379168
"Paper C, phi deviance",18303.7679102196
"Paper C, phi deviance",17595.6946574647
"Paper C, phi deviance",17626.5815403372
"Paper C, phi deviance",18313.8535603308
"Paper C, phi deviance",18246.5971317115
"Paper C, phi deviance",17792.8780779431
"Paper C, phi deviance",18344.2083984865
"Paper C, phi deviance",17188.4855324624
"Paper C, phi deviance",18058.774344608
"Paper C, phi deviance",18641.0810511975
"Paper C, phi deviance",17283.4095904446
"Paper C, phi deviance",17729.4942949581
"Paper C, phi deviance",18904.3871213717
"Paper C, phi deviance",17840.4235134341
"Paper C, phi deviance",17834.6871465355
"Paper C, phi deviance",18131.7034611398
"Paper C, phi deviance",18672.0056353386
"Paper C, phi deviance",18666.5901371011
"Paper C, phi deviance",18718.7459576554
"Paper C, phi deviance",17220.1049273323
"Paper C, phi deviance",18530.1813639526
"Paper C, phi deviance",18825.4790924543
"Paper C, phi deviance",17407.1459566983
"Paper C, phi deviance",17716.8878363752
"Paper C, phi deviance",18330.6486069789
"Paper C, phi deviance",18365.5797268702
"Paper C, phi deviance",18428.5260725393
"Paper C, phi deviance",19051.444222289
"Paper C, phi deviance",18546.2329738731
"Paper C, phi deviance",18406.3682717494
"Paper C, phi deviance",18401.928639937
"Paper C, phi deviance",17308.0031128595
"Paper C, phi deviance",17099.7966256187
"Paper C, phi deviance",17651.2431851153
"Paper C, phi deviance",17008.0486060123
"Paper C, phi deviance",16998.1771258069
"Paper C, phi deviance",18541.1007949004
"Paper C, phi deviance",17911.2871286948
"Paper C, phi deviance",18248.2145664149
"Paper C, phi deviance",17225.7026412395
"Paper C, phi deviance",17412.4266245369
"Paper C, phi deviance",17261.0457165505
"Paper C, phi deviance",18166.7915148899
"Paper C, phi deviance",18606.336031125
"Paper C, phi deviance",19172.605563288
"Paper C, phi deviance",18161.8331741057
"Paper C, phi deviance",18242.8443925765
"Paper C, phi deviance",16825.135974073
"Paper C, phi deviance",18342.4859530063
"Paper C, phi deviance",17595.4571912935
"Paper C, phi deviance",18514.3721243718
"Paper C, phi deviance",18549.3940496125
"Paper C, phi deviance",17553.2649706538
"Paper C, phi deviance",18166.6785626057
"Paper C, phi deviance",18864.2583728737
"Paper C, phi deviance",18374.6041905166
"Paper C, phi deviance",17826.4999460926
"Paper C, phi deviance",17886.7839215946
"Paper C, phi deviance",17741.0876580534
"Paper C, phi deviance",17153.9362096535
"Paper C, phi deviance",17846.7014166749
"Paper C, phi deviance",17564.558139995
"Paper C, phi deviance",17439.4445342465
"Paper C, phi deviance",18374.2623492646
"Paper C, phi deviance",18074.7423829346
"Paper C, phi deviance",17465.2196942984
"Paper C, phi deviance",17033.3005085124
"Paper C, phi deviance",17970.7014607152
"Paper C, phi deviance",17835.6828114608
"Paper C, phi deviance",18516.6718366313
"Paper C, phi deviance",17432.7435009197
"Paper C, phi deviance",18549.1576017747
"Paper C, phi deviance",17795.6006796773
"Paper C, phi deviance",17404.0723486003
"Paper C, phi deviance",18452.7341479988
"Paper C, phi deviance",17130.3652836385
"Paper C, phi deviance",17624.3640582746
"Paper C, phi deviance",18220.5971678706
"Paper C, phi deviance",18774.8102182127
"Paper C, phi deviance",18524.3501114932
"Paper C, phi deviance",18083.3763300088
"Paper C, phi deviance",17619.9114079339
"Paper C, phi deviance",17897.1176095368
"Paper C, phi deviance",17540.1395327136
"Paper C, phi deviance",17715.3640045316
"Paper C, phi deviance",17464.5309832087
"Paper C, phi deviance",18202.4832939216
"Paper C, phi deviance",18625.5509621928
"Paper C, phi deviance",18846.3186238696
"Paper C, phi deviance",17802.5802664135
"Paper C, phi deviance",17884.5684829778
"Paper C, phi deviance",17770.1107172012
"Paper C, phi deviance",17788.0914483383
"Paper C, phi deviance",18146.7488176106
"Paper C, phi deviance",18183.6964851766
"Paper C, phi deviance",17824.4140752503
"Paper C, phi deviance",18252.6778875386
"Paper C, phi deviance",18050.1752858783
"Paper C, phi deviance",18116.7375940329
"Paper C, phi deviance",18023.4765734774
"Paper C, phi deviance",18234.7324957248
"Paper C, phi deviance",17498.9542793896
"Paper C, phi deviance",18029.4241826718
"Paper C, phi deviance",18796.1411886958
"Paper C, phi deviance",18089.2326026892
"Paper C, phi deviance",17936.7287408206
"Paper C, phi deviance",17872.6726547013
"Paper C, phi deviance",17933.5450619496
"Paper C, phi deviance",17750.8970890002
"Paper C, phi deviance",17620.6520710299
"Paper C, phi deviance",18642.7388023142
"Paper C, phi deviance",18419.3533054794
"Paper C, phi deviance",18308.698395308
"Paper C, phi deviance",17807.2995108336
"Paper C, phi deviance",17354.8720297049
"Paper C, phi deviance",18224.5592558196
"Paper C, phi deviance",17486.2217860329
"Paper C, phi deviance",17820.9983542246
"Paper C, phi deviance",16973.7060091674
"Paper C, phi deviance",18335.2731702684
"Paper C, phi deviance",17931.4910269738
"Paper C, phi deviance",18507.3696761729
"Paper C, phi deviance",17627.2842737307
"Paper C, phi deviance",18290.7716561052
"Paper C, phi deviance",17207.6213575881
"Paper C, phi deviance",18453.3560061077
"Paper C, phi deviance",18197.541814056
"Paper C, phi deviance",18231.0342544027
"Paper C, phi deviance",17578.9664501386
"Paper C, phi deviance",17953.7168937899
"Paper C, phi deviance",18028.2092502622
"Paper C, phi deviance",18569.2373093275
"Paper C, phi deviance",18239.0930631412
"Paper C, phi deviance",18271.018780586
"Paper C, phi deviance",18313.5369196035
"Paper C, phi deviance",17626.6686510986
"Paper C, phi deviance",17542.1917907199
"Paper C, phi deviance",17597.0259216248
"Paper C, phi deviance",18235.1904393947
"Paper C, phi deviance",17994.5224745452
"Paper C, phi deviance",18007.5282278656
"Paper C, phi deviance",18644.466102817
"Paper C, phi deviance",18079.0871317219
"Paper C, phi deviance",17979.1563891536
"Paper C, phi deviance",18074.2444151333
"Paper C, phi deviance",17935.5160404667
"Paper C, phi deviance",18382.9051646495
"Paper C, phi deviance",18680.2402506697
"Paper C, phi deviance",17786.1261440753
"Paper C, phi deviance",17358.5608989689
"Paper C, phi deviance",18326.5173763904
"Paper C, phi deviance",17954.2291149474
"Paper C, phi deviance",18570.8793386896
"Paper C, phi deviance",17432.862726041
"Paper C, phi deviance",17599.9759200134
"Paper C, phi deviance",18571.964636201
"Paper C, phi deviance",18239.0711473167
"Paper C, phi deviance",18488.8482173576
"Paper C, phi deviance",18882.4655064844
"Paper C, phi deviance",17497.4689352654
"Paper C, phi deviance",17405.6271978928
"Paper C, phi deviance",18218.0622784713
"Paper C, phi deviance",18670.1339949053
"Paper C, phi deviance",18645.7183240924
"Paper C, phi deviance",18113.4674746769
"Paper C, phi deviance",17263.1185002726
"Paper C, phi deviance",17850.0316331178
"Paper C, phi deviance",17190.7190678729
"Paper C, phi deviance",18182.3572176544
"Paper C, phi deviance",18859.6282787445
"Paper C, phi deviance",17910.4427658261
"Paper C, phi deviance",18024.7899888787
"Paper C, phi deviance",17748.8037911107
"Paper C, phi deviance",17649.7777094224
"Paper C, phi deviance",17943.7547480656
"Paper C, phi deviance",17716.2485205535
"Paper C, phi deviance",17961.385729329
"Paper C, phi deviance",18437.5436150927
"Paper C, phi deviance",17678.7661626021
"Paper C, phi deviance",17534.4372395368
"Paper C, phi deviance",18282.0818021866
"Paper C, phi deviance",18695.0982404411
"Paper C, phi deviance",17631.0374920333
"Paper C, phi deviance",16722.9591842271
"Paper C, phi deviance",17749.9329687361
"Paper C, phi deviance",18113.3240541516
"Paper C, phi deviance",17995.7272940599
"Paper C, phi deviance",18336.6995140319
"Paper C, phi deviance",18091.8579188638
"Paper C, phi deviance",18036.2506417243
"Paper C, phi deviance",17581.9474769618
"Paper C, phi deviance",17821.9587519286
"Paper C, phi deviance",17189.5409154241
"Paper C, phi deviance",18165.1627586094
"Paper C, phi deviance",18148.2076272958
"Paper C, phi deviance",17148.991540227
"Paper C, phi deviance",18238.4617517128
"Paper C, phi deviance",17869.9978107898
"Paper C, phi deviance",18212.5316065646
"Paper C, phi deviance",18461.8296094516
"Paper C, phi deviance",18602.1335358742
"Paper C, phi deviance",17767.9198772196
"Paper C, phi deviance",18046.051497431
"Paper C, phi deviance",17720.3887124116
"Paper C, phi deviance",18378.2480661443
"Paper C, phi deviance",18455.4740789958
"Paper C, phi deviance",18623.594452722
"Paper C, phi deviance",17271.6112667283
"Paper C, phi deviance",18344.3294224052
"Paper C, phi deviance",18270.5571741269
"Paper C, phi deviance",17259.7493160885
"Paper C, phi deviance",17779.1832215785
"Paper C, phi deviance",17604.3438414408
"Paper C, phi deviance",18457.8752217954
"Paper C, phi deviance",18102.0538244194
"Paper C, phi deviance",17686.5859553134
"Paper C, phi deviance",18339.5009544311
"Paper C, phi deviance",17297.3639630894
"Paper C, phi deviance",17387.8671541591
"Paper C, phi deviance",18194.7215490782
"Paper C, phi deviance",17975.3647895032
"Paper C, phi deviance",18434.6620908342
"Paper C, phi deviance",18236.908404227
"Paper C, phi deviance",18636.5194763614
"Paper C, phi deviance",17731.1096123785
"Paper C, phi deviance",18829.2335710104
"Paper C, phi deviance",18202.0913890428
"Paper C, phi deviance",17786.2890254108
"Paper C, phi deviance",18378.5780727045
"Paper C, phi deviance",19139.6454320064
"Paper C, phi deviance",18053.185454073
"Paper C, phi deviance",18306.5093974277
"Paper C, phi deviance",17361.2687657363
"Paper C, phi deviance",17817.2391417119
"Paper C, phi deviance",17571.4179926817
"Paper C, phi deviance",17801.0271255753
"Paper C, phi deviance",18076.5801445914
"Paper C, phi deviance",18449.03964951
"Paper C, phi deviance",17793.447098979
"Paper C, phi deviance",17511.5148104838
"Paper C, phi deviance",18616.1707061183
"Paper C, phi deviance",18142.7134689389
"Paper C, phi deviance",17972.3730612552
"Paper C, phi deviance",17374.6800472842
"Paper C, phi deviance",17896.5969824141
"Paper C, phi deviance",18497.0738346215
"Paper C, phi deviance",18255.0296000434
"Paper C, phi deviance",17817.8722337926
"Paper C, phi deviance",17818.6107050576
"Paper C, phi deviance",17920.4731307446
"Paper C, phi deviance",18037.9110247652
"Paper C, phi deviance",18116.6427608243
"Paper C, phi deviance",18069.884609938
"Paper C, phi deviance",18312.8341786978
"Paper C, phi deviance",17630.864818432
"Paper C, phi deviance",17703.8175707525
"Paper C, phi deviance",17876.3915688281
"Paper C, phi deviance",17702.2158394868
"Paper C, phi deviance",17889.6915689337
"Paper C, phi deviance",17127.3066735197
"Paper C, phi deviance",17912.7886284177
"Paper C, phi deviance",18340.0308571067
"Paper C, phi deviance",18073.4942381338
"Paper C, phi deviance",17946.1556990985
"Paper C, phi deviance",18119.4750662727
"Paper C, phi deviance",18404.5144647199
"Paper C, phi deviance",18148.6279506747
"Paper C, phi deviance",18363.6052197994
"Paper C, phi deviance",18531.6784296487
"Paper C, phi deviance",17349.8886683653
"Paper C, phi deviance",18364.142422685
"Paper C, phi deviance",17983.3141965103
"Paper C, phi deviance",17228.3322222302
"Paper C, phi deviance",18159.9625642344
"Paper C, phi deviance",17791.605953029
"Paper C, phi deviance",18194.2181277241
"Paper C, phi deviance",18511.3703337462
"Paper C, phi deviance",18123.3926722151
"Paper C, phi deviance",18787.5924518678
"Paper C, phi deviance",17711.9329010815
"Paper C, phi deviance",17424.6299144039
"Paper C, phi deviance",18087.8049254744
"Paper C, phi deviance",17251.2748018175
"Paper C, phi deviance",17843.2314043595
"Paper C, phi deviance",18025.9049243493
"Paper C, phi deviance",18153.8266744618
"Paper C, phi deviance",18271.6873563373
"Paper C, phi deviance",18558.3395748634
"Paper C, phi deviance",18880.6440250681
"Paper C, phi deviance",18155.7151692023
"Paper C, phi deviance",18863.3016410296
"Paper C, phi deviance",17503.5854078215
"Paper C, phi deviance",18126.3427056504
"Paper C, phi deviance",17833.0220867399
"Paper C, phi deviance",18332.2401151199
"Paper C, phi deviance",17337.9802028328
"Paper C, phi deviance",18220.4154920514
"Paper C, phi deviance",18273.0035755838
"Paper C, phi deviance",17810.2714154004
"Paper C, phi deviance",17714.8513494298
"Paper C, phi deviance",18304.2291531479
"Paper C, phi deviance",18035.1292857765
"Paper C, phi deviance",17888.0195466968
"Paper C, phi deviance",19234.9725069893
"Paper C, phi deviance",17528.2648662582
"Paper C, phi deviance",17419.2000428536
"Paper C, phi deviance",17244.2935411819
"Paper C, phi deviance",17660.0293027222
"Paper C, phi deviance",18237.0358458377
"Paper C, phi deviance",17701.3671143287
"Paper C, phi deviance",18048.0740712098
"Paper C, phi deviance",18877.131415084
"Paper C, phi deviance",17662.7191419712
"Paper C, phi deviance",17239.0452768999
"Paper C, phi deviance",18221.6046569558
"Paper C, phi deviance",17583.0268474579
"Paper C, phi deviance",18349.9025479797
"Paper C, phi deviance",18106.4642286853
"Paper C, phi deviance",17085.1229166853
"Paper C, phi deviance",17528.9555461312
"Paper C, phi deviance",17905.5734147564
"Paper C, phi deviance",18055.8463868126
"Paper C, phi deviance",18655.1166286669
"Paper C, phi deviance",18141.9689643443
"Paper C, phi deviance",18004.9603592973
"Paper C, phi deviance",18718.1113517
"Paper C, phi deviance",17587.3916283488
"Paper C, phi deviance",17774.4379733771
"Paper C, phi deviance",18320.1760450424
"Paper C, phi deviance",17416.0908899897
"Paper C, phi deviance",19010.7142817903
"Paper C, phi deviance",17376.8589362874
"Paper C, phi deviance",17012.2003170734
"Paper C, phi deviance",16883.4099101062
"Paper C, phi deviance",18073.3401402673
"Paper C, phi deviance",17452.5758920264
"Paper C, phi deviance",18049.116681417
"Paper C, phi deviance",17556.4828487642
"Paper C, phi deviance",17074.3684044283
"Paper C, phi deviance",18113.5582993397
"Paper C, phi deviance",17553.1441219279
"Paper C, phi deviance",18020.3590298797
"Paper C, phi deviance",18987.9312066607
"Paper C, phi deviance",19036.2318097329
"Paper C, phi deviance",17906.5500667443
"Paper C, phi deviance",18545.9190603102
"Paper C, phi deviance",18111.6493571205
"Paper C, phi deviance",17263.2697329429
"Paper C, phi deviance",18789.0937910402
"Paper C, phi deviance",18316.0264680392
"Paper C, phi deviance",17670.7332035257
"Paper C, phi deviance",18266.1098512124
"Paper C, phi deviance",17674.3453849034
"Paper C, phi deviance",17736.4382679282
"Paper C, phi deviance",18049.5171342998
"Paper C, phi deviance",17403.6950941389
"Paper C, phi deviance",18406.2431995636
"Paper C, phi deviance",18618.6859683972
"Paper C, phi deviance",19764.0265321556
"Paper C, phi deviance",17683.6897537882
"Paper C, phi deviance",17271.46337941
"Paper C, phi deviance",17986.953122509
"Paper C, phi deviance",18473.7545164083
"Paper C, phi deviance",18012.0111601284
"Paper C, phi deviance",17662.3056509497
"Paper C, phi deviance",17645.2375210484
"Paper C, phi deviance",18723.5767114672
"Paper C, phi deviance",18396.5541992023
"Paper C, phi deviance",18112.8249600823
"Paper C, phi deviance",17988.6664072315
"Paper C, phi deviance",18856.0984531668
"Paper C, phi deviance",18640.1057559095
"Paper C, phi deviance",17704.5411470165
"Paper C, phi deviance",18488.5445790657
"Paper C, phi deviance",17275.6762178925
"Paper C, phi deviance",18388.4972659422
"Paper C, phi deviance",18133.0923821688
"Paper C, phi deviance",18138.6648153613
"Paper C, phi deviance",17697.7435487946
"Paper C, phi deviance",18172.4973717344
"Paper C, phi deviance",17656.8340473578
"Paper C, phi deviance",17919.2112396078
"Paper C, phi deviance",17983.6407358861
"Paper C, phi deviance",18246.645181009
"Paper C, phi deviance",17489.39178251
"Paper C, phi deviance",17905.00964537
"Paper C, phi deviance",18399.1890633237
"Paper C, phi deviance",17666.8807494408
"Paper C, phi deviance",17622.3788411567
"Paper C, phi deviance",18166.6092416265
"Paper C, phi deviance",17939.6300421942
"Paper C, phi deviance",17996.8271657911
"Paper C, phi deviance",18230.5382806087
"Paper C, phi deviance",18466.2274342066
"Paper C, phi deviance",17779.6761225439
"Paper C, phi deviance",17938.5994444544
"Paper C, phi deviance",18251.7008059842
"Paper C, phi deviance",17283.1781839492
"Paper C, phi deviance",18073.821042567
"Paper C, phi deviance",17838.8748099065
"Paper C, phi deviance",18684.0247321315
"Paper C, phi deviance",17755.7069901006
"Paper C, phi deviance",17506.3805759148
"Paper C, phi deviance",17467.5685817755
"Paper C, phi deviance",17732.1074173319
"Paper C, phi deviance",17819.7112780516
"Paper C, phi deviance",17045.5578901395
"Paper C, phi deviance",18198.2289185527
"Paper C, phi deviance",18231.3385546367
"Paper C, phi deviance",18360.3224737151
"Paper C, phi deviance",17275.4608636068
"Paper C, phi deviance",18451.6458976241
"Paper C, phi deviance",18497.4669943168
"Paper C, phi deviance",17837.8515847544
"Paper C, phi deviance",17695.8354008885
"Paper C, phi deviance",18391.2588014553
"Paper C, phi deviance",17818.0710540259
"Paper C, phi deviance",18208.8018976126
"Paper C, phi deviance",17631.2658151251
"Paper C, phi deviance",17169.677209546
"Paper C, phi deviance",18603.6677734292
"Paper C, phi deviance",17726.5068976913
"Paper C, phi deviance",18749.2579165269
"Paper C, phi deviance",16938.2122917136
"Paper C, phi deviance",17181.3232580146
"Paper C, phi deviance",17215.2094640423
"Paper C, phi deviance",17445.9628089644
"Paper C, phi deviance",17738.2034856524
"Paper C, phi deviance",16828.9297638305
"Paper C, phi deviance",18643.8847217596
"Paper C, phi deviance",18372.2216680305
"Paper C, phi deviance",17487.3523357689
"Paper C, phi deviance",17783.1143999888
"Paper C, phi deviance",18112.3866562554
"Paper C, phi deviance",18576.6020601223
"Paper C, phi deviance",17829.237284814
"Paper C, phi deviance",17967.825865399
"Paper C, phi deviance",18420.5306155074
"Paper C, phi deviance",18245.0608103081
"Paper C, phi deviance",18591.2194427178
"Paper C, phi deviance",17807.7625299561
"Paper C, phi deviance",17536.9785034565
"Paper C, phi deviance",18592.3332652456
"Paper C, phi deviance",17486.257353087
"Paper C, phi deviance",19314.5911524062
"Paper C, phi deviance",17812.6059354367
"Paper C, phi deviance",17909.5708650549
"Paper C, phi deviance",18527.1469655842
"Paper C, phi deviance",17946.942784355
"Paper C, phi deviance",17347.7174855455
"Paper C, phi deviance",17676.5860427945
"Paper C, phi deviance",18447.0997913793
"Paper C, phi deviance",18864.9294681879
"Paper C, phi deviance",18487.0090028728
"Paper C, phi deviance",17901.0663153718
"Paper C, phi deviance",18282.4746186802
"Paper C, phi deviance",18242.9583063482
"Paper C, phi deviance",17752.0765263265
"Paper C, phi deviance",18718.8136542573
"Paper C, phi deviance",18372.5834233103
"Paper C, phi deviance",19238.7628752488
"Paper C, phi deviance",18925.2964968399
"Paper C, phi deviance",18303.2781137504
"Paper C, phi deviance",18071.2677878036
"Paper C, phi deviance",17518.5781786346
"Paper C, phi deviance",17905.0546482685
"Paper C, phi deviance",17780.6213767868
"Paper C, phi deviance",17542.408678174
"Paper C, phi deviance",17082.9205831014
"Paper C, phi deviance",17849.2797357184
"Paper C, phi deviance",17684.0049714135
"Paper C, phi deviance",17808.1226992019
"Paper C, phi deviance",18353.2978137744
"Paper C, phi deviance",18340.8978167611
"Paper C, phi deviance",18137.4075394394
"Paper C, phi deviance",18177.7894115009
"Paper C, phi deviance",18727.2261695728
"Paper C, phi deviance",18296.0268965896
"Paper C, phi deviance",17808.5492427933
"Paper C, phi deviance",19202.4619576615
"Paper C, phi deviance",17101.6548836298
"Paper C, phi deviance",17984.6795463149
"Paper C, phi deviance",17621.0982147536
"Paper C, phi deviance",18263.2006721578
"Paper C, phi deviance",17584.8109678357
"Paper C, phi deviance",17178.1606752057
"Paper C, phi deviance",18219.6036486303
"Paper C, phi deviance",17758.5968567992
"Paper C, phi deviance",17777.6453272505
"Paper C, phi deviance",18062.9236748168
"Paper C, phi deviance",17999.702751876
"Paper C, phi deviance",18045.3052245273
"Paper C, phi deviance",17746.0202776076
"Paper C, phi deviance",17787.8463113063
"Paper C, phi deviance",17886.1996913062
"Paper C, phi deviance",16926.7901166998
"Paper C, phi deviance",17284.8558876268
"Paper C, phi deviance",17748.0864306521
"Paper C, phi deviance",18082.1472089896
"Paper C, phi deviance",17365.1247684634
"Paper C, phi deviance",17583.1519967131
"Paper C, phi deviance",18587.3715515507
"Paper C, phi deviance",17641.8383140485
"Paper C, phi deviance",18044.2006533407
"Paper C, phi deviance",18269.1932523695
"Paper C, phi deviance",18735.5530292692
"Paper C, phi deviance",17738.3915877559
"Paper C, phi deviance",18009.5233504774
"Paper C, phi deviance",17860.4038323757
"Paper C, phi deviance",17921.1199856285
"Paper C, phi deviance",18079.6127584885
"Paper C, phi deviance",18036.6154022005
"Paper C, phi deviance",17914.8168931844
"Paper C, phi deviance",17105.4149725994
"Paper C, phi deviance",17267.643076435
"Paper C, phi deviance",17709.025307711
"Paper C, phi deviance",18694.2221353517
"Paper C, phi deviance",17857.6584717859
"Paper C, phi deviance",17359.2365347545
"Paper C, phi deviance",18287.1186197922
"Paper C, phi deviance",17909.2649229601
"Paper C, phi deviance",17250.9677872811
"Paper C, phi deviance",17617.63193829
"Paper C, phi deviance",18255.6577810016
"Paper C, phi deviance",16962.0401870506
"Paper C, phi deviance",17659.3490049599
"Paper C, phi deviance",18704.6311761003
"Paper C, phi deviance",17716.1643038201
"Paper C, phi deviance",19075.4972827098
"Paper C, phi deviance",18046.4655644416
"Paper C, phi deviance",17962.6152828374
"Paper C, phi deviance",18463.0795466281
"Paper C, phi deviance",18415.9032575472
"Paper C, phi deviance",17792.7712422339
"Paper C, phi deviance",17469.3656135579
"Paper C, phi deviance",17860.9084792736
"Paper C, phi deviance",18050.6584323172
"Paper C, phi deviance",18806.8468416419
"Paper C, phi deviance",17728.9767640455
"Paper C, phi deviance",17641.4470761654
"Paper C, phi deviance",18866.7463693427
"Paper C, phi deviance",18599.7355419801
"Paper C, phi deviance",17721.2157549341
"Paper C, phi deviance",18600.9308894984
"Paper C, phi deviance",18023.3485198683
"Paper C, phi deviance",18569.2704982595
