hidden,optimizer,training,seed,learning_rate,block,run,parameters,run_time,epochs_used,epochs_run,loss,loss_vali,diverged,loss_hom,true,reserve,bias_pct
20,sgd,cl_paper,2026,0.001,1,clgrid_20_sgd_cl_paper_s2026,321,235,1900,1900,145594.9,15294.2,0,146289.3,9626.8,9626,0
20,sgd,cl_paper,2027,0.001,1,clgrid_20_sgd_cl_paper_s2027,321,240,1900,1900,145667.9,15300.5,0,146289.3,9626.8,9644.3,0.2
20,sgd,cl_paper,2028,0.001,1,clgrid_20_sgd_cl_paper_s2028,321,233.8,1900,1900,145581,15311.4,0,146289.3,9626.8,9671.5,0.5
20,sgd,cl_paper,2029,0.001,1,clgrid_20_sgd_cl_paper_s2029,321,230.7,1900,1900,145536.4,15341.8,0,146289.3,9626.8,9694.1,0.7
20,sgd,cl_paper,2030,0.001,1,clgrid_20_sgd_cl_paper_s2030,321,235.7,1900,1900,145792.8,15333.5,0,146289.3,9626.8,9640.2,0.1
20,sgd,cl_paper,2031,0.001,1,clgrid_20_sgd_cl_paper_s2031,321,232.5,1900,1900,145730.6,15283.3,0,146289.3,9626.8,9741.1,1.2
20,sgd,cl_paper,2032,0.001,1,clgrid_20_sgd_cl_paper_s2032,321,237.4,1900,1900,145614.5,15308.9,0,146289.3,9626.8,9616.5,-0.1
20,sgd,cl_paper,2033,0.001,1,clgrid_20_sgd_cl_paper_s2033,321,247.5,1900,1900,145744.4,15305.4,0,146289.3,9626.8,9589.6,-0.4
20,sgd,cl_paper,2034,0.001,1,clgrid_20_sgd_cl_paper_s2034,321,235.5,1900,1900,145601,15302.3,0,146289.3,9626.8,9702.6,0.8
20,sgd,cl_paper,2035,0.001,1,clgrid_20_sgd_cl_paper_s2035,321,230.4,1900,1900,145891.5,15302.2,0,146289.3,9626.8,9515.8,-1.2
20,sgd,cl_paper,2036,0.001,2,clgrid_20_sgd_cl_paper_s2036,321,233.3,1900,1900,145446.2,15269.9,0,146289.3,9626.8,9717.7,0.9
20,sgd,cl_paper,2037,0.001,2,clgrid_20_sgd_cl_paper_s2037,321,232.5,1900,1900,145837.5,15288.5,0,146289.3,9626.8,9561.8,-0.7
20,sgd,cl_paper,2038,0.001,2,clgrid_20_sgd_cl_paper_s2038,321,233,1900,1900,145418.1,15325.5,0,146289.3,9626.8,9732.7,1.1
20,sgd,cl_paper,2039,0.001,2,clgrid_20_sgd_cl_paper_s2039,321,232.7,1900,1900,145613.3,15348.5,0,146289.3,9626.8,9664.7,0.4
20,sgd,cl_paper,2040,0.001,2,clgrid_20_sgd_cl_paper_s2040,321,229.7,1900,1900,145723,15323.8,0,146289.3,9626.8,9554.1,-0.8
20,sgd,cl_paper,2041,0.001,2,clgrid_20_sgd_cl_paper_s2041,321,234.2,1900,1900,145631,15261.6,0,146289.3,9626.8,9603.4,-0.2
20,sgd,cl_paper,2042,0.001,2,clgrid_20_sgd_cl_paper_s2042,321,230.4,1900,1900,145567.8,15327.6,0,146289.3,9626.8,9677.5,0.5
20,sgd,cl_paper,2043,0.001,2,clgrid_20_sgd_cl_paper_s2043,321,232.6,1900,1900,145578.6,15269.3,0,146289.3,9626.8,9634,0.1
20,sgd,cl_paper,2044,0.001,2,clgrid_20_sgd_cl_paper_s2044,321,232,1900,1900,145597.9,15312.7,0,146289.3,9626.8,9706,0.8
20,sgd,cl_paper,2045,0.001,2,clgrid_20_sgd_cl_paper_s2045,321,238.7,1900,1900,145747.1,15306.9,0,146289.3,9626.8,9647.2,0.2
20,sgd,cl_start,2026,0.001,1,clgrid_20_sgd_cl_start_s2026,321,644.7,5098,5283,146007.7,15217.7,0,146289.3,9626.8,9580.1,-0.5
20,sgd,cl_start,2027,0.001,1,clgrid_20_sgd_cl_start_s2027,321,558.5,4230,4457,146085.6,15224.2,0,146289.3,9626.8,9522.1,-1.1
20,sgd,cl_start,2028,0.001,1,clgrid_20_sgd_cl_start_s2028,321,670.9,5137,5342,146038.8,15223.9,0,146289.3,9626.8,9576.1,-0.5
20,sgd,cl_start,2029,0.001,1,clgrid_20_sgd_cl_start_s2029,321,544.4,4079,4364,146033.2,15222.1,0,146289.3,9626.8,9587.7,-0.4
20,sgd,cl_start,2030,0.001,1,clgrid_20_sgd_cl_start_s2030,321,575.4,4413,4638,146053.5,15221.2,0,146289.3,9626.8,9568.3,-0.6
20,sgd,cl_start,2031,0.001,1,clgrid_20_sgd_cl_start_s2031,321,614.9,4740,4945,146078.6,15227.1,0,146289.3,9626.8,9603.2,-0.2
20,sgd,cl_start,2032,0.001,1,clgrid_20_sgd_cl_start_s2032,321,563,4376,4601,146044.8,15222.6,0,146289.3,9626.8,9578.4,-0.5
20,sgd,cl_start,2033,0.001,1,clgrid_20_sgd_cl_start_s2033,321,679,5065,5249,146071.8,15220.7,0,146289.3,9626.8,9550.1,-0.8
20,sgd,cl_start,2034,0.001,1,clgrid_20_sgd_cl_start_s2034,321,656.5,5018,5205,146060.7,15225.2,0,146289.3,9626.8,9539.2,-0.9
20,sgd,cl_start,2035,0.001,1,clgrid_20_sgd_cl_start_s2035,321,555.7,4301,4525,146061.7,15224.5,0,146289.3,9626.8,9568.8,-0.6
20,sgd,cl_start,2036,0.001,2,clgrid_20_sgd_cl_start_s2036,321,628.2,5012,5199,146051.8,15224.3,0,146289.3,9626.8,9545.2,-0.8
20,sgd,cl_start,2037,0.001,2,clgrid_20_sgd_cl_start_s2037,321,530.8,4096,4325,146075.5,15225,0,146289.3,9626.8,9556.4,-0.7
20,sgd,cl_start,2038,0.001,2,clgrid_20_sgd_cl_start_s2038,321,561.5,4464,4692,146026.6,15219.4,0,146289.3,9626.8,9563.9,-0.7
20,sgd,cl_start,2039,0.001,2,clgrid_20_sgd_cl_start_s2039,321,608.9,4748,4953,146011.3,15218.1,0,146289.3,9626.8,9584.3,-0.4
20,sgd,cl_start,2040,0.001,2,clgrid_20_sgd_cl_start_s2040,321,591.9,4714,4919,146124.7,15226.3,0,146289.3,9626.8,9540.9,-0.9
20,sgd,cl_start,2041,0.001,2,clgrid_20_sgd_cl_start_s2041,321,530.5,4109,4355,145903.7,15220.2,0,146289.3,9626.8,9573,-0.6
20,sgd,cl_start,2042,0.001,2,clgrid_20_sgd_cl_start_s2042,321,513.1,3965,4211,146072.4,15225.9,0,146289.3,9626.8,9544.8,-0.9
20,sgd,cl_start,2043,0.001,2,clgrid_20_sgd_cl_start_s2043,321,523.3,3998,4264,146075,15222.1,0,146289.3,9626.8,9563.8,-0.7
20,sgd,cl_start,2044,0.001,2,clgrid_20_sgd_cl_start_s2044,321,566.2,4356,4584,146026.7,15221.4,0,146289.3,9626.8,9586.6,-0.4
20,sgd,cl_start,2045,0.001,2,clgrid_20_sgd_cl_start_s2045,321,609,4781,4987,146060.6,15227.4,0,146289.3,9626.8,9585.6,-0.4
20,sgd_momentum,cl_paper,2026,0.001,1,clgrid_20_sgd_momentum_cl_paper_s2026,321,234.6,1900,1900,144270.1,15631.1,0,146289.3,9626.8,9614.3,-0.1
20,sgd_momentum,cl_paper,2027,0.001,1,clgrid_20_sgd_momentum_cl_paper_s2027,321,245.8,1900,1900,144331,15707.9,0,146289.3,9626.8,9504.1,-1.3
20,sgd_momentum,cl_paper,2028,0.001,1,clgrid_20_sgd_momentum_cl_paper_s2028,321,244.6,1900,1900,143923.8,15894.6,0,146289.3,9626.8,9623.7,0
20,sgd_momentum,cl_paper,2029,0.001,1,clgrid_20_sgd_momentum_cl_paper_s2029,321,236.6,1900,1900,144636.1,15777.8,0,146289.3,9626.8,9607.9,-0.2
20,sgd_momentum,cl_paper,2030,0.001,1,clgrid_20_sgd_momentum_cl_paper_s2030,321,237.3,1900,1900,144549.9,15666.1,0,146289.3,9626.8,9587.1,-0.4
20,sgd_momentum,cl_paper,2031,0.001,1,clgrid_20_sgd_momentum_cl_paper_s2031,321,239.8,1900,1900,144466.6,15636.2,0,146289.3,9626.8,9629.5,0
20,sgd_momentum,cl_paper,2032,0.001,1,clgrid_20_sgd_momentum_cl_paper_s2032,321,234.8,1900,1900,144226,15761.7,0,146289.3,9626.8,9623.5,0
20,sgd_momentum,cl_paper,2033,0.001,1,clgrid_20_sgd_momentum_cl_paper_s2033,321,245.6,1900,1900,144626.3,15539,0,146289.3,9626.8,9563.1,-0.7
20,sgd_momentum,cl_paper,2034,0.001,1,clgrid_20_sgd_momentum_cl_paper_s2034,321,236.7,1900,1900,144396.7,15592.6,0,146289.3,9626.8,9585.1,-0.4
20,sgd_momentum,cl_paper,2035,0.001,1,clgrid_20_sgd_momentum_cl_paper_s2035,321,236.7,1900,1900,144580.4,15506.1,0,146289.3,9626.8,9644.4,0.2
20,sgd_momentum,cl_paper,2036,0.001,2,clgrid_20_sgd_momentum_cl_paper_s2036,321,236.9,1900,1900,144238.1,15714.3,0,146289.3,9626.8,9521.8,-1.1
20,sgd_momentum,cl_paper,2037,0.001,2,clgrid_20_sgd_momentum_cl_paper_s2037,321,235.9,1900,1900,144261.9,15706.1,0,146289.3,9626.8,9610.5,-0.2
20,sgd_momentum,cl_paper,2038,0.001,2,clgrid_20_sgd_momentum_cl_paper_s2038,321,236.2,1900,1900,144315.5,15734.4,0,146289.3,9626.8,9589,-0.4
20,sgd_momentum,cl_paper,2039,0.001,2,clgrid_20_sgd_momentum_cl_paper_s2039,321,238.8,1900,1900,144899.2,15478.9,0,146289.3,9626.8,9643,0.2
20,sgd_momentum,cl_paper,2040,0.001,2,clgrid_20_sgd_momentum_cl_paper_s2040,321,240.4,1900,1900,144631.5,15478.1,0,146289.3,9626.8,9638.5,0.1
20,sgd_momentum,cl_paper,2041,0.001,2,clgrid_20_sgd_momentum_cl_paper_s2041,321,239.4,1900,1900,144576.8,15599,0,146289.3,9626.8,9603.6,-0.2
20,sgd_momentum,cl_paper,2042,0.001,2,clgrid_20_sgd_momentum_cl_paper_s2042,321,236.7,1900,1900,144800.1,15517,0,146289.3,9626.8,9584.4,-0.4
20,sgd_momentum,cl_paper,2043,0.001,2,clgrid_20_sgd_momentum_cl_paper_s2043,321,244,1900,1900,144322,15680.1,0,146289.3,9626.8,9606.7,-0.2
20,sgd_momentum,cl_paper,2044,0.001,2,clgrid_20_sgd_momentum_cl_paper_s2044,321,234.5,1900,1900,144530.8,15685.4,0,146289.3,9626.8,9575.2,-0.5
20,sgd_momentum,cl_paper,2045,0.001,2,clgrid_20_sgd_momentum_cl_paper_s2045,321,244,1900,1900,144824.5,15482.8,0,146289.3,9626.8,9642.6,0.2
20,sgd_momentum,cl_start,2026,0.001,1,clgrid_20_sgd_momentum_cl_start_s2026,321,312.3,2175,2520,145957,15212.7,0,146289.3,9626.8,9542.7,-0.9
20,sgd_momentum,cl_start,2027,0.001,1,clgrid_20_sgd_momentum_cl_start_s2027,321,352,2429,2773,145982.3,15213.2,0,146289.3,9626.8,9492.1,-1.4
20,sgd_momentum,cl_start,2028,0.001,1,clgrid_20_sgd_momentum_cl_start_s2028,321,400.3,2860,3167,145981.3,15215,0,146289.3,9626.8,9564.3,-0.6
20,sgd_momentum,cl_start,2029,0.001,1,clgrid_20_sgd_momentum_cl_start_s2029,321,258,1665,2012,145997.9,15216.3,0,146289.3,9626.8,9578,-0.5
20,sgd_momentum,cl_start,2030,0.001,1,clgrid_20_sgd_momentum_cl_start_s2030,321,321.1,2283,2608,145987.5,15215.7,0,146289.3,9626.8,9542.8,-0.9
20,sgd_momentum,cl_start,2031,0.001,1,clgrid_20_sgd_momentum_cl_start_s2031,321,383.2,2795,3100,146021.6,15218.6,0,146289.3,9626.8,9567.9,-0.6
20,sgd_momentum,cl_start,2032,0.001,1,clgrid_20_sgd_momentum_cl_start_s2032,321,373.7,2681,2986,146004.6,15216.3,0,146289.3,9626.8,9531.2,-1
20,sgd_momentum,cl_start,2033,0.001,1,clgrid_20_sgd_momentum_cl_start_s2033,321,392.2,2791,3096,146007.1,15214.4,0,146289.3,9626.8,9489.5,-1.4
20,sgd_momentum,cl_start,2034,0.001,1,clgrid_20_sgd_momentum_cl_start_s2034,321,440.7,3215,3502,145976,15213.9,0,146289.3,9626.8,9516,-1.2
20,sgd_momentum,cl_start,2035,0.001,1,clgrid_20_sgd_momentum_cl_start_s2035,321,362.9,2515,2821,146018.6,15217.6,0,146289.3,9626.8,9527.1,-1
20,sgd_momentum,cl_start,2036,0.001,2,clgrid_20_sgd_momentum_cl_start_s2036,321,392.2,2819,3126,146098,15223.4,0,146289.3,9626.8,9537.3,-0.9
20,sgd_momentum,cl_start,2037,0.001,2,clgrid_20_sgd_momentum_cl_start_s2037,321,326.5,2280,2647,145983.8,15216.6,0,146289.3,9626.8,9516.7,-1.1
20,sgd_momentum,cl_start,2038,0.001,2,clgrid_20_sgd_momentum_cl_start_s2038,321,235.2,1495,1843,146025.9,15219.1,0,146289.3,9626.8,9533.1,-1
20,sgd_momentum,cl_start,2039,0.001,2,clgrid_20_sgd_momentum_cl_start_s2039,321,309.5,2184,2529,145977.8,15214.4,0,146289.3,9626.8,9566.8,-0.6
20,sgd_momentum,cl_start,2040,0.001,2,clgrid_20_sgd_momentum_cl_start_s2040,321,227.1,1430,1775,146059.2,15217,0,146289.3,9626.8,9536.4,-0.9
20,sgd_momentum,cl_start,2041,0.001,2,clgrid_20_sgd_momentum_cl_start_s2041,321,290.9,2002,2328,145868.4,15216.6,0,146289.3,9626.8,9564.9,-0.6
20,sgd_momentum,cl_start,2042,0.001,2,clgrid_20_sgd_momentum_cl_start_s2042,321,264,1718,2063,146058.6,15221.7,0,146289.3,9626.8,9529.8,-1
20,sgd_momentum,cl_start,2043,0.001,2,clgrid_20_sgd_momentum_cl_start_s2043,321,236.8,1507,1873,146057.9,15218.8,0,146289.3,9626.8,9544.2,-0.9
20,sgd_momentum,cl_start,2044,0.001,2,clgrid_20_sgd_momentum_cl_start_s2044,321,398.9,2875,3183,145990.9,15216.2,0,146289.3,9626.8,9549,-0.8
20,sgd_momentum,cl_start,2045,0.001,2,clgrid_20_sgd_momentum_cl_start_s2045,321,262.1,1764,2090,146096.8,15227.4,0,146289.3,9626.8,9565.5,-0.6
20,sgd_nesterov,cl_paper,2026,0.001,1,clgrid_20_sgd_nesterov_cl_paper_s2026,321,236.8,1900,1900,144256.9,15636.5,0,146289.3,9626.8,9614,-0.1
20,sgd_nesterov,cl_paper,2027,0.001,1,clgrid_20_sgd_nesterov_cl_paper_s2027,321,244.6,1900,1900,144315.6,15711.5,0,146289.3,9626.8,9504.1,-1.3
20,sgd_nesterov,cl_paper,2028,0.001,1,clgrid_20_sgd_nesterov_cl_paper_s2028,321,242.7,1900,1900,143903.4,15906.1,0,146289.3,9626.8,9622.7,0
20,sgd_nesterov,cl_paper,2029,0.001,1,clgrid_20_sgd_nesterov_cl_paper_s2029,321,233.8,1900,1900,144625.5,15780.9,0,146289.3,9626.8,9607.5,-0.2
20,sgd_nesterov,cl_paper,2030,0.001,1,clgrid_20_sgd_nesterov_cl_paper_s2030,321,240.4,1900,1900,144534,15669.6,0,146289.3,9626.8,9587.6,-0.4
20,sgd_nesterov,cl_paper,2031,0.001,1,clgrid_20_sgd_nesterov_cl_paper_s2031,321,242.5,1900,1900,144455.1,15643.3,0,146289.3,9626.8,9628.9,0
20,sgd_nesterov,cl_paper,2032,0.001,1,clgrid_20_sgd_nesterov_cl_paper_s2032,321,241.9,1900,1900,144209.5,15766.8,0,146289.3,9626.8,9623.2,0
20,sgd_nesterov,cl_paper,2033,0.001,1,clgrid_20_sgd_nesterov_cl_paper_s2033,321,241.2,1900,1900,144617.5,15541.6,0,146289.3,9626.8,9562.2,-0.7
20,sgd_nesterov,cl_paper,2034,0.001,1,clgrid_20_sgd_nesterov_cl_paper_s2034,321,238.9,1900,1900,144381.5,15598.6,0,146289.3,9626.8,9583.9,-0.4
20,sgd_nesterov,cl_paper,2035,0.001,1,clgrid_20_sgd_nesterov_cl_paper_s2035,321,242.6,1900,1900,144564.9,15509.9,0,146289.3,9626.8,9643,0.2
20,sgd_nesterov,cl_paper,2036,0.001,2,clgrid_20_sgd_nesterov_cl_paper_s2036,321,242.8,1900,1900,144231.9,15716.7,0,146289.3,9626.8,9522.6,-1.1
20,sgd_nesterov,cl_paper,2037,0.001,2,clgrid_20_sgd_nesterov_cl_paper_s2037,321,238.2,1900,1900,144248,15712.1,0,146289.3,9626.8,9609.1,-0.2
20,sgd_nesterov,cl_paper,2038,0.001,2,clgrid_20_sgd_nesterov_cl_paper_s2038,321,241.8,1900,1900,144303.7,15737.6,0,146289.3,9626.8,9589.7,-0.4
20,sgd_nesterov,cl_paper,2039,0.001,2,clgrid_20_sgd_nesterov_cl_paper_s2039,321,236.9,1900,1900,144890.6,15480.2,0,146289.3,9626.8,9643.6,0.2
20,sgd_nesterov,cl_paper,2040,0.001,2,clgrid_20_sgd_nesterov_cl_paper_s2040,321,247.9,1900,1900,144606.9,15483.2,0,146289.3,9626.8,9637.7,0.1
20,sgd_nesterov,cl_paper,2041,0.001,2,clgrid_20_sgd_nesterov_cl_paper_s2041,321,238.4,1900,1900,144560.6,15603.6,0,146289.3,9626.8,9603.9,-0.2
20,sgd_nesterov,cl_paper,2042,0.001,2,clgrid_20_sgd_nesterov_cl_paper_s2042,321,236.8,1900,1900,144790.3,15519.1,0,146289.3,9626.8,9584.5,-0.4
20,sgd_nesterov,cl_paper,2043,0.001,2,clgrid_20_sgd_nesterov_cl_paper_s2043,321,237.1,1900,1900,144311,15683.4,0,146289.3,9626.8,9606.9,-0.2
20,sgd_nesterov,cl_paper,2044,0.001,2,clgrid_20_sgd_nesterov_cl_paper_s2044,321,238.2,1900,1900,144520.3,15688.3,0,146289.3,9626.8,9574.5,-0.5
20,sgd_nesterov,cl_paper,2045,0.001,2,clgrid_20_sgd_nesterov_cl_paper_s2045,321,240.2,1900,1900,144807.5,15486.1,0,146289.3,9626.8,9642.7,0.2
20,sgd_nesterov,cl_start,2026,0.001,1,clgrid_20_sgd_nesterov_cl_start_s2026,321,314.7,2197,2542,145956.8,15212.7,0,146289.3,9626.8,9543.2,-0.9
20,sgd_nesterov,cl_start,2027,0.001,1,clgrid_20_sgd_nesterov_cl_start_s2027,321,356.4,2431,2774,145982.3,15213.2,0,146289.3,9626.8,9493.3,-1.4
20,sgd_nesterov,cl_start,2028,0.001,1,clgrid_20_sgd_nesterov_cl_start_s2028,321,401,2867,3174,145980.9,15215.1,0,146289.3,9626.8,9563.2,-0.7
20,sgd_nesterov,cl_start,2029,0.001,1,clgrid_20_sgd_nesterov_cl_start_s2029,321,268.9,1737,2083,145993.4,15216.3,0,146289.3,9626.8,9572.5,-0.6
20,sgd_nesterov,cl_start,2030,0.001,1,clgrid_20_sgd_nesterov_cl_start_s2030,321,326.2,2282,2607,145987.3,15215.7,0,146289.3,9626.8,9544,-0.9
20,sgd_nesterov,cl_start,2031,0.001,1,clgrid_20_sgd_nesterov_cl_start_s2031,321,385.5,2793,3098,146021.7,15218.7,0,146289.3,9626.8,9569.6,-0.6
20,sgd_nesterov,cl_start,2032,0.001,1,clgrid_20_sgd_nesterov_cl_start_s2032,321,379.3,2681,2986,146003.7,15216.3,0,146289.3,9626.8,9534.2,-1
20,sgd_nesterov,cl_start,2033,0.001,1,clgrid_20_sgd_nesterov_cl_start_s2033,321,392.8,2784,3089,146006.4,15214.4,0,146289.3,9626.8,9492,-1.4
20,sgd_nesterov,cl_start,2034,0.001,1,clgrid_20_sgd_nesterov_cl_start_s2034,321,441.2,3221,3508,145976.1,15213.9,0,146289.3,9626.8,9514.8,-1.2
20,sgd_nesterov,cl_start,2035,0.001,1,clgrid_20_sgd_nesterov_cl_start_s2035,321,352.3,2514,2818,146016.7,15217.7,0,146289.3,9626.8,9528.1,-1
20,sgd_nesterov,cl_start,2036,0.001,2,clgrid_20_sgd_nesterov_cl_start_s2036,321,391.2,2802,3109,146095.5,15223.6,0,146289.3,9626.8,9537.1,-0.9
20,sgd_nesterov,cl_start,2037,0.001,2,clgrid_20_sgd_nesterov_cl_start_s2037,321,334.6,2300,2667,145983.8,15216.6,0,146289.3,9626.8,9519.3,-1.1
20,sgd_nesterov,cl_start,2038,0.001,2,clgrid_20_sgd_nesterov_cl_start_s2038,321,230.3,1488,1836,146028.2,15219.1,0,146289.3,9626.8,9538.7,-0.9
20,sgd_nesterov,cl_start,2039,0.001,2,clgrid_20_sgd_nesterov_cl_start_s2039,321,364.9,2648,2973,145975,15214.2,0,146289.3,9626.8,9556.9,-0.7
20,sgd_nesterov,cl_start,2040,0.001,2,clgrid_20_sgd_nesterov_cl_start_s2040,321,296.2,1965,2290,146002.8,15212.5,0,146289.3,9626.8,9527.7,-1
20,sgd_nesterov,cl_start,2041,0.001,2,clgrid_20_sgd_nesterov_cl_start_s2041,321,334.5,2437,2743,145843.6,15212,0,146289.3,9626.8,9562.2,-0.7
20,sgd_nesterov,cl_start,2042,0.001,2,clgrid_20_sgd_nesterov_cl_start_s2042,321,313.8,2156,2501,146057.1,15221.6,0,146289.3,9626.8,9519,-1.1
20,sgd_nesterov,cl_start,2043,0.001,2,clgrid_20_sgd_nesterov_cl_start_s2043,321,239.2,1508,1874,146055.6,15218.9,0,146289.3,9626.8,9544.3,-0.9
20,sgd_nesterov,cl_start,2044,0.001,2,clgrid_20_sgd_nesterov_cl_start_s2044,321,396.9,2865,3173,145989.1,15216.2,0,146289.3,9626.8,9551.4,-0.8
20,sgd_nesterov,cl_start,2045,0.001,2,clgrid_20_sgd_nesterov_cl_start_s2045,321,264.5,1767,2093,146093.8,15227.4,0,146289.3,9626.8,9564.7,-0.6
20,adagrad,cl_paper,2026,0.01,1,clgrid_20_adagrad_cl_paper_s2026,321,239.6,1900,1900,143856.3,15713.1,0,146289.3,9626.8,9603.3,-0.2
20,adagrad,cl_paper,2027,0.01,1,clgrid_20_adagrad_cl_paper_s2027,321,242.5,1900,1900,144041.6,15739,0,146289.3,9626.8,9537.4,-0.9
20,adagrad,cl_paper,2028,0.01,1,clgrid_20_adagrad_cl_paper_s2028,321,242.3,1900,1900,143635.1,15908.2,0,146289.3,9626.8,9555,-0.7
20,adagrad,cl_paper,2029,0.01,1,clgrid_20_adagrad_cl_paper_s2029,321,246.1,1900,1900,144421.1,15708.5,0,146289.3,9626.8,9618.9,-0.1
20,adagrad,cl_paper,2030,0.01,1,clgrid_20_adagrad_cl_paper_s2030,321,237.7,1900,1900,144259.6,15680.7,0,146289.3,9626.8,9551.7,-0.8
20,adagrad,cl_paper,2031,0.01,1,clgrid_20_adagrad_cl_paper_s2031,321,243.7,1900,1900,144187.1,15696,0,146289.3,9626.8,9604.7,-0.2
20,adagrad,cl_paper,2032,0.01,1,clgrid_20_adagrad_cl_paper_s2032,321,239.3,1900,1900,144006.5,15710.9,0,146289.3,9626.8,9631.9,0.1
20,adagrad,cl_paper,2033,0.01,1,clgrid_20_adagrad_cl_paper_s2033,321,246.6,1900,1900,144407.2,15571.2,0,146289.3,9626.8,9550.9,-0.8
20,adagrad,cl_paper,2034,0.01,1,clgrid_20_adagrad_cl_paper_s2034,321,237.8,1900,1900,144083.4,15709.8,0,146289.3,9626.8,9597.8,-0.3
20,adagrad,cl_paper,2035,0.01,1,clgrid_20_adagrad_cl_paper_s2035,321,239.6,1900,1900,144210.6,15580.3,0,146289.3,9626.8,9621.3,-0.1
20,adagrad,cl_paper,2036,0.01,2,clgrid_20_adagrad_cl_paper_s2036,321,239.3,1900,1900,144143.8,15663.9,0,146289.3,9626.8,9564.6,-0.6
20,adagrad,cl_paper,2037,0.01,2,clgrid_20_adagrad_cl_paper_s2037,321,242.6,1900,1900,143968.1,15765.4,0,146289.3,9626.8,9620.8,-0.1
20,adagrad,cl_paper,2038,0.01,2,clgrid_20_adagrad_cl_paper_s2038,321,238.4,1900,1900,144214.5,15682.8,0,146289.3,9626.8,9596.8,-0.3
20,adagrad,cl_paper,2039,0.01,2,clgrid_20_adagrad_cl_paper_s2039,321,239.9,1900,1900,144568.2,15532.4,0,146289.3,9626.8,9626.7,0
20,adagrad,cl_paper,2040,0.01,2,clgrid_20_adagrad_cl_paper_s2040,321,235.6,1900,1900,144107.2,15566.9,0,146289.3,9626.8,9629.9,0
20,adagrad,cl_paper,2041,0.01,2,clgrid_20_adagrad_cl_paper_s2041,321,237,1900,1900,144080.1,15664,0,146289.3,9626.8,9596.6,-0.3
20,adagrad,cl_paper,2042,0.01,2,clgrid_20_adagrad_cl_paper_s2042,321,239.2,1900,1900,144419.1,15545.3,0,146289.3,9626.8,9568.3,-0.6
20,adagrad,cl_paper,2043,0.01,2,clgrid_20_adagrad_cl_paper_s2043,321,239.1,1900,1900,144211.8,15672.9,0,146289.3,9626.8,9625.8,0
20,adagrad,cl_paper,2044,0.01,2,clgrid_20_adagrad_cl_paper_s2044,321,244,1900,1900,144359.1,15656.4,0,146289.3,9626.8,9574.3,-0.5
20,adagrad,cl_paper,2045,0.01,2,clgrid_20_adagrad_cl_paper_s2045,321,236.1,1900,1900,144392.4,15574.6,0,146289.3,9626.8,9615.1,-0.1
20,adagrad,cl_start,2026,0.01,1,clgrid_20_adagrad_cl_start_s2026,321,344.8,2378,2684,145940,15211.6,0,146289.3,9626.8,9532.2,-1
20,adagrad,cl_start,2027,0.01,1,clgrid_20_adagrad_cl_start_s2027,321,250.8,1524,1891,145977.7,15212.9,0,146289.3,9626.8,9391.8,-2.4
20,adagrad,cl_start,2028,0.01,1,clgrid_20_adagrad_cl_start_s2028,321,390.8,2708,3014,145978,15214.7,0,146289.3,9626.8,9560.6,-0.7
20,adagrad,cl_start,2029,0.01,1,clgrid_20_adagrad_cl_start_s2029,321,158.7,824,1227,145981,15215.8,0,146289.3,9626.8,9666.5,0.4
20,adagrad,cl_start,2030,0.01,1,clgrid_20_adagrad_cl_start_s2030,321,287.2,1985,2311,145986.1,15215.6,0,146289.3,9626.8,9556.8,-0.7
20,adagrad,cl_start,2031,0.01,1,clgrid_20_adagrad_cl_start_s2031,321,335.2,2290,2666,145968.1,15215.8,0,146289.3,9626.8,9568.9,-0.6
20,adagrad,cl_start,2032,0.01,1,clgrid_20_adagrad_cl_start_s2032,321,294.5,1984,2310,145974.9,15216,0,146289.3,9626.8,9559.7,-0.7
20,adagrad,cl_start,2033,0.01,1,clgrid_20_adagrad_cl_start_s2033,321,400.9,2784,3111,145961.9,15213.4,0,146289.3,9626.8,9518.9,-1.1
20,adagrad,cl_start,2034,0.01,1,clgrid_20_adagrad_cl_start_s2034,321,268.2,1681,2050,145959.3,15213.2,0,146289.3,9626.8,9511.2,-1.2
20,adagrad,cl_start,2035,0.01,1,clgrid_20_adagrad_cl_start_s2035,321,388.3,2763,3067,145974.1,15215.5,0,146289.3,9626.8,9511.1,-1.2
20,adagrad,cl_start,2036,0.01,2,clgrid_20_adagrad_cl_start_s2036,321,359.2,2517,2850,145934.3,15213.6,0,146289.3,9626.8,9555.7,-0.7
20,adagrad,cl_start,2037,0.01,2,clgrid_20_adagrad_cl_start_s2037,321,234.9,1463,1829,145983.6,15216.3,0,146289.3,9626.8,9519,-1.1
20,adagrad,cl_start,2038,0.01,2,clgrid_20_adagrad_cl_start_s2038,321,259.1,1673,2025,146005.3,15217,0,146289.3,9626.8,9641.6,0.2
20,adagrad,cl_start,2039,0.01,2,clgrid_20_adagrad_cl_start_s2039,321,292.9,1980,2328,145971.7,15214.3,0,146289.3,9626.8,9560.4,-0.7
20,adagrad,cl_start,2040,0.01,2,clgrid_20_adagrad_cl_start_s2040,321,441.6,3254,3561,145970,15210.7,0,146289.3,9626.8,9471.6,-1.6
20,adagrad,cl_start,2041,0.01,2,clgrid_20_adagrad_cl_start_s2041,321,328.1,2262,2589,145714.3,15208,0,146289.3,9626.8,9558.7,-0.7
20,adagrad,cl_start,2042,0.01,2,clgrid_20_adagrad_cl_start_s2042,321,235.5,1483,1851,145970.7,15215,0,146289.3,9626.8,9494.7,-1.4
20,adagrad,cl_start,2043,0.01,2,clgrid_20_adagrad_cl_start_s2043,321,284.6,1874,2241,145981.3,15215.8,0,146289.3,9626.8,9568.4,-0.6
20,adagrad,cl_start,2044,0.01,2,clgrid_20_adagrad_cl_start_s2044,321,400.2,2937,3266,145975.1,15215.3,0,146289.3,9626.8,9344.6,-2.9
20,adagrad,cl_start,2045,0.01,2,clgrid_20_adagrad_cl_start_s2045,321,471.9,3510,3778,145965,15218.9,0,146289.3,9626.8,9576.7,-0.5
20,adadelta,cl_paper,2026,1,1,clgrid_20_adadelta_cl_paper_s2026,321,250.6,1900,1900,146540.3,16002.7,0,146289.3,9626.8,8084.9,-16
20,adadelta,cl_paper,2027,1,1,clgrid_20_adadelta_cl_paper_s2027,321,248.2,1900,1900,146363.5,16225.7,0,146289.3,9626.8,6489.5,-32.6
20,adadelta,cl_paper,2028,1,1,clgrid_20_adadelta_cl_paper_s2028,321,250.2,1900,1900,142808.2,16788.2,0,146289.3,9626.8,8691.7,-9.7
20,adadelta,cl_paper,2029,1,1,clgrid_20_adadelta_cl_paper_s2029,321,237.5,1900,1900,145352.8,15611.4,0,146289.3,9626.8,6510.8,-32.4
20,adadelta,cl_paper,2030,1,1,clgrid_20_adadelta_cl_paper_s2030,321,246.4,1900,1900,145904.2,15723.6,0,146289.3,9626.8,6607.5,-31.4
20,adadelta,cl_paper,2031,1,1,clgrid_20_adadelta_cl_paper_s2031,321,245.4,1900,1900,145971.8,16036.6,0,146289.3,9626.8,6943.5,-27.9
20,adadelta,cl_paper,2032,1,1,clgrid_20_adadelta_cl_paper_s2032,321,240.4,1900,1900,145225.9,15852.3,0,146289.3,9626.8,9761,1.4
20,adadelta,cl_paper,2033,1,1,clgrid_20_adadelta_cl_paper_s2033,321,252.9,1900,1900,145761.1,15782.6,0,146289.3,9626.8,9747.6,1.3
20,adadelta,cl_paper,2034,1,1,clgrid_20_adadelta_cl_paper_s2034,321,251,1900,1900,144455.3,16400.9,0,146289.3,9626.8,8644.6,-10.2
20,adadelta,cl_paper,2035,1,1,clgrid_20_adadelta_cl_paper_s2035,321,248.2,1900,1900,144965.3,15889.5,0,146289.3,9626.8,10487.3,8.9
20,adadelta,cl_paper,2036,1,2,clgrid_20_adadelta_cl_paper_s2036,321,247.4,1900,1900,144607.7,16023.3,0,146289.3,9626.8,8146.7,-15.4
20,adadelta,cl_paper,2037,1,2,clgrid_20_adadelta_cl_paper_s2037,321,243.2,1900,1900,146085,15762.8,0,146289.3,9626.8,8330.5,-13.5
20,adadelta,cl_paper,2038,1,2,clgrid_20_adadelta_cl_paper_s2038,321,240.6,1900,1900,144544,16145.6,0,146289.3,9626.8,9543.5,-0.9
20,adadelta,cl_paper,2039,1,2,clgrid_20_adadelta_cl_paper_s2039,321,242.9,1900,1900,145796.8,15756.1,0,146289.3,9626.8,7458.8,-22.5
20,adadelta,cl_paper,2040,1,2,clgrid_20_adadelta_cl_paper_s2040,321,239.1,1900,1900,145283.9,15875.6,0,146289.3,9626.8,10647.9,10.6
20,adadelta,cl_paper,2041,1,2,clgrid_20_adadelta_cl_paper_s2041,321,243.1,1900,1900,145620.8,15712.8,0,146289.3,9626.8,8189.3,-14.9
20,adadelta,cl_paper,2042,1,2,clgrid_20_adadelta_cl_paper_s2042,321,244.8,1900,1900,145903.6,15853.5,0,146289.3,9626.8,7176.2,-25.5
20,adadelta,cl_paper,2043,1,2,clgrid_20_adadelta_cl_paper_s2043,321,241.4,1900,1900,145395.4,15597.3,0,146289.3,9626.8,8243.3,-14.4
20,adadelta,cl_paper,2044,1,2,clgrid_20_adadelta_cl_paper_s2044,321,241.3,1900,1900,144580.2,16313,0,146289.3,9626.8,9983.2,3.7
20,adadelta,cl_paper,2045,1,2,clgrid_20_adadelta_cl_paper_s2045,321,242.3,1900,1900,146840.2,15917.4,0,146289.3,9626.8,7188.2,-25.3
20,adadelta,cl_start,2026,1,1,clgrid_20_adadelta_cl_start_s2026,321,214.6,1171,1561,145969,15212.2,0,146289.3,9626.8,9446.6,-1.9
20,adadelta,cl_start,2027,1,1,clgrid_20_adadelta_cl_start_s2027,321,178.5,852,1294,145991,15213.9,0,146289.3,9626.8,9112.7,-5.3
20,adadelta,cl_start,2028,1,1,clgrid_20_adadelta_cl_start_s2028,321,161.2,751,1182,145972.1,15213.3,0,146289.3,9626.8,9927.3,3.1
20,adadelta,cl_start,2029,1,1,clgrid_20_adadelta_cl_start_s2029,321,134.5,475,992,145971.7,15215,0,146289.3,9626.8,9457.4,-1.8
20,adadelta,cl_start,2030,1,1,clgrid_20_adadelta_cl_start_s2030,321,170.2,862,1253,145990.8,15213.4,0,146289.3,9626.8,9272.1,-3.7
20,adadelta,cl_start,2031,1,1,clgrid_20_adadelta_cl_start_s2031,321,187.4,892,1408,145965.9,15214.4,0,146289.3,9626.8,9593.4,-0.3
20,adadelta,cl_start,2032,1,1,clgrid_20_adadelta_cl_start_s2032,321,183.7,1021,1417,145986.1,15215.7,0,146289.3,9626.8,9451.1,-1.8
20,adadelta,cl_start,2033,1,1,clgrid_20_adadelta_cl_start_s2033,321,137.9,586,978,146009.9,15214,0,146289.3,9626.8,9018.5,-6.3
20,adadelta,cl_start,2034,1,1,clgrid_20_adadelta_cl_start_s2034,321,150.8,696,1115,145981.5,15213.9,0,146289.3,9626.8,9213.7,-4.3
20,adadelta,cl_start,2035,1,1,clgrid_20_adadelta_cl_start_s2035,321,166.2,811,1203,145990.2,15214.3,0,146289.3,9626.8,9201.2,-4.4
20,adadelta,cl_start,2036,1,2,clgrid_20_adadelta_cl_start_s2036,321,182.6,967,1362,145935.3,15211.7,0,146289.3,9626.8,8895.3,-7.6
20,adadelta,cl_start,2037,1,2,clgrid_20_adadelta_cl_start_s2037,321,141.1,634,1024,145999.8,15214.7,0,146289.3,9626.8,9015.1,-6.4
20,adadelta,cl_start,2038,1,2,clgrid_20_adadelta_cl_start_s2038,321,138.1,558,975,145965.8,15212.8,0,146289.3,9626.8,9172.4,-4.7
20,adadelta,cl_start,2039,1,2,clgrid_20_adadelta_cl_start_s2039,321,132.5,572,964,145978.4,15213.5,0,146289.3,9626.8,9430.3,-2
20,adadelta,cl_start,2040,1,2,clgrid_20_adadelta_cl_start_s2040,321,175.7,835,1281,145986.5,15212.5,0,146289.3,9626.8,9243.8,-4
20,adadelta,cl_start,2041,1,2,clgrid_20_adadelta_cl_start_s2041,321,138.8,623,1013,145881.8,15214.2,0,146289.3,9626.8,9011.8,-6.4
20,adadelta,cl_start,2042,1,2,clgrid_20_adadelta_cl_start_s2042,321,158.3,707,1163,145981.3,15213.7,0,146289.3,9626.8,9411.6,-2.2
20,adadelta,cl_start,2043,1,2,clgrid_20_adadelta_cl_start_s2043,321,156.6,726,1118,145977.4,15213.8,0,146289.3,9626.8,9369.3,-2.7
20,adadelta,cl_start,2044,1,2,clgrid_20_adadelta_cl_start_s2044,321,177.3,900,1308,145975.6,15215.1,0,146289.3,9626.8,9296.3,-3.4
20,adadelta,cl_start,2045,1,2,clgrid_20_adadelta_cl_start_s2045,321,220.2,1265,1703,145980.5,15215.7,0,146289.3,9626.8,9412.1,-2.2
20,rmsprop,cl_paper,2026,0.001,1,clgrid_20_rmsprop_cl_paper_s2026,321,250.8,1900,1900,144068.4,15656.2,0,146289.3,9626.8,9440.4,-1.9
20,rmsprop,cl_paper,2027,0.001,1,clgrid_20_rmsprop_cl_paper_s2027,321,243.7,1900,1900,144199.8,15631.8,0,146289.3,9626.8,8465.3,-12.1
20,rmsprop,cl_paper,2028,0.001,1,clgrid_20_rmsprop_cl_paper_s2028,321,242.9,1900,1900,144109.8,15669.1,0,146289.3,9626.8,8638.7,-10.3
20,rmsprop,cl_paper,2029,0.001,1,clgrid_20_rmsprop_cl_paper_s2029,321,243.1,1900,1900,144454.9,15638.6,0,146289.3,9626.8,8190.1,-14.9
20,rmsprop,cl_paper,2030,0.001,1,clgrid_20_rmsprop_cl_paper_s2030,321,241,1900,1900,144361.9,15635,0,146289.3,9626.8,8382.3,-12.9
20,rmsprop,cl_paper,2031,0.001,1,clgrid_20_rmsprop_cl_paper_s2031,321,237.7,1900,1900,144425.4,15600.8,0,146289.3,9626.8,8687.4,-9.8
20,rmsprop,cl_paper,2032,0.001,1,clgrid_20_rmsprop_cl_paper_s2032,321,238.5,1900,1900,144532.2,15590.1,0,146289.3,9626.8,9543.4,-0.9
20,rmsprop,cl_paper,2033,0.001,1,clgrid_20_rmsprop_cl_paper_s2033,321,245.4,1900,1900,144486.1,15581.7,0,146289.3,9626.8,9833.8,2.2
20,rmsprop,cl_paper,2034,0.001,1,clgrid_20_rmsprop_cl_paper_s2034,321,245.3,1900,1900,144208.6,15612.8,0,146289.3,9626.8,8541.3,-11.3
20,rmsprop,cl_paper,2035,0.001,1,clgrid_20_rmsprop_cl_paper_s2035,321,243,1900,1900,144387.3,15505.6,0,146289.3,9626.8,10547.6,9.6
20,rmsprop,cl_paper,2036,0.001,2,clgrid_20_rmsprop_cl_paper_s2036,321,244.7,1900,1900,144238.1,15640.5,0,146289.3,9626.8,8468.7,-12
20,rmsprop,cl_paper,2037,0.001,2,clgrid_20_rmsprop_cl_paper_s2037,321,237.2,1900,1900,144233.4,15640.4,0,146289.3,9626.8,9269.8,-3.7
20,rmsprop,cl_paper,2038,0.001,2,clgrid_20_rmsprop_cl_paper_s2038,321,241.8,1900,1900,144330.1,15671.1,0,146289.3,9626.8,9347.1,-2.9
20,rmsprop,cl_paper,2039,0.001,2,clgrid_20_rmsprop_cl_paper_s2039,321,239.7,1900,1900,144614.8,15541.7,0,146289.3,9626.8,8530.2,-11.4
20,rmsprop,cl_paper,2040,0.001,2,clgrid_20_rmsprop_cl_paper_s2040,321,242.6,1900,1900,144345.1,15545.5,0,146289.3,9626.8,10234.1,6.3
20,rmsprop,cl_paper,2041,0.001,2,clgrid_20_rmsprop_cl_paper_s2041,321,236.9,1900,1900,144296.8,15583.7,0,146289.3,9626.8,8829.7,-8.3
20,rmsprop,cl_paper,2042,0.001,2,clgrid_20_rmsprop_cl_paper_s2042,321,242.8,1900,1900,144288.7,15613.7,0,146289.3,9626.8,8681.8,-9.8
20,rmsprop,cl_paper,2043,0.001,2,clgrid_20_rmsprop_cl_paper_s2043,321,239.5,1900,1900,144272.6,15650.1,0,146289.3,9626.8,9497.9,-1.3
20,rmsprop,cl_paper,2044,0.001,2,clgrid_20_rmsprop_cl_paper_s2044,321,240.6,1900,1900,144361.4,15618.6,0,146289.3,9626.8,8911.1,-7.4
20,rmsprop,cl_paper,2045,0.001,2,clgrid_20_rmsprop_cl_paper_s2045,321,240.4,1900,1900,144342.4,15563.2,0,146289.3,9626.8,8853.6,-8
20,rmsprop,cl_start,2026,0.001,1,clgrid_20_rmsprop_cl_start_s2026,321,183.4,801,1324,145920.6,15210.2,0,146289.3,9626.8,9581.2,-0.5
20,rmsprop,cl_start,2027,0.001,1,clgrid_20_rmsprop_cl_start_s2027,321,158.3,745,1196,145957.6,15212.6,0,146289.3,9626.8,9512.6,-1.2
20,rmsprop,cl_start,2028,0.001,1,clgrid_20_rmsprop_cl_start_s2028,321,168.1,764,1288,145971.2,15213.4,0,146289.3,9626.8,9545.2,-0.8
20,rmsprop,cl_start,2029,0.001,1,clgrid_20_rmsprop_cl_start_s2029,321,181.1,925,1414,145893.1,15210.5,0,146289.3,9626.8,9437.9,-2
20,rmsprop,cl_start,2030,0.001,1,clgrid_20_rmsprop_cl_start_s2030,321,208.5,1171,1592,145884.8,15209.9,0,146289.3,9626.8,9719.6,1
20,rmsprop,cl_start,2031,0.001,1,clgrid_20_rmsprop_cl_start_s2031,321,128.6,426,965,145963.1,15215.3,0,146289.3,9626.8,9614.9,-0.1
20,rmsprop,cl_start,2032,0.001,1,clgrid_20_rmsprop_cl_start_s2032,321,235.7,1377,1842,145941.5,15213.6,0,146289.3,9626.8,9589.1,-0.4
20,rmsprop,cl_start,2033,0.001,1,clgrid_20_rmsprop_cl_start_s2033,321,136.9,562,1016,145977.4,15212.9,0,146289.3,9626.8,9322.8,-3.2
20,rmsprop,cl_start,2034,0.001,1,clgrid_20_rmsprop_cl_start_s2034,321,142.6,561,1067,145952.8,15213.5,0,146289.3,9626.8,9525.2,-1.1
20,rmsprop,cl_start,2035,0.001,1,clgrid_20_rmsprop_cl_start_s2035,321,248.5,1471,1909,145938.6,15210.2,0,146289.3,9626.8,9605.4,-0.2
20,rmsprop,cl_start,2036,0.001,2,clgrid_20_rmsprop_cl_start_s2036,321,151.9,650,1124,145944.8,15213.2,0,146289.3,9626.8,9655.1,0.3
20,rmsprop,cl_start,2037,0.001,2,clgrid_20_rmsprop_cl_start_s2037,321,122.6,425,890,145972,15214.7,0,146289.3,9626.8,9328,-3.1
20,rmsprop,cl_start,2038,0.001,2,clgrid_20_rmsprop_cl_start_s2038,321,130.3,545,965,145929,15212.5,0,146289.3,9626.8,9200.3,-4.4
20,rmsprop,cl_start,2039,0.001,2,clgrid_20_rmsprop_cl_start_s2039,321,172.7,872,1299,145934.5,15211.6,0,146289.3,9626.8,9388.7,-2.5
20,rmsprop,cl_start,2040,0.001,2,clgrid_20_rmsprop_cl_start_s2040,321,139.2,560,1036,145957.4,15210.8,0,146289.3,9626.8,9679.6,0.5
20,rmsprop,cl_start,2041,0.001,2,clgrid_20_rmsprop_cl_start_s2041,321,145.6,643,1104,145805.9,15210.3,0,146289.3,9626.8,9523.3,-1.1
20,rmsprop,cl_start,2042,0.001,2,clgrid_20_rmsprop_cl_start_s2042,321,136.8,567,1022,145920.6,15212.1,0,146289.3,9626.8,9479.2,-1.5
20,rmsprop,cl_start,2043,0.001,2,clgrid_20_rmsprop_cl_start_s2043,321,173.3,855,1342,145887.1,15211.8,0,146289.3,9626.8,9696.1,0.7
20,rmsprop,cl_start,2044,0.001,2,clgrid_20_rmsprop_cl_start_s2044,321,195.3,1029,1518,145939.8,15212,0,146289.3,9626.8,9664.2,0.4
20,rmsprop,cl_start,2045,0.001,2,clgrid_20_rmsprop_cl_start_s2045,321,223.8,1250,1722,145936.5,15214.2,0,146289.3,9626.8,9487.3,-1.4
20,adam,cl_paper,2026,0.001,1,clgrid_20_adam_cl_paper_s2026,321,259.8,1900,1900,144219.3,15609.5,0,146289.3,9626.8,9670.5,0.5
20,adam,cl_paper,2027,0.001,1,clgrid_20_adam_cl_paper_s2027,321,246.8,1900,1900,144350.8,15583.5,0,146289.3,9626.8,9604.6,-0.2
20,adam,cl_paper,2028,0.001,1,clgrid_20_adam_cl_paper_s2028,321,247.8,1900,1900,144270.1,15579.9,0,146289.3,9626.8,9685.6,0.6
20,adam,cl_paper,2029,0.001,1,clgrid_20_adam_cl_paper_s2029,321,245.4,1900,1900,144633.7,15600.8,0,146289.3,9626.8,9660.9,0.4
20,adam,cl_paper,2030,0.001,1,clgrid_20_adam_cl_paper_s2030,321,245.1,1900,1900,144539.2,15567.6,0,146289.3,9626.8,9701.8,0.8
20,adam,cl_paper,2031,0.001,1,clgrid_20_adam_cl_paper_s2031,321,246.7,1900,1900,144551.9,15543.4,0,146289.3,9626.8,9665.3,0.4
20,adam,cl_paper,2032,0.001,1,clgrid_20_adam_cl_paper_s2032,321,241.6,1900,1900,144657.8,15512.3,0,146289.3,9626.8,9691.2,0.7
20,adam,cl_paper,2033,0.001,1,clgrid_20_adam_cl_paper_s2033,321,244.6,1900,1900,144617.7,15534.5,0,146289.3,9626.8,9712.4,0.9
20,adam,cl_paper,2034,0.001,1,clgrid_20_adam_cl_paper_s2034,321,250.8,1900,1900,144378.7,15538.8,0,146289.3,9626.8,9643.6,0.2
20,adam,cl_paper,2035,0.001,1,clgrid_20_adam_cl_paper_s2035,321,249.2,1900,1900,144575.2,15454.2,0,146289.3,9626.8,9714.8,0.9
20,adam,cl_paper,2036,0.001,2,clgrid_20_adam_cl_paper_s2036,321,246.2,1900,1900,144375,15570,0,146289.3,9626.8,9645.5,0.2
20,adam,cl_paper,2037,0.001,2,clgrid_20_adam_cl_paper_s2037,321,239.7,1900,1900,144334.9,15591.1,0,146289.3,9626.8,9701.5,0.8
20,adam,cl_paper,2038,0.001,2,clgrid_20_adam_cl_paper_s2038,321,246.4,1900,1900,144507.1,15573.5,0,146289.3,9626.8,9692.1,0.7
20,adam,cl_paper,2039,0.001,2,clgrid_20_adam_cl_paper_s2039,321,247.7,1900,1900,144739.3,15479.5,0,146289.3,9626.8,9711.7,0.9
20,adam,cl_paper,2040,0.001,2,clgrid_20_adam_cl_paper_s2040,321,244,1900,1900,144617.1,15449.1,0,146289.3,9626.8,9686.2,0.6
20,adam,cl_paper,2041,0.001,2,clgrid_20_adam_cl_paper_s2041,321,238.7,1900,1900,144444.3,15536,0,146289.3,9626.8,9686.3,0.6
20,adam,cl_paper,2042,0.001,2,clgrid_20_adam_cl_paper_s2042,321,241.3,1900,1900,144469.7,15525.1,0,146289.3,9626.8,9622,0
20,adam,cl_paper,2043,0.001,2,clgrid_20_adam_cl_paper_s2043,321,242.5,1900,1900,144408.7,15604,0,146289.3,9626.8,9669.6,0.4
20,adam,cl_paper,2044,0.001,2,clgrid_20_adam_cl_paper_s2044,321,248.4,1900,1900,144500.5,15549.7,0,146289.3,9626.8,9630.3,0
20,adam,cl_paper,2045,0.001,2,clgrid_20_adam_cl_paper_s2045,321,243.6,1900,1900,144422,15523.2,0,146289.3,9626.8,9705.8,0.8
20,adam,cl_start,2026,0.001,1,clgrid_20_adam_cl_start_s2026,321,150,400,1015,145916.8,15210.9,0,146289.3,9626.8,9585.4,-0.4
20,adam,cl_start,2027,0.001,1,clgrid_20_adam_cl_start_s2027,321,146.8,502,1068,145873.4,15210,0,146289.3,9626.8,9540.4,-0.9
20,adam,cl_start,2028,0.001,1,clgrid_20_adam_cl_start_s2028,321,169.9,464,1227,145921.6,15212.1,0,146289.3,9626.8,9515.5,-1.2
20,adam,cl_start,2029,0.001,1,clgrid_20_adam_cl_start_s2029,321,124.3,321,873,145940.2,15213.2,0,146289.3,9626.8,9572.4,-0.6
20,adam,cl_start,2030,0.001,1,clgrid_20_adam_cl_start_s2030,321,119.3,298,830,145987.9,15214.1,0,146289.3,9626.8,9581.2,-0.5
20,adam,cl_start,2031,0.001,1,clgrid_20_adam_cl_start_s2031,321,188.4,485,1422,145900,15213.4,0,146289.3,9626.8,9487.1,-1.5
20,adam,cl_start,2032,0.001,1,clgrid_20_adam_cl_start_s2032,321,124.9,306,896,145966.1,15215.9,0,146289.3,9626.8,9572.4,-0.6
20,adam,cl_start,2033,0.001,1,clgrid_20_adam_cl_start_s2033,321,124.3,328,889,145991.1,15212.9,0,146289.3,9626.8,9554.5,-0.8
20,adam,cl_start,2034,0.001,1,clgrid_20_adam_cl_start_s2034,321,158.8,386,1140,145942.3,15212.8,0,146289.3,9626.8,9577.4,-0.5
20,adam,cl_start,2035,0.001,1,clgrid_20_adam_cl_start_s2035,321,139.7,301,991,145987.2,15214.8,0,146289.3,9626.8,9496.7,-1.4
20,adam,cl_start,2036,0.001,2,clgrid_20_adam_cl_start_s2036,321,138,459,996,145916.8,15213.2,0,146289.3,9626.8,9545,-0.8
20,adam,cl_start,2037,0.001,2,clgrid_20_adam_cl_start_s2037,321,118.1,359,841,145946.2,15214.2,0,146289.3,9626.8,9478,-1.5
20,adam,cl_start,2038,0.001,2,clgrid_20_adam_cl_start_s2038,321,106.1,236,750,146003.7,15215.1,0,146289.3,9626.8,9556.2,-0.7
20,adam,cl_start,2039,0.001,2,clgrid_20_adam_cl_start_s2039,321,161.6,442,1168,145952.5,15214,0,146289.3,9626.8,9562.2,-0.7
20,adam,cl_start,2040,0.001,2,clgrid_20_adam_cl_start_s2040,321,156.4,623,1153,145904.6,15208.1,0,146289.3,9626.8,9453.4,-1.8
20,adam,cl_start,2041,0.001,2,clgrid_20_adam_cl_start_s2041,321,136.4,454,992,145803.3,15211.4,0,146289.3,9626.8,9449.5,-1.8
20,adam,cl_start,2042,0.001,2,clgrid_20_adam_cl_start_s2042,321,177.3,445,1337,145949.6,15212.3,0,146289.3,9626.8,9569.2,-0.6
20,adam,cl_start,2043,0.001,2,clgrid_20_adam_cl_start_s2043,321,123.9,392,910,145943.5,15211.7,0,146289.3,9626.8,9456.5,-1.8
20,adam,cl_start,2044,0.001,2,clgrid_20_adam_cl_start_s2044,321,154.2,369,1113,145967.4,15214.9,0,146289.3,9626.8,9500.7,-1.3
20,adam,cl_start,2045,0.001,2,clgrid_20_adam_cl_start_s2045,321,196.5,532,1451,145951,15214.6,0,146289.3,9626.8,9553.2,-0.8
20,adamw,cl_paper,2026,0.001,1,clgrid_20_adamw_cl_paper_s2026,321,251.5,1900,1900,144219.8,15609.4,0,146289.3,9626.8,9670.4,0.5
20,adamw,cl_paper,2027,0.001,1,clgrid_20_adamw_cl_paper_s2027,321,245.2,1900,1900,144351.1,15583.3,0,146289.3,9626.8,9605.2,-0.2
20,adamw,cl_paper,2028,0.001,1,clgrid_20_adamw_cl_paper_s2028,321,249.6,1900,1900,144270.4,15579.8,0,146289.3,9626.8,9685.6,0.6
20,adamw,cl_paper,2029,0.001,1,clgrid_20_adamw_cl_paper_s2029,321,246,1900,1900,144633.9,15600.7,0,146289.3,9626.8,9651.7,0.3
20,adamw,cl_paper,2030,0.001,1,clgrid_20_adamw_cl_paper_s2030,321,245.6,1900,1900,144539.6,15567.4,0,146289.3,9626.8,9701.7,0.8
20,adamw,cl_paper,2031,0.001,1,clgrid_20_adamw_cl_paper_s2031,321,251.6,1900,1900,144552.3,15543.3,0,146289.3,9626.8,9665.3,0.4
20,adamw,cl_paper,2032,0.001,1,clgrid_20_adamw_cl_paper_s2032,321,242.1,1900,1900,144658.1,15512.2,0,146289.3,9626.8,9691.1,0.7
20,adamw,cl_paper,2033,0.001,1,clgrid_20_adamw_cl_paper_s2033,321,252.9,1900,1900,144617.9,15534.5,0,146289.3,9626.8,9712.7,0.9
20,adamw,cl_paper,2034,0.001,1,clgrid_20_adamw_cl_paper_s2034,321,255.5,1900,1900,144379.2,15538.6,0,146289.3,9626.8,9643.6,0.2
20,adamw,cl_paper,2035,0.001,1,clgrid_20_adamw_cl_paper_s2035,321,247.9,1900,1900,144575.5,15454.2,0,146289.3,9626.8,9714.7,0.9
20,adamw,cl_paper,2036,0.001,2,clgrid_20_adamw_cl_paper_s2036,321,249.3,1900,1900,144375.1,15569.9,0,146289.3,9626.8,9645.5,0.2
20,adamw,cl_paper,2037,0.001,2,clgrid_20_adamw_cl_paper_s2037,321,244.4,1900,1900,144335.3,15590.9,0,146289.3,9626.8,9701.4,0.8
20,adamw,cl_paper,2038,0.001,2,clgrid_20_adamw_cl_paper_s2038,321,247.1,1900,1900,144507.3,15573.3,0,146289.3,9626.8,9692.1,0.7
20,adamw,cl_paper,2039,0.001,2,clgrid_20_adamw_cl_paper_s2039,321,244.4,1900,1900,144739.4,15479.5,0,146289.3,9626.8,9711.4,0.9
20,adamw,cl_paper,2040,0.001,2,clgrid_20_adamw_cl_paper_s2040,321,248.4,1900,1900,144617.5,15449,0,146289.3,9626.8,9686.1,0.6
20,adamw,cl_paper,2041,0.001,2,clgrid_20_adamw_cl_paper_s2041,321,244.2,1900,1900,144444.6,15535.9,0,146289.3,9626.8,9686.3,0.6
20,adamw,cl_paper,2042,0.001,2,clgrid_20_adamw_cl_paper_s2042,321,243.7,1900,1900,144469.9,15525,0,146289.3,9626.8,9622.1,0
20,adamw,cl_paper,2043,0.001,2,clgrid_20_adamw_cl_paper_s2043,321,245.1,1900,1900,144409,15603.8,0,146289.3,9626.8,9669.5,0.4
20,adamw,cl_paper,2044,0.001,2,clgrid_20_adamw_cl_paper_s2044,321,246.4,1900,1900,144500.7,15549.5,0,146289.3,9626.8,9630.3,0
20,adamw,cl_paper,2045,0.001,2,clgrid_20_adamw_cl_paper_s2045,321,243.6,1900,1900,144422.3,15523.1,0,146289.3,9626.8,9705.8,0.8
20,adamw,cl_start,2026,0.001,1,clgrid_20_adamw_cl_start_s2026,321,149.2,400,1015,145916.9,15210.9,0,146289.3,9626.8,9585.4,-0.4
20,adamw,cl_start,2027,0.001,1,clgrid_20_adamw_cl_start_s2027,321,149.3,502,1068,145873.4,15210,0,146289.3,9626.8,9540.4,-0.9
20,adamw,cl_start,2028,0.001,1,clgrid_20_adamw_cl_start_s2028,321,175.9,464,1269,145921.7,15212.1,0,146289.3,9626.8,9515.5,-1.2
20,adamw,cl_start,2029,0.001,1,clgrid_20_adamw_cl_start_s2029,321,125,321,873,145940.2,15213.2,0,146289.3,9626.8,9572.4,-0.6
20,adamw,cl_start,2030,0.001,1,clgrid_20_adamw_cl_start_s2030,321,117.8,298,830,145987.9,15214.1,0,146289.3,9626.8,9581.2,-0.5
20,adamw,cl_start,2031,0.001,1,clgrid_20_adamw_cl_start_s2031,321,186.1,485,1422,145900,15213.4,0,146289.3,9626.8,9487,-1.5
20,adamw,cl_start,2032,0.001,1,clgrid_20_adamw_cl_start_s2032,321,126.7,306,896,145966.1,15215.9,0,146289.3,9626.8,9572.4,-0.6
20,adamw,cl_start,2033,0.001,1,clgrid_20_adamw_cl_start_s2033,321,131.5,329,890,145990.9,15212.9,0,146289.3,9626.8,9554.5,-0.8
20,adamw,cl_start,2034,0.001,1,clgrid_20_adamw_cl_start_s2034,321,162.4,386,1124,145942.3,15212.8,0,146289.3,9626.8,9577.4,-0.5
20,adamw,cl_start,2035,0.001,1,clgrid_20_adamw_cl_start_s2035,321,140.5,301,994,145987.2,15214.8,0,146289.3,9626.8,9496.7,-1.4
20,adamw,cl_start,2036,0.001,2,clgrid_20_adamw_cl_start_s2036,321,139.8,458,995,145916.9,15213.2,0,146289.3,9626.8,9544,-0.9
20,adamw,cl_start,2037,0.001,2,clgrid_20_adamw_cl_start_s2037,321,117.4,359,841,145946.3,15214.2,0,146289.3,9626.8,9478,-1.5
20,adamw,cl_start,2038,0.001,2,clgrid_20_adamw_cl_start_s2038,321,107.7,236,750,146003.7,15215.1,0,146289.3,9626.8,9556.1,-0.7
20,adamw,cl_start,2039,0.001,2,clgrid_20_adamw_cl_start_s2039,321,159.8,442,1173,145952.5,15214,0,146289.3,9626.8,9562.2,-0.7
20,adamw,cl_start,2040,0.001,2,clgrid_20_adamw_cl_start_s2040,321,154.7,623,1153,145904.8,15208.1,0,146289.3,9626.8,9453.1,-1.8
20,adamw,cl_start,2041,0.001,2,clgrid_20_adamw_cl_start_s2041,321,137,454,992,145803.3,15211.4,0,146289.3,9626.8,9449.5,-1.8
20,adamw,cl_start,2042,0.001,2,clgrid_20_adamw_cl_start_s2042,321,177.4,445,1334,145949.7,15212.3,0,146289.3,9626.8,9569.2,-0.6
20,adamw,cl_start,2043,0.001,2,clgrid_20_adamw_cl_start_s2043,321,128.3,392,910,145943.5,15211.7,0,146289.3,9626.8,9456.4,-1.8
20,adamw,cl_start,2044,0.001,2,clgrid_20_adamw_cl_start_s2044,321,157.7,369,1113,145967.4,15214.9,0,146289.3,9626.8,9500.6,-1.3
20,adamw,cl_start,2045,0.001,2,clgrid_20_adamw_cl_start_s2045,321,191.8,532,1451,145951.1,15214.6,0,146289.3,9626.8,9553.2,-0.8
20,adamax,cl_paper,2026,0.001,1,clgrid_20_adamax_cl_paper_s2026,321,247,1900,1900,144691.5,15486.5,0,146289.3,9626.8,9666,0.4
20,adamax,cl_paper,2027,0.001,1,clgrid_20_adamax_cl_paper_s2027,321,246.4,1900,1900,144701.4,15466.9,0,146289.3,9626.8,9628.2,0
20,adamax,cl_paper,2028,0.001,1,clgrid_20_adamax_cl_paper_s2028,321,248.4,1900,1900,144701.5,15437.6,0,146289.3,9626.8,9679.9,0.6
20,adamax,cl_paper,2029,0.001,1,clgrid_20_adamax_cl_paper_s2029,321,245,1900,1900,144951.7,15527.1,0,146289.3,9626.8,9648.6,0.2
20,adamax,cl_paper,2030,0.001,1,clgrid_20_adamax_cl_paper_s2030,321,244.7,1900,1900,144906.1,15454.2,0,146289.3,9626.8,9679.7,0.5
20,adamax,cl_paper,2031,0.001,1,clgrid_20_adamax_cl_paper_s2031,321,246.7,1900,1900,144925.7,15437.8,0,146289.3,9626.8,9662.3,0.4
20,adamax,cl_paper,2032,0.001,1,clgrid_20_adamax_cl_paper_s2032,321,243.3,1900,1900,144932.8,15430.8,0,146289.3,9626.8,9675.6,0.5
20,adamax,cl_paper,2033,0.001,1,clgrid_20_adamax_cl_paper_s2033,321,255.1,1900,1900,144961.1,15430.3,0,146289.3,9626.8,9659.1,0.3
20,adamax,cl_paper,2034,0.001,1,clgrid_20_adamax_cl_paper_s2034,321,250.7,1900,1900,144812.2,15428.8,0,146289.3,9626.8,9635.9,0.1
20,adamax,cl_paper,2035,0.001,1,clgrid_20_adamax_cl_paper_s2035,321,246.2,1900,1900,144982.6,15388.7,0,146289.3,9626.8,9698.5,0.7
20,adamax,cl_paper,2036,0.001,2,clgrid_20_adamax_cl_paper_s2036,321,245.4,1900,1900,144639.5,15461.5,0,146289.3,9626.8,9632.5,0.1
20,adamax,cl_paper,2037,0.001,2,clgrid_20_adamax_cl_paper_s2037,321,240.7,1900,1900,144748.9,15461.3,0,146289.3,9626.8,9679,0.5
20,adamax,cl_paper,2038,0.001,2,clgrid_20_adamax_cl_paper_s2038,321,247.2,1900,1900,144763.2,15470,0,146289.3,9626.8,9662.1,0.4
20,adamax,cl_paper,2039,0.001,2,clgrid_20_adamax_cl_paper_s2039,321,242,1900,1900,145059.5,15394.1,0,146289.3,9626.8,9679.9,0.6
20,adamax,cl_paper,2040,0.001,2,clgrid_20_adamax_cl_paper_s2040,321,241,1900,1900,145008.4,15383.9,0,146289.3,9626.8,9650,0.2
20,adamax,cl_paper,2041,0.001,2,clgrid_20_adamax_cl_paper_s2041,321,245.3,1900,1900,144864.6,15430,0,146289.3,9626.8,9668.9,0.4
20,adamax,cl_paper,2042,0.001,2,clgrid_20_adamax_cl_paper_s2042,321,240.7,1900,1900,144899.8,15402.2,0,146289.3,9626.8,9645.6,0.2
20,adamax,cl_paper,2043,0.001,2,clgrid_20_adamax_cl_paper_s2043,321,247.1,1900,1900,144705.1,15492,0,146289.3,9626.8,9670.1,0.4
20,adamax,cl_paper,2044,0.001,2,clgrid_20_adamax_cl_paper_s2044,321,242.4,1900,1900,144854.9,15464.5,0,146289.3,9626.8,9639.5,0.1
20,adamax,cl_paper,2045,0.001,2,clgrid_20_adamax_cl_paper_s2045,321,247.7,1900,1900,144951.1,15419,0,146289.3,9626.8,9677.9,0.5
20,adamax,cl_start,2026,0.001,1,clgrid_20_adamax_cl_start_s2026,321,159.4,578,1135,145912.8,15211.5,0,146289.3,9626.8,9558.2,-0.7
20,adamax,cl_start,2027,0.001,1,clgrid_20_adamax_cl_start_s2027,321,185.3,837,1378,145882.3,15210.3,0,146289.3,9626.8,9550.8,-0.8
20,adamax,cl_start,2028,0.001,1,clgrid_20_adamax_cl_start_s2028,321,149.7,556,1079,145948.6,15213.9,0,146289.3,9626.8,9621.3,-0.1
20,adamax,cl_start,2029,0.001,1,clgrid_20_adamax_cl_start_s2029,321,139.1,483,983,145934.8,15213.4,0,146289.3,9626.8,9632,0.1
20,adamax,cl_start,2030,0.001,1,clgrid_20_adamax_cl_start_s2030,321,166.9,516,1223,145977.2,15215,0,146289.3,9626.8,9612.8,-0.1
20,adamax,cl_start,2031,0.001,1,clgrid_20_adamax_cl_start_s2031,321,197.6,588,1487,145939.1,15215.7,0,146289.3,9626.8,9570.6,-0.6
20,adamax,cl_start,2032,0.001,1,clgrid_20_adamax_cl_start_s2032,321,175.1,776,1311,145941.6,15213.9,0,146289.3,9626.8,9672.6,0.5
20,adamax,cl_start,2033,0.001,1,clgrid_20_adamax_cl_start_s2033,321,122.9,355,860,146025.3,15214,0,146289.3,9626.8,9544.9,-0.9
20,adamax,cl_start,2034,0.001,1,clgrid_20_adamax_cl_start_s2034,321,210.1,609,1526,145949.6,15213.1,0,146289.3,9626.8,9606.9,-0.2
20,adamax,cl_start,2035,0.001,1,clgrid_20_adamax_cl_start_s2035,321,138.6,469,994,145981.8,15215,0,146289.3,9626.8,9548.6,-0.8
20,adamax,cl_start,2036,0.001,2,clgrid_20_adamax_cl_start_s2036,321,163.3,715,1204,145920,15214.1,0,146289.3,9626.8,9562.2,-0.7
20,adamax,cl_start,2037,0.001,2,clgrid_20_adamax_cl_start_s2037,321,150.8,585,1122,145949.1,15214.7,0,146289.3,9626.8,9475.6,-1.6
20,adamax,cl_start,2038,0.001,2,clgrid_20_adamax_cl_start_s2038,321,205.3,590,1507,145987,15215.3,0,146289.3,9626.8,9611.6,-0.2
20,adamax,cl_start,2039,0.001,2,clgrid_20_adamax_cl_start_s2039,321,225.9,806,1720,145951.6,15214.5,0,146289.3,9626.8,9561.5,-0.7
20,adamax,cl_start,2040,0.001,2,clgrid_20_adamax_cl_start_s2040,321,198.3,965,1516,145915.2,15209.9,0,146289.3,9626.8,9495.5,-1.4
20,adamax,cl_start,2041,0.001,2,clgrid_20_adamax_cl_start_s2041,321,156.9,608,1158,145796.7,15212.2,0,146289.3,9626.8,9455.5,-1.8
20,adamax,cl_start,2042,0.001,2,clgrid_20_adamax_cl_start_s2042,321,161.9,702,1230,145952.1,15212.9,0,146289.3,9626.8,9515.8,-1.2
20,adamax,cl_start,2043,0.001,2,clgrid_20_adamax_cl_start_s2043,321,151.9,621,1113,145897.8,15211.3,0,146289.3,9626.8,9494.8,-1.4
20,adamax,cl_start,2044,0.001,2,clgrid_20_adamax_cl_start_s2044,321,161.2,655,1201,145960.5,15215.3,0,146289.3,9626.8,9633.5,0.1
20,adamax,cl_start,2045,0.001,2,clgrid_20_adamax_cl_start_s2045,321,262.2,1354,1999,145919.8,15212.2,0,146289.3,9626.8,9506.6,-1.2
20,nadam,cl_paper,2026,0.001,1,clgrid_20_nadam_cl_paper_s2026,321,249.7,1900,1900,144214.9,15607,0,146289.3,9626.8,9587.5,-0.4
20,nadam,cl_paper,2027,0.001,1,clgrid_20_nadam_cl_paper_s2027,321,252.6,1900,1900,144358.2,15577.5,0,146289.3,9626.8,9658.8,0.3
20,nadam,cl_paper,2028,0.001,1,clgrid_20_nadam_cl_paper_s2028,321,252.2,1900,1900,144282.7,15563.6,0,146289.3,9626.8,9563.7,-0.7
20,nadam,cl_paper,2029,0.001,1,clgrid_20_nadam_cl_paper_s2029,321,255.1,1900,1900,144630.3,15595.8,0,146289.3,9626.8,9597.9,-0.3
20,nadam,cl_paper,2030,0.001,1,clgrid_20_nadam_cl_paper_s2030,321,245.1,1900,1900,144506.1,15573,0,146289.3,9626.8,9697.6,0.7
20,nadam,cl_paper,2031,0.001,1,clgrid_20_nadam_cl_paper_s2031,321,248.2,1900,1900,144565.3,15533.3,0,146289.3,9626.8,9593.3,-0.3
20,nadam,cl_paper,2032,0.001,1,clgrid_20_nadam_cl_paper_s2032,321,247.6,1900,1900,144677,15509.9,0,146289.3,9626.8,9672.5,0.5
20,nadam,cl_paper,2033,0.001,1,clgrid_20_nadam_cl_paper_s2033,321,270.4,1900,1900,144613.3,15536.1,0,146289.3,9626.8,9656.5,0.3
20,nadam,cl_paper,2034,0.001,1,clgrid_20_nadam_cl_paper_s2034,321,257,1900,1900,144404.4,15529.2,0,146289.3,9626.8,9584.5,-0.4
20,nadam,cl_paper,2035,0.001,1,clgrid_20_nadam_cl_paper_s2035,321,251.9,1900,1900,144565,15458.6,0,146289.3,9626.8,9638.7,0.1
20,nadam,cl_paper,2036,0.001,2,clgrid_20_nadam_cl_paper_s2036,321,253.6,1900,1900,144378,15562.5,0,146289.3,9626.8,9501.5,-1.3
20,nadam,cl_paper,2037,0.001,2,clgrid_20_nadam_cl_paper_s2037,321,246.3,1900,1900,144329.9,15588.5,0,146289.3,9626.8,9588.6,-0.4
20,nadam,cl_paper,2038,0.001,2,clgrid_20_nadam_cl_paper_s2038,321,254.3,1900,1900,144511.2,15564.2,0,146289.3,9626.8,9635.4,0.1
20,nadam,cl_paper,2039,0.001,2,clgrid_20_nadam_cl_paper_s2039,321,246.5,1900,1900,144736.8,15482.7,0,146289.3,9626.8,9607.5,-0.2
20,nadam,cl_paper,2040,0.001,2,clgrid_20_nadam_cl_paper_s2040,321,245.5,1900,1900,144614.2,15455.8,0,146289.3,9626.8,9688.1,0.6
20,nadam,cl_paper,2041,0.001,2,clgrid_20_nadam_cl_paper_s2041,321,252.3,1900,1900,144444.7,15533.4,0,146289.3,9626.8,9694.2,0.7
20,nadam,cl_paper,2042,0.001,2,clgrid_20_nadam_cl_paper_s2042,321,246.5,1900,1900,144470.3,15523.1,0,146289.3,9626.8,9721.2,1
20,nadam,cl_paper,2043,0.001,2,clgrid_20_nadam_cl_paper_s2043,321,248.4,1900,1900,144404.3,15594.1,0,146289.3,9626.8,9593.3,-0.3
20,nadam,cl_paper,2044,0.001,2,clgrid_20_nadam_cl_paper_s2044,321,248.3,1900,1900,144497.3,15541.9,0,146289.3,9626.8,9682.2,0.6
20,nadam,cl_paper,2045,0.001,2,clgrid_20_nadam_cl_paper_s2045,321,250.2,1900,1900,144394.5,15525.2,0,146289.3,9626.8,9593.7,-0.3
20,nadam,cl_start,2026,0.001,1,clgrid_20_nadam_cl_start_s2026,321,161.7,531,1129,145908.2,15210.6,0,146289.3,9626.8,9683.7,0.6
20,nadam,cl_start,2027,0.001,1,clgrid_20_nadam_cl_start_s2027,321,165.6,653,1187,145872.2,15210,0,146289.3,9626.8,9493.7,-1.4
20,nadam,cl_start,2028,0.001,1,clgrid_20_nadam_cl_start_s2028,321,189.3,440,1339,145909,15212.3,0,146289.3,9626.8,9451.8,-1.8
20,nadam,cl_start,2029,0.001,1,clgrid_20_nadam_cl_start_s2029,321,130.5,370,861,145938.9,15213.5,0,146289.3,9626.8,9563.9,-0.7
20,nadam,cl_start,2030,0.001,1,clgrid_20_nadam_cl_start_s2030,321,118.5,336,791,145984.2,15214.5,0,146289.3,9626.8,9569.6,-0.6
20,nadam,cl_start,2031,0.001,1,clgrid_20_nadam_cl_start_s2031,321,154.3,602,1094,145904.9,15213.7,0,146289.3,9626.8,9488.4,-1.4
20,nadam,cl_start,2032,0.001,1,clgrid_20_nadam_cl_start_s2032,321,130.8,349,900,145963.8,15215.9,0,146289.3,9626.8,9654.7,0.3
20,nadam,cl_start,2033,0.001,1,clgrid_20_nadam_cl_start_s2033,321,156.9,397,1032,145984.1,15213.7,0,146289.3,9626.8,9509.4,-1.2
20,nadam,cl_start,2034,0.001,1,clgrid_20_nadam_cl_start_s2034,321,176.7,610,1177,145946,15212.9,0,146289.3,9626.8,9498.9,-1.3
20,nadam,cl_start,2035,0.001,1,clgrid_20_nadam_cl_start_s2035,321,117.4,324,786,145981.7,15214.6,0,146289.3,9626.8,9546.1,-0.8
20,nadam,cl_start,2036,0.001,2,clgrid_20_nadam_cl_start_s2036,321,134.4,448,923,145935.2,15213.8,0,146289.3,9626.8,9575,-0.5
20,nadam,cl_start,2037,0.001,2,clgrid_20_nadam_cl_start_s2037,321,146.7,407,1030,145949.3,15214.4,0,146289.3,9626.8,9439.6,-1.9
20,nadam,cl_start,2038,0.001,2,clgrid_20_nadam_cl_start_s2038,321,172.2,453,1213,145984.7,15214.9,0,146289.3,9626.8,9491.8,-1.4
20,nadam,cl_start,2039,0.001,2,clgrid_20_nadam_cl_start_s2039,321,151.8,556,1076,145948.3,15214.2,0,146289.3,9626.8,9562.2,-0.7
20,nadam,cl_start,2040,0.001,2,clgrid_20_nadam_cl_start_s2040,321,160.6,697,1167,145893.9,15207.9,0,146289.3,9626.8,9490.9,-1.4
20,nadam,cl_start,2041,0.001,2,clgrid_20_nadam_cl_start_s2041,321,163.4,456,1147,145827.9,15212.4,0,146289.3,9626.8,9528.4,-1
20,nadam,cl_start,2042,0.001,2,clgrid_20_nadam_cl_start_s2042,321,158,515,1101,145913.3,15212.2,0,146289.3,9626.8,9593,-0.4
20,nadam,cl_start,2043,0.001,2,clgrid_20_nadam_cl_start_s2043,321,129.1,455,881,145885.3,15210.9,0,146289.3,9626.8,9535.5,-0.9
20,nadam,cl_start,2044,0.001,2,clgrid_20_nadam_cl_start_s2044,321,139.8,442,953,145963.7,15215.2,0,146289.3,9626.8,9388,-2.5
20,nadam,cl_start,2045,0.001,2,clgrid_20_nadam_cl_start_s2045,321,200.4,796,1464,145918,15211.6,0,146289.3,9626.8,9457.9,-1.8
20-20-15,sgd,cl_paper,2026,0.001,1,clgrid_20-20-15_sgd_cl_paper_s2026,1051,236.4,1900,1900,145943.7,15227,0,146289.3,9626.8,9559.3,-0.7
20-20-15,sgd,cl_paper,2027,0.001,1,clgrid_20-20-15_sgd_cl_paper_s2027,1051,238.7,1900,1900,146004.7,15229.1,0,146289.3,9626.8,9618.7,-0.1
20-20-15,sgd,cl_paper,2028,0.001,1,clgrid_20-20-15_sgd_cl_paper_s2028,1051,239.2,1900,1900,145864.9,15298.6,0,146289.3,9626.8,9565.6,-0.6
20-20-15,sgd,cl_paper,2029,0.001,1,clgrid_20-20-15_sgd_cl_paper_s2029,1051,237.2,1900,1900,145765.7,15280.6,0,146289.3,9626.8,9614.6,-0.1
20-20-15,sgd,cl_paper,2030,0.001,1,clgrid_20-20-15_sgd_cl_paper_s2030,1051,237.2,1900,1900,146035.2,15276.4,0,146289.3,9626.8,9666.3,0.4
20-20-15,sgd,cl_paper,2031,0.001,1,clgrid_20-20-15_sgd_cl_paper_s2031,1051,234.6,1900,1900,146001.1,15258.8,0,146289.3,9626.8,9607,-0.2
20-20-15,sgd,cl_paper,2032,0.001,1,clgrid_20-20-15_sgd_cl_paper_s2032,1051,237.2,1900,1900,145982.6,15297.4,0,146289.3,9626.8,9534.3,-1
20-20-15,sgd,cl_paper,2033,0.001,1,clgrid_20-20-15_sgd_cl_paper_s2033,1051,260.9,1900,1900,146026,15277.5,0,146289.3,9626.8,9513.2,-1.2
20-20-15,sgd,cl_paper,2034,0.001,1,clgrid_20-20-15_sgd_cl_paper_s2034,1051,237.4,1900,1900,145863.3,15265.5,0,146289.3,9626.8,9741.6,1.2
20-20-15,sgd,cl_paper,2035,0.001,1,clgrid_20-20-15_sgd_cl_paper_s2035,1051,238,1900,1900,146066.3,15271.6,0,146289.3,9626.8,9468.6,-1.6
20-20-15,sgd,cl_paper,2036,0.001,2,clgrid_20-20-15_sgd_cl_paper_s2036,1051,235.3,1900,1900,145758.6,15245.3,0,146289.3,9626.8,9658.9,0.3
20-20-15,sgd,cl_paper,2037,0.001,2,clgrid_20-20-15_sgd_cl_paper_s2037,1051,236.4,1900,1900,145914.4,15287.5,0,146289.3,9626.8,9494.4,-1.4
20-20-15,sgd,cl_paper,2038,0.001,2,clgrid_20-20-15_sgd_cl_paper_s2038,1051,237.6,1900,1900,145962.2,15257.9,0,146289.3,9626.8,9577.5,-0.5
20-20-15,sgd,cl_paper,2039,0.001,2,clgrid_20-20-15_sgd_cl_paper_s2039,1051,236.7,1900,1900,145978.8,15258,0,146289.3,9626.8,9571.3,-0.6
20-20-15,sgd,cl_paper,2040,0.001,2,clgrid_20-20-15_sgd_cl_paper_s2040,1051,232.4,1900,1900,145967.8,15277,0,146289.3,9626.8,9540.5,-0.9
20-20-15,sgd,cl_paper,2041,0.001,2,clgrid_20-20-15_sgd_cl_paper_s2041,1051,235.9,1900,1900,145913,15252,0,146289.3,9626.8,9536.9,-0.9
20-20-15,sgd,cl_paper,2042,0.001,2,clgrid_20-20-15_sgd_cl_paper_s2042,1051,233.7,1900,1900,145877.5,15302.8,0,146289.3,9626.8,9569,-0.6
20-20-15,sgd,cl_paper,2043,0.001,2,clgrid_20-20-15_sgd_cl_paper_s2043,1051,236.5,1900,1900,146037.2,15251.2,0,146289.3,9626.8,9492.3,-1.4
20-20-15,sgd,cl_paper,2044,0.001,2,clgrid_20-20-15_sgd_cl_paper_s2044,1051,238.6,1900,1900,145907.1,15251.6,0,146289.3,9626.8,9669.2,0.4
20-20-15,sgd,cl_paper,2045,0.001,2,clgrid_20-20-15_sgd_cl_paper_s2045,1051,241.4,1900,1900,145948.2,15255.3,0,146289.3,9626.8,9605.8,-0.2
20-20-15,sgd,cl_start,2026,0.001,1,clgrid_20-20-15_sgd_cl_start_s2026,1051,696.7,5411,5593,145818.1,15211.2,0,146289.3,9626.8,9541.5,-0.9
20-20-15,sgd,cl_start,2027,0.001,1,clgrid_20-20-15_sgd_cl_start_s2027,1051,547.2,4020,4265,145905.8,15220.5,0,146289.3,9626.8,9534.8,-1
20-20-15,sgd,cl_start,2028,0.001,1,clgrid_20-20-15_sgd_cl_start_s2028,1051,658,5061,5291,146149.9,15235.1,0,146289.3,9626.8,9540.9,-0.9
20-20-15,sgd,cl_start,2029,0.001,1,clgrid_20-20-15_sgd_cl_start_s2029,1051,642.9,5058,5264,146083,15224.5,0,146289.3,9626.8,9544.7,-0.9
20-20-15,sgd,cl_start,2030,0.001,1,clgrid_20-20-15_sgd_cl_start_s2030,1051,640,4984,5210,146153.2,15235.6,0,146289.3,9626.8,9549.9,-0.8
20-20-15,sgd,cl_start,2031,0.001,1,clgrid_20-20-15_sgd_cl_start_s2031,1051,491.3,3657,3923,146141,15229.2,0,146289.3,9626.8,9576.6,-0.5
20-20-15,sgd,cl_start,2032,0.001,1,clgrid_20-20-15_sgd_cl_start_s2032,1051,617.7,4571,4795,146119.6,15228.5,0,146289.3,9626.8,9538.9,-0.9
20-20-15,sgd,cl_start,2033,0.001,1,clgrid_20-20-15_sgd_cl_start_s2033,1051,528.4,3836,4082,146177,15232.7,0,146289.3,9626.8,9494.7,-1.4
20-20-15,sgd,cl_start,2034,0.001,1,clgrid_20-20-15_sgd_cl_start_s2034,1051,659.1,5125,5311,146092.1,15226,0,146289.3,9626.8,9567.4,-0.6
20-20-15,sgd,cl_start,2035,0.001,1,clgrid_20-20-15_sgd_cl_start_s2035,1051,510.2,3967,4230,146172,15231.4,0,146289.3,9626.8,9531.4,-1
20-20-15,sgd,cl_start,2036,0.001,2,clgrid_20-20-15_sgd_cl_start_s2036,1051,625.2,4741,4948,146086.2,15225.7,0,146289.3,9626.8,9526.1,-1
20-20-15,sgd,cl_start,2037,0.001,2,clgrid_20-20-15_sgd_cl_start_s2037,1051,515.4,3902,4148,146206.4,15237.1,0,146289.3,9626.8,9494.7,-1.4
20-20-15,sgd,cl_start,2038,0.001,2,clgrid_20-20-15_sgd_cl_start_s2038,1051,700.1,5348,5534,146089.6,15224.6,0,146289.3,9626.8,9529.6,-1
20-20-15,sgd,cl_start,2039,0.001,2,clgrid_20-20-15_sgd_cl_start_s2039,1051,560.1,4310,4535,146092.6,15227.2,0,146289.3,9626.8,9542.4,-0.9
20-20-15,sgd,cl_start,2040,0.001,2,clgrid_20-20-15_sgd_cl_start_s2040,1051,592.7,4510,4736,146170.7,15230.5,0,146289.3,9626.8,9541.5,-0.9
20-20-15,sgd,cl_start,2041,0.001,2,clgrid_20-20-15_sgd_cl_start_s2041,1051,602.2,4658,4863,146050.5,15225,0,146289.3,9626.8,9529.3,-1
20-20-15,sgd,cl_start,2042,0.001,2,clgrid_20-20-15_sgd_cl_start_s2042,1051,554.3,4346,4571,146166.4,15234.9,0,146289.3,9626.8,9509.9,-1.2
20-20-15,sgd,cl_start,2043,0.001,2,clgrid_20-20-15_sgd_cl_start_s2043,1051,594.3,4634,4839,146142.1,15230.1,0,146289.3,9626.8,9513.1,-1.2
20-20-15,sgd,cl_start,2044,0.001,2,clgrid_20-20-15_sgd_cl_start_s2044,1051,604.2,4733,4941,146061.7,15219.4,0,146289.3,9626.8,9578,-0.5
20-20-15,sgd,cl_start,2045,0.001,2,clgrid_20-20-15_sgd_cl_start_s2045,1051,375,2624,2931,146162.1,15234.6,0,146289.3,9626.8,9558.2,-0.7
20-20-15,sgd_momentum,cl_paper,2026,0.001,1,clgrid_20-20-15_sgd_momentum_cl_paper_s2026,1051,243.6,1900,1900,144507.8,15396.6,0,146289.3,9626.8,9567.3,-0.6
20-20-15,sgd_momentum,cl_paper,2027,0.001,1,clgrid_20-20-15_sgd_momentum_cl_paper_s2027,1051,245.8,1900,1900,145011.4,15398.8,0,146289.3,9626.8,9497,-1.3
20-20-15,sgd_momentum,cl_paper,2028,0.001,1,clgrid_20-20-15_sgd_momentum_cl_paper_s2028,1051,247.7,1900,1900,143414.7,15741.8,0,146289.3,9626.8,9559.7,-0.7
20-20-15,sgd_momentum,cl_paper,2029,0.001,1,clgrid_20-20-15_sgd_momentum_cl_paper_s2029,1051,246.4,1900,1900,144833.3,15533.5,0,146289.3,9626.8,9585.8,-0.4
20-20-15,sgd_momentum,cl_paper,2030,0.001,1,clgrid_20-20-15_sgd_momentum_cl_paper_s2030,1051,243.3,1900,1900,145381.6,15392.6,0,146289.3,9626.8,9560,-0.7
20-20-15,sgd_momentum,cl_paper,2031,0.001,1,clgrid_20-20-15_sgd_momentum_cl_paper_s2031,1051,247.2,1900,1900,145057.5,15389.7,0,146289.3,9626.8,9643.9,0.2
20-20-15,sgd_momentum,cl_paper,2032,0.001,1,clgrid_20-20-15_sgd_momentum_cl_paper_s2032,1051,248.2,1900,1900,144519.6,15551,0,146289.3,9626.8,9615.1,-0.1
20-20-15,sgd_momentum,cl_paper,2033,0.001,1,clgrid_20-20-15_sgd_momentum_cl_paper_s2033,1051,260.5,1900,1900,145133.1,15443.3,0,146289.3,9626.8,9527.4,-1
20-20-15,sgd_momentum,cl_paper,2034,0.001,1,clgrid_20-20-15_sgd_momentum_cl_paper_s2034,1051,243.2,1900,1900,145111.4,15387.4,0,146289.3,9626.8,9617,-0.1
20-20-15,sgd_momentum,cl_paper,2035,0.001,1,clgrid_20-20-15_sgd_momentum_cl_paper_s2035,1051,245.8,1900,1900,145218,15355.4,0,146289.3,9626.8,9639,0.1
20-20-15,sgd_momentum,cl_paper,2036,0.001,2,clgrid_20-20-15_sgd_momentum_cl_paper_s2036,1051,247.5,1900,1900,144140.8,15567.1,0,146289.3,9626.8,9466,-1.7
20-20-15,sgd_momentum,cl_paper,2037,0.001,2,clgrid_20-20-15_sgd_momentum_cl_paper_s2037,1051,246.5,1900,1900,144384.4,15645.9,0,146289.3,9626.8,9489.5,-1.4
20-20-15,sgd_momentum,cl_paper,2038,0.001,2,clgrid_20-20-15_sgd_momentum_cl_paper_s2038,1051,249.2,1900,1900,145032,15465.5,0,146289.3,9626.8,9589.4,-0.4
20-20-15,sgd_momentum,cl_paper,2039,0.001,2,clgrid_20-20-15_sgd_momentum_cl_paper_s2039,1051,243.9,1900,1900,145387,15383.7,0,146289.3,9626.8,9548.3,-0.8
20-20-15,sgd_momentum,cl_paper,2040,0.001,2,clgrid_20-20-15_sgd_momentum_cl_paper_s2040,1051,243.4,1900,1900,145247.4,15387.1,0,146289.3,9626.8,9624.1,0
20-20-15,sgd_momentum,cl_paper,2041,0.001,2,clgrid_20-20-15_sgd_momentum_cl_paper_s2041,1051,245.7,1900,1900,144879,15484,0,146289.3,9626.8,9568.7,-0.6
20-20-15,sgd_momentum,cl_paper,2042,0.001,2,clgrid_20-20-15_sgd_momentum_cl_paper_s2042,1051,245.6,1900,1900,145291.1,15399.1,0,146289.3,9626.8,9578.2,-0.5
20-20-15,sgd_momentum,cl_paper,2043,0.001,2,clgrid_20-20-15_sgd_momentum_cl_paper_s2043,1051,248.2,1900,1900,144966,15514.4,0,146289.3,9626.8,9552.9,-0.8
20-20-15,sgd_momentum,cl_paper,2044,0.001,2,clgrid_20-20-15_sgd_momentum_cl_paper_s2044,1051,249.3,1900,1900,145186.1,15452.3,0,146289.3,9626.8,9623.9,0
20-20-15,sgd_momentum,cl_paper,2045,0.001,2,clgrid_20-20-15_sgd_momentum_cl_paper_s2045,1051,248.5,1900,1900,145258.3,15363,0,146289.3,9626.8,9670.1,0.5
20-20-15,sgd_momentum,cl_start,2026,0.001,1,clgrid_20-20-15_sgd_momentum_cl_start_s2026,1051,448.3,3221,3563,145696.4,15196.9,0,146289.3,9626.8,9535.3,-1
20-20-15,sgd_momentum,cl_start,2027,0.001,1,clgrid_20-20-15_sgd_momentum_cl_start_s2027,1051,473.7,3516,3782,145747,15204.9,0,146289.3,9626.8,9491.5,-1.4
20-20-15,sgd_momentum,cl_start,2028,0.001,1,clgrid_20-20-15_sgd_momentum_cl_start_s2028,1051,446.4,3175,3463,145972.6,15215.7,0,146289.3,9626.8,9553.5,-0.8
20-20-15,sgd_momentum,cl_start,2029,0.001,1,clgrid_20-20-15_sgd_momentum_cl_start_s2029,1051,425.2,3010,3296,146004.6,15214.6,0,146289.3,9626.8,9516.5,-1.1
20-20-15,sgd_momentum,cl_start,2030,0.001,1,clgrid_20-20-15_sgd_momentum_cl_start_s2030,1051,493.9,3641,3887,145995.7,15217.2,0,146289.3,9626.8,9532.3,-1
20-20-15,sgd_momentum,cl_start,2031,0.001,1,clgrid_20-20-15_sgd_momentum_cl_start_s2031,1051,351.5,2484,2790,146015.8,15217.9,0,146289.3,9626.8,9549.7,-0.8
20-20-15,sgd_momentum,cl_start,2032,0.001,1,clgrid_20-20-15_sgd_momentum_cl_start_s2032,1051,364.7,2478,2782,145999.4,15216.4,0,146289.3,9626.8,9530.2,-1
20-20-15,sgd_momentum,cl_start,2033,0.001,1,clgrid_20-20-15_sgd_momentum_cl_start_s2033,1051,342.1,2157,2504,146074.7,15223.7,0,146289.3,9626.8,9468.1,-1.6
20-20-15,sgd_momentum,cl_start,2034,0.001,1,clgrid_20-20-15_sgd_momentum_cl_start_s2034,1051,413.8,2958,3284,145998.3,15216.7,0,146289.3,9626.8,9555.7,-0.7
20-20-15,sgd_momentum,cl_start,2035,0.001,1,clgrid_20-20-15_sgd_momentum_cl_start_s2035,1051,321.7,2188,2491,146088.9,15226.7,0,146289.3,9626.8,9520.9,-1.1
20-20-15,sgd_momentum,cl_start,2036,0.001,2,clgrid_20-20-15_sgd_momentum_cl_start_s2036,1051,388.2,2791,3078,146062.3,15222.7,0,146289.3,9626.8,9486.5,-1.5
20-20-15,sgd_momentum,cl_start,2037,0.001,2,clgrid_20-20-15_sgd_momentum_cl_start_s2037,1051,419.2,3088,3355,146085.2,15226.3,0,146289.3,9626.8,9460,-1.7
20-20-15,sgd_momentum,cl_start,2038,0.001,2,clgrid_20-20-15_sgd_momentum_cl_start_s2038,1051,425.5,3085,3389,146009,15215.3,0,146289.3,9626.8,9490.5,-1.4
20-20-15,sgd_momentum,cl_start,2039,0.001,2,clgrid_20-20-15_sgd_momentum_cl_start_s2039,1051,485.2,3592,3858,145975.6,15214.1,0,146289.3,9626.8,9515.2,-1.2
20-20-15,sgd_momentum,cl_start,2040,0.001,2,clgrid_20-20-15_sgd_momentum_cl_start_s2040,1051,317.1,2208,2514,146076.1,15218.8,0,146289.3,9626.8,9523.4,-1.1
20-20-15,sgd_momentum,cl_start,2041,0.001,2,clgrid_20-20-15_sgd_momentum_cl_start_s2041,1051,295.3,1910,2235,146024,15222.1,0,146289.3,9626.8,9502.3,-1.3
20-20-15,sgd_momentum,cl_start,2042,0.001,2,clgrid_20-20-15_sgd_momentum_cl_start_s2042,1051,175.9,967,1332,146190.6,15234.8,0,146289.3,9626.8,9496.5,-1.4
20-20-15,sgd_momentum,cl_start,2043,0.001,2,clgrid_20-20-15_sgd_momentum_cl_start_s2043,1051,370.2,2649,2954,146088.6,15225.3,0,146289.3,9626.8,9485.5,-1.5
20-20-15,sgd_momentum,cl_start,2044,0.001,2,clgrid_20-20-15_sgd_momentum_cl_start_s2044,1051,314.3,2028,2356,146010.3,15216,0,146289.3,9626.8,9545.1,-0.8
20-20-15,sgd_momentum,cl_start,2045,0.001,2,clgrid_20-20-15_sgd_momentum_cl_start_s2045,1051,257.2,1652,1979,146109.4,15229.8,0,146289.3,9626.8,9557.6,-0.7
20-20-15,sgd_nesterov,cl_paper,2026,0.001,1,clgrid_20-20-15_sgd_nesterov_cl_paper_s2026,1051,247.5,1900,1900,144473.1,15405.4,0,146289.3,9626.8,9566.1,-0.6
20-20-15,sgd_nesterov,cl_paper,2027,0.001,1,clgrid_20-20-15_sgd_nesterov_cl_paper_s2027,1051,247.5,1900,1900,144990.4,15404.5,0,146289.3,9626.8,9496.9,-1.3
20-20-15,sgd_nesterov,cl_paper,2028,0.001,1,clgrid_20-20-15_sgd_nesterov_cl_paper_s2028,1051,253.3,1900,1900,143267.2,15763.7,0,146289.3,9626.8,9559,-0.7
20-20-15,sgd_nesterov,cl_paper,2029,0.001,1,clgrid_20-20-15_sgd_nesterov_cl_paper_s2029,1051,248.2,1900,1900,144816.5,15537.7,0,146289.3,9626.8,9586.7,-0.4
20-20-15,sgd_nesterov,cl_paper,2030,0.001,1,clgrid_20-20-15_sgd_nesterov_cl_paper_s2030,1051,244,1900,1900,145367.3,15396.6,0,146289.3,9626.8,9559.8,-0.7
20-20-15,sgd_nesterov,cl_paper,2031,0.001,1,clgrid_20-20-15_sgd_nesterov_cl_paper_s2031,1051,245.3,1900,1900,145031.6,15395.1,0,146289.3,9626.8,9643,0.2
20-20-15,sgd_nesterov,cl_paper,2032,0.001,1,clgrid_20-20-15_sgd_nesterov_cl_paper_s2032,1051,242.6,1900,1900,144460.4,15565.9,0,146289.3,9626.8,9614.6,-0.1
20-20-15,sgd_nesterov,cl_paper,2033,0.001,1,clgrid_20-20-15_sgd_nesterov_cl_paper_s2033,1051,257.7,1900,1900,145119.6,15447.7,0,146289.3,9626.8,9527.4,-1
20-20-15,sgd_nesterov,cl_paper,2034,0.001,1,clgrid_20-20-15_sgd_nesterov_cl_paper_s2034,1051,245.1,1900,1900,145096.6,15389.7,0,146289.3,9626.8,9617.5,-0.1
20-20-15,sgd_nesterov,cl_paper,2035,0.001,1,clgrid_20-20-15_sgd_nesterov_cl_paper_s2035,1051,245.2,1900,1900,145187.2,15357.4,0,146289.3,9626.8,9638,0.1
20-20-15,sgd_nesterov,cl_paper,2036,0.001,2,clgrid_20-20-15_sgd_nesterov_cl_paper_s2036,1051,251,1900,1900,144111.7,15574.3,0,146289.3,9626.8,9466.3,-1.7
20-20-15,sgd_nesterov,cl_paper,2037,0.001,2,clgrid_20-20-15_sgd_nesterov_cl_paper_s2037,1051,245,1900,1900,144319.4,15658,0,146289.3,9626.8,9487.7,-1.4
20-20-15,sgd_nesterov,cl_paper,2038,0.001,2,clgrid_20-20-15_sgd_nesterov_cl_paper_s2038,1051,252.4,1900,1900,145022.1,15467.9,0,146289.3,9626.8,9588.9,-0.4
20-20-15,sgd_nesterov,cl_paper,2039,0.001,2,clgrid_20-20-15_sgd_nesterov_cl_paper_s2039,1051,243.8,1900,1900,145380.4,15385.6,0,146289.3,9626.8,9548.8,-0.8
20-20-15,sgd_nesterov,cl_paper,2040,0.001,2,clgrid_20-20-15_sgd_nesterov_cl_paper_s2040,1051,243.4,1900,1900,145220.3,15388.5,0,146289.3,9626.8,9623.7,0
20-20-15,sgd_nesterov,cl_paper,2041,0.001,2,clgrid_20-20-15_sgd_nesterov_cl_paper_s2041,1051,246,1900,1900,144855.8,15491,0,146289.3,9626.8,9566.7,-0.6
20-20-15,sgd_nesterov,cl_paper,2042,0.001,2,clgrid_20-20-15_sgd_nesterov_cl_paper_s2042,1051,245.9,1900,1900,145279.6,15400.9,0,146289.3,9626.8,9578,-0.5
20-20-15,sgd_nesterov,cl_paper,2043,0.001,2,clgrid_20-20-15_sgd_nesterov_cl_paper_s2043,1051,251.7,1900,1900,144933.5,15521.5,0,146289.3,9626.8,9551.6,-0.8
20-20-15,sgd_nesterov,cl_paper,2044,0.001,2,clgrid_20-20-15_sgd_nesterov_cl_paper_s2044,1051,248.2,1900,1900,145172.3,15456.4,0,146289.3,9626.8,9623.5,0
20-20-15,sgd_nesterov,cl_paper,2045,0.001,2,clgrid_20-20-15_sgd_nesterov_cl_paper_s2045,1051,249.4,1900,1900,145234.6,15365.5,0,146289.3,9626.8,9669.5,0.4
20-20-15,sgd_nesterov,cl_start,2026,0.001,1,clgrid_20-20-15_sgd_nesterov_cl_start_s2026,1051,456,3220,3562,145698.8,15197.3,0,146289.3,9626.8,9535.6,-0.9
20-20-15,sgd_nesterov,cl_start,2027,0.001,1,clgrid_20-20-15_sgd_nesterov_cl_start_s2027,1051,480,3511,3776,145749.8,15205.8,0,146289.3,9626.8,9493.7,-1.4
20-20-15,sgd_nesterov,cl_start,2028,0.001,1,clgrid_20-20-15_sgd_nesterov_cl_start_s2028,1051,506.5,3652,3920,145971,15215.6,0,146289.3,9626.8,9556.6,-0.7
20-20-15,sgd_nesterov,cl_start,2029,0.001,1,clgrid_20-20-15_sgd_nesterov_cl_start_s2029,1051,414.9,3014,3300,146004,15214.6,0,146289.3,9626.8,9516.4,-1.1
20-20-15,sgd_nesterov,cl_start,2030,0.001,1,clgrid_20-20-15_sgd_nesterov_cl_start_s2030,1051,497,3635,3881,145995.6,15217.2,0,146289.3,9626.8,9533.7,-1
20-20-15,sgd_nesterov,cl_start,2031,0.001,1,clgrid_20-20-15_sgd_nesterov_cl_start_s2031,1051,353.2,2482,2788,146015.6,15217.9,0,146289.3,9626.8,9547.4,-0.8
20-20-15,sgd_nesterov,cl_start,2032,0.001,1,clgrid_20-20-15_sgd_nesterov_cl_start_s2032,1051,375,2592,2896,145986,15216.4,0,146289.3,9626.8,9534.1,-1
20-20-15,sgd_nesterov,cl_start,2033,0.001,1,clgrid_20-20-15_sgd_nesterov_cl_start_s2033,1051,339.6,2159,2506,146074.4,15223.7,0,146289.3,9626.8,9468.5,-1.6
20-20-15,sgd_nesterov,cl_start,2034,0.001,1,clgrid_20-20-15_sgd_nesterov_cl_start_s2034,1051,418.3,2959,3285,145998.2,15216.7,0,146289.3,9626.8,9555.2,-0.7
20-20-15,sgd_nesterov,cl_start,2035,0.001,1,clgrid_20-20-15_sgd_nesterov_cl_start_s2035,1051,325,2184,2487,146088,15226.7,0,146289.3,9626.8,9521.1,-1.1
20-20-15,sgd_nesterov,cl_start,2036,0.001,2,clgrid_20-20-15_sgd_nesterov_cl_start_s2036,1051,398.4,2833,3120,146044.3,15222.4,0,146289.3,9626.8,9479.2,-1.5
20-20-15,sgd_nesterov,cl_start,2037,0.001,2,clgrid_20-20-15_sgd_nesterov_cl_start_s2037,1051,422.9,3097,3363,146084.9,15226.4,0,146289.3,9626.8,9462.5,-1.7
20-20-15,sgd_nesterov,cl_start,2038,0.001,2,clgrid_20-20-15_sgd_nesterov_cl_start_s2038,1051,423,3085,3389,146008.8,15215.3,0,146289.3,9626.8,9490.4,-1.4
20-20-15,sgd_nesterov,cl_start,2039,0.001,2,clgrid_20-20-15_sgd_nesterov_cl_start_s2039,1051,496.5,3585,3850,145981.8,15214.1,0,146289.3,9626.8,9513.4,-1.2
20-20-15,sgd_nesterov,cl_start,2040,0.001,2,clgrid_20-20-15_sgd_nesterov_cl_start_s2040,1051,384.7,2705,2991,146074.6,15219,0,146289.3,9626.8,9523.2,-1.1
20-20-15,sgd_nesterov,cl_start,2041,0.001,2,clgrid_20-20-15_sgd_nesterov_cl_start_s2041,1051,290.7,1914,2239,146031.1,15222.3,0,146289.3,9626.8,9501.3,-1.3
20-20-15,sgd_nesterov,cl_start,2042,0.001,2,clgrid_20-20-15_sgd_nesterov_cl_start_s2042,1051,183.5,979,1344,146190.4,15235,0,146289.3,9626.8,9498.3,-1.3
20-20-15,sgd_nesterov,cl_start,2043,0.001,2,clgrid_20-20-15_sgd_nesterov_cl_start_s2043,1051,374.2,2647,2952,146091,15226.1,0,146289.3,9626.8,9484.4,-1.5
20-20-15,sgd_nesterov,cl_start,2044,0.001,2,clgrid_20-20-15_sgd_nesterov_cl_start_s2044,1051,361.8,2519,2827,146009.3,15216,0,146289.3,9626.8,9536,-0.9
20-20-15,sgd_nesterov,cl_start,2045,0.001,2,clgrid_20-20-15_sgd_nesterov_cl_start_s2045,1051,261,1649,1976,146109,15229.8,0,146289.3,9626.8,9554.5,-0.8
20-20-15,adagrad,cl_paper,2026,0.01,1,clgrid_20-20-15_adagrad_cl_paper_s2026,1051,241.5,1900,1900,141500.2,15647.9,0,146289.3,9626.8,9321.7,-3.2
20-20-15,adagrad,cl_paper,2027,0.01,1,clgrid_20-20-15_adagrad_cl_paper_s2027,1051,249.8,1900,1900,143824.1,15780.5,0,146289.3,9626.8,9580.8,-0.5
20-20-15,adagrad,cl_paper,2028,0.01,1,clgrid_20-20-15_adagrad_cl_paper_s2028,1051,244.8,1900,1900,139443.7,15823.7,0,146289.3,9626.8,9414.4,-2.2
20-20-15,adagrad,cl_paper,2029,0.01,1,clgrid_20-20-15_adagrad_cl_paper_s2029,1051,247.7,1900,1900,143715.4,15653.2,0,146289.3,9626.8,9533.3,-1
20-20-15,adagrad,cl_paper,2030,0.01,1,clgrid_20-20-15_adagrad_cl_paper_s2030,1051,249.2,1900,1900,144517,15672.8,0,146289.3,9626.8,9666.8,0.4
20-20-15,adagrad,cl_paper,2031,0.01,1,clgrid_20-20-15_adagrad_cl_paper_s2031,1051,247.9,1900,1900,143278.5,15775.3,0,146289.3,9626.8,9448.4,-1.9
20-20-15,adagrad,cl_paper,2032,0.01,1,clgrid_20-20-15_adagrad_cl_paper_s2032,1051,256.9,1900,1900,141186.7,15944.9,0,146289.3,9626.8,9787.4,1.7
20-20-15,adagrad,cl_paper,2033,0.01,1,clgrid_20-20-15_adagrad_cl_paper_s2033,1051,263.1,1900,1900,144142.6,15705.1,0,146289.3,9626.8,9632.7,0.1
20-20-15,adagrad,cl_paper,2034,0.01,1,clgrid_20-20-15_adagrad_cl_paper_s2034,1051,250.5,1900,1900,143913.1,15650.6,0,146289.3,9626.8,9773.8,1.5
20-20-15,adagrad,cl_paper,2035,0.01,1,clgrid_20-20-15_adagrad_cl_paper_s2035,1051,241.4,1900,1900,143577.5,15571.9,0,146289.3,9626.8,9455.6,-1.8
20-20-15,adagrad,cl_paper,2036,0.01,2,clgrid_20-20-15_adagrad_cl_paper_s2036,1051,248.5,1900,1900,143151.4,15600.4,0,146289.3,9626.8,9310.9,-3.3
20-20-15,adagrad,cl_paper,2037,0.01,2,clgrid_20-20-15_adagrad_cl_paper_s2037,1051,247.3,1900,1900,141434.8,16235.8,0,146289.3,9626.8,9704,0.8
20-20-15,adagrad,cl_paper,2038,0.01,2,clgrid_20-20-15_adagrad_cl_paper_s2038,1051,242.9,1900,1900,144177.6,15576.8,0,146289.3,9626.8,9518.5,-1.1
20-20-15,adagrad,cl_paper,2039,0.01,2,clgrid_20-20-15_adagrad_cl_paper_s2039,1051,246.4,1900,1900,144704,15511.3,0,146289.3,9626.8,9551.3,-0.8
20-20-15,adagrad,cl_paper,2040,0.01,2,clgrid_20-20-15_adagrad_cl_paper_s2040,1051,244.6,1900,1900,142715.3,15679.8,0,146289.3,9626.8,9704.7,0.8
20-20-15,adagrad,cl_paper,2041,0.01,2,clgrid_20-20-15_adagrad_cl_paper_s2041,1051,248.6,1900,1900,143289.3,15769.4,0,146289.3,9626.8,9393,-2.4
20-20-15,adagrad,cl_paper,2042,0.01,2,clgrid_20-20-15_adagrad_cl_paper_s2042,1051,244.3,1900,1900,143851.2,15592.2,0,146289.3,9626.8,9535.4,-0.9
20-20-15,adagrad,cl_paper,2043,0.01,2,clgrid_20-20-15_adagrad_cl_paper_s2043,1051,247.2,1900,1900,143197.3,15771.4,0,146289.3,9626.8,9382,-2.5
20-20-15,adagrad,cl_paper,2044,0.01,2,clgrid_20-20-15_adagrad_cl_paper_s2044,1051,251.4,1900,1900,144478,15631.9,0,146289.3,9626.8,9482.4,-1.5
20-20-15,adagrad,cl_paper,2045,0.01,2,clgrid_20-20-15_adagrad_cl_paper_s2045,1051,245.2,1900,1900,143826.2,15580.4,0,146289.3,9626.8,9535.3,-1
20-20-15,adagrad,cl_start,2026,0.01,1,clgrid_20-20-15_adagrad_cl_start_s2026,1051,276,1739,2145,145707.6,15197.6,0,146289.3,9626.8,9520.2,-1.1
20-20-15,adagrad,cl_start,2027,0.01,1,clgrid_20-20-15_adagrad_cl_start_s2027,1051,399.6,2779,3123,145812.8,15207.8,0,146289.3,9626.8,9498.9,-1.3
20-20-15,adagrad,cl_start,2028,0.01,1,clgrid_20-20-15_adagrad_cl_start_s2028,1051,412.8,2947,3235,145950.3,15213.2,0,146289.3,9626.8,9545.2,-0.8
20-20-15,adagrad,cl_start,2029,0.01,1,clgrid_20-20-15_adagrad_cl_start_s2029,1051,343.4,2374,2718,145952.9,15210.7,0,146289.3,9626.8,9340.1,-3
20-20-15,adagrad,cl_start,2030,0.01,1,clgrid_20-20-15_adagrad_cl_start_s2030,1051,487.8,3543,3807,145952.6,15214.1,0,146289.3,9626.8,9551.2,-0.8
20-20-15,adagrad,cl_start,2031,0.01,1,clgrid_20-20-15_adagrad_cl_start_s2031,1051,309.2,2053,2381,145978.2,15214.9,0,146289.3,9626.8,9517.4,-1.1
20-20-15,adagrad,cl_start,2032,0.01,1,clgrid_20-20-15_adagrad_cl_start_s2032,1051,345.7,2302,2649,145956.6,15214.2,0,146289.3,9626.8,9516.2,-1.1
20-20-15,adagrad,cl_start,2033,0.01,1,clgrid_20-20-15_adagrad_cl_start_s2033,1051,410,2849,3173,145981.5,15214,0,146289.3,9626.8,9490.6,-1.4
20-20-15,adagrad,cl_start,2034,0.01,1,clgrid_20-20-15_adagrad_cl_start_s2034,1051,271.8,1707,2052,145993,15215.7,0,146289.3,9626.8,9517,-1.1
20-20-15,adagrad,cl_start,2035,0.01,1,clgrid_20-20-15_adagrad_cl_start_s2035,1051,399.2,2837,3122,145991.5,15217.2,0,146289.3,9626.8,9474.3,-1.6
20-20-15,adagrad,cl_start,2036,0.01,2,clgrid_20-20-15_adagrad_cl_start_s2036,1051,436,3025,3316,145981.9,15218.6,0,146289.3,9626.8,9495.2,-1.4
20-20-15,adagrad,cl_start,2037,0.01,2,clgrid_20-20-15_adagrad_cl_start_s2037,1051,326,2141,2484,146047.4,15224.4,0,146289.3,9626.8,9353.3,-2.8
20-20-15,adagrad,cl_start,2038,0.01,2,clgrid_20-20-15_adagrad_cl_start_s2038,1051,347.7,2371,2675,145999.4,15214.5,0,146289.3,9626.8,9455.4,-1.8
20-20-15,adagrad,cl_start,2039,0.01,2,clgrid_20-20-15_adagrad_cl_start_s2039,1051,450.6,3231,3530,145998.1,15213.3,0,146289.3,9626.8,9492.3,-1.4
20-20-15,adagrad,cl_start,2040,0.01,2,clgrid_20-20-15_adagrad_cl_start_s2040,1051,354.6,2468,2795,145971.8,15213.4,0,146289.3,9626.8,9512.9,-1.2
20-20-15,adagrad,cl_start,2041,0.01,2,clgrid_20-20-15_adagrad_cl_start_s2041,1051,422.1,2839,3255,145923.4,15215.5,0,146289.3,9626.8,9526.3,-1
20-20-15,adagrad,cl_start,2042,0.01,2,clgrid_20-20-15_adagrad_cl_start_s2042,1051,313.5,2101,2430,146033.7,15222.9,0,146289.3,9626.8,9468.7,-1.6
20-20-15,adagrad,cl_start,2043,0.01,2,clgrid_20-20-15_adagrad_cl_start_s2043,1051,398.8,2777,3104,145931.3,15213.8,0,146289.3,9626.8,9500.7,-1.3
20-20-15,adagrad,cl_start,2044,0.01,2,clgrid_20-20-15_adagrad_cl_start_s2044,1051,414.9,2963,3254,145940.8,15211,0,146289.3,9626.8,9523,-1.1
20-20-15,adagrad,cl_start,2045,0.01,2,clgrid_20-20-15_adagrad_cl_start_s2045,1051,219.8,1334,1683,146064.1,15224.8,0,146289.3,9626.8,9518.1,-1.1
20-20-15,adadelta,cl_paper,2026,1,1,clgrid_20-20-15_adadelta_cl_paper_s2026,1051,255.6,1900,1900,138703.1,15488.9,0,146289.3,9626.8,8864.2,-7.9
20-20-15,adadelta,cl_paper,2027,1,1,clgrid_20-20-15_adadelta_cl_paper_s2027,1051,257.4,1900,1900,140196.2,16890.8,0,146289.3,9626.8,9757.2,1.4
20-20-15,adadelta,cl_paper,2028,1,1,clgrid_20-20-15_adadelta_cl_paper_s2028,1051,261,1900,1900,149447.1,15841.5,0,146289.3,9626.8,8506.5,-11.6
20-20-15,adadelta,cl_paper,2029,1,1,clgrid_20-20-15_adadelta_cl_paper_s2029,1051,260.3,1900,1900,144999.3,15342.3,0,146289.3,9626.8,9977.7,3.6
20-20-15,adadelta,cl_paper,2030,1,1,clgrid_20-20-15_adadelta_cl_paper_s2030,1051,252.8,1900,1900,144324.2,15768.6,0,146289.3,9626.8,7657.2,-20.5
20-20-15,adadelta,cl_paper,2031,1,1,clgrid_20-20-15_adadelta_cl_paper_s2031,1051,253.6,1900,1900,143486.7,16160.4,0,146289.3,9626.8,8503.7,-11.7
20-20-15,adadelta,cl_paper,2032,1,1,clgrid_20-20-15_adadelta_cl_paper_s2032,1051,264.1,1900,1900,143284.4,15963.6,0,146289.3,9626.8,10950.3,13.7
20-20-15,adadelta,cl_paper,2033,1,1,clgrid_20-20-15_adadelta_cl_paper_s2033,1051,262.9,1900,1900,147104.7,16058.5,0,146289.3,9626.8,11250.9,16.9
20-20-15,adadelta,cl_paper,2034,1,1,clgrid_20-20-15_adadelta_cl_paper_s2034,1051,259.4,1900,1900,135988,15720,0,146289.3,9626.8,8380.8,-12.9
20-20-15,adadelta,cl_paper,2035,1,1,clgrid_20-20-15_adadelta_cl_paper_s2035,1051,251.4,1900,1900,148822,16952.3,0,146289.3,9626.8,10649.8,10.6
20-20-15,adadelta,cl_paper,2036,1,2,clgrid_20-20-15_adadelta_cl_paper_s2036,1051,256.8,1900,1900,144466.5,16284.1,0,146289.3,9626.8,7774,-19.2
20-20-15,adadelta,cl_paper,2037,1,2,clgrid_20-20-15_adadelta_cl_paper_s2037,1051,250.9,1900,1900,196494.3,21103.7,0,146289.3,9626.8,7788.3,-19.1
20-20-15,adadelta,cl_paper,2038,1,2,clgrid_20-20-15_adadelta_cl_paper_s2038,1051,255.9,1900,1900,140960.6,15458.7,0,146289.3,9626.8,8537.8,-11.3
20-20-15,adadelta,cl_paper,2039,1,2,clgrid_20-20-15_adadelta_cl_paper_s2039,1051,251.7,1900,1900,143120.4,15871.3,0,146289.3,9626.8,8497.2,-11.7
20-20-15,adadelta,cl_paper,2040,1,2,clgrid_20-20-15_adadelta_cl_paper_s2040,1051,257.8,1900,1900,142485.4,16088.8,0,146289.3,9626.8,10941.2,13.7
20-20-15,adadelta,cl_paper,2041,1,2,clgrid_20-20-15_adadelta_cl_paper_s2041,1051,259.2,1900,1900,135183.2,17201.3,0,146289.3,9626.8,8525.9,-11.4
20-20-15,adadelta,cl_paper,2042,1,2,clgrid_20-20-15_adadelta_cl_paper_s2042,1051,260.9,1900,1900,143722.8,15453.3,0,146289.3,9626.8,7181.3,-25.4
20-20-15,adadelta,cl_paper,2043,1,2,clgrid_20-20-15_adadelta_cl_paper_s2043,1051,254.7,1900,1900,122069.7,17608.4,0,146289.3,9626.8,11258.2,16.9
20-20-15,adadelta,cl_paper,2044,1,2,clgrid_20-20-15_adadelta_cl_paper_s2044,1051,256.2,1900,1900,143074.9,15914.4,0,146289.3,9626.8,8770.5,-8.9
20-20-15,adadelta,cl_paper,2045,1,2,clgrid_20-20-15_adadelta_cl_paper_s2045,1051,254.1,1900,1900,143975.5,16310.3,0,146289.3,9626.8,8975.8,-6.8
20-20-15,adadelta,cl_start,2026,1,1,clgrid_20-20-15_adadelta_cl_start_s2026,1051,150.5,540,1019,145787.5,15204.9,0,146289.3,9626.8,9321.1,-3.2
20-20-15,adadelta,cl_start,2027,1,1,clgrid_20-20-15_adadelta_cl_start_s2027,1051,159.8,662,1086,145921.1,15211.9,0,146289.3,9626.8,9578.9,-0.5
20-20-15,adadelta,cl_start,2028,1,1,clgrid_20-20-15_adadelta_cl_start_s2028,1051,240.3,1284,1724,145931.5,15211.9,0,146289.3,9626.8,9151.3,-4.9
20-20-15,adadelta,cl_start,2029,1,1,clgrid_20-20-15_adadelta_cl_start_s2029,1051,188.3,809,1300,145947.1,15210.2,0,146289.3,9626.8,9123.7,-5.2
20-20-15,adadelta,cl_start,2030,1,1,clgrid_20-20-15_adadelta_cl_start_s2030,1051,255.5,1460,1884,145938.1,15211.5,0,146289.3,9626.8,9047.4,-6
20-20-15,adadelta,cl_start,2031,1,1,clgrid_20-20-15_adadelta_cl_start_s2031,1051,165.2,672,1164,145908.1,15211.2,0,146289.3,9626.8,9558.4,-0.7
20-20-15,adadelta,cl_start,2032,1,1,clgrid_20-20-15_adadelta_cl_start_s2032,1051,157.3,553,1028,146021.3,15217.7,0,146289.3,9626.8,9361.9,-2.8
20-20-15,adadelta,cl_start,2033,1,1,clgrid_20-20-15_adadelta_cl_start_s2033,1051,169.7,668,1138,146008.1,15213.6,0,146289.3,9626.8,9296.7,-3.4
20-20-15,adadelta,cl_start,2034,1,1,clgrid_20-20-15_adadelta_cl_start_s2034,1051,156.5,584,1060,145977.6,15213.5,0,146289.3,9626.8,9354.8,-2.8
20-20-15,adadelta,cl_start,2035,1,1,clgrid_20-20-15_adadelta_cl_start_s2035,1051,195.3,958,1390,146004.7,15215.2,0,146289.3,9626.8,8568.4,-11
20-20-15,adadelta,cl_start,2036,1,2,clgrid_20-20-15_adadelta_cl_start_s2036,1051,168.9,712,1155,145941.9,15212.8,0,146289.3,9626.8,8904.8,-7.5
20-20-15,adadelta,cl_start,2037,1,2,clgrid_20-20-15_adadelta_cl_start_s2037,1051,229.8,1197,1675,145996,15216.8,0,146289.3,9626.8,9077,-5.7
20-20-15,adadelta,cl_start,2038,1,2,clgrid_20-20-15_adadelta_cl_start_s2038,1051,167.9,746,1162,145979.6,15213.1,0,146289.3,9626.8,9447.3,-1.9
20-20-15,adadelta,cl_start,2039,1,2,clgrid_20-20-15_adadelta_cl_start_s2039,1051,140.9,511,938,145969.2,15212.4,0,146289.3,9626.8,9446.1,-1.9
20-20-15,adadelta,cl_start,2040,1,2,clgrid_20-20-15_adadelta_cl_start_s2040,1051,162.9,680,1132,146054.1,15217.4,0,146289.3,9626.8,9173.5,-4.7
20-20-15,adadelta,cl_start,2041,1,2,clgrid_20-20-15_adadelta_cl_start_s2041,1051,131.9,448,845,145977.5,15214.8,0,146289.3,9626.8,9023.4,-6.3
20-20-15,adadelta,cl_start,2042,1,2,clgrid_20-20-15_adadelta_cl_start_s2042,1051,204.8,1026,1442,145947.7,15216.8,0,146289.3,9626.8,8931.8,-7.2
20-20-15,adadelta,cl_start,2043,1,2,clgrid_20-20-15_adadelta_cl_start_s2043,1051,148.2,466,984,146029.8,15215.1,0,146289.3,9626.8,9510.5,-1.2
20-20-15,adadelta,cl_start,2044,1,2,clgrid_20-20-15_adadelta_cl_start_s2044,1051,181.1,775,1243,145952.1,15211.7,0,146289.3,9626.8,9246.8,-3.9
20-20-15,adadelta,cl_start,2045,1,2,clgrid_20-20-15_adadelta_cl_start_s2045,1051,174.3,717,1210,145988.4,15217.5,0,146289.3,9626.8,9218.2,-4.2
20-20-15,rmsprop,cl_paper,2026,0.001,1,clgrid_20-20-15_rmsprop_cl_paper_s2026,1051,246.8,1900,1900,141471.5,15587.7,0,146289.3,9626.8,9221.3,-4.2
20-20-15,rmsprop,cl_paper,2027,0.001,1,clgrid_20-20-15_rmsprop_cl_paper_s2027,1051,250.3,1900,1900,142222.2,15681.3,0,146289.3,9626.8,9173.6,-4.7
20-20-15,rmsprop,cl_paper,2028,0.001,1,clgrid_20-20-15_rmsprop_cl_paper_s2028,1051,251.7,1900,1900,140116.8,15636.7,0,146289.3,9626.8,9144.1,-5
20-20-15,rmsprop,cl_paper,2029,0.001,1,clgrid_20-20-15_rmsprop_cl_paper_s2029,1051,247.7,1900,1900,141746.1,15738.5,0,146289.3,9626.8,9828,2.1
20-20-15,rmsprop,cl_paper,2030,0.001,1,clgrid_20-20-15_rmsprop_cl_paper_s2030,1051,250.9,1900,1900,143278.6,15796.4,0,146289.3,9626.8,8779.6,-8.8
20-20-15,rmsprop,cl_paper,2031,0.001,1,clgrid_20-20-15_rmsprop_cl_paper_s2031,1051,242.5,1900,1900,142613.4,15718.4,0,146289.3,9626.8,9386.7,-2.5
20-20-15,rmsprop,cl_paper,2032,0.001,1,clgrid_20-20-15_rmsprop_cl_paper_s2032,1051,258.9,1900,1900,142093.6,15707.3,0,146289.3,9626.8,10050.3,4.4
20-20-15,rmsprop,cl_paper,2033,0.001,1,clgrid_20-20-15_rmsprop_cl_paper_s2033,1051,246.4,1900,1900,143164.6,15698.9,0,146289.3,9626.8,10125.3,5.2
20-20-15,rmsprop,cl_paper,2034,0.001,1,clgrid_20-20-15_rmsprop_cl_paper_s2034,1051,250,1900,1900,142731.2,15637.1,0,146289.3,9626.8,8897.9,-7.6
20-20-15,rmsprop,cl_paper,2035,0.001,1,clgrid_20-20-15_rmsprop_cl_paper_s2035,1051,243.4,1900,1900,142680.2,15605.9,0,146289.3,9626.8,10643.6,10.6
20-20-15,rmsprop,cl_paper,2036,0.001,2,clgrid_20-20-15_rmsprop_cl_paper_s2036,1051,246.3,1900,1900,142285.2,15573.2,0,146289.3,9626.8,9092,-5.6
20-20-15,rmsprop,cl_paper,2037,0.001,2,clgrid_20-20-15_rmsprop_cl_paper_s2037,1051,244.4,1900,1900,141644.4,15968.3,0,146289.3,9626.8,10465.7,8.7
20-20-15,rmsprop,cl_paper,2038,0.001,2,clgrid_20-20-15_rmsprop_cl_paper_s2038,1051,248,1900,1900,143032.8,15629.7,0,146289.3,9626.8,9404.4,-2.3
20-20-15,rmsprop,cl_paper,2039,0.001,2,clgrid_20-20-15_rmsprop_cl_paper_s2039,1051,249.8,1900,1900,143326.8,15604.1,0,146289.3,9626.8,9486,-1.5
20-20-15,rmsprop,cl_paper,2040,0.001,2,clgrid_20-20-15_rmsprop_cl_paper_s2040,1051,246.4,1900,1900,142588.2,15588.9,0,146289.3,9626.8,9966.5,3.5
20-20-15,rmsprop,cl_paper,2041,0.001,2,clgrid_20-20-15_rmsprop_cl_paper_s2041,1051,246.7,1900,1900,142247.1,15684.1,0,146289.3,9626.8,9267.7,-3.7
20-20-15,rmsprop,cl_paper,2042,0.001,2,clgrid_20-20-15_rmsprop_cl_paper_s2042,1051,249.4,1900,1900,142348.2,15598.7,0,146289.3,9626.8,9236.3,-4.1
20-20-15,rmsprop,cl_paper,2043,0.001,2,clgrid_20-20-15_rmsprop_cl_paper_s2043,1051,244.9,1900,1900,142114.4,15818.6,0,146289.3,9626.8,9602.9,-0.2
20-20-15,rmsprop,cl_paper,2044,0.001,2,clgrid_20-20-15_rmsprop_cl_paper_s2044,1051,249.5,1900,1900,143127.3,15788.8,0,146289.3,9626.8,9797,1.8
20-20-15,rmsprop,cl_paper,2045,0.001,2,clgrid_20-20-15_rmsprop_cl_paper_s2045,1051,243.1,1900,1900,142521,15589.2,0,146289.3,9626.8,8981.7,-6.7
20-20-15,rmsprop,cl_start,2026,0.001,1,clgrid_20-20-15_rmsprop_cl_start_s2026,1051,145.9,591,1045,145704.7,15201.7,0,146289.3,9626.8,9551.6,-0.8
20-20-15,rmsprop,cl_start,2027,0.001,1,clgrid_20-20-15_rmsprop_cl_start_s2027,1051,175.6,858,1271,145789,15203.9,0,146289.3,9626.8,9167.9,-4.8
20-20-15,rmsprop,cl_start,2028,0.001,1,clgrid_20-20-15_rmsprop_cl_start_s2028,1051,218.5,1199,1643,145889.9,15205.9,0,146289.3,9626.8,9619.5,-0.1
20-20-15,rmsprop,cl_start,2029,0.001,1,clgrid_20-20-15_rmsprop_cl_start_s2029,1051,177.9,816,1293,145888.7,15203.3,0,146289.3,9626.8,9600,-0.3
20-20-15,rmsprop,cl_start,2030,0.001,1,clgrid_20-20-15_rmsprop_cl_start_s2030,1051,174.2,794,1269,145916.2,15211.5,0,146289.3,9626.8,9348.8,-2.9
20-20-15,rmsprop,cl_start,2031,0.001,1,clgrid_20-20-15_rmsprop_cl_start_s2031,1051,164.2,713,1212,145919,15212.1,0,146289.3,9626.8,9385.4,-2.5
20-20-15,rmsprop,cl_start,2032,0.001,1,clgrid_20-20-15_rmsprop_cl_start_s2032,1051,142.2,478,961,145945.9,15211.7,0,146289.3,9626.8,9249.3,-3.9
20-20-15,rmsprop,cl_start,2033,0.001,1,clgrid_20-20-15_rmsprop_cl_start_s2033,1051,147.5,580,1034,145884.6,15203.5,0,146289.3,9626.8,9394.6,-2.4
20-20-15,rmsprop,cl_start,2034,0.001,1,clgrid_20-20-15_rmsprop_cl_start_s2034,1051,139.7,412,971,145957,15212,0,146289.3,9626.8,9254.1,-3.9
20-20-15,rmsprop,cl_start,2035,0.001,1,clgrid_20-20-15_rmsprop_cl_start_s2035,1051,155.6,640,1118,145964.7,15212.4,0,146289.3,9626.8,9217.1,-4.3
20-20-15,rmsprop,cl_start,2036,0.001,2,clgrid_20-20-15_rmsprop_cl_start_s2036,1051,179.5,786,1291,145882.2,15207.5,0,146289.3,9626.8,9401.9,-2.3
20-20-15,rmsprop,cl_start,2037,0.001,2,clgrid_20-20-15_rmsprop_cl_start_s2037,1051,144.8,573,1053,145965.3,15215.5,0,146289.3,9626.8,9397.1,-2.4
20-20-15,rmsprop,cl_start,2038,0.001,2,clgrid_20-20-15_rmsprop_cl_start_s2038,1051,189.8,900,1384,145853.3,15208.5,0,146289.3,9626.8,9454.7,-1.8
20-20-15,rmsprop,cl_start,2039,0.001,2,clgrid_20-20-15_rmsprop_cl_start_s2039,1051,138.6,548,995,145890.6,15210.6,0,146289.3,9626.8,9289.9,-3.5
20-20-15,rmsprop,cl_start,2040,0.001,2,clgrid_20-20-15_rmsprop_cl_start_s2040,1051,163.7,760,1188,145919.3,15206.1,0,146289.3,9626.8,9479.1,-1.5
20-20-15,rmsprop,cl_start,2041,0.001,2,clgrid_20-20-15_rmsprop_cl_start_s2041,1051,132,476,907,145855.9,15212.3,0,146289.3,9626.8,9422.8,-2.1
20-20-15,rmsprop,cl_start,2042,0.001,2,clgrid_20-20-15_rmsprop_cl_start_s2042,1051,188.4,925,1416,145913.4,15214.7,0,146289.3,9626.8,9323.4,-3.2
20-20-15,rmsprop,cl_start,2043,0.001,2,clgrid_20-20-15_rmsprop_cl_start_s2043,1051,156.5,700,1140,145828,15207,0,146289.3,9626.8,9615.5,-0.1
20-20-15,rmsprop,cl_start,2044,0.001,2,clgrid_20-20-15_rmsprop_cl_start_s2044,1051,152.1,627,1061,145896.9,15206.3,0,146289.3,9626.8,9684,0.6
20-20-15,rmsprop,cl_start,2045,0.001,2,clgrid_20-20-15_rmsprop_cl_start_s2045,1051,179.5,817,1324,145909.8,15213.1,0,146289.3,9626.8,9457.6,-1.8
20-20-15,adam,cl_paper,2026,0.001,1,clgrid_20-20-15_adam_cl_paper_s2026,1051,255.4,1900,1900,141959.1,15607.7,0,146289.3,9626.8,9728.8,1.1
20-20-15,adam,cl_paper,2027,0.001,1,clgrid_20-20-15_adam_cl_paper_s2027,1051,254.3,1900,1900,142889.6,15594.3,0,146289.3,9626.8,9737.1,1.1
20-20-15,adam,cl_paper,2028,0.001,1,clgrid_20-20-15_adam_cl_paper_s2028,1051,262.8,1900,1900,140227,15695,0,146289.3,9626.8,9744.5,1.2
20-20-15,adam,cl_paper,2029,0.001,1,clgrid_20-20-15_adam_cl_paper_s2029,1051,252,1900,1900,142561,15639.6,0,146289.3,9626.8,9725.6,1
20-20-15,adam,cl_paper,2030,0.001,1,clgrid_20-20-15_adam_cl_paper_s2030,1051,252.6,1900,1900,143585.8,15769.9,0,146289.3,9626.8,9727.9,1.1
20-20-15,adam,cl_paper,2031,0.001,1,clgrid_20-20-15_adam_cl_paper_s2031,1051,259.9,1900,1900,142710.5,15712.7,0,146289.3,9626.8,9667.8,0.4
20-20-15,adam,cl_paper,2032,0.001,1,clgrid_20-20-15_adam_cl_paper_s2032,1051,269.2,1900,1900,142383.2,15652.6,0,146289.3,9626.8,9747.6,1.3
20-20-15,adam,cl_paper,2033,0.001,1,clgrid_20-20-15_adam_cl_paper_s2033,1051,256.8,1900,1900,143396.8,15640.5,0,146289.3,9626.8,9751.5,1.3
20-20-15,adam,cl_paper,2034,0.001,1,clgrid_20-20-15_adam_cl_paper_s2034,1051,262,1900,1900,142739.7,15648.2,0,146289.3,9626.8,9816,2
20-20-15,adam,cl_paper,2035,0.001,1,clgrid_20-20-15_adam_cl_paper_s2035,1051,251.2,1900,1900,142738.8,15555.6,0,146289.3,9626.8,9644.5,0.2
20-20-15,adam,cl_paper,2036,0.001,2,clgrid_20-20-15_adam_cl_paper_s2036,1051,253,1900,1900,142683.5,15607.1,0,146289.3,9626.8,9726,1
20-20-15,adam,cl_paper,2037,0.001,2,clgrid_20-20-15_adam_cl_paper_s2037,1051,251.9,1900,1900,140830.8,15866.8,0,146289.3,9626.8,9933.3,3.2
20-20-15,adam,cl_paper,2038,0.001,2,clgrid_20-20-15_adam_cl_paper_s2038,1051,253.2,1900,1900,143140,15651.1,0,146289.3,9626.8,9687.2,0.6
20-20-15,adam,cl_paper,2039,0.001,2,clgrid_20-20-15_adam_cl_paper_s2039,1051,258.6,1900,1900,143801.8,15528,0,146289.3,9626.8,9713.8,0.9
20-20-15,adam,cl_paper,2040,0.001,2,clgrid_20-20-15_adam_cl_paper_s2040,1051,258.6,1900,1900,143003.9,15529.4,0,146289.3,9626.8,9744.2,1.2
20-20-15,adam,cl_paper,2041,0.001,2,clgrid_20-20-15_adam_cl_paper_s2041,1051,256.7,1900,1900,142573.7,15621.9,0,146289.3,9626.8,9740.5,1.2
20-20-15,adam,cl_paper,2042,0.001,2,clgrid_20-20-15_adam_cl_paper_s2042,1051,252.7,1900,1900,142819.8,15571.7,0,146289.3,9626.8,9650.4,0.2
20-20-15,adam,cl_paper,2043,0.001,2,clgrid_20-20-15_adam_cl_paper_s2043,1051,250.9,1900,1900,142165.9,15839,0,146289.3,9626.8,9658.4,0.3
20-20-15,adam,cl_paper,2044,0.001,2,clgrid_20-20-15_adam_cl_paper_s2044,1051,259.8,1900,1900,143302.6,15711.3,0,146289.3,9626.8,9632.2,0.1
20-20-15,adam,cl_paper,2045,0.001,2,clgrid_20-20-15_adam_cl_paper_s2045,1051,257,1900,1900,142722.7,15600.5,0,146289.3,9626.8,9767.5,1.5
20-20-15,adam,cl_start,2026,0.001,1,clgrid_20-20-15_adam_cl_start_s2026,1051,142.5,340,943,145746.3,15201.8,0,146289.3,9626.8,9501.3,-1.3
20-20-15,adam,cl_start,2027,0.001,1,clgrid_20-20-15_adam_cl_start_s2027,1051,145.5,389,982,145781.2,15205,0,146289.3,9626.8,9534.2,-1
20-20-15,adam,cl_start,2028,0.001,1,clgrid_20-20-15_adam_cl_start_s2028,1051,127.6,283,819,145952,15209.9,0,146289.3,9626.8,9560.8,-0.7
20-20-15,adam,cl_start,2029,0.001,1,clgrid_20-20-15_adam_cl_start_s2029,1051,132.6,279,860,145926.7,15208.2,0,146289.3,9626.8,9522,-1.1
20-20-15,adam,cl_start,2030,0.001,1,clgrid_20-20-15_adam_cl_start_s2030,1051,167.5,649,1172,145912.8,15212,0,146289.3,9626.8,9455.1,-1.8
20-20-15,adam,cl_start,2031,0.001,1,clgrid_20-20-15_adam_cl_start_s2031,1051,149.8,468,1015,145912,15211,0,146289.3,9626.8,9567.7,-0.6
20-20-15,adam,cl_start,2032,0.001,1,clgrid_20-20-15_adam_cl_start_s2032,1051,149,344,925,145933.8,15212.7,0,146289.3,9626.8,9491.6,-1.4
20-20-15,adam,cl_start,2033,0.001,1,clgrid_20-20-15_adam_cl_start_s2033,1051,127.2,282,815,146000.7,15210.5,0,146289.3,9626.8,9482.1,-1.5
20-20-15,adam,cl_start,2034,0.001,1,clgrid_20-20-15_adam_cl_start_s2034,1051,123.3,242,760,145979.2,15211.3,0,146289.3,9626.8,9459,-1.7
20-20-15,adam,cl_start,2035,0.001,1,clgrid_20-20-15_adam_cl_start_s2035,1051,149.1,488,994,145998.1,15212.6,0,146289.3,9626.8,9471.2,-1.6
20-20-15,adam,cl_start,2036,0.001,2,clgrid_20-20-15_adam_cl_start_s2036,1051,139.2,340,901,145903,15211.3,0,146289.3,9626.8,9491.7,-1.4
20-20-15,adam,cl_start,2037,0.001,2,clgrid_20-20-15_adam_cl_start_s2037,1051,147.5,405,967,145958.6,15215.4,0,146289.3,9626.8,9384.8,-2.5
20-20-15,adam,cl_start,2038,0.001,2,clgrid_20-20-15_adam_cl_start_s2038,1051,137,257,908,145958.9,15213.3,0,146289.3,9626.8,9347.2,-2.9
20-20-15,adam,cl_start,2039,0.001,2,clgrid_20-20-15_adam_cl_start_s2039,1051,129.4,355,831,145934.4,15210.3,0,146289.3,9626.8,9504.4,-1.3
20-20-15,adam,cl_start,2040,0.001,2,clgrid_20-20-15_adam_cl_start_s2040,1051,161.5,569,1085,145891.4,15208.5,0,146289.3,9626.8,9515.7,-1.2
20-20-15,adam,cl_start,2041,0.001,2,clgrid_20-20-15_adam_cl_start_s2041,1051,149.5,299,979,145885.9,15213.2,0,146289.3,9626.8,9479.9,-1.5
20-20-15,adam,cl_start,2042,0.001,2,clgrid_20-20-15_adam_cl_start_s2042,1051,145.1,399,973,145932.2,15215.2,0,146289.3,9626.8,9474.6,-1.6
20-20-15,adam,cl_start,2043,0.001,2,clgrid_20-20-15_adam_cl_start_s2043,1051,139.5,365,919,145928,15210.4,0,146289.3,9626.8,9564.9,-0.6
20-20-15,adam,cl_start,2044,0.001,2,clgrid_20-20-15_adam_cl_start_s2044,1051,127.1,308,823,145934.3,15208.2,0,146289.3,9626.8,9531.3,-1
20-20-15,adam,cl_start,2045,0.001,2,clgrid_20-20-15_adam_cl_start_s2045,1051,146.3,466,961,145958.8,15217.9,0,146289.3,9626.8,9528,-1
20-20-15,adamw,cl_paper,2026,0.001,1,clgrid_20-20-15_adamw_cl_paper_s2026,1051,263.3,1900,1900,141963.8,15607.5,0,146289.3,9626.8,9728.7,1.1
20-20-15,adamw,cl_paper,2027,0.001,1,clgrid_20-20-15_adamw_cl_paper_s2027,1051,250.9,1900,1900,142893.1,15593.9,0,146289.3,9626.8,9738.8,1.2
20-20-15,adamw,cl_paper,2028,0.001,1,clgrid_20-20-15_adamw_cl_paper_s2028,1051,262.5,1900,1900,140233.6,15694.7,0,146289.3,9626.8,9660.8,0.4
20-20-15,adamw,cl_paper,2029,0.001,1,clgrid_20-20-15_adamw_cl_paper_s2029,1051,260,1900,1900,142564.5,15639.3,0,146289.3,9626.8,9710.6,0.9
20-20-15,adamw,cl_paper,2030,0.001,1,clgrid_20-20-15_adamw_cl_paper_s2030,1051,256.9,1900,1900,143587.6,15769.5,0,146289.3,9626.8,9722.2,1
20-20-15,adamw,cl_paper,2031,0.001,1,clgrid_20-20-15_adamw_cl_paper_s2031,1051,259.4,1900,1900,142716.4,15712.5,0,146289.3,9626.8,9670.2,0.5
20-20-15,adamw,cl_paper,2032,0.001,1,clgrid_20-20-15_adamw_cl_paper_s2032,1051,268.1,1900,1900,142386.2,15652.2,0,146289.3,9626.8,9746.2,1.2
20-20-15,adamw,cl_paper,2033,0.001,1,clgrid_20-20-15_adamw_cl_paper_s2033,1051,255.1,1900,1900,143398.7,15640.5,0,146289.3,9626.8,9748.6,1.3
20-20-15,adamw,cl_paper,2034,0.001,1,clgrid_20-20-15_adamw_cl_paper_s2034,1051,262.1,1900,1900,142742.6,15648.1,0,146289.3,9626.8,9814.9,2
20-20-15,adamw,cl_paper,2035,0.001,1,clgrid_20-20-15_adamw_cl_paper_s2035,1051,254.5,1900,1900,142742.1,15555.4,0,146289.3,9626.8,9643.2,0.2
20-20-15,adamw,cl_paper,2036,0.001,2,clgrid_20-20-15_adamw_cl_paper_s2036,1051,259.8,1900,1900,142687.5,15606.9,0,146289.3,9626.8,9751.8,1.3
20-20-15,adamw,cl_paper,2037,0.001,2,clgrid_20-20-15_adamw_cl_paper_s2037,1051,257.1,1900,1900,140837.6,15866.4,0,146289.3,9626.8,9924.6,3.1
20-20-15,adamw,cl_paper,2038,0.001,2,clgrid_20-20-15_adamw_cl_paper_s2038,1051,257.1,1900,1900,143142.7,15650.8,0,146289.3,9626.8,9686.3,0.6
20-20-15,adamw,cl_paper,2039,0.001,2,clgrid_20-20-15_adamw_cl_paper_s2039,1051,261.8,1900,1900,143803.3,15527.9,0,146289.3,9626.8,9714.3,0.9
20-20-15,adamw,cl_paper,2040,0.001,2,clgrid_20-20-15_adamw_cl_paper_s2040,1051,255.5,1900,1900,143005.9,15529.4,0,146289.3,9626.8,9744,1.2
20-20-15,adamw,cl_paper,2041,0.001,2,clgrid_20-20-15_adamw_cl_paper_s2041,1051,256.7,1900,1900,142577.4,15621.6,0,146289.3,9626.8,9738.8,1.2
20-20-15,adamw,cl_paper,2042,0.001,2,clgrid_20-20-15_adamw_cl_paper_s2042,1051,253.4,1900,1900,142822.7,15571.6,0,146289.3,9626.8,9648.3,0.2
20-20-15,adamw,cl_paper,2043,0.001,2,clgrid_20-20-15_adamw_cl_paper_s2043,1051,251.2,1900,1900,142170.5,15838.5,0,146289.3,9626.8,9645.4,0.2
20-20-15,adamw,cl_paper,2044,0.001,2,clgrid_20-20-15_adamw_cl_paper_s2044,1051,256.4,1900,1900,143305.3,15710.8,0,146289.3,9626.8,9637.4,0.1
20-20-15,adamw,cl_paper,2045,0.001,2,clgrid_20-20-15_adamw_cl_paper_s2045,1051,253.9,1900,1900,142725.7,15600.3,0,146289.3,9626.8,9758.6,1.4
20-20-15,adamw,cl_start,2026,0.001,1,clgrid_20-20-15_adamw_cl_start_s2026,1051,145.9,340,944,145746.4,15201.8,0,146289.3,9626.8,9501.3,-1.3
20-20-15,adamw,cl_start,2027,0.001,1,clgrid_20-20-15_adamw_cl_start_s2027,1051,148.3,389,982,145781.2,15205,0,146289.3,9626.8,9534.2,-1
20-20-15,adamw,cl_start,2028,0.001,1,clgrid_20-20-15_adamw_cl_start_s2028,1051,132.9,283,819,145952,15209.9,0,146289.3,9626.8,9560.8,-0.7
20-20-15,adamw,cl_start,2029,0.001,1,clgrid_20-20-15_adamw_cl_start_s2029,1051,132.7,279,860,145926.8,15208.2,0,146289.3,9626.8,9522,-1.1
20-20-15,adamw,cl_start,2030,0.001,1,clgrid_20-20-15_adamw_cl_start_s2030,1051,173.3,649,1172,145912.8,15212,0,146289.3,9626.8,9453.8,-1.8
20-20-15,adamw,cl_start,2031,0.001,1,clgrid_20-20-15_adamw_cl_start_s2031,1051,152.6,468,1015,145912.1,15211,0,146289.3,9626.8,9567.7,-0.6
20-20-15,adamw,cl_start,2032,0.001,1,clgrid_20-20-15_adamw_cl_start_s2032,1051,149.8,344,925,145933.9,15212.7,0,146289.3,9626.8,9491.6,-1.4
20-20-15,adamw,cl_start,2033,0.001,1,clgrid_20-20-15_adamw_cl_start_s2033,1051,128.6,282,815,146000.8,15210.5,0,146289.3,9626.8,9482,-1.5
20-20-15,adamw,cl_start,2034,0.001,1,clgrid_20-20-15_adamw_cl_start_s2034,1051,124.9,242,760,145979.2,15211.3,0,146289.3,9626.8,9458.9,-1.7
20-20-15,adamw,cl_start,2035,0.001,1,clgrid_20-20-15_adamw_cl_start_s2035,1051,150.5,488,994,145998.2,15212.6,0,146289.3,9626.8,9471.2,-1.6
20-20-15,adamw,cl_start,2036,0.001,2,clgrid_20-20-15_adamw_cl_start_s2036,1051,140.9,340,901,145903,15211.3,0,146289.3,9626.8,9491.7,-1.4
20-20-15,adamw,cl_start,2037,0.001,2,clgrid_20-20-15_adamw_cl_start_s2037,1051,148,405,967,145958.6,15215.4,0,146289.3,9626.8,9384.7,-2.5
20-20-15,adamw,cl_start,2038,0.001,2,clgrid_20-20-15_adamw_cl_start_s2038,1051,138.5,257,909,145958.9,15213.3,0,146289.3,9626.8,9347.1,-2.9
20-20-15,adamw,cl_start,2039,0.001,2,clgrid_20-20-15_adamw_cl_start_s2039,1051,131.2,355,831,145934.4,15210.3,0,146289.3,9626.8,9504.4,-1.3
20-20-15,adamw,cl_start,2040,0.001,2,clgrid_20-20-15_adamw_cl_start_s2040,1051,161.1,571,1087,145890.2,15208.4,0,146289.3,9626.8,9518.3,-1.1
20-20-15,adamw,cl_start,2041,0.001,2,clgrid_20-20-15_adamw_cl_start_s2041,1051,148.2,299,973,145885.9,15213.2,0,146289.3,9626.8,9479.9,-1.5
20-20-15,adamw,cl_start,2042,0.001,2,clgrid_20-20-15_adamw_cl_start_s2042,1051,149.3,399,973,145932.3,15215.2,0,146289.3,9626.8,9474.6,-1.6
20-20-15,adamw,cl_start,2043,0.001,2,clgrid_20-20-15_adamw_cl_start_s2043,1051,141.8,365,919,145928,15210.4,0,146289.3,9626.8,9564.8,-0.6
20-20-15,adamw,cl_start,2044,0.001,2,clgrid_20-20-15_adamw_cl_start_s2044,1051,129.9,308,824,145934.3,15208.2,0,146289.3,9626.8,9531.3,-1
20-20-15,adamw,cl_start,2045,0.001,2,clgrid_20-20-15_adamw_cl_start_s2045,1051,145.5,466,961,145958.9,15217.9,0,146289.3,9626.8,9528,-1
20-20-15,adamax,cl_paper,2026,0.001,1,clgrid_20-20-15_adamax_cl_paper_s2026,1051,257.7,1900,1900,144311.2,15405.7,0,146289.3,9626.8,9639.4,0.1
20-20-15,adamax,cl_paper,2027,0.001,1,clgrid_20-20-15_adamax_cl_paper_s2027,1051,253.4,1900,1900,144592.9,15460.8,0,146289.3,9626.8,9613,-0.1
20-20-15,adamax,cl_paper,2028,0.001,1,clgrid_20-20-15_adamax_cl_paper_s2028,1051,259.1,1900,1900,144170.7,15491.8,0,146289.3,9626.8,9639.3,0.1
20-20-15,adamax,cl_paper,2029,0.001,1,clgrid_20-20-15_adamax_cl_paper_s2029,1051,252.3,1900,1900,144607.1,15514,0,146289.3,9626.8,9637.2,0.1
20-20-15,adamax,cl_paper,2030,0.001,1,clgrid_20-20-15_adamax_cl_paper_s2030,1051,254.6,1900,1900,144963.7,15520.1,0,146289.3,9626.8,9647,0.2
20-20-15,adamax,cl_paper,2031,0.001,1,clgrid_20-20-15_adamax_cl_paper_s2031,1051,260,1900,1900,144502.7,15512.6,0,146289.3,9626.8,9632,0.1
20-20-15,adamax,cl_paper,2032,0.001,1,clgrid_20-20-15_adamax_cl_paper_s2032,1051,262.8,1900,1900,144627.2,15495.4,0,146289.3,9626.8,9682.5,0.6
20-20-15,adamax,cl_paper,2033,0.001,1,clgrid_20-20-15_adamax_cl_paper_s2033,1051,256,1900,1900,144742.8,15460.4,0,146289.3,9626.8,9659.1,0.3
20-20-15,adamax,cl_paper,2034,0.001,1,clgrid_20-20-15_adamax_cl_paper_s2034,1051,259.5,1900,1900,144555.5,15421,0,146289.3,9626.8,9653.5,0.3
20-20-15,adamax,cl_paper,2035,0.001,1,clgrid_20-20-15_adamax_cl_paper_s2035,1051,251.6,1900,1900,144682.1,15417.2,0,146289.3,9626.8,9659.4,0.3
20-20-15,adamax,cl_paper,2036,0.001,2,clgrid_20-20-15_adamax_cl_paper_s2036,1051,256,1900,1900,144312.7,15450,0,146289.3,9626.8,9620.4,-0.1
20-20-15,adamax,cl_paper,2037,0.001,2,clgrid_20-20-15_adamax_cl_paper_s2037,1051,253.1,1900,1900,144252,15573.1,0,146289.3,9626.8,9655.6,0.3
20-20-15,adamax,cl_paper,2038,0.001,2,clgrid_20-20-15_adamax_cl_paper_s2038,1051,248.8,1900,1900,144664.9,15459.6,0,146289.3,9626.8,9653.8,0.3
20-20-15,adamax,cl_paper,2039,0.001,2,clgrid_20-20-15_adamax_cl_paper_s2039,1051,258.4,1900,1900,144899.9,15419.6,0,146289.3,9626.8,9669,0.4
20-20-15,adamax,cl_paper,2040,0.001,2,clgrid_20-20-15_adamax_cl_paper_s2040,1051,255.3,1900,1900,144860.6,15406,0,146289.3,9626.8,9653.1,0.3
20-20-15,adamax,cl_paper,2041,0.001,2,clgrid_20-20-15_adamax_cl_paper_s2041,1051,257.7,1900,1900,144606.9,15475.4,0,146289.3,9626.8,9679.8,0.6
20-20-15,adamax,cl_paper,2042,0.001,2,clgrid_20-20-15_adamax_cl_paper_s2042,1051,255.2,1900,1900,144710.6,15385.8,0,146289.3,9626.8,9612.5,-0.1
20-20-15,adamax,cl_paper,2043,0.001,2,clgrid_20-20-15_adamax_cl_paper_s2043,1051,251.5,1900,1900,144357.3,15510.5,0,146289.3,9626.8,9684.5,0.6
20-20-15,adamax,cl_paper,2044,0.001,2,clgrid_20-20-15_adamax_cl_paper_s2044,1051,255.4,1900,1900,144758.9,15563.1,0,146289.3,9626.8,9621.8,-0.1
20-20-15,adamax,cl_paper,2045,0.001,2,clgrid_20-20-15_adamax_cl_paper_s2045,1051,250.7,1900,1900,144627.2,15426.6,0,146289.3,9626.8,9656.6,0.3
20-20-15,adamax,cl_start,2026,0.001,1,clgrid_20-20-15_adamax_cl_start_s2026,1051,128,325,816,145753.6,15202.1,0,146289.3,9626.8,9333.4,-3
20-20-15,adamax,cl_start,2027,0.001,1,clgrid_20-20-15_adamax_cl_start_s2027,1051,179.7,733,1257,145763.5,15203.3,0,146289.3,9626.8,9564.1,-0.7
20-20-15,adamax,cl_start,2028,0.001,1,clgrid_20-20-15_adamax_cl_start_s2028,1051,159.4,577,1068,145953,15211.7,0,146289.3,9626.8,9590.1,-0.4
20-20-15,adamax,cl_start,2029,0.001,1,clgrid_20-20-15_adamax_cl_start_s2029,1051,140,401,927,145929.8,15208.8,0,146289.3,9626.8,9453.1,-1.8
20-20-15,adamax,cl_start,2030,0.001,1,clgrid_20-20-15_adamax_cl_start_s2030,1051,260.8,1443,1949,145907.4,15211.7,0,146289.3,9626.8,9520.6,-1.1
20-20-15,adamax,cl_start,2031,0.001,1,clgrid_20-20-15_adamax_cl_start_s2031,1051,160.5,538,1067,145963.1,15213.7,0,146289.3,9626.8,9510.5,-1.2
20-20-15,adamax,cl_start,2032,0.001,1,clgrid_20-20-15_adamax_cl_start_s2032,1051,159,513,1045,145931,15213.1,0,146289.3,9626.8,9477.7,-1.5
20-20-15,adamax,cl_start,2033,0.001,1,clgrid_20-20-15_adamax_cl_start_s2033,1051,122.3,278,790,146007.8,15211.4,0,146289.3,9626.8,9431,-2
20-20-15,adamax,cl_start,2034,0.001,1,clgrid_20-20-15_adamax_cl_start_s2034,1051,132.3,359,865,145983.2,15212.2,0,146289.3,9626.8,9491.3,-1.4
20-20-15,adamax,cl_start,2035,0.001,1,clgrid_20-20-15_adamax_cl_start_s2035,1051,181.7,707,1269,146032.8,15213.8,0,146289.3,9626.8,9396.9,-2.4
20-20-15,adamax,cl_start,2036,0.001,2,clgrid_20-20-15_adamax_cl_start_s2036,1051,166.7,562,1124,145899.5,15211.8,0,146289.3,9626.8,9534.2,-1
20-20-15,adamax,cl_start,2037,0.001,2,clgrid_20-20-15_adamax_cl_start_s2037,1051,190.8,447,1371,145963.1,15215.6,0,146289.3,9626.8,9408.1,-2.3
20-20-15,adamax,cl_start,2038,0.001,2,clgrid_20-20-15_adamax_cl_start_s2038,1051,133.3,355,897,145931.9,15213.4,0,146289.3,9626.8,9240.7,-4
20-20-15,adamax,cl_start,2039,0.001,2,clgrid_20-20-15_adamax_cl_start_s2039,1051,170,632,1148,145920.6,15211.2,0,146289.3,9626.8,9462.8,-1.7
20-20-15,adamax,cl_start,2040,0.001,2,clgrid_20-20-15_adamax_cl_start_s2040,1051,184.9,725,1307,145889.5,15207.2,0,146289.3,9626.8,9528.4,-1
20-20-15,adamax,cl_start,2041,0.001,2,clgrid_20-20-15_adamax_cl_start_s2041,1051,138.5,407,896,145926.2,15213.3,0,146289.3,9626.8,9526.1,-1
20-20-15,adamax,cl_start,2042,0.001,2,clgrid_20-20-15_adamax_cl_start_s2042,1051,155.2,536,1075,145949.7,15215.6,0,146289.3,9626.8,9387.6,-2.5
20-20-15,adamax,cl_start,2043,0.001,2,clgrid_20-20-15_adamax_cl_start_s2043,1051,165.8,612,1157,145894.9,15210.5,0,146289.3,9626.8,9511,-1.2
20-20-15,adamax,cl_start,2044,0.001,2,clgrid_20-20-15_adamax_cl_start_s2044,1051,144.5,457,968,145932.9,15208.9,0,146289.3,9626.8,9550.6,-0.8
20-20-15,adamax,cl_start,2045,0.001,2,clgrid_20-20-15_adamax_cl_start_s2045,1051,164,594,1133,146002.5,15220.1,0,146289.3,9626.8,9487.3,-1.4
20-20-15,nadam,cl_paper,2026,0.001,1,clgrid_20-20-15_nadam_cl_paper_s2026,1051,274.2,1900,1900,141358,15622.8,0,146289.3,9626.8,9892.5,2.8
20-20-15,nadam,cl_paper,2027,0.001,1,clgrid_20-20-15_nadam_cl_paper_s2027,1051,262.8,1900,1900,142321.4,15604.8,0,146289.3,9626.8,9828.1,2.1
20-20-15,nadam,cl_paper,2028,0.001,1,clgrid_20-20-15_nadam_cl_paper_s2028,1051,263.5,1900,1900,139456.1,15690.1,0,146289.3,9626.8,9759.6,1.4
20-20-15,nadam,cl_paper,2029,0.001,1,clgrid_20-20-15_nadam_cl_paper_s2029,1051,260.1,1900,1900,142156.6,15648.4,0,146289.3,9626.8,9729.6,1.1
20-20-15,nadam,cl_paper,2030,0.001,1,clgrid_20-20-15_nadam_cl_paper_s2030,1051,266.1,1900,1900,143208.8,15803.5,0,146289.3,9626.8,9689.1,0.6
20-20-15,nadam,cl_paper,2031,0.001,1,clgrid_20-20-15_nadam_cl_paper_s2031,1051,271.2,1900,1900,142093.5,15727.5,0,146289.3,9626.8,9902.6,2.9
20-20-15,nadam,cl_paper,2032,0.001,1,clgrid_20-20-15_nadam_cl_paper_s2032,1051,274.1,1900,1900,142031,15647.3,0,146289.3,9626.8,9657.2,0.3
20-20-15,nadam,cl_paper,2033,0.001,1,clgrid_20-20-15_nadam_cl_paper_s2033,1051,269.1,1900,1900,142957.9,15681.8,0,146289.3,9626.8,9794.8,1.7
20-20-15,nadam,cl_paper,2034,0.001,1,clgrid_20-20-15_nadam_cl_paper_s2034,1051,267.4,1900,1900,142261.8,15664.5,0,146289.3,9626.8,9847.1,2.3
20-20-15,nadam,cl_paper,2035,0.001,1,clgrid_20-20-15_nadam_cl_paper_s2035,1051,268.9,1900,1900,142069.1,15589.4,0,146289.3,9626.8,9731.6,1.1
20-20-15,nadam,cl_paper,2036,0.001,2,clgrid_20-20-15_nadam_cl_paper_s2036,1051,268.4,1900,1900,142281.3,15633.1,0,146289.3,9626.8,9762.1,1.4
20-20-15,nadam,cl_paper,2037,0.001,2,clgrid_20-20-15_nadam_cl_paper_s2037,1051,265.5,1900,1900,140153.5,15890.5,0,146289.3,9626.8,9714.5,0.9
20-20-15,nadam,cl_paper,2038,0.001,2,clgrid_20-20-15_nadam_cl_paper_s2038,1051,269.7,1900,1900,142689.5,15675.4,0,146289.3,9626.8,9792.5,1.7
20-20-15,nadam,cl_paper,2039,0.001,2,clgrid_20-20-15_nadam_cl_paper_s2039,1051,269.1,1900,1900,143590.2,15531.9,0,146289.3,9626.8,9877.7,2.6
20-20-15,nadam,cl_paper,2040,0.001,2,clgrid_20-20-15_nadam_cl_paper_s2040,1051,261.7,1900,1900,142571.2,15556.7,0,146289.3,9626.8,9700.6,0.8
20-20-15,nadam,cl_paper,2041,0.001,2,clgrid_20-20-15_nadam_cl_paper_s2041,1051,266.7,1900,1900,142090.8,15625.2,0,146289.3,9626.8,9824.3,2.1
20-20-15,nadam,cl_paper,2042,0.001,2,clgrid_20-20-15_nadam_cl_paper_s2042,1051,262.7,1900,1900,142299.9,15572.6,0,146289.3,9626.8,9747.4,1.3
20-20-15,nadam,cl_paper,2043,0.001,2,clgrid_20-20-15_nadam_cl_paper_s2043,1051,261.6,1900,1900,141626.5,15838.9,0,146289.3,9626.8,9571.5,-0.6
20-20-15,nadam,cl_paper,2044,0.001,2,clgrid_20-20-15_nadam_cl_paper_s2044,1051,264,1900,1900,142991.8,15742.3,0,146289.3,9626.8,9694.6,0.7
20-20-15,nadam,cl_paper,2045,0.001,2,clgrid_20-20-15_nadam_cl_paper_s2045,1051,263.7,1900,1900,142152.8,15646.3,0,146289.3,9626.8,9652.1,0.3
20-20-15,nadam,cl_start,2026,0.001,1,clgrid_20-20-15_nadam_cl_start_s2026,1051,161.7,474,996,145733.1,15202.9,0,146289.3,9626.8,9385.9,-2.5
20-20-15,nadam,cl_start,2027,0.001,1,clgrid_20-20-15_nadam_cl_start_s2027,1051,150.9,510,976,145789.6,15206.5,0,146289.3,9626.8,9459.9,-1.7
20-20-15,nadam,cl_start,2028,0.001,1,clgrid_20-20-15_nadam_cl_start_s2028,1051,144.7,422,864,145913.1,15210.3,0,146289.3,9626.8,9613.2,-0.1
20-20-15,nadam,cl_start,2029,0.001,1,clgrid_20-20-15_nadam_cl_start_s2029,1051,125.9,299,744,145911.7,15209,0,146289.3,9626.8,9423.7,-2.1
20-20-15,nadam,cl_start,2030,0.001,1,clgrid_20-20-15_nadam_cl_start_s2030,1051,188.3,700,1264,145909.5,15211.3,0,146289.3,9626.8,9600,-0.3
20-20-15,nadam,cl_start,2031,0.001,1,clgrid_20-20-15_nadam_cl_start_s2031,1051,159.6,455,992,145906.9,15211.5,0,146289.3,9626.8,9501.5,-1.3
20-20-15,nadam,cl_start,2032,0.001,1,clgrid_20-20-15_nadam_cl_start_s2032,1051,141.8,336,839,145943.2,15213.3,0,146289.3,9626.8,9537.5,-0.9
20-20-15,nadam,cl_start,2033,0.001,1,clgrid_20-20-15_nadam_cl_start_s2033,1051,154.4,386,965,145887.5,15204.7,0,146289.3,9626.8,9392.9,-2.4
20-20-15,nadam,cl_start,2034,0.001,1,clgrid_20-20-15_nadam_cl_start_s2034,1051,151.1,296,915,145973.4,15212.1,0,146289.3,9626.8,9538.2,-0.9
20-20-15,nadam,cl_start,2035,0.001,1,clgrid_20-20-15_nadam_cl_start_s2035,1051,164.8,566,1066,146005.4,15212.8,0,146289.3,9626.8,9434.8,-2
20-20-15,nadam,cl_start,2036,0.001,2,clgrid_20-20-15_nadam_cl_start_s2036,1051,161.5,406,986,145895.3,15211.8,0,146289.3,9626.8,9534.4,-1
20-20-15,nadam,cl_start,2037,0.001,2,clgrid_20-20-15_nadam_cl_start_s2037,1051,140.3,343,860,145956.3,15215.1,0,146289.3,9626.8,9379.5,-2.6
20-20-15,nadam,cl_start,2038,0.001,2,clgrid_20-20-15_nadam_cl_start_s2038,1051,125.6,318,738,145943.4,15213.2,0,146289.3,9626.8,9129.9,-5.2
20-20-15,nadam,cl_start,2039,0.001,2,clgrid_20-20-15_nadam_cl_start_s2039,1051,147.3,371,868,145933.2,15211.4,0,146289.3,9626.8,9449.7,-1.8
20-20-15,nadam,cl_start,2040,0.001,2,clgrid_20-20-15_nadam_cl_start_s2040,1051,147,472,915,145889.2,15208.4,0,146289.3,9626.8,9491.7,-1.4
20-20-15,nadam,cl_start,2041,0.001,2,clgrid_20-20-15_nadam_cl_start_s2041,1051,158.8,355,977,145886,15213.3,0,146289.3,9626.8,9445.7,-1.9
20-20-15,nadam,cl_start,2042,0.001,2,clgrid_20-20-15_nadam_cl_start_s2042,1051,152.4,414,954,145859.3,15213.7,0,146289.3,9626.8,9402.2,-2.3
20-20-15,nadam,cl_start,2043,0.001,2,clgrid_20-20-15_nadam_cl_start_s2043,1051,151.6,380,965,145920.7,15211.4,0,146289.3,9626.8,9492.9,-1.4
20-20-15,nadam,cl_start,2044,0.001,2,clgrid_20-20-15_nadam_cl_start_s2044,1051,140,398,839,145927.9,15208.6,0,146289.3,9626.8,9602.7,-0.2
20-20-15,nadam,cl_start,2045,0.001,2,clgrid_20-20-15_nadam_cl_start_s2045,1051,167.7,488,1084,145918.8,15213.5,0,146289.3,9626.8,9500.5,-1.3
20-15-10,sgd,cl_paper,2026,0.001,1,clgrid_20-15-10_sgd_cl_paper_s2026,786,240.9,1900,1900,146000.9,15263.7,0,146289.3,9626.8,9453.8,-1.8
20-15-10,sgd,cl_paper,2027,0.001,1,clgrid_20-15-10_sgd_cl_paper_s2027,786,242.6,1900,1900,146167.8,15306.2,0,146289.3,9626.8,9569.9,-0.6
20-15-10,sgd,cl_paper,2028,0.001,1,clgrid_20-15-10_sgd_cl_paper_s2028,786,240.4,1900,1900,145997.3,15245.3,0,146289.3,9626.8,9578.4,-0.5
20-15-10,sgd,cl_paper,2029,0.001,1,clgrid_20-15-10_sgd_cl_paper_s2029,786,236.2,1900,1900,145997.8,15263.6,0,146289.3,9626.8,9633.1,0.1
20-15-10,sgd,cl_paper,2030,0.001,1,clgrid_20-15-10_sgd_cl_paper_s2030,786,231.3,1900,1900,146080.7,15279.5,0,146289.3,9626.8,9652,0.3
20-15-10,sgd,cl_paper,2031,0.001,1,clgrid_20-15-10_sgd_cl_paper_s2031,786,241.4,1900,1900,146115.9,15263.2,0,146289.3,9626.8,9496.1,-1.4
20-15-10,sgd,cl_paper,2032,0.001,1,clgrid_20-15-10_sgd_cl_paper_s2032,786,242.7,1900,1900,146060.5,15252.3,0,146289.3,9626.8,9535.6,-0.9
20-15-10,sgd,cl_paper,2033,0.001,1,clgrid_20-15-10_sgd_cl_paper_s2033,786,232.7,1900,1900,146069.2,15253.8,0,146289.3,9626.8,9519.5,-1.1
20-15-10,sgd,cl_paper,2034,0.001,1,clgrid_20-15-10_sgd_cl_paper_s2034,786,236.5,1900,1900,146169.6,15279.5,0,146289.3,9626.8,9576.4,-0.5
20-15-10,sgd,cl_paper,2035,0.001,1,clgrid_20-15-10_sgd_cl_paper_s2035,786,242.7,1900,1900,146013.8,15280.4,0,146289.3,9626.8,9464.6,-1.7
20-15-10,sgd,cl_paper,2036,0.001,2,clgrid_20-15-10_sgd_cl_paper_s2036,786,240.6,1900,1900,146002.3,15258.2,0,146289.3,9626.8,9623.7,0
20-15-10,sgd,cl_paper,2037,0.001,2,clgrid_20-15-10_sgd_cl_paper_s2037,786,235.5,1900,1900,146197.7,15292.9,0,146289.3,9626.8,9471.9,-1.6
20-15-10,sgd,cl_paper,2038,0.001,2,clgrid_20-15-10_sgd_cl_paper_s2038,786,237.4,1900,1900,145843.9,15306.6,0,146289.3,9626.8,9655.1,0.3
20-15-10,sgd,cl_paper,2039,0.001,2,clgrid_20-15-10_sgd_cl_paper_s2039,786,244.5,1900,1900,145953.3,15278.5,0,146289.3,9626.8,9524.1,-1.1
20-15-10,sgd,cl_paper,2040,0.001,2,clgrid_20-15-10_sgd_cl_paper_s2040,786,229.5,1900,1900,145982.2,15315,0,146289.3,9626.8,9462.5,-1.7
20-15-10,sgd,cl_paper,2041,0.001,2,clgrid_20-15-10_sgd_cl_paper_s2041,786,236.7,1900,1900,146085,15259.1,0,146289.3,9626.8,9438.4,-2
20-15-10,sgd,cl_paper,2042,0.001,2,clgrid_20-15-10_sgd_cl_paper_s2042,786,233.3,1900,1900,145781.5,15280.6,0,146289.3,9626.8,9603.4,-0.2
20-15-10,sgd,cl_paper,2043,0.001,2,clgrid_20-15-10_sgd_cl_paper_s2043,786,236.3,1900,1900,146052.4,15243.5,0,146289.3,9626.8,9437.2,-2
20-15-10,sgd,cl_paper,2044,0.001,2,clgrid_20-15-10_sgd_cl_paper_s2044,786,235.6,1900,1900,146034.6,15341.9,0,146289.3,9626.8,9518.6,-1.1
20-15-10,sgd,cl_paper,2045,0.001,2,clgrid_20-15-10_sgd_cl_paper_s2045,786,233.9,1900,1900,146092.1,15276.6,0,146289.3,9626.8,9580.2,-0.5
20-15-10,sgd,cl_start,2026,0.001,1,clgrid_20-15-10_sgd_cl_start_s2026,786,460.1,3378,3643,146167.5,15231.1,0,146289.3,9626.8,9486.9,-1.5
20-15-10,sgd,cl_start,2027,0.001,1,clgrid_20-15-10_sgd_cl_start_s2027,786,634.4,4956,5163,146225,15240.1,0,146289.3,9626.8,9531.2,-1
20-15-10,sgd,cl_start,2028,0.001,1,clgrid_20-15-10_sgd_cl_start_s2028,786,562.3,4311,4537,146061.3,15231.4,0,146289.3,9626.8,9536.1,-0.9
20-15-10,sgd,cl_start,2029,0.001,1,clgrid_20-15-10_sgd_cl_start_s2029,786,557.5,4359,4608,146235.8,15243.1,0,146289.3,9626.8,9532.6,-1
20-15-10,sgd,cl_start,2030,0.001,1,clgrid_20-15-10_sgd_cl_start_s2030,786,518.7,4009,4238,146188.9,15234.9,0,146289.3,9626.8,9535.2,-1
20-15-10,sgd,cl_start,2031,0.001,1,clgrid_20-15-10_sgd_cl_start_s2031,786,731.6,5618,5803,146189.9,15231.9,0,146289.3,9626.8,9531.6,-1
20-15-10,sgd,cl_start,2032,0.001,1,clgrid_20-15-10_sgd_cl_start_s2032,786,526.8,3755,4021,146098.6,15229.6,0,146289.3,9626.8,9531,-1
20-15-10,sgd,cl_start,2033,0.001,1,clgrid_20-15-10_sgd_cl_start_s2033,786,515.5,3884,4139,146203,15232.8,0,146289.3,9626.8,9531.6,-1
20-15-10,sgd,cl_start,2034,0.001,1,clgrid_20-15-10_sgd_cl_start_s2034,786,463.1,3456,3742,146252.7,15243.4,0,146289.3,9626.8,9522.3,-1.1
20-15-10,sgd,cl_start,2035,0.001,1,clgrid_20-15-10_sgd_cl_start_s2035,786,589.9,4586,4811,146168.4,15232.6,0,146289.3,9626.8,9488.1,-1.4
20-15-10,sgd,cl_start,2036,0.001,2,clgrid_20-15-10_sgd_cl_start_s2036,786,734.4,5692,5865,146121.9,15235.7,0,146289.3,9626.8,9559.7,-0.7
20-15-10,sgd,cl_start,2037,0.001,2,clgrid_20-15-10_sgd_cl_start_s2037,786,568.7,4425,4650,146250.8,15241,0,146289.3,9626.8,9484.4,-1.5
20-15-10,sgd,cl_start,2038,0.001,2,clgrid_20-15-10_sgd_cl_start_s2038,786,622.6,4957,5165,146102.8,15225.7,0,146289.3,9626.8,9539.7,-0.9
20-15-10,sgd,cl_start,2039,0.001,2,clgrid_20-15-10_sgd_cl_start_s2039,786,479.4,3510,3815,146146.3,15237.7,0,146289.3,9626.8,9508.6,-1.2
20-15-10,sgd,cl_start,2040,0.001,2,clgrid_20-15-10_sgd_cl_start_s2040,786,662.8,5214,5398,146203.2,15238.6,0,146289.3,9626.8,9469,-1.6
20-15-10,sgd,cl_start,2041,0.001,2,clgrid_20-15-10_sgd_cl_start_s2041,786,552.7,4317,4544,146147.6,15228.8,0,146289.3,9626.8,9481.9,-1.5
20-15-10,sgd,cl_start,2042,0.001,2,clgrid_20-15-10_sgd_cl_start_s2042,786,543.7,4211,4458,146131.5,15227.4,0,146289.3,9626.8,9525.7,-1
20-15-10,sgd,cl_start,2043,0.001,2,clgrid_20-15-10_sgd_cl_start_s2043,786,595.8,4627,4833,146173.7,15232,0,146289.3,9626.8,9473.7,-1.6
20-15-10,sgd,cl_start,2044,0.001,2,clgrid_20-15-10_sgd_cl_start_s2044,786,578.3,4393,4620,146227.5,15241,0,146289.3,9626.8,9466.7,-1.7
20-15-10,sgd,cl_start,2045,0.001,2,clgrid_20-15-10_sgd_cl_start_s2045,786,365,2709,3015,146181.1,15233.2,0,146289.3,9626.8,9556.6,-0.7
20-15-10,sgd_momentum,cl_paper,2026,0.001,1,clgrid_20-15-10_sgd_momentum_cl_paper_s2026,786,250.7,1900,1900,145318.4,15407.5,0,146289.3,9626.8,9567.4,-0.6
20-15-10,sgd_momentum,cl_paper,2027,0.001,1,clgrid_20-15-10_sgd_momentum_cl_paper_s2027,786,242.6,1900,1900,145780.6,15368.4,0,146289.3,9626.8,9592.6,-0.4
20-15-10,sgd_momentum,cl_paper,2028,0.001,1,clgrid_20-15-10_sgd_momentum_cl_paper_s2028,786,243.9,1900,1900,145212.7,15485.2,0,146289.3,9626.8,9552.9,-0.8
20-15-10,sgd_momentum,cl_paper,2029,0.001,1,clgrid_20-15-10_sgd_momentum_cl_paper_s2029,786,243.4,1900,1900,145271,15492,0,146289.3,9626.8,9526.9,-1
20-15-10,sgd_momentum,cl_paper,2030,0.001,1,clgrid_20-15-10_sgd_momentum_cl_paper_s2030,786,247.3,1900,1900,145082.1,15466.9,0,146289.3,9626.8,9535.9,-0.9
20-15-10,sgd_momentum,cl_paper,2031,0.001,1,clgrid_20-15-10_sgd_momentum_cl_paper_s2031,786,250.9,1900,1900,145155.6,15470.8,0,146289.3,9626.8,9599.7,-0.3
20-15-10,sgd_momentum,cl_paper,2032,0.001,1,clgrid_20-15-10_sgd_momentum_cl_paper_s2032,786,250.8,1900,1900,145015.2,15414.3,0,146289.3,9626.8,9595.6,-0.3
20-15-10,sgd_momentum,cl_paper,2033,0.001,1,clgrid_20-15-10_sgd_momentum_cl_paper_s2033,786,251.9,1900,1900,145351.6,15416,0,146289.3,9626.8,9618.8,-0.1
20-15-10,sgd_momentum,cl_paper,2034,0.001,1,clgrid_20-15-10_sgd_momentum_cl_paper_s2034,786,243.4,1900,1900,145199.6,15406.4,0,146289.3,9626.8,9527.9,-1
20-15-10,sgd_momentum,cl_paper,2035,0.001,1,clgrid_20-15-10_sgd_momentum_cl_paper_s2035,786,245.2,1900,1900,145286.5,15380,0,146289.3,9626.8,9576.9,-0.5
20-15-10,sgd_momentum,cl_paper,2036,0.001,2,clgrid_20-15-10_sgd_momentum_cl_paper_s2036,786,248.2,1900,1900,145133.5,15389.9,0,146289.3,9626.8,9573.3,-0.6
20-15-10,sgd_momentum,cl_paper,2037,0.001,2,clgrid_20-15-10_sgd_momentum_cl_paper_s2037,786,243.5,1900,1900,144853.4,15459.6,0,146289.3,9626.8,9520.6,-1.1
20-15-10,sgd_momentum,cl_paper,2038,0.001,2,clgrid_20-15-10_sgd_momentum_cl_paper_s2038,786,241,1900,1900,145077.7,15479.3,0,146289.3,9626.8,9611.9,-0.2
20-15-10,sgd_momentum,cl_paper,2039,0.001,2,clgrid_20-15-10_sgd_momentum_cl_paper_s2039,786,244.4,1900,1900,145652.7,15373.8,0,146289.3,9626.8,9597.4,-0.3
20-15-10,sgd_momentum,cl_paper,2040,0.001,2,clgrid_20-15-10_sgd_momentum_cl_paper_s2040,786,247.3,1900,1900,145379.7,15417.2,0,146289.3,9626.8,9551.2,-0.8
20-15-10,sgd_momentum,cl_paper,2041,0.001,2,clgrid_20-15-10_sgd_momentum_cl_paper_s2041,786,241,1900,1900,145380.4,15387.2,0,146289.3,9626.8,9561.7,-0.7
20-15-10,sgd_momentum,cl_paper,2042,0.001,2,clgrid_20-15-10_sgd_momentum_cl_paper_s2042,786,243.5,1900,1900,145429.8,15329.4,0,146289.3,9626.8,9586.7,-0.4
20-15-10,sgd_momentum,cl_paper,2043,0.001,2,clgrid_20-15-10_sgd_momentum_cl_paper_s2043,786,247,1900,1900,145215.4,15366.5,0,146289.3,9626.8,9553.2,-0.8
20-15-10,sgd_momentum,cl_paper,2044,0.001,2,clgrid_20-15-10_sgd_momentum_cl_paper_s2044,786,247.2,1900,1900,145097.6,15528.3,0,146289.3,9626.8,9460.1,-1.7
20-15-10,sgd_momentum,cl_paper,2045,0.001,2,clgrid_20-15-10_sgd_momentum_cl_paper_s2045,786,242.2,1900,1900,145751,15302.9,0,146289.3,9626.8,9648.1,0.2
20-15-10,sgd_momentum,cl_start,2026,0.001,1,clgrid_20-15-10_sgd_momentum_cl_start_s2026,786,379.7,2602,2887,146079.3,15220.7,0,146289.3,9626.8,9445.1,-1.9
20-15-10,sgd_momentum,cl_start,2027,0.001,1,clgrid_20-15-10_sgd_momentum_cl_start_s2027,786,312.6,2171,2477,146113.4,15226.5,0,146289.3,9626.8,9524.4,-1.1
20-15-10,sgd_momentum,cl_start,2028,0.001,1,clgrid_20-15-10_sgd_momentum_cl_start_s2028,786,444.5,3173,3481,145813.4,15213,0,146289.3,9626.8,9561.7,-0.7
20-15-10,sgd_momentum,cl_start,2029,0.001,1,clgrid_20-15-10_sgd_momentum_cl_start_s2029,786,252.4,1588,1935,146237.9,15241.8,0,146289.3,9626.8,9546.6,-0.8
20-15-10,sgd_momentum,cl_start,2030,0.001,1,clgrid_20-15-10_sgd_momentum_cl_start_s2030,786,487.8,3538,3807,146007.3,15217.8,0,146289.3,9626.8,9544.6,-0.9
20-15-10,sgd_momentum,cl_start,2031,0.001,1,clgrid_20-15-10_sgd_momentum_cl_start_s2031,786,535.1,3998,4263,146064.4,15219.2,0,146289.3,9626.8,9549.1,-0.8
20-15-10,sgd_momentum,cl_start,2032,0.001,1,clgrid_20-15-10_sgd_momentum_cl_start_s2032,786,380,2646,2932,145994.1,15214.9,0,146289.3,9626.8,9504.5,-1.3
20-15-10,sgd_momentum,cl_start,2033,0.001,1,clgrid_20-15-10_sgd_momentum_cl_start_s2033,786,372.3,2649,2935,146114.8,15224.8,0,146289.3,9626.8,9514.3,-1.2
20-15-10,sgd_momentum,cl_start,2034,0.001,1,clgrid_20-15-10_sgd_momentum_cl_start_s2034,786,243.4,1500,1846,146153.6,15228.4,0,146289.3,9626.8,9530.2,-1
20-15-10,sgd_momentum,cl_start,2035,0.001,1,clgrid_20-15-10_sgd_momentum_cl_start_s2035,786,285,1880,2205,146141.1,15227.5,0,146289.3,9626.8,9479,-1.5
20-15-10,sgd_momentum,cl_start,2036,0.001,2,clgrid_20-15-10_sgd_momentum_cl_start_s2036,786,504.4,3741,3987,146019.5,15222.7,0,146289.3,9626.8,9528.8,-1
20-15-10,sgd_momentum,cl_start,2037,0.001,2,clgrid_20-15-10_sgd_momentum_cl_start_s2037,786,429.4,3091,3374,146076.3,15223.2,0,146289.3,9626.8,9433.3,-2
20-15-10,sgd_momentum,cl_start,2038,0.001,2,clgrid_20-15-10_sgd_momentum_cl_start_s2038,786,367.2,2612,2920,146070.9,15221.8,0,146289.3,9626.8,9541.2,-0.9
20-15-10,sgd_momentum,cl_start,2039,0.001,2,clgrid_20-15-10_sgd_momentum_cl_start_s2039,786,286.4,1894,2219,146038,15230.4,0,146289.3,9626.8,9498.2,-1.3
20-15-10,sgd_momentum,cl_start,2040,0.001,2,clgrid_20-15-10_sgd_momentum_cl_start_s2040,786,474.8,3488,3752,146045.4,15217.8,0,146289.3,9626.8,9467.4,-1.7
20-15-10,sgd_momentum,cl_start,2041,0.001,2,clgrid_20-15-10_sgd_momentum_cl_start_s2041,786,315.7,2078,2404,146050.3,15218.2,0,146289.3,9626.8,9498.6,-1.3
20-15-10,sgd_momentum,cl_start,2042,0.001,2,clgrid_20-15-10_sgd_momentum_cl_start_s2042,786,315.9,2185,2494,146114.8,15225.1,0,146289.3,9626.8,9515,-1.2
20-15-10,sgd_momentum,cl_start,2043,0.001,2,clgrid_20-15-10_sgd_momentum_cl_start_s2043,786,474.7,3467,3733,146041.5,15223.5,0,146289.3,9626.8,9485.1,-1.5
20-15-10,sgd_momentum,cl_start,2044,0.001,2,clgrid_20-15-10_sgd_momentum_cl_start_s2044,786,415.5,2952,3239,146059.4,15223.2,0,146289.3,9626.8,9435.7,-2
20-15-10,sgd_momentum,cl_start,2045,0.001,2,clgrid_20-15-10_sgd_momentum_cl_start_s2045,786,173.1,887,1253,146177.5,15232,0,146289.3,9626.8,9556.8,-0.7
20-15-10,sgd_nesterov,cl_paper,2026,0.001,1,clgrid_20-15-10_sgd_nesterov_cl_paper_s2026,786,247.3,1900,1900,145303,15410.4,0,146289.3,9626.8,9568.5,-0.6
20-15-10,sgd_nesterov,cl_paper,2027,0.001,1,clgrid_20-15-10_sgd_nesterov_cl_paper_s2027,786,243.8,1900,1900,145766,15369.7,0,146289.3,9626.8,9591.4,-0.4
20-15-10,sgd_nesterov,cl_paper,2028,0.001,1,clgrid_20-15-10_sgd_nesterov_cl_paper_s2028,786,246.8,1900,1900,145195.4,15488.7,0,146289.3,9626.8,9553.1,-0.8
20-15-10,sgd_nesterov,cl_paper,2029,0.001,1,clgrid_20-15-10_sgd_nesterov_cl_paper_s2029,786,242.7,1900,1900,145251,15497,0,146289.3,9626.8,9528.1,-1
20-15-10,sgd_nesterov,cl_paper,2030,0.001,1,clgrid_20-15-10_sgd_nesterov_cl_paper_s2030,786,250.5,1900,1900,145062.2,15473.9,0,146289.3,9626.8,9535.2,-1
20-15-10,sgd_nesterov,cl_paper,2031,0.001,1,clgrid_20-15-10_sgd_nesterov_cl_paper_s2031,786,253.8,1900,1900,145129.9,15475.2,0,146289.3,9626.8,9598.4,-0.3
20-15-10,sgd_nesterov,cl_paper,2032,0.001,1,clgrid_20-15-10_sgd_nesterov_cl_paper_s2032,786,248.6,1900,1900,144978.8,15419.8,0,146289.3,9626.8,9594.2,-0.3
20-15-10,sgd_nesterov,cl_paper,2033,0.001,1,clgrid_20-15-10_sgd_nesterov_cl_paper_s2033,786,248.5,1900,1900,145336.7,15419.6,0,146289.3,9626.8,9617.5,-0.1
20-15-10,sgd_nesterov,cl_paper,2034,0.001,1,clgrid_20-15-10_sgd_nesterov_cl_paper_s2034,786,246.7,1900,1900,145172.5,15408.6,0,146289.3,9626.8,9527.6,-1
20-15-10,sgd_nesterov,cl_paper,2035,0.001,1,clgrid_20-15-10_sgd_nesterov_cl_paper_s2035,786,246.6,1900,1900,145268.5,15381.1,0,146289.3,9626.8,9575.7,-0.5
20-15-10,sgd_nesterov,cl_paper,2036,0.001,2,clgrid_20-15-10_sgd_nesterov_cl_paper_s2036,786,247,1900,1900,145120.4,15391.4,0,146289.3,9626.8,9572.5,-0.6
20-15-10,sgd_nesterov,cl_paper,2037,0.001,2,clgrid_20-15-10_sgd_nesterov_cl_paper_s2037,786,246.8,1900,1900,144809.1,15470.3,0,146289.3,9626.8,9515.6,-1.2
20-15-10,sgd_nesterov,cl_paper,2038,0.001,2,clgrid_20-15-10_sgd_nesterov_cl_paper_s2038,786,243.8,1900,1900,145064.4,15483.2,0,146289.3,9626.8,9612,-0.2
20-15-10,sgd_nesterov,cl_paper,2039,0.001,2,clgrid_20-15-10_sgd_nesterov_cl_paper_s2039,786,245.2,1900,1900,145648.6,15374.8,0,146289.3,9626.8,9597.2,-0.3
20-15-10,sgd_nesterov,cl_paper,2040,0.001,2,clgrid_20-15-10_sgd_nesterov_cl_paper_s2040,786,246.7,1900,1900,145365.6,15418.2,0,146289.3,9626.8,9551.3,-0.8
20-15-10,sgd_nesterov,cl_paper,2041,0.001,2,clgrid_20-15-10_sgd_nesterov_cl_paper_s2041,786,244.7,1900,1900,145363.9,15389.5,0,146289.3,9626.8,9562.1,-0.7
20-15-10,sgd_nesterov,cl_paper,2042,0.001,2,clgrid_20-15-10_sgd_nesterov_cl_paper_s2042,786,242,1900,1900,145422,15330.3,0,146289.3,9626.8,9584.6,-0.4
20-15-10,sgd_nesterov,cl_paper,2043,0.001,2,clgrid_20-15-10_sgd_nesterov_cl_paper_s2043,786,244.3,1900,1900,145197,15369.5,0,146289.3,9626.8,9552.2,-0.8
20-15-10,sgd_nesterov,cl_paper,2044,0.001,2,clgrid_20-15-10_sgd_nesterov_cl_paper_s2044,786,247.7,1900,1900,145070.3,15532.9,0,146289.3,9626.8,9459.4,-1.7
20-15-10,sgd_nesterov,cl_paper,2045,0.001,2,clgrid_20-15-10_sgd_nesterov_cl_paper_s2045,786,241,1900,1900,145744.5,15303.5,0,146289.3,9626.8,9647.8,0.2
20-15-10,sgd_nesterov,cl_start,2026,0.001,1,clgrid_20-15-10_sgd_nesterov_cl_start_s2026,786,372.3,2594,2880,146078.2,15220.8,0,146289.3,9626.8,9450.2,-1.8
20-15-10,sgd_nesterov,cl_start,2027,0.001,1,clgrid_20-15-10_sgd_nesterov_cl_start_s2027,786,376.9,2698,2984,146111.8,15226.4,0,146289.3,9626.8,9525.5,-1.1
20-15-10,sgd_nesterov,cl_start,2028,0.001,1,clgrid_20-15-10_sgd_nesterov_cl_start_s2028,786,443.7,3172,3478,145817.2,15213.2,0,146289.3,9626.8,9558,-0.7
20-15-10,sgd_nesterov,cl_start,2029,0.001,1,clgrid_20-15-10_sgd_nesterov_cl_start_s2029,786,250.9,1584,1931,146237.2,15241.8,0,146289.3,9626.8,9545.6,-0.8
20-15-10,sgd_nesterov,cl_start,2030,0.001,1,clgrid_20-15-10_sgd_nesterov_cl_start_s2030,786,480.8,3537,3807,146007.2,15217.8,0,146289.3,9626.8,9543.7,-0.9
20-15-10,sgd_nesterov,cl_start,2031,0.001,1,clgrid_20-15-10_sgd_nesterov_cl_start_s2031,786,558.8,3999,4264,146064.7,15219.2,0,146289.3,9626.8,9548.5,-0.8
20-15-10,sgd_nesterov,cl_start,2032,0.001,1,clgrid_20-15-10_sgd_nesterov_cl_start_s2032,786,383.4,2641,2927,145997,15215,0,146289.3,9626.8,9505.6,-1.3
20-15-10,sgd_nesterov,cl_start,2033,0.001,1,clgrid_20-15-10_sgd_nesterov_cl_start_s2033,786,380.7,2647,2933,146114.2,15224.8,0,146289.3,9626.8,9513.6,-1.2
20-15-10,sgd_nesterov,cl_start,2034,0.001,1,clgrid_20-15-10_sgd_nesterov_cl_start_s2034,786,246.5,1501,1847,146153.5,15228.4,0,146289.3,9626.8,9528.1,-1
20-15-10,sgd_nesterov,cl_start,2035,0.001,1,clgrid_20-15-10_sgd_nesterov_cl_start_s2035,786,287.8,1886,2211,146140.7,15227.5,0,146289.3,9626.8,9479.8,-1.5
20-15-10,sgd_nesterov,cl_start,2036,0.001,2,clgrid_20-15-10_sgd_nesterov_cl_start_s2036,786,501.8,3736,3982,146020,15222.7,0,146289.3,9626.8,9528.5,-1
20-15-10,sgd_nesterov,cl_start,2037,0.001,2,clgrid_20-15-10_sgd_nesterov_cl_start_s2037,786,431.6,3081,3364,146076,15223.2,0,146289.3,9626.8,9439.4,-1.9
20-15-10,sgd_nesterov,cl_start,2038,0.001,2,clgrid_20-15-10_sgd_nesterov_cl_start_s2038,786,371,2607,2915,146070.8,15221.8,0,146289.3,9626.8,9540.8,-0.9
20-15-10,sgd_nesterov,cl_start,2039,0.001,2,clgrid_20-15-10_sgd_nesterov_cl_start_s2039,786,283.7,1896,2221,146046.2,15230.4,0,146289.3,9626.8,9500.2,-1.3
20-15-10,sgd_nesterov,cl_start,2040,0.001,2,clgrid_20-15-10_sgd_nesterov_cl_start_s2040,786,466.4,3488,3752,146044.9,15217.8,0,146289.3,9626.8,9471.5,-1.6
20-15-10,sgd_nesterov,cl_start,2041,0.001,2,clgrid_20-15-10_sgd_nesterov_cl_start_s2041,786,312.6,2078,2404,146050,15218.3,0,146289.3,9626.8,9501.1,-1.3
20-15-10,sgd_nesterov,cl_start,2042,0.001,2,clgrid_20-15-10_sgd_nesterov_cl_start_s2042,786,330.9,2222,2529,146114,15225.3,0,146289.3,9626.8,9512.1,-1.2
20-15-10,sgd_nesterov,cl_start,2043,0.001,2,clgrid_20-15-10_sgd_nesterov_cl_start_s2043,786,515.8,3925,4171,146041.3,15223.5,0,146289.3,9626.8,9487.3,-1.4
20-15-10,sgd_nesterov,cl_start,2044,0.001,2,clgrid_20-15-10_sgd_nesterov_cl_start_s2044,786,414.2,2931,3218,146059.3,15223.2,0,146289.3,9626.8,9445.3,-1.9
20-15-10,sgd_nesterov,cl_start,2045,0.001,2,clgrid_20-15-10_sgd_nesterov_cl_start_s2045,786,222.9,1347,1693,146176.7,15232,0,146289.3,9626.8,9552,-0.8
20-15-10,adagrad,cl_paper,2026,0.01,1,clgrid_20-15-10_adagrad_cl_paper_s2026,786,251.4,1900,1900,144122.2,15641.2,0,146289.3,9626.8,9623.6,0
20-15-10,adagrad,cl_paper,2027,0.01,1,clgrid_20-15-10_adagrad_cl_paper_s2027,786,246.6,1900,1900,144863.4,15527.4,0,146289.3,9626.8,9571.8,-0.6
20-15-10,adagrad,cl_paper,2028,0.01,1,clgrid_20-15-10_adagrad_cl_paper_s2028,786,243.8,1900,1900,144208.9,15676,0,146289.3,9626.8,9701.1,0.8
20-15-10,adagrad,cl_paper,2029,0.01,1,clgrid_20-15-10_adagrad_cl_paper_s2029,786,246.6,1900,1900,144336.4,15614.2,0,146289.3,9626.8,9542.2,-0.9
20-15-10,adagrad,cl_paper,2030,0.01,1,clgrid_20-15-10_adagrad_cl_paper_s2030,786,246.1,1900,1900,143831.1,15555.9,0,146289.3,9626.8,9456.5,-1.8
20-15-10,adagrad,cl_paper,2031,0.01,1,clgrid_20-15-10_adagrad_cl_paper_s2031,786,253.2,1900,1900,144223.1,15625.7,0,146289.3,9626.8,9670.5,0.5
20-15-10,adagrad,cl_paper,2032,0.01,1,clgrid_20-15-10_adagrad_cl_paper_s2032,786,251.8,1900,1900,143515.9,15582.9,0,146289.3,9626.8,9541,-0.9
20-15-10,adagrad,cl_paper,2033,0.01,1,clgrid_20-15-10_adagrad_cl_paper_s2033,786,250.3,1900,1900,144722,15551.3,0,146289.3,9626.8,9530.4,-1
20-15-10,adagrad,cl_paper,2034,0.01,1,clgrid_20-15-10_adagrad_cl_paper_s2034,786,244.2,1900,1900,144296,15504.1,0,146289.3,9626.8,9423.3,-2.1
20-15-10,adagrad,cl_paper,2035,0.01,1,clgrid_20-15-10_adagrad_cl_paper_s2035,786,246.1,1900,1900,144481.3,15472.7,0,146289.3,9626.8,9538.9,-0.9
20-15-10,adagrad,cl_paper,2036,0.01,2,clgrid_20-15-10_adagrad_cl_paper_s2036,786,242.8,1900,1900,144259,15442.7,0,146289.3,9626.8,9565.6,-0.6
20-15-10,adagrad,cl_paper,2037,0.01,2,clgrid_20-15-10_adagrad_cl_paper_s2037,786,247.5,1900,1900,142944.5,15673.9,0,146289.3,9626.8,9382.5,-2.5
20-15-10,adagrad,cl_paper,2038,0.01,2,clgrid_20-15-10_adagrad_cl_paper_s2038,786,246.6,1900,1900,144396.8,15543.2,0,146289.3,9626.8,9614.3,-0.1
20-15-10,adagrad,cl_paper,2039,0.01,2,clgrid_20-15-10_adagrad_cl_paper_s2039,786,245.8,1900,1900,144999.3,15425.4,0,146289.3,9626.8,9613.3,-0.1
20-15-10,adagrad,cl_paper,2040,0.01,2,clgrid_20-15-10_adagrad_cl_paper_s2040,786,246.6,1900,1900,144241.9,15513.6,0,146289.3,9626.8,9548.5,-0.8
20-15-10,adagrad,cl_paper,2041,0.01,2,clgrid_20-15-10_adagrad_cl_paper_s2041,786,246,1900,1900,144378.2,15551.2,0,146289.3,9626.8,9679.4,0.5
20-15-10,adagrad,cl_paper,2042,0.01,2,clgrid_20-15-10_adagrad_cl_paper_s2042,786,244.9,1900,1900,144209.7,15497.3,0,146289.3,9626.8,9560.8,-0.7
20-15-10,adagrad,cl_paper,2043,0.01,2,clgrid_20-15-10_adagrad_cl_paper_s2043,786,244.5,1900,1900,143816.6,15589.9,0,146289.3,9626.8,9544.2,-0.9
20-15-10,adagrad,cl_paper,2044,0.01,2,clgrid_20-15-10_adagrad_cl_paper_s2044,786,245.7,1900,1900,144135.9,15566.3,0,146289.3,9626.8,9459.7,-1.7
20-15-10,adagrad,cl_paper,2045,0.01,2,clgrid_20-15-10_adagrad_cl_paper_s2045,786,245.5,1900,1900,144788,15461.9,0,146289.3,9626.8,9636.9,0.1
20-15-10,adagrad,cl_start,2026,0.01,1,clgrid_20-15-10_adagrad_cl_start_s2026,786,468.2,3403,3670,145973.7,15215.1,0,146289.3,9626.8,9499.5,-1.3
20-15-10,adagrad,cl_start,2027,0.01,1,clgrid_20-15-10_adagrad_cl_start_s2027,786,443.8,3235,3524,145991.7,15216.5,0,146289.3,9626.8,9476.6,-1.6
20-15-10,adagrad,cl_start,2028,0.01,1,clgrid_20-15-10_adagrad_cl_start_s2028,786,405.6,2928,3214,145866.8,15208.8,0,146289.3,9626.8,9521.5,-1.1
20-15-10,adagrad,cl_start,2029,0.01,1,clgrid_20-15-10_adagrad_cl_start_s2029,786,272.3,1768,2099,146220.5,15240.3,0,146289.3,9626.8,9501.4,-1.3
20-15-10,adagrad,cl_start,2030,0.01,1,clgrid_20-15-10_adagrad_cl_start_s2030,786,467.4,3495,3764,145975.4,15215.1,0,146289.3,9626.8,9551.3,-0.8
20-15-10,adagrad,cl_start,2031,0.01,1,clgrid_20-15-10_adagrad_cl_start_s2031,786,448,3074,3379,146032.5,15215.8,0,146289.3,9626.8,9521,-1.1
20-15-10,adagrad,cl_start,2032,0.01,1,clgrid_20-15-10_adagrad_cl_start_s2032,786,447.1,3071,3398,145915.1,15212.6,0,146289.3,9626.8,9491.1,-1.4
20-15-10,adagrad,cl_start,2033,0.01,1,clgrid_20-15-10_adagrad_cl_start_s2033,786,393.9,2829,3118,146041.3,15222.2,0,146289.3,9626.8,9469.5,-1.6
20-15-10,adagrad,cl_start,2034,0.01,1,clgrid_20-15-10_adagrad_cl_start_s2034,786,243,1462,1812,146076.5,15219.4,0,146289.3,9626.8,9478.3,-1.5
20-15-10,adagrad,cl_start,2035,0.01,1,clgrid_20-15-10_adagrad_cl_start_s2035,786,364.7,2505,2848,146012,15220,0,146289.3,9626.8,9453.2,-1.8
20-15-10,adagrad,cl_start,2036,0.01,2,clgrid_20-15-10_adagrad_cl_start_s2036,786,486.1,3583,3871,145948.6,15217.9,0,146289.3,9626.8,9549.6,-0.8
20-15-10,adagrad,cl_start,2037,0.01,2,clgrid_20-15-10_adagrad_cl_start_s2037,786,309.6,2059,2383,146064.4,15222.1,0,146289.3,9626.8,9408.5,-2.3
20-15-10,adagrad,cl_start,2038,0.01,2,clgrid_20-15-10_adagrad_cl_start_s2038,786,349.6,2323,2736,146056.9,15220.4,0,146289.3,9626.8,9527.8,-1
20-15-10,adagrad,cl_start,2039,0.01,2,clgrid_20-15-10_adagrad_cl_start_s2039,786,255.1,1605,1949,145954,15222.8,0,146289.3,9626.8,9481.1,-1.5
20-15-10,adagrad,cl_start,2040,0.01,2,clgrid_20-15-10_adagrad_cl_start_s2040,786,521.9,3906,4151,145983.6,15211.6,0,146289.3,9626.8,9426.3,-2.1
20-15-10,adagrad,cl_start,2041,0.01,2,clgrid_20-15-10_adagrad_cl_start_s2041,786,292.5,1974,2320,146039.5,15218.5,0,146289.3,9626.8,9494.4,-1.4
20-15-10,adagrad,cl_start,2042,0.01,2,clgrid_20-15-10_adagrad_cl_start_s2042,786,349.3,2454,2762,145972.4,15213.7,0,146289.3,9626.8,9490.8,-1.4
20-15-10,adagrad,cl_start,2043,0.01,2,clgrid_20-15-10_adagrad_cl_start_s2043,786,587,4510,4733,145816.3,15213.8,0,146289.3,9626.8,9463.5,-1.7
20-15-10,adagrad,cl_start,2044,0.01,2,clgrid_20-15-10_adagrad_cl_start_s2044,786,536.1,4107,4353,145939.5,15211.9,0,146289.3,9626.8,9450.8,-1.8
20-15-10,adagrad,cl_start,2045,0.01,2,clgrid_20-15-10_adagrad_cl_start_s2045,786,167,855,1222,146167.3,15231.8,0,146289.3,9626.8,9547.3,-0.8
20-15-10,adadelta,cl_paper,2026,1,1,clgrid_20-15-10_adadelta_cl_paper_s2026,786,259.1,1900,1900,141594.9,16015,0,146289.3,9626.8,12282.5,27.6
20-15-10,adadelta,cl_paper,2027,1,1,clgrid_20-15-10_adadelta_cl_paper_s2027,786,255.4,1900,1900,144160.1,15454.6,0,146289.3,9626.8,7451.5,-22.6
20-15-10,adadelta,cl_paper,2028,1,1,clgrid_20-15-10_adadelta_cl_paper_s2028,786,258.9,1900,1900,144579,16084.7,0,146289.3,9626.8,8208.6,-14.7
20-15-10,adadelta,cl_paper,2029,1,1,clgrid_20-15-10_adadelta_cl_paper_s2029,786,253.8,1900,1900,138919.7,15427.2,0,146289.3,9626.8,7985.1,-17.1
20-15-10,adadelta,cl_paper,2030,1,1,clgrid_20-15-10_adadelta_cl_paper_s2030,786,258.3,1900,1900,152386.1,16450.2,0,146289.3,9626.8,7176.2,-25.5
20-15-10,adadelta,cl_paper,2031,1,1,clgrid_20-15-10_adadelta_cl_paper_s2031,786,260.4,1900,1900,144392.6,15882.2,0,146289.3,9626.8,11462.1,19.1
20-15-10,adadelta,cl_paper,2032,1,1,clgrid_20-15-10_adadelta_cl_paper_s2032,786,257.9,1900,1900,143781.1,16136.8,0,146289.3,9626.8,9176.1,-4.7
20-15-10,adadelta,cl_paper,2033,1,1,clgrid_20-15-10_adadelta_cl_paper_s2033,786,260.8,1900,1900,142790,15911.1,0,146289.3,9626.8,10330,7.3
20-15-10,adadelta,cl_paper,2034,1,1,clgrid_20-15-10_adadelta_cl_paper_s2034,786,258,1900,1900,141858.9,15829.4,0,146289.3,9626.8,8769.4,-8.9
20-15-10,adadelta,cl_paper,2035,1,1,clgrid_20-15-10_adadelta_cl_paper_s2035,786,254.6,1900,1900,141976.7,15663.9,0,146289.3,9626.8,8484.9,-11.9
20-15-10,adadelta,cl_paper,2036,1,2,clgrid_20-15-10_adadelta_cl_paper_s2036,786,255.1,1900,1900,145399.6,16126.4,0,146289.3,9626.8,7324.7,-23.9
20-15-10,adadelta,cl_paper,2037,1,2,clgrid_20-15-10_adadelta_cl_paper_s2037,786,258.2,1900,1900,141896.1,16241.7,0,146289.3,9626.8,11335.4,17.7
20-15-10,adadelta,cl_paper,2038,1,2,clgrid_20-15-10_adadelta_cl_paper_s2038,786,262.1,1900,1900,143090.7,15421.6,0,146289.3,9626.8,7997.9,-16.9
20-15-10,adadelta,cl_paper,2039,1,2,clgrid_20-15-10_adadelta_cl_paper_s2039,786,250.4,1900,1900,138707.1,15550.7,0,146289.3,9626.8,10617.1,10.3
20-15-10,adadelta,cl_paper,2040,1,2,clgrid_20-15-10_adadelta_cl_paper_s2040,786,256,1900,1900,143979.7,15645.6,0,146289.3,9626.8,8562,-11.1
20-15-10,adadelta,cl_paper,2041,1,2,clgrid_20-15-10_adadelta_cl_paper_s2041,786,253.7,1900,1900,149612.6,16462.3,0,146289.3,9626.8,9829.3,2.1
20-15-10,adadelta,cl_paper,2042,1,2,clgrid_20-15-10_adadelta_cl_paper_s2042,786,257.7,1900,1900,143338.4,15592.4,0,146289.3,9626.8,7284.2,-24.3
20-15-10,adadelta,cl_paper,2043,1,2,clgrid_20-15-10_adadelta_cl_paper_s2043,786,254.7,1900,1900,276602.9,17478.8,0,146289.3,9626.8,12470.7,29.5
20-15-10,adadelta,cl_paper,2044,1,2,clgrid_20-15-10_adadelta_cl_paper_s2044,786,256.6,1900,1900,144149.2,15438.3,0,146289.3,9626.8,7804.2,-18.9
20-15-10,adadelta,cl_paper,2045,1,2,clgrid_20-15-10_adadelta_cl_paper_s2045,786,254.5,1900,1900,140968.2,16220.3,0,146289.3,9626.8,10621.8,10.3
20-15-10,adadelta,cl_start,2026,1,1,clgrid_20-15-10_adadelta_cl_start_s2026,786,200.4,997,1423,145958.2,15213.6,0,146289.3,9626.8,9193.3,-4.5
20-15-10,adadelta,cl_start,2027,1,1,clgrid_20-15-10_adadelta_cl_start_s2027,786,238.7,1316,1746,145978.8,15214.3,0,146289.3,9626.8,8848.1,-8.1
20-15-10,adadelta,cl_start,2028,1,1,clgrid_20-15-10_adadelta_cl_start_s2028,786,239.8,1307,1761,145865.9,15209.6,0,146289.3,9626.8,9572.7,-0.6
20-15-10,adadelta,cl_start,2029,1,1,clgrid_20-15-10_adadelta_cl_start_s2029,786,232.5,1195,1704,145942.3,15207.9,0,146289.3,9626.8,9105.4,-5.4
20-15-10,adadelta,cl_start,2030,1,1,clgrid_20-15-10_adadelta_cl_start_s2030,786,227.2,1239,1677,145985.8,15213.2,0,146289.3,9626.8,9231.4,-4.1
20-15-10,adadelta,cl_start,2031,1,1,clgrid_20-15-10_adadelta_cl_start_s2031,786,183.3,821,1207,146013.1,15215.7,0,146289.3,9626.8,9378,-2.6
20-15-10,adadelta,cl_start,2032,1,1,clgrid_20-15-10_adadelta_cl_start_s2032,786,230.1,1170,1610,145949.6,15214.4,0,146289.3,9626.8,9125.9,-5.2
20-15-10,adadelta,cl_start,2033,1,1,clgrid_20-15-10_adadelta_cl_start_s2033,786,203.7,1063,1452,146046.5,15218.1,0,146289.3,9626.8,8919.6,-7.3
20-15-10,adadelta,cl_start,2034,1,1,clgrid_20-15-10_adadelta_cl_start_s2034,786,182.5,895,1288,145974.6,15212.4,0,146289.3,9626.8,8980.4,-6.7
20-15-10,adadelta,cl_start,2035,1,1,clgrid_20-15-10_adadelta_cl_start_s2035,786,221.3,1148,1597,146021.3,15217,0,146289.3,9626.8,9157.4,-4.9
20-15-10,adadelta,cl_start,2036,1,2,clgrid_20-15-10_adadelta_cl_start_s2036,786,201,983,1450,145987.6,15215.9,0,146289.3,9626.8,9054.4,-5.9
20-15-10,adadelta,cl_start,2037,1,2,clgrid_20-15-10_adadelta_cl_start_s2037,786,185.4,895,1285,145983.3,15215.6,0,146289.3,9626.8,9016.6,-6.3
20-15-10,adadelta,cl_start,2038,1,2,clgrid_20-15-10_adadelta_cl_start_s2038,786,266,1499,2000,145983.6,15214,0,146289.3,9626.8,9399,-2.4
20-15-10,adadelta,cl_start,2039,1,2,clgrid_20-15-10_adadelta_cl_start_s2039,786,168.5,744,1182,145918.1,15214,0,146289.3,9626.8,9316.4,-3.2
20-15-10,adadelta,cl_start,2040,1,2,clgrid_20-15-10_adadelta_cl_start_s2040,786,201.1,990,1435,145999.1,15215.5,0,146289.3,9626.8,9024.6,-6.3
20-15-10,adadelta,cl_start,2041,1,2,clgrid_20-15-10_adadelta_cl_start_s2041,786,217.6,1150,1578,145981,15215.1,0,146289.3,9626.8,9930.6,3.2
20-15-10,adadelta,cl_start,2042,1,2,clgrid_20-15-10_adadelta_cl_start_s2042,786,157.8,564,1068,145928.7,15217.1,0,146289.3,9626.8,9446.8,-1.9
20-15-10,adadelta,cl_start,2043,1,2,clgrid_20-15-10_adadelta_cl_start_s2043,786,247.1,1306,1792,145860.9,15211.2,0,146289.3,9626.8,9141,-5
20-15-10,adadelta,cl_start,2044,1,2,clgrid_20-15-10_adadelta_cl_start_s2044,786,232.3,1141,1683,145967.9,15211.2,0,146289.3,9626.8,8945.9,-7.1
20-15-10,adadelta,cl_start,2045,1,2,clgrid_20-15-10_adadelta_cl_start_s2045,786,184.1,792,1303,146005.1,15218.9,0,146289.3,9626.8,8985.3,-6.7
20-15-10,rmsprop,cl_paper,2026,0.001,1,clgrid_20-15-10_rmsprop_cl_paper_s2026,786,247.3,1900,1900,143389.7,15689.7,0,146289.3,9626.8,10397.4,8
20-15-10,rmsprop,cl_paper,2027,0.001,1,clgrid_20-15-10_rmsprop_cl_paper_s2027,786,248,1900,1900,143712.5,15554.9,0,146289.3,9626.8,9200.2,-4.4
20-15-10,rmsprop,cl_paper,2028,0.001,1,clgrid_20-15-10_rmsprop_cl_paper_s2028,786,248.3,1900,1900,143288.1,15534.7,0,146289.3,9626.8,9210.2,-4.3
20-15-10,rmsprop,cl_paper,2029,0.001,1,clgrid_20-15-10_rmsprop_cl_paper_s2029,786,245.7,1900,1900,143346.3,15506.2,0,146289.3,9626.8,8482.1,-11.9
20-15-10,rmsprop,cl_paper,2030,0.001,1,clgrid_20-15-10_rmsprop_cl_paper_s2030,786,245.8,1900,1900,143575.2,15501.6,0,146289.3,9626.8,8860.1,-8
20-15-10,rmsprop,cl_paper,2031,0.001,1,clgrid_20-15-10_rmsprop_cl_paper_s2031,786,252,1900,1900,143685.2,15638.9,0,146289.3,9626.8,10214.2,6.1
20-15-10,rmsprop,cl_paper,2032,0.001,1,clgrid_20-15-10_rmsprop_cl_paper_s2032,786,259.7,1900,1900,143430.3,15475.2,0,146289.3,9626.8,9466.1,-1.7
20-15-10,rmsprop,cl_paper,2033,0.001,1,clgrid_20-15-10_rmsprop_cl_paper_s2033,786,246.7,1900,1900,143766.4,15517.8,0,146289.3,9626.8,9683.3,0.6
20-15-10,rmsprop,cl_paper,2034,0.001,1,clgrid_20-15-10_rmsprop_cl_paper_s2034,786,246.2,1900,1900,143776.8,15457,0,146289.3,9626.8,9412,-2.2
20-15-10,rmsprop,cl_paper,2035,0.001,1,clgrid_20-15-10_rmsprop_cl_paper_s2035,786,246.8,1900,1900,143709.1,15457,0,146289.3,9626.8,9472.1,-1.6
20-15-10,rmsprop,cl_paper,2036,0.001,2,clgrid_20-15-10_rmsprop_cl_paper_s2036,786,247.2,1900,1900,143652,15443.2,0,146289.3,9626.8,8741.4,-9.2
20-15-10,rmsprop,cl_paper,2037,0.001,2,clgrid_20-15-10_rmsprop_cl_paper_s2037,786,247.5,1900,1900,143291.7,15580.7,0,146289.3,9626.8,10253.4,6.5
20-15-10,rmsprop,cl_paper,2038,0.001,2,clgrid_20-15-10_rmsprop_cl_paper_s2038,786,247.4,1900,1900,143330.4,15525.4,0,146289.3,9626.8,8749.9,-9.1
20-15-10,rmsprop,cl_paper,2039,0.001,2,clgrid_20-15-10_rmsprop_cl_paper_s2039,786,243.5,1900,1900,143427.1,15500.4,0,146289.3,9626.8,9698.3,0.7
20-15-10,rmsprop,cl_paper,2040,0.001,2,clgrid_20-15-10_rmsprop_cl_paper_s2040,786,244.9,1900,1900,143267.9,15453.1,0,146289.3,9626.8,9489.2,-1.4
20-15-10,rmsprop,cl_paper,2041,0.001,2,clgrid_20-15-10_rmsprop_cl_paper_s2041,786,246.2,1900,1900,143828.1,15511.2,0,146289.3,9626.8,10281.7,6.8
20-15-10,rmsprop,cl_paper,2042,0.001,2,clgrid_20-15-10_rmsprop_cl_paper_s2042,786,246.5,1900,1900,143200.7,15458.7,0,146289.3,9626.8,8912.3,-7.4
20-15-10,rmsprop,cl_paper,2043,0.001,2,clgrid_20-15-10_rmsprop_cl_paper_s2043,786,249.3,1900,1900,143030.2,15538.5,0,146289.3,9626.8,10300.2,7
20-15-10,rmsprop,cl_paper,2044,0.001,2,clgrid_20-15-10_rmsprop_cl_paper_s2044,786,247.3,1900,1900,143916.4,15499.8,0,146289.3,9626.8,8746.8,-9.1
20-15-10,rmsprop,cl_paper,2045,0.001,2,clgrid_20-15-10_rmsprop_cl_paper_s2045,786,248.4,1900,1900,143658.1,15553.7,0,146289.3,9626.8,10028.7,4.2
20-15-10,rmsprop,cl_start,2026,0.001,1,clgrid_20-15-10_rmsprop_cl_start_s2026,786,201.4,1036,1505,145818.6,15205.4,0,146289.3,9626.8,9681.1,0.6
20-15-10,rmsprop,cl_start,2027,0.001,1,clgrid_20-15-10_rmsprop_cl_start_s2027,786,175.7,831,1279,145876.6,15205.6,0,146289.3,9626.8,9120.4,-5.3
20-15-10,rmsprop,cl_start,2028,0.001,1,clgrid_20-15-10_rmsprop_cl_start_s2028,786,172.7,787,1258,145884.8,15208.6,0,146289.3,9626.8,9513.6,-1.2
20-15-10,rmsprop,cl_start,2029,0.001,1,clgrid_20-15-10_rmsprop_cl_start_s2029,786,193.3,986,1431,145907.5,15208.7,0,146289.3,9626.8,9344.5,-2.9
20-15-10,rmsprop,cl_start,2030,0.001,1,clgrid_20-15-10_rmsprop_cl_start_s2030,786,220.7,1196,1670,145959.2,15211.2,0,146289.3,9626.8,9210.8,-4.3
20-15-10,rmsprop,cl_start,2031,0.001,1,clgrid_20-15-10_rmsprop_cl_start_s2031,786,138,490,950,145953,15212.8,0,146289.3,9626.8,9592.9,-0.4
20-15-10,rmsprop,cl_start,2032,0.001,1,clgrid_20-15-10_rmsprop_cl_start_s2032,786,144.8,558,1012,145881.9,15209.8,0,146289.3,9626.8,9376.7,-2.6
20-15-10,rmsprop,cl_start,2033,0.001,1,clgrid_20-15-10_rmsprop_cl_start_s2033,786,181.7,834,1345,145893.5,15212.8,0,146289.3,9626.8,9395.1,-2.4
20-15-10,rmsprop,cl_start,2034,0.001,1,clgrid_20-15-10_rmsprop_cl_start_s2034,786,177.3,845,1288,145906.9,15208.7,0,146289.3,9626.8,9238.1,-4
20-15-10,rmsprop,cl_start,2035,0.001,1,clgrid_20-15-10_rmsprop_cl_start_s2035,786,219.5,1158,1638,145911.4,15213,0,146289.3,9626.8,9533.4,-1
20-15-10,rmsprop,cl_start,2036,0.001,2,clgrid_20-15-10_rmsprop_cl_start_s2036,786,165.2,736,1181,145925.3,15214.5,0,146289.3,9626.8,9368.4,-2.7
20-15-10,rmsprop,cl_start,2037,0.001,2,clgrid_20-15-10_rmsprop_cl_start_s2037,786,142.8,565,1007,145947.6,15213.4,0,146289.3,9626.8,9200.1,-4.4
20-15-10,rmsprop,cl_start,2038,0.001,2,clgrid_20-15-10_rmsprop_cl_start_s2038,786,240.4,1359,1846,145971,15212.5,0,146289.3,9626.8,9505.6,-1.3
20-15-10,rmsprop,cl_start,2039,0.001,2,clgrid_20-15-10_rmsprop_cl_start_s2039,786,194.7,991,1439,145834.9,15211.1,0,146289.3,9626.8,9442.9,-1.9
20-15-10,rmsprop,cl_start,2040,0.001,2,clgrid_20-15-10_rmsprop_cl_start_s2040,786,205.8,1103,1542,145868.3,15206.5,0,146289.3,9626.8,9399.8,-2.4
20-15-10,rmsprop,cl_start,2041,0.001,2,clgrid_20-15-10_rmsprop_cl_start_s2041,786,204.6,1108,1560,145842.6,15204.8,0,146289.3,9626.8,9242,-4
20-15-10,rmsprop,cl_start,2042,0.001,2,clgrid_20-15-10_rmsprop_cl_start_s2042,786,159,673,1148,145745.8,15204.1,0,146289.3,9626.8,9446,-1.9
20-15-10,rmsprop,cl_start,2043,0.001,2,clgrid_20-15-10_rmsprop_cl_start_s2043,786,200,920,1507,145873.8,15209.3,0,146289.3,9626.8,9358.7,-2.8
20-15-10,rmsprop,cl_start,2044,0.001,2,clgrid_20-15-10_rmsprop_cl_start_s2044,786,235.1,1359,1798,145857.8,15201.3,0,146289.3,9626.8,9511.7,-1.2
20-15-10,rmsprop,cl_start,2045,0.001,2,clgrid_20-15-10_rmsprop_cl_start_s2045,786,187.2,863,1398,145933.4,15215.8,0,146289.3,9626.8,9638.7,0.1
20-15-10,adam,cl_paper,2026,0.001,1,clgrid_20-15-10_adam_cl_paper_s2026,786,259.8,1900,1900,143858.3,15611.4,0,146289.3,9626.8,9720.8,1
20-15-10,adam,cl_paper,2027,0.001,1,clgrid_20-15-10_adam_cl_paper_s2027,786,250.8,1900,1900,143963.7,15526.9,0,146289.3,9626.8,9812.4,1.9
20-15-10,adam,cl_paper,2028,0.001,1,clgrid_20-15-10_adam_cl_paper_s2028,786,256.3,1900,1900,143759.9,15539.1,0,146289.3,9626.8,9747.9,1.3
20-15-10,adam,cl_paper,2029,0.001,1,clgrid_20-15-10_adam_cl_paper_s2029,786,256.7,1900,1900,143858.7,15479.1,0,146289.3,9626.8,9664,0.4
20-15-10,adam,cl_paper,2030,0.001,1,clgrid_20-15-10_adam_cl_paper_s2030,786,255.7,1900,1900,143912.3,15483,0,146289.3,9626.8,9775.8,1.5
20-15-10,adam,cl_paper,2031,0.001,1,clgrid_20-15-10_adam_cl_paper_s2031,786,256.9,1900,1900,143760.5,15625.4,0,146289.3,9626.8,9644.8,0.2
20-15-10,adam,cl_paper,2032,0.001,1,clgrid_20-15-10_adam_cl_paper_s2032,786,269.1,1900,1900,143834.9,15508,0,146289.3,9626.8,9670.7,0.5
20-15-10,adam,cl_paper,2033,0.001,1,clgrid_20-15-10_adam_cl_paper_s2033,786,252.4,1900,1900,143942.4,15513.2,0,146289.3,9626.8,9756.6,1.3
20-15-10,adam,cl_paper,2034,0.001,1,clgrid_20-15-10_adam_cl_paper_s2034,786,254.6,1900,1900,143997.1,15454.5,0,146289.3,9626.8,9670.2,0.5
20-15-10,adam,cl_paper,2035,0.001,1,clgrid_20-15-10_adam_cl_paper_s2035,786,248.9,1900,1900,143864.6,15449,0,146289.3,9626.8,9718.5,1
20-15-10,adam,cl_paper,2036,0.001,2,clgrid_20-15-10_adam_cl_paper_s2036,786,259.8,1900,1900,144003.2,15466.4,0,146289.3,9626.8,9797.2,1.8
20-15-10,adam,cl_paper,2037,0.001,2,clgrid_20-15-10_adam_cl_paper_s2037,786,256.3,1900,1900,143605.4,15530.6,0,146289.3,9626.8,9636.3,0.1
20-15-10,adam,cl_paper,2038,0.001,2,clgrid_20-15-10_adam_cl_paper_s2038,786,253.2,1900,1900,143878.7,15500.5,0,146289.3,9626.8,9786.8,1.7
20-15-10,adam,cl_paper,2039,0.001,2,clgrid_20-15-10_adam_cl_paper_s2039,786,253.7,1900,1900,143958.9,15495.2,0,146289.3,9626.8,9747.7,1.3
20-15-10,adam,cl_paper,2040,0.001,2,clgrid_20-15-10_adam_cl_paper_s2040,786,253.2,1900,1900,143751.8,15413.9,0,146289.3,9626.8,9667.5,0.4
20-15-10,adam,cl_paper,2041,0.001,2,clgrid_20-15-10_adam_cl_paper_s2041,786,256.6,1900,1900,143969.6,15483.6,0,146289.3,9626.8,9767.5,1.5
20-15-10,adam,cl_paper,2042,0.001,2,clgrid_20-15-10_adam_cl_paper_s2042,786,261.3,1900,1900,143968.3,15437.8,0,146289.3,9626.8,9706.5,0.8
20-15-10,adam,cl_paper,2043,0.001,2,clgrid_20-15-10_adam_cl_paper_s2043,786,261.6,1900,1900,143383.9,15551.9,0,146289.3,9626.8,9720.1,1
20-15-10,adam,cl_paper,2044,0.001,2,clgrid_20-15-10_adam_cl_paper_s2044,786,256.7,1900,1900,144222.6,15461.5,0,146289.3,9626.8,9688.1,0.6
20-15-10,adam,cl_paper,2045,0.001,2,clgrid_20-15-10_adam_cl_paper_s2045,786,251,1900,1900,143790.5,15551.7,0,146289.3,9626.8,9687.3,0.6
20-15-10,adam,cl_start,2026,0.001,1,clgrid_20-15-10_adam_cl_start_s2026,786,164.1,542,1112,145917.6,15209.4,0,146289.3,9626.8,9484.5,-1.5
20-15-10,adam,cl_start,2027,0.001,1,clgrid_20-15-10_adam_cl_start_s2027,786,163.3,591,1129,145857.9,15204.9,0,146289.3,9626.8,9599.2,-0.3
20-15-10,adam,cl_start,2028,0.001,1,clgrid_20-15-10_adam_cl_start_s2028,786,136.2,393,889,145830.6,15209.3,0,146289.3,9626.8,9566.6,-0.6
20-15-10,adam,cl_start,2029,0.001,1,clgrid_20-15-10_adam_cl_start_s2029,786,142.9,495,969,145895.2,15208.4,0,146289.3,9626.8,9425.7,-2.1
20-15-10,adam,cl_start,2030,0.001,1,clgrid_20-15-10_adam_cl_start_s2030,786,133.8,433,894,145980.7,15213.3,0,146289.3,9626.8,9485.8,-1.5
20-15-10,adam,cl_start,2031,0.001,1,clgrid_20-15-10_adam_cl_start_s2031,786,119.1,340,735,146027.3,15212.2,0,146289.3,9626.8,9531.1,-1
20-15-10,adam,cl_start,2032,0.001,1,clgrid_20-15-10_adam_cl_start_s2032,786,151.8,447,1002,145880.9,15209.6,0,146289.3,9626.8,9439.7,-1.9
20-15-10,adam,cl_start,2033,0.001,1,clgrid_20-15-10_adam_cl_start_s2033,786,146.8,404,967,146027.1,15216.4,0,146289.3,9626.8,9445.2,-1.9
20-15-10,adam,cl_start,2034,0.001,1,clgrid_20-15-10_adam_cl_start_s2034,786,135.6,368,890,145987.3,15217.4,0,146289.3,9626.8,9447.1,-1.9
20-15-10,adam,cl_start,2035,0.001,1,clgrid_20-15-10_adam_cl_start_s2035,786,142.4,412,953,146020.9,15214.2,0,146289.3,9626.8,9547.8,-0.8
20-15-10,adam,cl_start,2036,0.001,2,clgrid_20-15-10_adam_cl_start_s2036,786,140.9,379,925,145947.7,15215,0,146289.3,9626.8,9553.9,-0.8
20-15-10,adam,cl_start,2037,0.001,2,clgrid_20-15-10_adam_cl_start_s2037,786,150.4,469,998,145936.5,15212.7,0,146289.3,9626.8,9336,-3
20-15-10,adam,cl_start,2038,0.001,2,clgrid_20-15-10_adam_cl_start_s2038,786,136.4,479,898,145971.6,15214.7,0,146289.3,9626.8,9509.7,-1.2
20-15-10,adam,cl_start,2039,0.001,2,clgrid_20-15-10_adam_cl_start_s2039,786,155.5,502,1052,145811.9,15209.5,0,146289.3,9626.8,9504.9,-1.3
20-15-10,adam,cl_start,2040,0.001,2,clgrid_20-15-10_adam_cl_start_s2040,786,161.7,584,1091,145858.7,15207.9,0,146289.3,9626.8,9433.1,-2
20-15-10,adam,cl_start,2041,0.001,2,clgrid_20-15-10_adam_cl_start_s2041,786,143.7,454,961,145902.9,15206.1,0,146289.3,9626.8,9487.3,-1.4
20-15-10,adam,cl_start,2042,0.001,2,clgrid_20-15-10_adam_cl_start_s2042,786,147.5,466,980,145788.2,15206.7,0,146289.3,9626.8,9526.6,-1
20-15-10,adam,cl_start,2043,0.001,2,clgrid_20-15-10_adam_cl_start_s2043,786,144.9,517,974,145831.3,15209,0,146289.3,9626.8,9427.8,-2.1
20-15-10,adam,cl_start,2044,0.001,2,clgrid_20-15-10_adam_cl_start_s2044,786,172.8,644,1184,145869.8,15204.6,0,146289.3,9626.8,9494.1,-1.4
20-15-10,adam,cl_start,2045,0.001,2,clgrid_20-15-10_adam_cl_start_s2045,786,155.8,467,1050,145994.3,15222.3,0,146289.3,9626.8,9481.6,-1.5
20-15-10,adamw,cl_paper,2026,0.001,1,clgrid_20-15-10_adamw_cl_paper_s2026,786,259.7,1900,1900,143860.1,15611.2,0,146289.3,9626.8,9721.2,1
20-15-10,adamw,cl_paper,2027,0.001,1,clgrid_20-15-10_adamw_cl_paper_s2027,786,260.5,1900,1900,143965.3,15526.8,0,146289.3,9626.8,9812.1,1.9
20-15-10,adamw,cl_paper,2028,0.001,1,clgrid_20-15-10_adamw_cl_paper_s2028,786,256,1900,1900,143761.7,15538.9,0,146289.3,9626.8,9747.7,1.3
20-15-10,adamw,cl_paper,2029,0.001,1,clgrid_20-15-10_adamw_cl_paper_s2029,786,260.2,1900,1900,143860.2,15479,0,146289.3,9626.8,9663,0.4
20-15-10,adamw,cl_paper,2030,0.001,1,clgrid_20-15-10_adamw_cl_paper_s2030,786,254.4,1900,1900,143914.2,15482.9,0,146289.3,9626.8,9775.6,1.5
20-15-10,adamw,cl_paper,2031,0.001,1,clgrid_20-15-10_adamw_cl_paper_s2031,786,258.8,1900,1900,143762.2,15625.1,0,146289.3,9626.8,9650.9,0.3
20-15-10,adamw,cl_paper,2032,0.001,1,clgrid_20-15-10_adamw_cl_paper_s2032,786,271,1900,1900,143836.9,15507.8,0,146289.3,9626.8,9670.5,0.5
20-15-10,adamw,cl_paper,2033,0.001,1,clgrid_20-15-10_adamw_cl_paper_s2033,786,262,1900,1900,143944,15513,0,146289.3,9626.8,9740.3,1.2
20-15-10,adamw,cl_paper,2034,0.001,1,clgrid_20-15-10_adamw_cl_paper_s2034,786,259.8,1900,1900,143998.5,15454.4,0,146289.3,9626.8,9673.6,0.5
20-15-10,adamw,cl_paper,2035,0.001,1,clgrid_20-15-10_adamw_cl_paper_s2035,786,253.1,1900,1900,143866.6,15448.8,0,146289.3,9626.8,9718.1,0.9
20-15-10,adamw,cl_paper,2036,0.001,2,clgrid_20-15-10_adamw_cl_paper_s2036,786,259.3,1900,1900,144004.9,15466.2,0,146289.3,9626.8,9796.4,1.8
20-15-10,adamw,cl_paper,2037,0.001,2,clgrid_20-15-10_adamw_cl_paper_s2037,786,259.6,1900,1900,143607,15530.6,0,146289.3,9626.8,9635.2,0.1
20-15-10,adamw,cl_paper,2038,0.001,2,clgrid_20-15-10_adamw_cl_paper_s2038,786,255.9,1900,1900,143880.2,15500.3,0,146289.3,9626.8,9785.9,1.7
20-15-10,adamw,cl_paper,2039,0.001,2,clgrid_20-15-10_adamw_cl_paper_s2039,786,257.9,1900,1900,143960.3,15495.1,0,146289.3,9626.8,9747.1,1.3
20-15-10,adamw,cl_paper,2040,0.001,2,clgrid_20-15-10_adamw_cl_paper_s2040,786,261.6,1900,1900,143753.6,15413.9,0,146289.3,9626.8,9667.3,0.4
20-15-10,adamw,cl_paper,2041,0.001,2,clgrid_20-15-10_adamw_cl_paper_s2041,786,254.4,1900,1900,143970.9,15483.5,0,146289.3,9626.8,9769.5,1.5
20-15-10,adamw,cl_paper,2042,0.001,2,clgrid_20-15-10_adamw_cl_paper_s2042,786,255,1900,1900,143969.7,15437.7,0,146289.3,9626.8,9704,0.8
20-15-10,adamw,cl_paper,2043,0.001,2,clgrid_20-15-10_adamw_cl_paper_s2043,786,256.5,1900,1900,143386.3,15551.7,0,146289.3,9626.8,9724.3,1
20-15-10,adamw,cl_paper,2044,0.001,2,clgrid_20-15-10_adamw_cl_paper_s2044,786,258.6,1900,1900,144223.9,15461.4,0,146289.3,9626.8,9687.9,0.6
20-15-10,adamw,cl_paper,2045,0.001,2,clgrid_20-15-10_adamw_cl_paper_s2045,786,255.6,1900,1900,143792.3,15551.5,0,146289.3,9626.8,9686.8,0.6
20-15-10,adamw,cl_start,2026,0.001,1,clgrid_20-15-10_adamw_cl_start_s2026,786,167.4,542,1111,145917.6,15209.4,0,146289.3,9626.8,9484.5,-1.5
20-15-10,adamw,cl_start,2027,0.001,1,clgrid_20-15-10_adamw_cl_start_s2027,786,164,589,1127,145859.1,15205,0,146289.3,9626.8,9600.7,-0.3
20-15-10,adamw,cl_start,2028,0.001,1,clgrid_20-15-10_adamw_cl_start_s2028,786,137.3,393,889,145830.7,15209.3,0,146289.3,9626.8,9566.5,-0.6
20-15-10,adamw,cl_start,2029,0.001,1,clgrid_20-15-10_adamw_cl_start_s2029,786,148.3,495,969,145895.2,15208.4,0,146289.3,9626.8,9425.7,-2.1
20-15-10,adamw,cl_start,2030,0.001,1,clgrid_20-15-10_adamw_cl_start_s2030,786,137.5,433,895,145980.7,15213.3,0,146289.3,9626.8,9485.8,-1.5
20-15-10,adamw,cl_start,2031,0.001,1,clgrid_20-15-10_adamw_cl_start_s2031,786,119.1,340,735,146027.3,15212.2,0,146289.3,9626.8,9531,-1
20-15-10,adamw,cl_start,2032,0.001,1,clgrid_20-15-10_adamw_cl_start_s2032,786,163.8,447,1002,145881,15209.6,0,146289.3,9626.8,9439.7,-1.9
20-15-10,adamw,cl_start,2033,0.001,1,clgrid_20-15-10_adamw_cl_start_s2033,786,147.2,404,967,146027.1,15216.4,0,146289.3,9626.8,9445.2,-1.9
20-15-10,adamw,cl_start,2034,0.001,1,clgrid_20-15-10_adamw_cl_start_s2034,786,138.1,366,888,145989.3,15217.4,0,146289.3,9626.8,9447.6,-1.9
20-15-10,adamw,cl_start,2035,0.001,1,clgrid_20-15-10_adamw_cl_start_s2035,786,143.8,411,952,146021,15214.2,0,146289.3,9626.8,9556.7,-0.7
20-15-10,adamw,cl_start,2036,0.001,2,clgrid_20-15-10_adamw_cl_start_s2036,786,147.4,379,925,145947.7,15215,0,146289.3,9626.8,9553.9,-0.8
20-15-10,adamw,cl_start,2037,0.001,2,clgrid_20-15-10_adamw_cl_start_s2037,786,156.2,469,998,145936.6,15212.7,0,146289.3,9626.8,9327,-3.1
20-15-10,adamw,cl_start,2038,0.001,2,clgrid_20-15-10_adamw_cl_start_s2038,786,137.4,481,900,145971.5,15214.7,0,146289.3,9626.8,9509.2,-1.2
20-15-10,adamw,cl_start,2039,0.001,2,clgrid_20-15-10_adamw_cl_start_s2039,786,160.3,502,1051,145811.9,15209.5,0,146289.3,9626.8,9504.9,-1.3
20-15-10,adamw,cl_start,2040,0.001,2,clgrid_20-15-10_adamw_cl_start_s2040,786,161.5,585,1092,145858.2,15207.9,0,146289.3,9626.8,9453.2,-1.8
20-15-10,adamw,cl_start,2041,0.001,2,clgrid_20-15-10_adamw_cl_start_s2041,786,145.4,454,961,145903,15206.1,0,146289.3,9626.8,9476.8,-1.6
20-15-10,adamw,cl_start,2042,0.001,2,clgrid_20-15-10_adamw_cl_start_s2042,786,151,466,980,145788.3,15206.7,0,146289.3,9626.8,9526.6,-1
20-15-10,adamw,cl_start,2043,0.001,2,clgrid_20-15-10_adamw_cl_start_s2043,786,146.6,517,974,145831.4,15209,0,146289.3,9626.8,9427.9,-2.1
20-15-10,adamw,cl_start,2044,0.001,2,clgrid_20-15-10_adamw_cl_start_s2044,786,174.1,644,1184,145870.1,15204.6,0,146289.3,9626.8,9514.1,-1.2
20-15-10,adamw,cl_start,2045,0.001,2,clgrid_20-15-10_adamw_cl_start_s2045,786,154.9,467,1050,145994.3,15222.3,0,146289.3,9626.8,9481.6,-1.5
20-15-10,adamax,cl_paper,2026,0.001,1,clgrid_20-15-10_adamax_cl_paper_s2026,786,256.5,1900,1900,144846,15426.6,0,146289.3,9626.8,9629.1,0
20-15-10,adamax,cl_paper,2027,0.001,1,clgrid_20-15-10_adamax_cl_paper_s2027,786,254.4,1900,1900,145005.5,15480.2,0,146289.3,9626.8,9659.1,0.3
20-15-10,adamax,cl_paper,2028,0.001,1,clgrid_20-15-10_adamax_cl_paper_s2028,786,255.9,1900,1900,144768.9,15439.8,0,146289.3,9626.8,9656.1,0.3
20-15-10,adamax,cl_paper,2029,0.001,1,clgrid_20-15-10_adamax_cl_paper_s2029,786,255.7,1900,1900,144918.4,15424,0,146289.3,9626.8,9594.8,-0.3
20-15-10,adamax,cl_paper,2030,0.001,1,clgrid_20-15-10_adamax_cl_paper_s2030,786,252.1,1900,1900,144810,15429,0,146289.3,9626.8,9659.2,0.3
20-15-10,adamax,cl_paper,2031,0.001,1,clgrid_20-15-10_adamax_cl_paper_s2031,786,256,1900,1900,144783.6,15473.8,0,146289.3,9626.8,9654.5,0.3
20-15-10,adamax,cl_paper,2032,0.001,1,clgrid_20-15-10_adamax_cl_paper_s2032,786,269.6,1900,1900,144989.5,15417.1,0,146289.3,9626.8,9610.4,-0.2
20-15-10,adamax,cl_paper,2033,0.001,1,clgrid_20-15-10_adamax_cl_paper_s2033,786,256.9,1900,1900,144880.7,15418.3,0,146289.3,9626.8,9622.3,0
20-15-10,adamax,cl_paper,2034,0.001,1,clgrid_20-15-10_adamax_cl_paper_s2034,786,255.2,1900,1900,144805.6,15381.6,0,146289.3,9626.8,9608.4,-0.2
20-15-10,adamax,cl_paper,2035,0.001,1,clgrid_20-15-10_adamax_cl_paper_s2035,786,254,1900,1900,144783.2,15374.7,0,146289.3,9626.8,9637.6,0.1
20-15-10,adamax,cl_paper,2036,0.001,2,clgrid_20-15-10_adamax_cl_paper_s2036,786,254.6,1900,1900,144804.9,15394.5,0,146289.3,9626.8,9657.5,0.3
20-15-10,adamax,cl_paper,2037,0.001,2,clgrid_20-15-10_adamax_cl_paper_s2037,786,252,1900,1900,144709.3,15457.4,0,146289.3,9626.8,9637,0.1
20-15-10,adamax,cl_paper,2038,0.001,2,clgrid_20-15-10_adamax_cl_paper_s2038,786,248.4,1900,1900,144810.8,15413.4,0,146289.3,9626.8,9646,0.2
20-15-10,adamax,cl_paper,2039,0.001,2,clgrid_20-15-10_adamax_cl_paper_s2039,786,252.7,1900,1900,144933.6,15367,0,146289.3,9626.8,9632,0.1
20-15-10,adamax,cl_paper,2040,0.001,2,clgrid_20-15-10_adamax_cl_paper_s2040,786,254,1900,1900,144774.2,15351.8,0,146289.3,9626.8,9629.3,0
20-15-10,adamax,cl_paper,2041,0.001,2,clgrid_20-15-10_adamax_cl_paper_s2041,786,251.9,1900,1900,144879.3,15420,0,146289.3,9626.8,9698.1,0.7
20-15-10,adamax,cl_paper,2042,0.001,2,clgrid_20-15-10_adamax_cl_paper_s2042,786,255.2,1900,1900,144874.5,15336.5,0,146289.3,9626.8,9594.8,-0.3
20-15-10,adamax,cl_paper,2043,0.001,2,clgrid_20-15-10_adamax_cl_paper_s2043,786,254.3,1900,1900,144674.2,15432.7,0,146289.3,9626.8,9628.8,0
20-15-10,adamax,cl_paper,2044,0.001,2,clgrid_20-15-10_adamax_cl_paper_s2044,786,250.7,1900,1900,144938.5,15429.2,0,146289.3,9626.8,9571.2,-0.6
20-15-10,adamax,cl_paper,2045,0.001,2,clgrid_20-15-10_adamax_cl_paper_s2045,786,254.8,1900,1900,144986.1,15399.4,0,146289.3,9626.8,9676.3,0.5
20-15-10,adamax,cl_start,2026,0.001,1,clgrid_20-15-10_adamax_cl_start_s2026,786,203.8,855,1429,145880,15207.6,0,146289.3,9626.8,9368.5,-2.7
20-15-10,adamax,cl_start,2027,0.001,1,clgrid_20-15-10_adamax_cl_start_s2027,786,204.9,909,1454,145854.8,15205.2,0,146289.3,9626.8,9583.9,-0.4
20-15-10,adamax,cl_start,2028,0.001,1,clgrid_20-15-10_adamax_cl_start_s2028,786,148.9,586,1019,145844.2,15209.2,0,146289.3,9626.8,9568.6,-0.6
20-15-10,adamax,cl_start,2029,0.001,1,clgrid_20-15-10_adamax_cl_start_s2029,786,190.4,903,1354,145888.5,15208.4,0,146289.3,9626.8,9437.7,-2
20-15-10,adamax,cl_start,2030,0.001,1,clgrid_20-15-10_adamax_cl_start_s2030,786,172.7,775,1233,145962.3,15211.9,0,146289.3,9626.8,9428.9,-2.1
20-15-10,adamax,cl_start,2031,0.001,1,clgrid_20-15-10_adamax_cl_start_s2031,786,130.8,364,859,146012.9,15212.5,0,146289.3,9626.8,9353.1,-2.8
20-15-10,adamax,cl_start,2032,0.001,1,clgrid_20-15-10_adamax_cl_start_s2032,786,182.8,728,1177,145879.3,15210.3,0,146289.3,9626.8,9493.2,-1.4
20-15-10,adamax,cl_start,2033,0.001,1,clgrid_20-15-10_adamax_cl_start_s2033,786,159.4,566,1082,146077.4,15220.9,0,146289.3,9626.8,9417.8,-2.2
20-15-10,adamax,cl_start,2034,0.001,1,clgrid_20-15-10_adamax_cl_start_s2034,786,138,477,927,145987.8,15218,0,146289.3,9626.8,9504.5,-1.3
20-15-10,adamax,cl_start,2035,0.001,1,clgrid_20-15-10_adamax_cl_start_s2035,786,157.2,625,1096,146032.4,15215.1,0,146289.3,9626.8,9492.5,-1.4
20-15-10,adamax,cl_start,2036,0.001,2,clgrid_20-15-10_adamax_cl_start_s2036,786,151.7,532,1014,145983.6,15215.7,0,146289.3,9626.8,9466.5,-1.7
20-15-10,adamax,cl_start,2037,0.001,2,clgrid_20-15-10_adamax_cl_start_s2037,786,197.8,532,1398,146016.3,15220.7,0,146289.3,9626.8,9233.1,-4.1
20-15-10,adamax,cl_start,2038,0.001,2,clgrid_20-15-10_adamax_cl_start_s2038,786,168.1,766,1197,145976.5,15215.4,0,146289.3,9626.8,9548.4,-0.8
20-15-10,adamax,cl_start,2039,0.001,2,clgrid_20-15-10_adamax_cl_start_s2039,786,172.7,696,1237,145839.7,15209.5,0,146289.3,9626.8,9497.8,-1.3
20-15-10,adamax,cl_start,2040,0.001,2,clgrid_20-15-10_adamax_cl_start_s2040,786,203.3,971,1428,145865,15207.2,0,146289.3,9626.8,9426.3,-2.1
20-15-10,adamax,cl_start,2041,0.001,2,clgrid_20-15-10_adamax_cl_start_s2041,786,177.1,747,1264,145882,15206.7,0,146289.3,9626.8,9412.8,-2.2
20-15-10,adamax,cl_start,2042,0.001,2,clgrid_20-15-10_adamax_cl_start_s2042,786,151.2,599,1032,145794.3,15207.2,0,146289.3,9626.8,9498.9,-1.3
20-15-10,adamax,cl_start,2043,0.001,2,clgrid_20-15-10_adamax_cl_start_s2043,786,165.8,659,1152,145888.8,15210.3,0,146289.3,9626.8,9314.1,-3.2
20-15-10,adamax,cl_start,2044,0.001,2,clgrid_20-15-10_adamax_cl_start_s2044,786,224.2,1149,1604,145922,15210.9,0,146289.3,9626.8,9476.6,-1.6
20-15-10,adamax,cl_start,2045,0.001,2,clgrid_20-15-10_adamax_cl_start_s2045,786,136.9,457,918,146043.4,15223.4,0,146289.3,9626.8,9525.3,-1.1
20-15-10,nadam,cl_paper,2026,0.001,1,clgrid_20-15-10_nadam_cl_paper_s2026,786,272.3,1900,1900,143748.3,15618.9,0,146289.3,9626.8,9730.5,1.1
20-15-10,nadam,cl_paper,2027,0.001,1,clgrid_20-15-10_nadam_cl_paper_s2027,786,265.9,1900,1900,143847.4,15532,0,146289.3,9626.8,9800.5,1.8
20-15-10,nadam,cl_paper,2028,0.001,1,clgrid_20-15-10_nadam_cl_paper_s2028,786,258.6,1900,1900,143660.5,15537.9,0,146289.3,9626.8,9730.6,1.1
20-15-10,nadam,cl_paper,2029,0.001,1,clgrid_20-15-10_nadam_cl_paper_s2029,786,265.7,1900,1900,143703.9,15471.4,0,146289.3,9626.8,9619,-0.1
20-15-10,nadam,cl_paper,2030,0.001,1,clgrid_20-15-10_nadam_cl_paper_s2030,786,264.6,1900,1900,143800.7,15498.9,0,146289.3,9626.8,9732.3,1.1
20-15-10,nadam,cl_paper,2031,0.001,1,clgrid_20-15-10_nadam_cl_paper_s2031,786,267.8,1900,1900,143530.5,15647.5,0,146289.3,9626.8,9707,0.8
20-15-10,nadam,cl_paper,2032,0.001,1,clgrid_20-15-10_nadam_cl_paper_s2032,786,276.5,1900,1900,143623.3,15519.2,0,146289.3,9626.8,9713.1,0.9
20-15-10,nadam,cl_paper,2033,0.001,1,clgrid_20-15-10_nadam_cl_paper_s2033,786,263.1,1900,1900,143818.4,15517.9,0,146289.3,9626.8,9767.8,1.5
20-15-10,nadam,cl_paper,2034,0.001,1,clgrid_20-15-10_nadam_cl_paper_s2034,786,263.8,1900,1900,143834.6,15456.6,0,146289.3,9626.8,9624.3,0
20-15-10,nadam,cl_paper,2035,0.001,1,clgrid_20-15-10_nadam_cl_paper_s2035,786,261.6,1900,1900,143684.2,15461.8,0,146289.3,9626.8,9683,0.6
20-15-10,nadam,cl_paper,2036,0.001,2,clgrid_20-15-10_nadam_cl_paper_s2036,786,270.3,1900,1900,143900,15473.7,0,146289.3,9626.8,9903,2.9
20-15-10,nadam,cl_paper,2037,0.001,2,clgrid_20-15-10_nadam_cl_paper_s2037,786,262.3,1900,1900,143429.6,15554.7,0,146289.3,9626.8,10044.3,4.3
20-15-10,nadam,cl_paper,2038,0.001,2,clgrid_20-15-10_nadam_cl_paper_s2038,786,265.2,1900,1900,143759.4,15498.3,0,146289.3,9626.8,9930.2,3.2
20-15-10,nadam,cl_paper,2039,0.001,2,clgrid_20-15-10_nadam_cl_paper_s2039,786,261.9,1900,1900,143824,15488.4,0,146289.3,9626.8,9532.1,-1
20-15-10,nadam,cl_paper,2040,0.001,2,clgrid_20-15-10_nadam_cl_paper_s2040,786,263.8,1900,1900,143629.9,15421.1,0,146289.3,9626.8,9649,0.2
20-15-10,nadam,cl_paper,2041,0.001,2,clgrid_20-15-10_nadam_cl_paper_s2041,786,269,1900,1900,143917.3,15482,0,146289.3,9626.8,9919.5,3
20-15-10,nadam,cl_paper,2042,0.001,2,clgrid_20-15-10_nadam_cl_paper_s2042,786,268.9,1900,1900,143779,15436.7,0,146289.3,9626.8,9891.9,2.8
20-15-10,nadam,cl_paper,2043,0.001,2,clgrid_20-15-10_nadam_cl_paper_s2043,786,262.7,1900,1900,143199.4,15550.6,0,146289.3,9626.8,9773.4,1.5
20-15-10,nadam,cl_paper,2044,0.001,2,clgrid_20-15-10_nadam_cl_paper_s2044,786,262.4,1900,1900,144188.6,15458.9,0,146289.3,9626.8,9639.6,0.1
20-15-10,nadam,cl_paper,2045,0.001,2,clgrid_20-15-10_nadam_cl_paper_s2045,786,267.3,1900,1900,143631.3,15547,0,146289.3,9626.8,9513.2,-1.2
20-15-10,nadam,cl_start,2026,0.001,1,clgrid_20-15-10_nadam_cl_start_s2026,786,176.2,678,1145,145848.7,15205.2,0,146289.3,9626.8,9462.4,-1.7
20-15-10,nadam,cl_start,2027,0.001,1,clgrid_20-15-10_nadam_cl_start_s2027,786,164.9,563,1046,145856.1,15205.2,0,146289.3,9626.8,9522.3,-1.1
20-15-10,nadam,cl_start,2028,0.001,1,clgrid_20-15-10_nadam_cl_start_s2028,786,139.6,421,879,145888.9,15210.6,0,146289.3,9626.8,9497.2,-1.3
20-15-10,nadam,cl_start,2029,0.001,1,clgrid_20-15-10_nadam_cl_start_s2029,786,174.1,610,1141,145888.6,15207.5,0,146289.3,9626.8,9327,-3.1
20-15-10,nadam,cl_start,2030,0.001,1,clgrid_20-15-10_nadam_cl_start_s2030,786,133.2,376,814,145976.2,15213.4,0,146289.3,9626.8,9334.7,-3
20-15-10,nadam,cl_start,2031,0.001,1,clgrid_20-15-10_nadam_cl_start_s2031,786,128.8,337,741,146000.7,15212.2,0,146289.3,9626.8,9346,-2.9
20-15-10,nadam,cl_start,2032,0.001,1,clgrid_20-15-10_nadam_cl_start_s2032,786,153.8,452,873,145887.3,15210.3,0,146289.3,9626.8,9550.4,-0.8
20-15-10,nadam,cl_start,2033,0.001,1,clgrid_20-15-10_nadam_cl_start_s2033,786,166.4,440,1067,146024.3,15216.2,0,146289.3,9626.8,9477.7,-1.5
20-15-10,nadam,cl_start,2034,0.001,1,clgrid_20-15-10_nadam_cl_start_s2034,786,180.6,587,1172,145897.9,15209.1,0,146289.3,9626.8,9492.8,-1.4
20-15-10,nadam,cl_start,2035,0.001,1,clgrid_20-15-10_nadam_cl_start_s2035,786,151.7,471,956,146007.9,15213.9,0,146289.3,9626.8,9482.9,-1.5
20-15-10,nadam,cl_start,2036,0.001,2,clgrid_20-15-10_nadam_cl_start_s2036,786,138.6,395,813,145941,15215,0,146289.3,9626.8,9465.5,-1.7
20-15-10,nadam,cl_start,2037,0.001,2,clgrid_20-15-10_nadam_cl_start_s2037,786,150.4,449,932,145935.5,15213,0,146289.3,9626.8,9328.3,-3.1
20-15-10,nadam,cl_start,2038,0.001,2,clgrid_20-15-10_nadam_cl_start_s2038,786,139.1,384,859,145997.7,15214.9,0,146289.3,9626.8,9494.7,-1.4
20-15-10,nadam,cl_start,2039,0.001,2,clgrid_20-15-10_nadam_cl_start_s2039,786,153.6,460,978,145829,15209.8,0,146289.3,9626.8,9480.8,-1.5
20-15-10,nadam,cl_start,2040,0.001,2,clgrid_20-15-10_nadam_cl_start_s2040,786,169.7,650,1091,145858.8,15207.7,0,146289.3,9626.8,9396.4,-2.4
20-15-10,nadam,cl_start,2041,0.001,2,clgrid_20-15-10_nadam_cl_start_s2041,786,163.5,477,1028,145895.4,15206.2,0,146289.3,9626.8,9384.7,-2.5
20-15-10,nadam,cl_start,2042,0.001,2,clgrid_20-15-10_nadam_cl_start_s2042,786,147.6,481,911,145745.7,15206.8,0,146289.3,9626.8,9551.9,-0.8
20-15-10,nadam,cl_start,2043,0.001,2,clgrid_20-15-10_nadam_cl_start_s2043,786,148.9,496,909,145833.3,15209.2,0,146289.3,9626.8,9391.8,-2.4
20-15-10,nadam,cl_start,2044,0.001,2,clgrid_20-15-10_nadam_cl_start_s2044,786,172.3,681,1096,145864.4,15205.7,0,146289.3,9626.8,9459.3,-1.7
20-15-10,nadam,cl_start,2045,0.001,2,clgrid_20-15-10_nadam_cl_start_s2045,786,154.7,492,987,145950.4,15217.3,0,146289.3,9626.8,9550.3,-0.8
