hidden,optimizer,training,seed,learning_rate,block,run,parameters,run_time,epochs_used,epochs_run,loss,loss_vali,diverged,loss_hom,true,reserve,bias_pct
20,sgd,paper,2026,0.001,1,grid_20_sgd_paper_s2026,321,232.8,1900,1900,148097.8,15655.8,0,146289.3,9626.8,50291.3,422.4
20,sgd,paper,2027,0.001,1,grid_20_sgd_paper_s2027,321,230.8,1900,1900,156168.5,16571.7,0,146289.3,9626.8,558642.8,5703
20,sgd,paper,2028,0.001,1,grid_20_sgd_paper_s2028,321,230.4,1900,1900,148216.6,15603.3,0,146289.3,9626.8,51314.1,433
20,sgd,paper,2029,0.001,1,grid_20_sgd_paper_s2029,321,233.4,1900,1900,152344.9,16108.5,0,146289.3,9626.8,71198.6,639.6
20,sgd,paper,2030,0.001,1,grid_20_sgd_paper_s2030,321,234.2,1900,1900,156962.2,16816.3,0,146289.3,9626.8,57772.7,500.1
20,sgd,paper,2031,0.001,1,grid_20_sgd_paper_s2031,321,234.9,1900,1900,154672.9,16423.1,0,146289.3,9626.8,249761.7,2494.4
20,sgd,paper,2032,0.001,1,grid_20_sgd_paper_s2032,321,232,1900,1900,147230.8,15636.7,0,146289.3,9626.8,25681,166.8
20,sgd,paper,2033,0.001,1,grid_20_sgd_paper_s2033,321,234.9,1900,1900,147621.3,15610.1,0,146289.3,9626.8,28327,194.3
20,sgd,paper,2034,0.001,1,grid_20_sgd_paper_s2034,321,234,1900,1900,154636.7,16989.9,0,146289.3,9626.8,1579422,16306.6
20,sgd,paper,2035,0.001,1,grid_20_sgd_paper_s2035,321,234.3,1900,1900,151806.5,15931.1,0,146289.3,9626.8,39784,313.3
20,sgd,paper,2036,0.001,2,grid_20_sgd_paper_s2036,321,234.1,1900,1900,148926.6,15720.3,0,146289.3,9626.8,39441.3,309.7
20,sgd,paper,2037,0.001,2,grid_20_sgd_paper_s2037,321,233.2,1900,1900,155725.3,16291.4,0,146289.3,9626.8,169717.6,1663
20,sgd,paper,2038,0.001,2,grid_20_sgd_paper_s2038,321,233.1,1900,1900,155646.2,16434.7,0,146289.3,9626.8,118559.3,1131.6
20,sgd,paper,2039,0.001,2,grid_20_sgd_paper_s2039,321,234.3,1900,1900,171501.3,17998.2,0,146289.3,9626.8,244617.7,2441
20,sgd,paper,2040,0.001,2,grid_20_sgd_paper_s2040,321,231.4,1900,1900,161531.8,16889.1,0,146289.3,9626.8,86407.4,797.6
20,sgd,paper,2041,0.001,2,grid_20_sgd_paper_s2041,321,236.9,1900,1900,149986.6,15783.7,0,146289.3,9626.8,36739.8,281.6
20,sgd,paper,2042,0.001,2,grid_20_sgd_paper_s2042,321,229.5,1900,1900,151547.8,16153.7,0,146289.3,9626.8,41164.9,327.6
20,sgd,paper,2043,0.001,2,grid_20_sgd_paper_s2043,321,229.8,1900,1900,155056.4,16318.8,0,146289.3,9626.8,142830.5,1383.7
20,sgd,paper,2044,0.001,2,grid_20_sgd_paper_s2044,321,231.3,1900,1900,158645.3,16786.1,0,146289.3,9626.8,181308.4,1783.4
20,sgd,paper,2045,0.001,2,grid_20_sgd_paper_s2045,321,230.7,1900,1900,148793,15765.8,0,146289.3,9626.8,31067,222.7
20,sgd,early_stop,2026,0.001,1,grid_20_sgd_early_stop_s2026,321,1019.9,8143,8223,146304.7,15409.4,0,146289.3,9626.8,20260,110.5
20,sgd,early_stop,2027,0.001,1,grid_20_sgd_early_stop_s2027,321,1046.1,8613,8653,147402.5,15481.9,0,146289.3,9626.8,47114.4,389.4
20,sgd,early_stop,2028,0.001,1,grid_20_sgd_early_stop_s2028,321,1028.6,8587,8627,146885.2,15409.9,0,146289.3,9626.8,18826.8,95.6
20,sgd,early_stop,2029,0.001,1,grid_20_sgd_early_stop_s2029,321,1106.4,9091,9111,146492.5,15361.4,0,146289.3,9626.8,14652.2,52.2
20,sgd,early_stop,2030,0.001,1,grid_20_sgd_early_stop_s2030,321,1045.2,8637,8677,146226,15620.2,0,146289.3,9626.8,-1967.8,-120.4
20,sgd,early_stop,2031,0.001,1,grid_20_sgd_early_stop_s2031,321,1018.3,8269,8329,147491.7,15527.5,0,146289.3,9626.8,41437.1,330.4
20,sgd,early_stop,2032,0.001,1,grid_20_sgd_early_stop_s2032,321,1004.1,8276,8376,145554.1,15460.9,0,146289.3,9626.8,12151.2,26.2
20,sgd,early_stop,2033,0.001,1,grid_20_sgd_early_stop_s2033,321,1109.5,9018,9058,145702.3,15372.3,0,146289.3,9626.8,11062.9,14.9
20,sgd,early_stop,2034,0.001,1,grid_20_sgd_early_stop_s2034,321,1077.1,8900,8940,146171.9,16031.6,0,146289.3,9626.8,69923.5,626.3
20,sgd,early_stop,2035,0.001,1,grid_20_sgd_early_stop_s2035,321,1050.5,8827,8867,146209.3,15335.7,0,146289.3,9626.8,12674,31.7
20,sgd,early_stop,2036,0.001,2,grid_20_sgd_early_stop_s2036,321,979.8,8210,8290,146011.4,15398.5,0,146289.3,9626.8,12560.1,30.5
20,sgd,early_stop,2037,0.001,2,grid_20_sgd_early_stop_s2037,321,1060,8689,8729,146636.3,15389.5,0,146289.3,9626.8,14896.8,54.7
20,sgd,early_stop,2038,0.001,2,grid_20_sgd_early_stop_s2038,321,1092,9123,9143,147310.9,15593.9,0,146289.3,9626.8,27253.3,183.1
20,sgd,early_stop,2039,0.001,2,grid_20_sgd_early_stop_s2039,321,1092.2,9199,9219,146225.2,15452.3,0,146289.3,9626.8,27559,186.3
20,sgd,early_stop,2040,0.001,2,grid_20_sgd_early_stop_s2040,321,1058,8780,8840,146377.2,15346.1,0,146289.3,9626.8,13481.1,40
20,sgd,early_stop,2041,0.001,2,grid_20_sgd_early_stop_s2041,321,1093.5,9091,9111,146644.1,15400.6,0,146289.3,9626.8,12884.2,33.8
20,sgd,early_stop,2042,0.001,2,grid_20_sgd_early_stop_s2042,321,1034.5,8592,8632,146592.2,15560.7,0,146289.3,9626.8,27266.3,183.2
20,sgd,early_stop,2043,0.001,2,grid_20_sgd_early_stop_s2043,321,1107.9,8985,9025,146319.3,15476.2,0,146289.3,9626.8,16442.6,70.8
20,sgd,early_stop,2044,0.001,2,grid_20_sgd_early_stop_s2044,321,1021.6,8592,8632,147669.2,15444.8,0,146289.3,9626.8,-9340.6,-197
20,sgd,early_stop,2045,0.001,2,grid_20_sgd_early_stop_s2045,321,1083.5,8595,8635,146874.5,15504.6,0,146289.3,9626.8,29310.8,204.5
20,sgd_momentum,paper,2026,0.001,1,grid_20_sgd_momentum_paper_s2026,321,247.2,1900,1900,144036.5,15981.6,0,146289.3,9626.8,14956.7,55.4
20,sgd_momentum,paper,2027,0.001,1,grid_20_sgd_momentum_paper_s2027,321,236.3,1900,1900,144442.5,15847.6,0,146289.3,9626.8,18199.5,89.1
20,sgd_momentum,paper,2028,0.001,1,grid_20_sgd_momentum_paper_s2028,321,236.1,1900,1900,143809.4,16033.6,0,146289.3,9626.8,12984.1,34.9
20,sgd_momentum,paper,2029,0.001,1,grid_20_sgd_momentum_paper_s2029,321,235.4,1900,1900,144082,15960.8,0,146289.3,9626.8,10617.1,10.3
20,sgd_momentum,paper,2030,0.001,1,grid_20_sgd_momentum_paper_s2030,321,236.1,1900,1900,144347.1,15857.7,0,146289.3,9626.8,12069.2,25.4
20,sgd_momentum,paper,2031,0.001,1,grid_20_sgd_momentum_paper_s2031,321,234.5,1900,1900,144337.9,15866.3,0,146289.3,9626.8,13684,42.1
20,sgd_momentum,paper,2032,0.001,1,grid_20_sgd_momentum_paper_s2032,321,240.1,1900,1900,143789.2,15995.6,0,146289.3,9626.8,11903.8,23.7
20,sgd_momentum,paper,2033,0.001,1,grid_20_sgd_momentum_paper_s2033,321,238,1900,1900,144182.5,15798.2,0,146289.3,9626.8,11280.4,17.2
20,sgd_momentum,paper,2034,0.001,1,grid_20_sgd_momentum_paper_s2034,321,241.3,1900,1900,143723.5,16120.4,0,146289.3,9626.8,12267.6,27.4
20,sgd_momentum,paper,2035,0.001,1,grid_20_sgd_momentum_paper_s2035,321,235.7,1900,1900,143854.7,15801.4,0,146289.3,9626.8,12423.1,29
20,sgd_momentum,paper,2036,0.001,2,grid_20_sgd_momentum_paper_s2036,321,234.7,1900,1900,144181.4,15829.8,0,146289.3,9626.8,10330.1,7.3
20,sgd_momentum,paper,2037,0.001,2,grid_20_sgd_momentum_paper_s2037,321,237,1900,1900,144464.7,15673.8,0,146289.3,9626.8,11974.3,24.4
20,sgd_momentum,paper,2038,0.001,2,grid_20_sgd_momentum_paper_s2038,321,232.6,1900,1900,144853,15716.8,0,146289.3,9626.8,14424.1,49.8
20,sgd_momentum,paper,2039,0.001,2,grid_20_sgd_momentum_paper_s2039,321,237.3,1900,1900,145036.6,15543.4,0,146289.3,9626.8,13704.4,42.4
20,sgd_momentum,paper,2040,0.001,2,grid_20_sgd_momentum_paper_s2040,321,234.7,1900,1900,144292.8,15674.7,0,146289.3,9626.8,9593.5,-0.3
20,sgd_momentum,paper,2041,0.001,2,grid_20_sgd_momentum_paper_s2041,321,239.9,1900,1900,143835.1,15992.1,0,146289.3,9626.8,11259,17
20,sgd_momentum,paper,2042,0.001,2,grid_20_sgd_momentum_paper_s2042,321,233.3,1900,1900,144169.4,15989.4,0,146289.3,9626.8,11544.4,19.9
20,sgd_momentum,paper,2043,0.001,2,grid_20_sgd_momentum_paper_s2043,321,234,1900,1900,144445.7,15732.3,0,146289.3,9626.8,11450.5,18.9
20,sgd_momentum,paper,2044,0.001,2,grid_20_sgd_momentum_paper_s2044,321,232.2,1900,1900,144741,15803.4,0,146289.3,9626.8,12572.4,30.6
20,sgd_momentum,paper,2045,0.001,2,grid_20_sgd_momentum_paper_s2045,321,236.8,1900,1900,143497.4,16124.2,0,146289.3,9626.8,12840.2,33.4
20,sgd_momentum,early_stop,2026,0.001,1,grid_20_sgd_momentum_early_stop_s2026,321,931.1,7309,7429,146865.7,15411.9,0,146289.3,9626.8,5862.5,-39.1
20,sgd_momentum,early_stop,2027,0.001,1,grid_20_sgd_momentum_early_stop_s2027,321,959.4,7877,7957,149315.1,15427.8,0,146289.3,9626.8,-8530.1,-188.6
20,sgd_momentum,early_stop,2028,0.001,1,grid_20_sgd_momentum_early_stop_s2028,321,863,7113,7233,146094.7,15373.2,0,146289.3,9626.8,-6983.6,-172.5
20,sgd_momentum,early_stop,2029,0.001,1,grid_20_sgd_momentum_early_stop_s2029,321,754.1,6070,6230,148377.1,15410.8,0,146289.3,9626.8,10165.9,5.6
20,sgd_momentum,early_stop,2030,0.001,1,grid_20_sgd_momentum_early_stop_s2030,321,515.1,3864,4124,148783.6,15641.5,0,146289.3,9626.8,10448.4,8.5
20,sgd_momentum,early_stop,2031,0.001,1,grid_20_sgd_momentum_early_stop_s2031,321,755.3,6166,6327,146869.7,15301.7,0,146289.3,9626.8,10177.2,5.7
20,sgd_momentum,early_stop,2032,0.001,1,grid_20_sgd_momentum_early_stop_s2032,321,621.9,4954,5154,146221.9,15370.7,0,146289.3,9626.8,6263.3,-34.9
20,sgd_momentum,early_stop,2033,0.001,1,grid_20_sgd_momentum_early_stop_s2033,321,494.3,3832,4092,146787.3,15298.4,0,146289.3,9626.8,9913.6,3
20,sgd_momentum,early_stop,2034,0.001,1,grid_20_sgd_momentum_early_stop_s2034,321,744.9,5981,6179,145879.4,15563,0,146289.3,9626.8,-2072.9,-121.5
20,sgd_momentum,early_stop,2035,0.001,1,grid_20_sgd_momentum_early_stop_s2035,321,744.1,5902,6062,145652.1,15351.5,0,146289.3,9626.8,3019.8,-68.6
20,sgd_momentum,early_stop,2036,0.001,2,grid_20_sgd_momentum_early_stop_s2036,321,840.3,6720,6840,145681.8,15393.1,0,146289.3,9626.8,17666.7,83.5
20,sgd_momentum,early_stop,2037,0.001,2,grid_20_sgd_momentum_early_stop_s2037,321,839,6781,6921,145420.9,15361.7,0,146289.3,9626.8,5496.6,-42.9
20,sgd_momentum,early_stop,2038,0.001,2,grid_20_sgd_momentum_early_stop_s2038,321,981.3,8141,8203,147773.6,15331.2,0,146289.3,9626.8,10435.3,8.4
20,sgd_momentum,early_stop,2039,0.001,2,grid_20_sgd_momentum_early_stop_s2039,321,851.1,6922,7062,145636.9,15350.2,0,146289.3,9626.8,10552.8,9.6
20,sgd_momentum,early_stop,2040,0.001,2,grid_20_sgd_momentum_early_stop_s2040,321,798.7,6468,6628,148823.7,15433.6,0,146289.3,9626.8,9233.2,-4.1
20,sgd_momentum,early_stop,2041,0.001,2,grid_20_sgd_momentum_early_stop_s2041,321,657.9,5288,5488,147500.6,15338.7,0,146289.3,9626.8,8384.2,-12.9
20,sgd_momentum,early_stop,2042,0.001,2,grid_20_sgd_momentum_early_stop_s2042,321,798.9,6445,6585,145746.6,15570.2,0,146289.3,9626.8,17459.5,81.4
20,sgd_momentum,early_stop,2043,0.001,2,grid_20_sgd_momentum_early_stop_s2043,321,838.3,6781,6901,147123.8,15245,0,146289.3,9626.8,14438.2,50
20,sgd_momentum,early_stop,2044,0.001,2,grid_20_sgd_momentum_early_stop_s2044,321,880.3,7269,7369,147553.8,15490.6,0,146289.3,9626.8,9178.2,-4.7
20,sgd_momentum,early_stop,2045,0.001,2,grid_20_sgd_momentum_early_stop_s2045,321,840.8,6576,6716,147415.2,15213.3,0,146289.3,9626.8,23578.2,144.9
20,sgd_nesterov,paper,2026,0.001,1,grid_20_sgd_nesterov_paper_s2026,321,249.9,1900,1900,143297.4,16282,0,146289.3,9626.8,15002,55.8
20,sgd_nesterov,paper,2027,0.001,1,grid_20_sgd_nesterov_paper_s2027,321,238.3,1900,1900,144269.5,15902.2,0,146289.3,9626.8,18224.5,89.3
20,sgd_nesterov,paper,2028,0.001,1,grid_20_sgd_nesterov_paper_s2028,321,234,1900,1900,143295,16224.6,0,146289.3,9626.8,14085.9,46.3
20,sgd_nesterov,paper,2029,0.001,1,grid_20_sgd_nesterov_paper_s2029,321,237.1,1900,1900,143668.8,16051.7,0,146289.3,9626.8,10913.5,13.4
20,sgd_nesterov,paper,2030,0.001,1,grid_20_sgd_nesterov_paper_s2030,321,241.9,1900,1900,143865.3,16061.6,0,146289.3,9626.8,12224.6,27
20,sgd_nesterov,paper,2031,0.001,1,grid_20_sgd_nesterov_paper_s2031,321,234.9,1900,1900,144160,15974.1,0,146289.3,9626.8,12826.3,33.2
20,sgd_nesterov,paper,2032,0.001,1,grid_20_sgd_nesterov_paper_s2032,321,240.9,1900,1900,143389.8,16119.8,0,146289.3,9626.8,11134.2,15.7
20,sgd_nesterov,paper,2033,0.001,1,grid_20_sgd_nesterov_paper_s2033,321,243.2,1900,1900,143790.8,15908.8,0,146289.3,9626.8,10890.5,13.1
20,sgd_nesterov,paper,2034,0.001,1,grid_20_sgd_nesterov_paper_s2034,321,236.8,1900,1900,143528.9,16288.3,0,146289.3,9626.8,17013.3,76.7
20,sgd_nesterov,paper,2035,0.001,1,grid_20_sgd_nesterov_paper_s2035,321,236.7,1900,1900,143137.1,16006.2,0,146289.3,9626.8,11798.3,22.6
20,sgd_nesterov,paper,2036,0.001,2,grid_20_sgd_nesterov_paper_s2036,321,239.1,1900,1900,143964.7,15891.8,0,146289.3,9626.8,10516.9,9.2
20,sgd_nesterov,paper,2037,0.001,2,grid_20_sgd_nesterov_paper_s2037,321,239.4,1900,1900,144204,15805.5,0,146289.3,9626.8,12295,27.7
20,sgd_nesterov,paper,2038,0.001,2,grid_20_sgd_nesterov_paper_s2038,321,236.3,1900,1900,144737.5,15767.8,0,146289.3,9626.8,14988.2,55.7
20,sgd_nesterov,paper,2039,0.001,2,grid_20_sgd_nesterov_paper_s2039,321,237.8,1900,1900,144874.1,15580.8,0,146289.3,9626.8,14278.4,48.3
20,sgd_nesterov,paper,2040,0.001,2,grid_20_sgd_nesterov_paper_s2040,321,242.4,1900,1900,143914.9,15849,0,146289.3,9626.8,9756.9,1.4
20,sgd_nesterov,paper,2041,0.001,2,grid_20_sgd_nesterov_paper_s2041,321,237.1,1900,1900,143685.9,16093.2,0,146289.3,9626.8,10621.8,10.3
20,sgd_nesterov,paper,2042,0.001,2,grid_20_sgd_nesterov_paper_s2042,321,232.1,1900,1900,143881.1,16118.3,0,146289.3,9626.8,11276.9,17.1
20,sgd_nesterov,paper,2043,0.001,2,grid_20_sgd_nesterov_paper_s2043,321,239.8,1900,1900,144357.5,15787.5,0,146289.3,9626.8,11147.2,15.8
20,sgd_nesterov,paper,2044,0.001,2,grid_20_sgd_nesterov_paper_s2044,321,242.7,1900,1900,144607,15860.5,0,146289.3,9626.8,12626.9,31.2
20,sgd_nesterov,paper,2045,0.001,2,grid_20_sgd_nesterov_paper_s2045,321,236.3,1900,1900,142919.8,16381.6,0,146289.3,9626.8,11677.7,21.3
20,sgd_nesterov,early_stop,2026,0.001,1,grid_20_sgd_nesterov_early_stop_s2026,321,938.1,7304,7424,146239.6,15333.8,0,146289.3,9626.8,7017.3,-27.1
20,sgd_nesterov,early_stop,2027,0.001,1,grid_20_sgd_nesterov_early_stop_s2027,321,968.6,7879,7959,147905.5,15389.3,0,146289.3,9626.8,-4097.2,-142.6
20,sgd_nesterov,early_stop,2028,0.001,1,grid_20_sgd_nesterov_early_stop_s2028,321,865.4,7093,7213,146943.8,15373.6,0,146289.3,9626.8,-1109.2,-111.5
20,sgd_nesterov,early_stop,2029,0.001,1,grid_20_sgd_nesterov_early_stop_s2029,321,811,6554,6694,146162.9,15272.9,0,146289.3,9626.8,9803,1.8
20,sgd_nesterov,early_stop,2030,0.001,1,grid_20_sgd_nesterov_early_stop_s2030,321,620.5,4734,4954,145335.5,15568.4,0,146289.3,9626.8,11520.1,19.7
20,sgd_nesterov,early_stop,2031,0.001,1,grid_20_sgd_nesterov_early_stop_s2031,321,943.2,7601,7701,146278.7,15316.4,0,146289.3,9626.8,13721,42.5
20,sgd_nesterov,early_stop,2032,0.001,1,grid_20_sgd_nesterov_early_stop_s2032,321,698.9,5484,5664,145939,15341.3,0,146289.3,9626.8,6985.8,-27.4
20,sgd_nesterov,early_stop,2033,0.001,1,grid_20_sgd_nesterov_early_stop_s2033,321,712.1,5633,5813,145531.4,15250.7,0,146289.3,9626.8,10347.4,7.5
20,sgd_nesterov,early_stop,2034,0.001,1,grid_20_sgd_nesterov_early_stop_s2034,321,959.7,7790,7894,145437.5,15667.2,0,146289.3,9626.8,7499,-22.1
20,sgd_nesterov,early_stop,2035,0.001,1,grid_20_sgd_nesterov_early_stop_s2035,321,831.2,6720,6860,146385.3,15370,0,146289.3,9626.8,9022.9,-6.3
20,sgd_nesterov,early_stop,2036,0.001,2,grid_20_sgd_nesterov_early_stop_s2036,321,813.6,6708,6828,146486.7,15354.2,0,146289.3,9626.8,15260.3,58.5
20,sgd_nesterov,early_stop,2037,0.001,2,grid_20_sgd_nesterov_early_stop_s2037,321,863.1,6973,7113,147159.3,15332.2,0,146289.3,9626.8,10910.4,13.3
20,sgd_nesterov,early_stop,2038,0.001,2,grid_20_sgd_nesterov_early_stop_s2038,321,995.4,8236,8296,146667.6,15315.7,0,146289.3,9626.8,10752.3,11.7
20,sgd_nesterov,early_stop,2039,0.001,2,grid_20_sgd_nesterov_early_stop_s2039,321,973.8,8017,8117,145599.2,15351,0,146289.3,9626.8,10891.9,13.1
20,sgd_nesterov,early_stop,2040,0.001,2,grid_20_sgd_nesterov_early_stop_s2040,321,822,6609,6769,146439.5,15298.8,0,146289.3,9626.8,8773.7,-8.9
20,sgd_nesterov,early_stop,2041,0.001,2,grid_20_sgd_nesterov_early_stop_s2041,321,849.2,6780,6920,146822.8,15312.7,0,146289.3,9626.8,9886.9,2.7
20,sgd_nesterov,early_stop,2042,0.001,2,grid_20_sgd_nesterov_early_stop_s2042,321,933.7,7711,7791,146094.4,15508.9,0,146289.3,9626.8,10239.1,6.4
20,sgd_nesterov,early_stop,2043,0.001,2,grid_20_sgd_nesterov_early_stop_s2043,321,929.1,7602,7683,146611.3,15266.7,0,146289.3,9626.8,11689.6,21.4
20,sgd_nesterov,early_stop,2044,0.001,2,grid_20_sgd_nesterov_early_stop_s2044,321,951.5,7715,7795,146810.9,15347.2,0,146289.3,9626.8,10505.1,9.1
20,sgd_nesterov,early_stop,2045,0.001,2,grid_20_sgd_nesterov_early_stop_s2045,321,859,6543,6683,146464.3,15267.2,0,146289.3,9626.8,14553.8,51.2
20,adagrad,paper,2026,0.01,1,grid_20_adagrad_paper_s2026,321,249.1,1900,1900,144635,15866.1,0,146289.3,9626.8,12644.7,31.3
20,adagrad,paper,2027,0.01,1,grid_20_adagrad_paper_s2027,321,241.3,1900,1900,144694.7,15781.3,0,146289.3,9626.8,16902,75.6
20,adagrad,paper,2028,0.01,1,grid_20_adagrad_paper_s2028,321,235.1,1900,1900,144523.9,15892.4,0,146289.3,9626.8,11464.3,19.1
20,adagrad,paper,2029,0.01,1,grid_20_adagrad_paper_s2029,321,236.1,1900,1900,144675.9,15613.2,0,146289.3,9626.8,10774.2,11.9
20,adagrad,paper,2030,0.01,1,grid_20_adagrad_paper_s2030,321,239.3,1900,1900,144649.6,16008.6,0,146289.3,9626.8,13027.8,35.3
20,adagrad,paper,2031,0.01,1,grid_20_adagrad_paper_s2031,321,234.3,1900,1900,144466.5,15862,0,146289.3,9626.8,11931.2,23.9
20,adagrad,paper,2032,0.01,1,grid_20_adagrad_paper_s2032,321,240.7,1900,1900,144842.8,15873.9,0,146289.3,9626.8,10944.3,13.7
20,adagrad,paper,2033,0.01,1,grid_20_adagrad_paper_s2033,321,238.9,1900,1900,144196.1,15839.9,0,146289.3,9626.8,10505,9.1
20,adagrad,paper,2034,0.01,1,grid_20_adagrad_paper_s2034,321,236.3,1900,1900,146122.6,16524.9,0,146289.3,9626.8,40061.2,316.1
20,adagrad,paper,2035,0.01,1,grid_20_adagrad_paper_s2035,321,235.9,1900,1900,144436.2,15854.5,0,146289.3,9626.8,11300.1,17.4
20,adagrad,paper,2036,0.01,2,grid_20_adagrad_paper_s2036,321,235.4,1900,1900,144848.6,15730.1,0,146289.3,9626.8,10533,9.4
20,adagrad,paper,2037,0.01,2,grid_20_adagrad_paper_s2037,321,242.7,1900,1900,145161.1,15678.8,0,146289.3,9626.8,13454.6,39.8
20,adagrad,paper,2038,0.01,2,grid_20_adagrad_paper_s2038,321,238.9,1900,1900,145587.9,15739.2,0,146289.3,9626.8,12933.6,34.3
20,adagrad,paper,2039,0.01,2,grid_20_adagrad_paper_s2039,321,238.9,1900,1900,145356.2,15754.7,0,146289.3,9626.8,17787.1,84.8
20,adagrad,paper,2040,0.01,2,grid_20_adagrad_paper_s2040,321,235.9,1900,1900,144901.4,15966.1,0,146289.3,9626.8,11686.8,21.4
20,adagrad,paper,2041,0.01,2,grid_20_adagrad_paper_s2041,321,232.4,1900,1900,146561.2,16193.9,0,146289.3,9626.8,28767.8,198.8
20,adagrad,paper,2042,0.01,2,grid_20_adagrad_paper_s2042,321,232.7,1900,1900,145093.6,16033.6,0,146289.3,9626.8,10404,8.1
20,adagrad,paper,2043,0.01,2,grid_20_adagrad_paper_s2043,321,237.8,1900,1900,145339,15617.7,0,146289.3,9626.8,10705.7,11.2
20,adagrad,paper,2044,0.01,2,grid_20_adagrad_paper_s2044,321,236,1900,1900,144894.5,15802.1,0,146289.3,9626.8,13896.1,44.3
20,adagrad,paper,2045,0.01,2,grid_20_adagrad_paper_s2045,321,236,1900,1900,144466.9,16059.4,0,146289.3,9626.8,11716.9,21.7
20,adagrad,early_stop,2026,0.01,1,grid_20_adagrad_early_stop_s2026,321,915.9,7312,7452,146914.4,15613.1,0,146289.3,9626.8,5909.1,-38.6
20,adagrad,early_stop,2027,0.01,1,grid_20_adagrad_early_stop_s2027,321,946.6,7772,7874,147346,15459.8,0,146289.3,9626.8,3748.5,-61.1
20,adagrad,early_stop,2028,0.01,1,grid_20_adagrad_early_stop_s2028,321,886.1,7232,7352,147090.6,15658.5,0,146289.3,9626.8,9696.1,0.7
20,adagrad,early_stop,2029,0.01,1,grid_20_adagrad_early_stop_s2029,321,914,7590,7690,146674.7,15431.3,0,146289.3,9626.8,9950.9,3.4
20,adagrad,early_stop,2030,0.01,1,grid_20_adagrad_early_stop_s2030,321,1076.7,8622,8682,148104.1,15793.7,0,146289.3,9626.8,10679.9,10.9
20,adagrad,early_stop,2031,0.01,1,grid_20_adagrad_early_stop_s2031,321,929,7609,7709,146256.9,15601.1,0,146289.3,9626.8,10677.7,10.9
20,adagrad,early_stop,2032,0.01,1,grid_20_adagrad_early_stop_s2032,321,936.4,7703,7803,146198.6,15745.7,0,146289.3,9626.8,10616.4,10.3
20,adagrad,early_stop,2033,0.01,1,grid_20_adagrad_early_stop_s2033,321,855.4,6914,7074,146577.3,15663.3,0,146289.3,9626.8,10132.2,5.2
20,adagrad,early_stop,2034,0.01,1,grid_20_adagrad_early_stop_s2034,321,1029.3,8554,8614,145517.3,16104.4,0,146289.3,9626.8,10992.6,14.2
20,adagrad,early_stop,2035,0.01,1,grid_20_adagrad_early_stop_s2035,321,978.9,7859,7939,147358.8,15621.5,0,146289.3,9626.8,10117.8,5.1
20,adagrad,early_stop,2036,0.01,2,grid_20_adagrad_early_stop_s2036,321,905,7432,7552,146236.3,15645.2,0,146289.3,9626.8,9133.9,-5.1
20,adagrad,early_stop,2037,0.01,2,grid_20_adagrad_early_stop_s2037,321,960.5,7910,8010,145779.2,15588.1,0,146289.3,9626.8,10805.9,12.2
20,adagrad,early_stop,2038,0.01,2,grid_20_adagrad_early_stop_s2038,321,962.1,7982,8062,146150.4,15706.9,0,146289.3,9626.8,11000.9,14.3
20,adagrad,early_stop,2039,0.01,2,grid_20_adagrad_early_stop_s2039,321,929.3,7553,7673,145481.8,15693.1,0,146289.3,9626.8,4938.6,-48.7
20,adagrad,early_stop,2040,0.01,2,grid_20_adagrad_early_stop_s2040,321,1051.3,8698,8738,147393.7,15525.9,0,146289.3,9626.8,9485.2,-1.5
20,adagrad,early_stop,2041,0.01,2,grid_20_adagrad_early_stop_s2041,321,1097.1,9031,9051,147611.6,15721.4,0,146289.3,9626.8,10086.2,4.8
20,adagrad,early_stop,2042,0.01,2,grid_20_adagrad_early_stop_s2042,321,1099.7,9011,9051,147188.8,15814.2,0,146289.3,9626.8,10402.3,8.1
20,adagrad,early_stop,2043,0.01,2,grid_20_adagrad_early_stop_s2043,321,1066.6,8687,8727,146000.7,15564.8,0,146289.3,9626.8,10040,4.3
20,adagrad,early_stop,2044,0.01,2,grid_20_adagrad_early_stop_s2044,321,1105.2,9048,9068,146603.5,15520.5,0,146289.3,9626.8,11087.7,15.2
20,adagrad,early_stop,2045,0.01,2,grid_20_adagrad_early_stop_s2045,321,1092,8457,8524,147034.7,15732.7,0,146289.3,9626.8,10709.6,11.2
20,adadelta,paper,2026,1,1,grid_20_adadelta_paper_s2026,321,246.2,1900,1900,145750.3,15889.1,0,146289.3,9626.8,14738.4,53.1
20,adadelta,paper,2027,1,1,grid_20_adadelta_paper_s2027,321,241.1,1900,1900,145942.2,16134.6,0,146289.3,9626.8,24901,158.7
20,adadelta,paper,2028,1,1,grid_20_adadelta_paper_s2028,321,239.6,1900,1900,146100,15998.8,0,146289.3,9626.8,10299.2,7
20,adadelta,paper,2029,1,1,grid_20_adadelta_paper_s2029,321,245.3,1900,1900,144876.8,15812.2,0,146289.3,9626.8,11291.2,17.3
20,adadelta,paper,2030,1,1,grid_20_adadelta_paper_s2030,321,245.9,1900,1900,144517.8,16050.9,0,146289.3,9626.8,15384.3,59.8
20,adadelta,paper,2031,1,1,grid_20_adadelta_paper_s2031,321,244.5,1900,1900,146593.1,16035.6,0,146289.3,9626.8,16765.8,74.2
20,adadelta,paper,2032,1,1,grid_20_adadelta_paper_s2032,321,239.3,1900,1900,146335.6,16075.4,0,146289.3,9626.8,16405.9,70.4
20,adadelta,paper,2033,1,1,grid_20_adadelta_paper_s2033,321,239.4,1900,1900,145792,15925,0,146289.3,9626.8,12553.4,30.4
20,adadelta,paper,2034,1,1,grid_20_adadelta_paper_s2034,321,243.1,1900,1900,153549.9,16927.1,0,146289.3,9626.8,564381.5,5762.6
20,adadelta,paper,2035,1,1,grid_20_adadelta_paper_s2035,321,242.7,1900,1900,145880.2,16003.7,0,146289.3,9626.8,12869.8,33.7
20,adadelta,paper,2036,1,2,grid_20_adadelta_paper_s2036,321,241.9,1900,1900,146526.9,15824,0,146289.3,9626.8,9823.7,2
20,adadelta,paper,2037,1,2,grid_20_adadelta_paper_s2037,321,248.1,1900,1900,145599.9,15988.7,0,146289.3,9626.8,20660.7,114.6
20,adadelta,paper,2038,1,2,grid_20_adadelta_paper_s2038,321,239,1900,1900,145630.5,15965.5,0,146289.3,9626.8,13160,36.7
20,adadelta,paper,2039,1,2,grid_20_adadelta_paper_s2039,321,244,1900,1900,144872.2,15945.3,0,146289.3,9626.8,13647.9,41.8
20,adadelta,paper,2040,1,2,grid_20_adadelta_paper_s2040,321,240.7,1900,1900,144842.6,16115.1,0,146289.3,9626.8,17162.8,78.3
20,adadelta,paper,2041,1,2,grid_20_adadelta_paper_s2041,321,237.1,1900,1900,156913.5,17341.7,0,146289.3,9626.8,253702.5,2535.4
20,adadelta,paper,2042,1,2,grid_20_adadelta_paper_s2042,321,249.5,1900,1900,148983,16170.5,0,146289.3,9626.8,25801.3,168
20,adadelta,paper,2043,1,2,grid_20_adadelta_paper_s2043,321,244.2,1900,1900,146449.4,15955.8,0,146289.3,9626.8,22218.1,130.8
20,adadelta,paper,2044,1,2,grid_20_adadelta_paper_s2044,321,240.4,1900,1900,143369.1,15935.8,0,146289.3,9626.8,12892.6,33.9
20,adadelta,paper,2045,1,2,grid_20_adadelta_paper_s2045,321,247.3,1900,1900,147100.7,16394.5,0,146289.3,9626.8,36155.7,275.6
20,adadelta,early_stop,2026,1,1,grid_20_adadelta_early_stop_s2026,321,336.9,2331,2692,147326.9,15780.1,0,146289.3,9626.8,6265,-34.9
20,adadelta,early_stop,2027,1,1,grid_20_adadelta_early_stop_s2027,321,462.8,3324,3704,147795,15635.7,0,146289.3,9626.8,5361.4,-44.3
20,adadelta,early_stop,2028,1,1,grid_20_adadelta_early_stop_s2028,321,406.8,2898,3278,148191,15778.8,0,146289.3,9626.8,6548,-32
20,adadelta,early_stop,2029,1,1,grid_20_adadelta_early_stop_s2029,321,483.4,3675,3997,147359,15555.5,0,146289.3,9626.8,7700.4,-20
20,adadelta,early_stop,2030,1,1,grid_20_adadelta_early_stop_s2030,321,432.9,3025,3386,146125.3,15917.4,0,146289.3,9626.8,14969,55.5
20,adadelta,early_stop,2031,1,1,grid_20_adadelta_early_stop_s2031,321,480.4,3543,3904,147881.4,15783.1,0,146289.3,9626.8,10752.3,11.7
20,adadelta,early_stop,2032,1,1,grid_20_adadelta_early_stop_s2032,321,410.3,2934,3314,146470.5,15953.8,0,146289.3,9626.8,9145.7,-5
20,adadelta,early_stop,2033,1,1,grid_20_adadelta_early_stop_s2033,321,426.1,3088,3448,147409.7,15779.7,0,146289.3,9626.8,10722.7,11.4
20,adadelta,early_stop,2034,1,1,grid_20_adadelta_early_stop_s2034,321,624.8,4556,4936,146349.3,16131.6,0,146289.3,9626.8,13214.1,37.3
20,adadelta,early_stop,2035,1,1,grid_20_adadelta_early_stop_s2035,321,521,3862,4218,149065.6,15736.8,0,146289.3,9626.8,8548.9,-11.2
20,adadelta,early_stop,2036,1,2,grid_20_adadelta_early_stop_s2036,321,389.8,2677,3057,146223.9,15811.7,0,146289.3,9626.8,10770.2,11.9
20,adadelta,early_stop,2037,1,2,grid_20_adadelta_early_stop_s2037,321,506,3786,4166,146156.7,15798.8,0,146289.3,9626.8,9367,-2.7
20,adadelta,early_stop,2038,1,2,grid_20_adadelta_early_stop_s2038,321,339.2,2326,2706,146797.6,15910.7,0,146289.3,9626.8,13451.7,39.7
20,adadelta,early_stop,2039,1,2,grid_20_adadelta_early_stop_s2039,321,390.8,2758,3118,146546.4,15822.9,0,146289.3,9626.8,9409.9,-2.3
20,adadelta,early_stop,2040,1,2,grid_20_adadelta_early_stop_s2040,321,491,3576,3916,148058.1,15636,0,146289.3,9626.8,13861.5,44
20,adadelta,early_stop,2041,1,2,grid_20_adadelta_early_stop_s2041,321,615.2,4581,4961,148804.3,15694.5,0,146289.3,9626.8,11726.7,21.8
20,adadelta,early_stop,2042,1,2,grid_20_adadelta_early_stop_s2042,321,481.7,3574,3954,148918.2,15862.5,0,146289.3,9626.8,31449.7,226.7
20,adadelta,early_stop,2043,1,2,grid_20_adadelta_early_stop_s2043,321,554.9,4299,4583,146742.9,15822.3,0,146289.3,9626.8,19261,100.1
20,adadelta,early_stop,2044,1,2,grid_20_adadelta_early_stop_s2044,321,417.1,3028,3408,146647.2,15500.2,0,146289.3,9626.8,8209.9,-14.7
20,adadelta,early_stop,2045,1,2,grid_20_adadelta_early_stop_s2045,321,501.2,3440,3820,148664.9,15813.3,0,146289.3,9626.8,32360.5,236.2
20,rmsprop,paper,2026,0.001,1,grid_20_rmsprop_paper_s2026,321,238,1900,1900,145258.8,15687.6,0,146289.3,9626.8,11407.5,18.5
20,rmsprop,paper,2027,0.001,1,grid_20_rmsprop_paper_s2027,321,240.4,1900,1900,145365.9,15494.2,0,146289.3,9626.8,12284.1,27.6
20,rmsprop,paper,2028,0.001,1,grid_20_rmsprop_paper_s2028,321,233.8,1900,1900,145173.8,15726.9,0,146289.3,9626.8,10219,6.2
20,rmsprop,paper,2029,0.001,1,grid_20_rmsprop_paper_s2029,321,232.5,1900,1900,146141.4,15457.6,0,146289.3,9626.8,7732.7,-19.7
20,rmsprop,paper,2030,0.001,1,grid_20_rmsprop_paper_s2030,321,248.1,1900,1900,145959.3,16031.5,0,146289.3,9626.8,16549,71.9
20,rmsprop,paper,2031,0.001,1,grid_20_rmsprop_paper_s2031,321,242.1,1900,1900,145245.4,15552,0,146289.3,9626.8,12068.5,25.4
20,rmsprop,paper,2032,0.001,1,grid_20_rmsprop_paper_s2032,321,244,1900,1900,145520.8,15766.5,0,146289.3,9626.8,9179.3,-4.6
20,rmsprop,paper,2033,0.001,1,grid_20_rmsprop_paper_s2033,321,240,1900,1900,144943.4,15725,0,146289.3,9626.8,12189,26.6
20,rmsprop,paper,2034,0.001,1,grid_20_rmsprop_paper_s2034,321,240.6,1900,1900,145497.8,16241.8,0,146289.3,9626.8,25007.6,159.8
20,rmsprop,paper,2035,0.001,1,grid_20_rmsprop_paper_s2035,321,239.8,1900,1900,145697.5,15664.1,0,146289.3,9626.8,12708.8,32
20,rmsprop,paper,2036,0.001,2,grid_20_rmsprop_paper_s2036,321,237.3,1900,1900,145452.9,15663.6,0,146289.3,9626.8,12121.8,25.9
20,rmsprop,paper,2037,0.001,2,grid_20_rmsprop_paper_s2037,321,239.7,1900,1900,146496.6,15691.7,0,146289.3,9626.8,17480.7,81.6
20,rmsprop,paper,2038,0.001,2,grid_20_rmsprop_paper_s2038,321,237.6,1900,1900,147070.5,15781.8,0,146289.3,9626.8,12472,29.6
20,rmsprop,paper,2039,0.001,2,grid_20_rmsprop_paper_s2039,321,237.8,1900,1900,151180.8,16227.9,0,146289.3,9626.8,33915.8,252.3
20,rmsprop,paper,2040,0.001,2,grid_20_rmsprop_paper_s2040,321,233,1900,1900,148826.2,15692.4,0,146289.3,9626.8,17351.3,80.2
20,rmsprop,paper,2041,0.001,2,grid_20_rmsprop_paper_s2041,321,238.4,1900,1900,146580.8,15860.9,0,146289.3,9626.8,21188.4,120.1
20,rmsprop,paper,2042,0.001,2,grid_20_rmsprop_paper_s2042,321,235.2,1900,1900,145136.4,15888.9,0,146289.3,9626.8,10340.4,7.4
20,rmsprop,paper,2043,0.001,2,grid_20_rmsprop_paper_s2043,321,240.1,1900,1900,146829.1,15568,0,146289.3,9626.8,12929,34.3
20,rmsprop,paper,2044,0.001,2,grid_20_rmsprop_paper_s2044,321,235.4,1900,1900,148421.1,15626.4,0,146289.3,9626.8,14019,45.6
20,rmsprop,paper,2045,0.001,2,grid_20_rmsprop_paper_s2045,321,248,1900,1900,144925.4,15772.8,0,146289.3,9626.8,10231.9,6.3
20,rmsprop,early_stop,2026,0.001,1,grid_20_rmsprop_early_stop_s2026,321,844.4,6837,6985,146218,15604.7,0,146289.3,9626.8,8067.5,-16.2
20,rmsprop,early_stop,2027,0.001,1,grid_20_rmsprop_early_stop_s2027,321,788.8,6350,6525,146340.8,15437.6,0,146289.3,9626.8,8105.2,-15.8
20,rmsprop,early_stop,2028,0.001,1,grid_20_rmsprop_early_stop_s2028,321,476.2,3627,3917,146557.3,15654.4,0,146289.3,9626.8,7500.8,-22.1
20,rmsprop,early_stop,2029,0.001,1,grid_20_rmsprop_early_stop_s2029,321,785.8,6298,6536,145939.9,15440.3,0,146289.3,9626.8,8980.6,-6.7
20,rmsprop,early_stop,2030,0.001,1,grid_20_rmsprop_early_stop_s2030,321,1028,8332,8417,148202.1,15807.8,0,146289.3,9626.8,9582.8,-0.5
20,rmsprop,early_stop,2031,0.001,1,grid_20_rmsprop_early_stop_s2031,321,467.4,3507,3833,145626,15525.7,0,146289.3,9626.8,11005.7,14.3
20,rmsprop,early_stop,2032,0.001,1,grid_20_rmsprop_early_stop_s2032,321,746.6,6098,6290,146347.5,15714.5,0,146289.3,9626.8,9826.3,2.1
20,rmsprop,early_stop,2033,0.001,1,grid_20_rmsprop_early_stop_s2033,321,746.8,5837,6021,146123.5,15642.4,0,146289.3,9626.8,8817.3,-8.4
20,rmsprop,early_stop,2034,0.001,1,grid_20_rmsprop_early_stop_s2034,321,810.8,6565,6743,145742.8,16122.2,0,146289.3,9626.8,18265.3,89.7
20,rmsprop,early_stop,2035,0.001,1,grid_20_rmsprop_early_stop_s2035,321,933.6,7693,7846,146538.9,15610.7,0,146289.3,9626.8,7117.5,-26.1
20,rmsprop,early_stop,2036,0.001,2,grid_20_rmsprop_early_stop_s2036,321,507.5,3853,4149,145607,15650.4,0,146289.3,9626.8,8713,-9.5
20,rmsprop,early_stop,2037,0.001,2,grid_20_rmsprop_early_stop_s2037,321,907.8,7315,7480,145346.2,15601.4,0,146289.3,9626.8,7121.4,-26
20,rmsprop,early_stop,2038,0.001,2,grid_20_rmsprop_early_stop_s2038,321,883.5,7019,7181,145632.5,15723.4,0,146289.3,9626.8,8354.5,-13.2
20,rmsprop,early_stop,2039,0.001,2,grid_20_rmsprop_early_stop_s2039,321,975.7,7994,8130,144532.6,15722.9,0,146289.3,9626.8,6643.6,-31
20,rmsprop,early_stop,2040,0.001,2,grid_20_rmsprop_early_stop_s2040,321,872.4,6904,7109,147556.6,15542.2,0,146289.3,9626.8,7983.8,-17.1
20,rmsprop,early_stop,2041,0.001,2,grid_20_rmsprop_early_stop_s2041,321,782.5,6312,6515,147037.3,15691.4,0,146289.3,9626.8,7458.8,-22.5
20,rmsprop,early_stop,2042,0.001,2,grid_20_rmsprop_early_stop_s2042,321,653.5,5211,5468,146510.9,15810.4,0,146289.3,9626.8,6478.4,-32.7
20,rmsprop,early_stop,2043,0.001,2,grid_20_rmsprop_early_stop_s2043,321,916.3,7522,7669,145632.6,15511.2,0,146289.3,9626.8,8817.1,-8.4
20,rmsprop,early_stop,2044,0.001,2,grid_20_rmsprop_early_stop_s2044,321,819.2,6604,6775,146970.7,15515.2,0,146289.3,9626.8,-14756.5,-253.3
20,rmsprop,early_stop,2045,0.001,2,grid_20_rmsprop_early_stop_s2045,321,845.8,6400,6572,147080.5,15680.8,0,146289.3,9626.8,25427,164.1
20,adam,paper,2026,0.001,1,grid_20_adam_paper_s2026,321,243.4,1900,1900,147300.4,15693.1,0,146289.3,9626.8,11731.4,21.9
20,adam,paper,2027,0.001,1,grid_20_adam_paper_s2027,321,242.7,1900,1900,148445.3,15650.8,0,146289.3,9626.8,23635.3,145.5
20,adam,paper,2028,0.001,1,grid_20_adam_paper_s2028,321,241.7,1900,1900,147433.5,15753.5,0,146289.3,9626.8,9389,-2.5
20,adam,paper,2029,0.001,1,grid_20_adam_paper_s2029,321,244.5,1900,1900,149343,15608.9,0,146289.3,9626.8,10539.2,9.5
20,adam,paper,2030,0.001,1,grid_20_adam_paper_s2030,321,250.1,1900,1900,149407.3,16176.8,0,146289.3,9626.8,27214.9,182.7
20,adam,paper,2031,0.001,1,grid_20_adam_paper_s2031,321,243.5,1900,1900,148672.7,15744.7,0,146289.3,9626.8,16751.7,74
20,adam,paper,2032,0.001,1,grid_20_adam_paper_s2032,321,238.3,1900,1900,148048.8,15915.4,0,146289.3,9626.8,14832.5,54.1
20,adam,paper,2033,0.001,1,grid_20_adam_paper_s2033,321,243.2,1900,1900,147181.1,15725.8,0,146289.3,9626.8,11648,21
20,adam,paper,2034,0.001,1,grid_20_adam_paper_s2034,321,243.3,1900,1900,154488.6,16897.4,0,146289.3,9626.8,488670.6,4976.2
20,adam,paper,2035,0.001,1,grid_20_adam_paper_s2035,321,241.5,1900,1900,148793.2,15792.8,0,146289.3,9626.8,12573.3,30.6
20,adam,paper,2036,0.001,2,grid_20_adam_paper_s2036,321,240.2,1900,1900,147758.4,15768.5,0,146289.3,9626.8,11256.9,16.9
20,adam,paper,2037,0.001,2,grid_20_adam_paper_s2037,321,238,1900,1900,150332.5,16042.2,0,146289.3,9626.8,29105.5,202.3
20,adam,paper,2038,0.001,2,grid_20_adam_paper_s2038,321,248.4,1900,1900,149460.1,16003.6,0,146289.3,9626.8,18285.1,89.9
20,adam,paper,2039,0.001,2,grid_20_adam_paper_s2039,321,243.6,1900,1900,158143.6,16911.4,0,146289.3,9626.8,56731.7,489.3
20,adam,paper,2040,0.001,2,grid_20_adam_paper_s2040,321,250.8,1900,1900,154871.2,16170.2,0,146289.3,9626.8,34325.5,256.6
20,adam,paper,2041,0.001,2,grid_20_adam_paper_s2041,321,240.7,1900,1900,159312.9,16981.6,0,146289.3,9626.8,248242.6,2478.7
20,adam,paper,2042,0.001,2,grid_20_adam_paper_s2042,321,240.9,1900,1900,149909,16086.5,0,146289.3,9626.8,21491.9,123.3
20,adam,paper,2043,0.001,2,grid_20_adam_paper_s2043,321,241.1,1900,1900,150383.1,15971.9,0,146289.3,9626.8,15795.1,64.1
20,adam,paper,2044,0.001,2,grid_20_adam_paper_s2044,321,244.7,1900,1900,154800.3,16132.8,0,146289.3,9626.8,41667.8,332.8
20,adam,paper,2045,0.001,2,grid_20_adam_paper_s2045,321,269.5,1900,1900,149006.1,15919.1,0,146289.3,9626.8,24003.8,149.3
20,adam,early_stop,2026,0.001,1,grid_20_adam_early_stop_s2026,321,861.1,6955,7095,146902.8,15671.1,0,146289.3,9626.8,10580.9,9.9
20,adam,early_stop,2027,0.001,1,grid_20_adam_early_stop_s2027,321,984.6,7927,8047,146967.1,15522.4,0,146289.3,9626.8,10655,10.7
20,adam,early_stop,2028,0.001,1,grid_20_adam_early_stop_s2028,321,893.7,7193,7313,146831.3,15718.8,0,146289.3,9626.8,9511.5,-1.2
20,adam,early_stop,2029,0.001,1,grid_20_adam_early_stop_s2029,321,1005.5,8104,8204,146972.5,15496.2,0,146289.3,9626.8,5294.5,-45
20,adam,early_stop,2030,0.001,1,grid_20_adam_early_stop_s2030,321,1019.9,8287,8367,148418.4,15834.6,0,146289.3,9626.8,-5751.1,-159.7
20,adam,early_stop,2031,0.001,1,grid_20_adam_early_stop_s2031,321,900.1,7143,7283,147011.4,15616.3,0,146289.3,9626.8,19284.7,100.3
20,adam,early_stop,2032,0.001,1,grid_20_adam_early_stop_s2032,321,863,6916,7056,146740.1,15774.9,0,146289.3,9626.8,12500.6,29.9
20,adam,early_stop,2033,0.001,1,grid_20_adam_early_stop_s2033,321,910.8,7439,7559,146797.4,15690.1,0,146289.3,9626.8,10147.5,5.4
20,adam,early_stop,2034,0.001,1,grid_20_adam_early_stop_s2034,321,1065.6,8643,8683,146508.6,16055.4,0,146289.3,9626.8,27601.4,186.7
20,adam,early_stop,2035,0.001,1,grid_20_adam_early_stop_s2035,321,923.9,7559,7679,148074.4,15714.4,0,146289.3,9626.8,9022.7,-6.3
20,adam,early_stop,2036,0.001,2,grid_20_adam_early_stop_s2036,321,903.7,7193,7333,146466.3,15698.1,0,146289.3,9626.8,8996.2,-6.5
20,adam,early_stop,2037,0.001,2,grid_20_adam_early_stop_s2037,321,1045.7,8473,8553,145685,15681.1,0,146289.3,9626.8,10775.7,11.9
20,adam,early_stop,2038,0.001,2,grid_20_adam_early_stop_s2038,321,875.5,7077,7237,146105.5,15733.8,0,146289.3,9626.8,11079.6,15.1
20,adam,early_stop,2039,0.001,2,grid_20_adam_early_stop_s2039,321,1021.7,8199,8299,145214.6,15753.1,0,146289.3,9626.8,11095,15.3
20,adam,early_stop,2040,0.001,2,grid_20_adam_early_stop_s2040,321,1021.1,8314,8415,147919.6,15586.8,0,146289.3,9626.8,9482.8,-1.5
20,adam,early_stop,2041,0.001,2,grid_20_adam_early_stop_s2041,321,1054.1,8603,8657,148299.4,15724.8,0,146289.3,9626.8,12691,31.8
20,adam,early_stop,2042,0.001,2,grid_20_adam_early_stop_s2042,321,1000.3,8146,8286,147955.3,15857.1,0,146289.3,9626.8,33474.9,247.7
20,adam,early_stop,2043,0.001,2,grid_20_adam_early_stop_s2043,321,920.4,7461,7585,146625.7,15598,0,146289.3,9626.8,9036.7,-6.1
20,adam,early_stop,2044,0.001,2,grid_20_adam_early_stop_s2044,321,997.5,8091,8191,147514.9,15538.5,0,146289.3,9626.8,-14635.9,-252
20,adam,early_stop,2045,0.001,2,grid_20_adam_early_stop_s2045,321,1072.8,7971,8071,148606,15727.6,0,146289.3,9626.8,35136.4,265
20,adamw,paper,2026,0.001,1,grid_20_adamw_paper_s2026,321,242.9,1900,1900,147300.7,15692.9,0,146289.3,9626.8,11724.9,21.8
20,adamw,paper,2027,0.001,1,grid_20_adamw_paper_s2027,321,241.5,1900,1900,148444.9,15650.6,0,146289.3,9626.8,23616.8,145.3
20,adamw,paper,2028,0.001,1,grid_20_adamw_paper_s2028,321,244.8,1900,1900,147433.3,15753.4,0,146289.3,9626.8,9383.9,-2.5
20,adamw,paper,2029,0.001,1,grid_20_adamw_paper_s2029,321,239.1,1900,1900,149344.3,15609,0,146289.3,9626.8,10534.8,9.4
20,adamw,paper,2030,0.001,1,grid_20_adamw_paper_s2030,321,247.1,1900,1900,149402.8,16175.8,0,146289.3,9626.8,27188.2,182.4
20,adamw,paper,2031,0.001,1,grid_20_adamw_paper_s2031,321,247.3,1900,1900,148672.4,15744.6,0,146289.3,9626.8,16736.3,73.9
20,adamw,paper,2032,0.001,1,grid_20_adamw_paper_s2032,321,240.2,1900,1900,148048.5,15915.3,0,146289.3,9626.8,14819.1,53.9
20,adamw,paper,2033,0.001,1,grid_20_adamw_paper_s2033,321,247.9,1900,1900,147181,15725.7,0,146289.3,9626.8,11641.4,20.9
20,adamw,paper,2034,0.001,1,grid_20_adamw_paper_s2034,321,239.4,1900,1900,154478.6,16895.9,0,146289.3,9626.8,486474.4,4953.3
20,adamw,paper,2035,0.001,1,grid_20_adamw_paper_s2035,321,242.8,1900,1900,148792.2,15792.5,0,146289.3,9626.8,12561.2,30.5
20,adamw,paper,2036,0.001,2,grid_20_adamw_paper_s2036,321,244.3,1900,1900,147758.9,15768.4,0,146289.3,9626.8,11251.7,16.9
20,adamw,paper,2037,0.001,2,grid_20_adamw_paper_s2037,321,246.4,1900,1900,150331.4,16041.9,0,146289.3,9626.8,29078.1,202.1
20,adamw,paper,2038,0.001,2,grid_20_adamw_paper_s2038,321,242.8,1900,1900,149459,16003.2,0,146289.3,9626.8,18268.6,89.8
20,adamw,paper,2039,0.001,2,grid_20_adamw_paper_s2039,321,249,1900,1900,158127.7,16909.6,0,146289.3,9626.8,56658.3,488.5
20,adamw,paper,2040,0.001,2,grid_20_adamw_paper_s2040,321,246.5,1900,1900,154862.1,16169.1,0,146289.3,9626.8,34292.9,256.2
20,adamw,paper,2041,0.001,2,grid_20_adamw_paper_s2041,321,248.2,1900,1900,159297.5,16979.9,0,146289.3,9626.8,247679.4,2472.8
20,adamw,paper,2042,0.001,2,grid_20_adamw_paper_s2042,321,241,1900,1900,149905.6,16085.8,0,146289.3,9626.8,21465,123
20,adamw,paper,2043,0.001,2,grid_20_adamw_paper_s2043,321,242.4,1900,1900,150381.8,15971.8,0,146289.3,9626.8,15784.7,64
20,adamw,paper,2044,0.001,2,grid_20_adamw_paper_s2044,321,242.9,1900,1900,154792.9,16132.1,0,146289.3,9626.8,41619.4,332.3
20,adamw,paper,2045,0.001,2,grid_20_adamw_paper_s2045,321,268,1900,1900,149004.2,15918.7,0,146289.3,9626.8,23974.7,149
20,adamw,early_stop,2026,0.001,1,grid_20_adamw_early_stop_s2026,321,859.8,6959,7099,146902.7,15670.9,0,146289.3,9626.8,10571.4,9.8
20,adamw,early_stop,2027,0.001,1,grid_20_adamw_early_stop_s2027,321,990.2,7935,8055,146967.3,15522.2,0,146289.3,9626.8,10642.3,10.5
20,adamw,early_stop,2028,0.001,1,grid_20_adamw_early_stop_s2028,321,895,7194,7314,146830.9,15718.6,0,146289.3,9626.8,9502.1,-1.3
20,adamw,early_stop,2029,0.001,1,grid_20_adamw_early_stop_s2029,321,986.1,8104,8204,146974.6,15496.2,0,146289.3,9626.8,5290.4,-45
20,adamw,early_stop,2030,0.001,1,grid_20_adamw_early_stop_s2030,321,1024.5,8287,8367,148418,15834.1,0,146289.3,9626.8,-5757.8,-159.8
20,adamw,early_stop,2031,0.001,1,grid_20_adamw_early_stop_s2031,321,891.9,7161,7301,147011.2,15616.1,0,146289.3,9626.8,19265.5,100.1
20,adamw,early_stop,2032,0.001,1,grid_20_adamw_early_stop_s2032,321,877.8,6983,7123,146734.8,15774.6,0,146289.3,9626.8,12481.5,29.7
20,adamw,early_stop,2033,0.001,1,grid_20_adamw_early_stop_s2033,321,921.4,7442,7562,146797.1,15690,0,146289.3,9626.8,10139.4,5.3
20,adamw,early_stop,2034,0.001,1,grid_20_adamw_early_stop_s2034,321,1053.1,8643,8683,146507.3,16054.6,0,146289.3,9626.8,27549.7,186.2
20,adamw,early_stop,2035,0.001,1,grid_20_adamw_early_stop_s2035,321,963.9,7561,7681,148073.6,15714.1,0,146289.3,9626.8,9011.7,-6.4
20,adamw,early_stop,2036,0.001,2,grid_20_adamw_early_stop_s2036,321,909.8,7195,7335,146466.2,15697.9,0,146289.3,9626.8,9032.3,-6.2
20,adamw,early_stop,2037,0.001,2,grid_20_adamw_early_stop_s2037,321,1026.5,8468,8548,145685.2,15680.9,0,146289.3,9626.8,10763.3,11.8
20,adamw,early_stop,2038,0.001,2,grid_20_adamw_early_stop_s2038,321,880.9,7084,7244,146105.5,15733.6,0,146289.3,9626.8,11066.9,15
20,adamw,early_stop,2039,0.001,2,grid_20_adamw_early_stop_s2039,321,1001.3,8203,8303,145215.1,15752.8,0,146289.3,9626.8,11082.3,15.1
20,adamw,early_stop,2040,0.001,2,grid_20_adamw_early_stop_s2040,321,1020.4,8321,8422,147918.1,15586.5,0,146289.3,9626.8,9479.5,-1.5
20,adamw,early_stop,2041,0.001,2,grid_20_adamw_early_stop_s2041,321,1074.1,8610,8657,148297.4,15724.4,0,146289.3,9626.8,12669.3,31.6
20,adamw,early_stop,2042,0.001,2,grid_20_adamw_early_stop_s2042,321,1005.3,8162,8302,147953.1,15856.5,0,146289.3,9626.8,33453.7,247.5
20,adamw,early_stop,2043,0.001,2,grid_20_adamw_early_stop_s2043,321,926.4,7464,7586,146625.3,15597.8,0,146289.3,9626.8,9032,-6.2
20,adamw,early_stop,2044,0.001,2,grid_20_adamw_early_stop_s2044,321,992.6,8092,8192,147514.2,15538.4,0,146289.3,9626.8,-14643.3,-252.1
20,adamw,early_stop,2045,0.001,2,grid_20_adamw_early_stop_s2045,321,1072.2,7975,8075,148604.9,15727.2,0,146289.3,9626.8,35110.8,264.7
20,adamax,paper,2026,0.001,1,grid_20_adamax_paper_s2026,321,243.9,1900,1900,148196.9,15739,0,146289.3,9626.8,13080.4,35.9
20,adamax,paper,2027,0.001,1,grid_20_adamax_paper_s2027,321,243.1,1900,1900,154252.4,16193.7,0,146289.3,9626.8,83240.2,764.7
20,adamax,paper,2028,0.001,1,grid_20_adamax_paper_s2028,321,240.6,1900,1900,148976.1,15846.6,0,146289.3,9626.8,15735.6,63.5
20,adamax,paper,2029,0.001,1,grid_20_adamax_paper_s2029,321,237.5,1900,1900,152026.5,15832.2,0,146289.3,9626.8,14944.1,55.2
20,adamax,paper,2030,0.001,1,grid_20_adamax_paper_s2030,321,243.7,1900,1900,151662,16266.4,0,146289.3,9626.8,35001.9,263.6
20,adamax,paper,2031,0.001,1,grid_20_adamax_paper_s2031,321,240.7,1900,1900,152421.7,16141.5,0,146289.3,9626.8,63420.2,558.8
20,adamax,paper,2032,0.001,1,grid_20_adamax_paper_s2032,321,241.3,1900,1900,150723.3,16287.8,0,146289.3,9626.8,45789.5,375.6
20,adamax,paper,2033,0.001,1,grid_20_adamax_paper_s2033,321,247.7,1900,1900,149393.5,15928.9,0,146289.3,9626.8,28435.9,195.4
20,adamax,paper,2034,0.001,1,grid_20_adamax_paper_s2034,321,241.1,1900,1900,167789.7,18353.2,0,146289.3,9626.8,17375124,180387.5
20,adamax,paper,2035,0.001,1,grid_20_adamax_paper_s2035,321,239.1,1900,1900,151801.2,16013.5,0,146289.3,9626.8,26137.2,171.5
20,adamax,paper,2036,0.001,2,grid_20_adamax_paper_s2036,321,241.5,1900,1900,149167.3,15881,0,146289.3,9626.8,11174.8,16.1
20,adamax,paper,2037,0.001,2,grid_20_adamax_paper_s2037,321,240.9,1900,1900,153664.1,16366.1,0,146289.3,9626.8,35864.7,272.6
20,adamax,paper,2038,0.001,2,grid_20_adamax_paper_s2038,321,241.1,1900,1900,153931.9,16495.3,0,146289.3,9626.8,52001.6,440.2
20,adamax,paper,2039,0.001,2,grid_20_adamax_paper_s2039,321,240.2,1900,1900,165385.3,17567.4,0,146289.3,9626.8,88271,816.9
20,adamax,paper,2040,0.001,2,grid_20_adamax_paper_s2040,321,240.1,1900,1900,160651.5,16680.1,0,146289.3,9626.8,46452.1,382.5
20,adamax,paper,2041,0.001,2,grid_20_adamax_paper_s2041,321,245.9,1900,1900,173845.3,18465.1,0,146289.3,9626.8,1404126.4,14485.6
20,adamax,paper,2042,0.001,2,grid_20_adamax_paper_s2042,321,237.6,1900,1900,155710,16625.5,0,146289.3,9626.8,98558.3,923.8
20,adamax,paper,2043,0.001,2,grid_20_adamax_paper_s2043,321,245.6,1900,1900,154237.1,16455.9,0,146289.3,9626.8,32490.7,237.5
20,adamax,paper,2044,0.001,2,grid_20_adamax_paper_s2044,321,244.4,1900,1900,160876.7,16650,0,146289.3,9626.8,69941.9,626.5
20,adamax,paper,2045,0.001,2,grid_20_adamax_paper_s2045,321,258.7,1900,1900,153804,16433.7,0,146289.3,9626.8,195923,1935.2
20,adamax,early_stop,2026,0.001,1,grid_20_adamax_early_stop_s2026,321,1015.2,8297,8377,147184.4,15680.5,0,146289.3,9626.8,11241.7,16.8
20,adamax,early_stop,2027,0.001,1,grid_20_adamax_early_stop_s2027,321,1048.5,8691,8771,147413,15579.6,0,146289.3,9626.8,11995.4,24.6
20,adamax,early_stop,2028,0.001,1,grid_20_adamax_early_stop_s2028,321,1027.4,8334,8414,147410.6,15759.9,0,146289.3,9626.8,9573.2,-0.6
20,adamax,early_stop,2029,0.001,1,grid_20_adamax_early_stop_s2029,321,1074.6,8909,8949,146978.6,15502.8,0,146289.3,9626.8,10155.8,5.5
20,adamax,early_stop,2030,0.001,1,grid_20_adamax_early_stop_s2030,321,1050.8,8524,8584,148858.3,15867.2,0,146289.3,9626.8,-4814.4,-150
20,adamax,early_stop,2031,0.001,1,grid_20_adamax_early_stop_s2031,321,1025.1,8312,8384,147528.9,15693.4,0,146289.3,9626.8,18060.4,87.6
20,adamax,early_stop,2032,0.001,1,grid_20_adamax_early_stop_s2032,321,987.4,8155,8235,146894.5,15849.1,0,146289.3,9626.8,12634.7,31.2
20,adamax,early_stop,2033,0.001,1,grid_20_adamax_early_stop_s2033,321,1085.2,8620,8720,147053.5,15733,0,146289.3,9626.8,9756.6,1.3
20,adamax,early_stop,2034,0.001,1,grid_20_adamax_early_stop_s2034,321,1059.2,8693,8733,149315.9,16368,0,146289.3,9626.8,63565.8,560.3
20,adamax,early_stop,2035,0.001,1,grid_20_adamax_early_stop_s2035,321,1049,8480,8540,148360.4,15724,0,146289.3,9626.8,9704.5,0.8
20,adamax,early_stop,2036,0.001,2,grid_20_adamax_early_stop_s2036,321,986.5,8031,8131,146765.4,15726.3,0,146289.3,9626.8,9907,2.9
20,adamax,early_stop,2037,0.001,2,grid_20_adamax_early_stop_s2037,321,1090.4,8863,8903,145885.2,15689.1,0,146289.3,9626.8,12360,28.4
20,adamax,early_stop,2038,0.001,2,grid_20_adamax_early_stop_s2038,321,1030.9,8114,8254,146101.7,15760,0,146289.3,9626.8,11704.4,21.6
20,adamax,early_stop,2039,0.001,2,grid_20_adamax_early_stop_s2039,321,1076,8738,8818,145442.9,15769.4,0,146289.3,9626.8,11446.4,18.9
20,adamax,early_stop,2040,0.001,2,grid_20_adamax_early_stop_s2040,321,1097.6,9090,9130,147975,15588.8,0,146289.3,9626.8,9731.2,1.1
20,adamax,early_stop,2041,0.001,2,grid_20_adamax_early_stop_s2041,321,1071.2,8662,8702,149907.4,15953.3,0,146289.3,9626.8,35984.4,273.8
20,adamax,early_stop,2042,0.001,2,grid_20_adamax_early_stop_s2042,321,1065.4,8617,8657,149302,15965.8,0,146289.3,9626.8,37046.1,284.8
20,adamax,early_stop,2043,0.001,2,grid_20_adamax_early_stop_s2043,321,1002.7,8197,8297,146595.7,15659.1,0,146289.3,9626.8,9469.5,-1.6
20,adamax,early_stop,2044,0.001,2,grid_20_adamax_early_stop_s2044,321,1054.9,8651,8691,147701.6,15505.1,0,146289.3,9626.8,-14352.3,-249.1
20,adamax,early_stop,2045,0.001,2,grid_20_adamax_early_stop_s2045,321,1105.1,8383,8443,149313.8,15862.1,0,146289.3,9626.8,41490.1,331
20,nadam,paper,2026,0.001,1,grid_20_nadam_paper_s2026,321,252.4,1900,1900,147448,15704.1,0,146289.3,9626.8,11713.3,21.7
20,nadam,paper,2027,0.001,1,grid_20_nadam_paper_s2027,321,246.6,1900,1900,149242.9,15711.6,0,146289.3,9626.8,27778.5,188.6
20,nadam,paper,2028,0.001,1,grid_20_nadam_paper_s2028,321,246.6,1900,1900,147691.2,15772.1,0,146289.3,9626.8,9976.8,3.6
20,nadam,paper,2029,0.001,1,grid_20_nadam_paper_s2029,321,243.4,1900,1900,149844.3,15644.5,0,146289.3,9626.8,10921,13.4
20,nadam,paper,2030,0.001,1,grid_20_nadam_paper_s2030,321,246.4,1900,1900,150056.9,16223.9,0,146289.3,9626.8,29404.7,205.4
20,nadam,paper,2031,0.001,1,grid_20_nadam_paper_s2031,321,248.7,1900,1900,149261.8,15794.1,0,146289.3,9626.8,18938.3,96.7
20,nadam,paper,2032,0.001,1,grid_20_nadam_paper_s2032,321,247.3,1900,1900,148521.3,15986.8,0,146289.3,9626.8,16664.7,73.1
20,nadam,paper,2033,0.001,1,grid_20_nadam_paper_s2033,321,249.6,1900,1900,147423.6,15748.7,0,146289.3,9626.8,12308.4,27.9
20,nadam,paper,2034,0.001,1,grid_20_nadam_paper_s2034,321,243.7,1900,1900,156225.4,17082.5,0,146289.3,9626.8,826262.9,8483
20,nadam,paper,2035,0.001,1,grid_20_nadam_paper_s2035,321,248.7,1900,1900,149281,15824,0,146289.3,9626.8,13683.4,42.1
20,nadam,paper,2036,0.001,2,grid_20_nadam_paper_s2036,321,252.3,1900,1900,148068.6,15804.1,0,146289.3,9626.8,10887,13.1
20,nadam,paper,2037,0.001,2,grid_20_nadam_paper_s2037,321,249.8,1900,1900,151105.1,16129.2,0,146289.3,9626.8,32480.3,237.4
20,nadam,paper,2038,0.001,2,grid_20_nadam_paper_s2038,321,247.7,1900,1900,149944.3,16057.7,0,146289.3,9626.8,20962.1,117.7
20,nadam,paper,2039,0.001,2,grid_20_nadam_paper_s2039,321,247.1,1900,1900,160008.9,17089.2,0,146289.3,9626.8,63034.6,554.8
20,nadam,paper,2040,0.001,2,grid_20_nadam_paper_s2040,321,255.3,1900,1900,156191.1,16296.3,0,146289.3,9626.8,39497.4,310.3
20,nadam,paper,2041,0.001,2,grid_20_nadam_paper_s2041,321,244.6,1900,1900,161558.3,17198.6,0,146289.3,9626.8,313496.8,3156.5
20,nadam,paper,2042,0.001,2,grid_20_nadam_paper_s2042,321,246.1,1900,1900,150733,16142.1,0,146289.3,9626.8,26582.6,176.1
20,nadam,paper,2043,0.001,2,grid_20_nadam_paper_s2043,321,247.2,1900,1900,151136.6,16064.9,0,146289.3,9626.8,18227,89.3
20,nadam,paper,2044,0.001,2,grid_20_nadam_paper_s2044,321,251.2,1900,1900,155980.7,16252.5,0,146289.3,9626.8,49836,417.7
20,nadam,paper,2045,0.001,2,grid_20_nadam_paper_s2045,321,257.5,1900,1900,149595.8,15962,0,146289.3,9626.8,32912,241.9
20,nadam,early_stop,2026,0.001,1,grid_20_nadam_early_stop_s2026,321,923.3,7401,7521,146840.2,15674,0,146289.3,9626.8,10460,8.7
20,nadam,early_stop,2027,0.001,1,grid_20_nadam_early_stop_s2027,321,1009.1,8020,8140,147041,15529.6,0,146289.3,9626.8,10601.9,10.1
20,nadam,early_stop,2028,0.001,1,grid_20_nadam_early_stop_s2028,321,911.7,7323,7443,146919.7,15731.4,0,146289.3,9626.8,9764.3,1.4
20,nadam,early_stop,2029,0.001,1,grid_20_nadam_early_stop_s2029,321,1066,8552,8632,146819.8,15498.8,0,146289.3,9626.8,9921,3.1
20,nadam,early_stop,2030,0.001,1,grid_20_nadam_early_stop_s2030,321,1036.2,8306,8386,148248.2,15842.9,0,146289.3,9626.8,-5696.1,-159.2
20,nadam,early_stop,2031,0.001,1,grid_20_nadam_early_stop_s2031,321,979.4,7795,7896,147024.5,15621.2,0,146289.3,9626.8,17893.2,85.9
20,nadam,early_stop,2032,0.001,1,grid_20_nadam_early_stop_s2032,321,954.4,7742,7842,146625.9,15787.9,0,146289.3,9626.8,12675.1,31.7
20,nadam,early_stop,2033,0.001,1,grid_20_nadam_early_stop_s2033,321,952.4,7722,7822,146780,15698.2,0,146289.3,9626.8,10070.4,4.6
20,nadam,early_stop,2034,0.001,1,grid_20_nadam_early_stop_s2034,321,1054.6,8654,8694,146563.3,16072.2,0,146289.3,9626.8,26661.7,177
20,nadam,early_stop,2035,0.001,1,grid_20_nadam_early_stop_s2035,321,1016,8153,8233,148058.1,15714.2,0,146289.3,9626.8,9082.7,-5.7
20,nadam,early_stop,2036,0.001,2,grid_20_nadam_early_stop_s2036,321,923.3,7296,7417,146410,15713.7,0,146289.3,9626.8,9356.7,-2.8
20,nadam,early_stop,2037,0.001,2,grid_20_nadam_early_stop_s2037,321,1033.8,8530,8610,145687.3,15690.5,0,146289.3,9626.8,10827,12.5
20,nadam,early_stop,2038,0.001,2,grid_20_nadam_early_stop_s2038,321,890.8,7106,7266,146185.3,15738.2,0,146289.3,9626.8,11075,15
20,nadam,early_stop,2039,0.001,2,grid_20_nadam_early_stop_s2039,321,1020.2,8234,8334,145190.1,15759,0,146289.3,9626.8,11005,14.3
20,nadam,early_stop,2040,0.001,2,grid_20_nadam_early_stop_s2040,321,1062.7,8692,8758,147916.1,15594.3,0,146289.3,9626.8,9461.3,-1.7
20,nadam,early_stop,2041,0.001,2,grid_20_nadam_early_stop_s2041,321,1060.2,8620,8660,148665.6,15713.4,0,146289.3,9626.8,12640.4,31.3
20,nadam,early_stop,2042,0.001,2,grid_20_nadam_early_stop_s2042,321,1001.8,8262,8348,148068.2,15859.9,0,146289.3,9626.8,33317.8,246.1
20,nadam,early_stop,2043,0.001,2,grid_20_nadam_early_stop_s2043,321,965.1,7783,7883,146590.8,15605.9,0,146289.3,9626.8,9060.5,-5.9
20,nadam,early_stop,2044,0.001,2,grid_20_nadam_early_stop_s2044,321,999.2,8117,8220,147556.4,15549,0,146289.3,9626.8,-14561.6,-251.3
20,nadam,early_stop,2045,0.001,2,grid_20_nadam_early_stop_s2045,321,1057.6,8007,8126,148540.4,15732.4,0,146289.3,9626.8,35086.6,264.5
20-20-15,sgd,paper,2026,0.001,1,grid_20-20-15_sgd_paper_s2026,1051,235.9,1900,1900,148468.6,15683.2,0,146289.3,9626.8,48198.2,400.7
20-20-15,sgd,paper,2027,0.001,1,grid_20-20-15_sgd_paper_s2027,1051,239,1900,1900,149535.4,15745.1,0,146289.3,9626.8,33393.6,246.9
20-20-15,sgd,paper,2028,0.001,1,grid_20-20-15_sgd_paper_s2028,1051,234.5,1900,1900,148026.3,15681.5,0,146289.3,9626.8,30018.5,211.8
20-20-15,sgd,paper,2029,0.001,1,grid_20-20-15_sgd_paper_s2029,1051,232.3,1900,1900,149006.3,15804.1,0,146289.3,9626.8,28372.9,194.7
20-20-15,sgd,paper,2030,0.001,1,grid_20-20-15_sgd_paper_s2030,1051,236.1,1900,1900,146972,15643.1,0,146289.3,9626.8,30065.8,212.3
20-20-15,sgd,paper,2031,0.001,1,grid_20-20-15_sgd_paper_s2031,1051,231.9,1900,1900,147023.7,15620.2,0,146289.3,9626.8,19227.8,99.7
20-20-15,sgd,paper,2032,0.001,1,grid_20-20-15_sgd_paper_s2032,1051,233.5,1900,1900,148756,15643.6,0,146289.3,9626.8,32609.8,238.7
20-20-15,sgd,paper,2033,0.001,1,grid_20-20-15_sgd_paper_s2033,1051,233.7,1900,1900,149751.5,15763.2,0,146289.3,9626.8,51463.8,434.6
20-20-15,sgd,paper,2034,0.001,1,grid_20-20-15_sgd_paper_s2034,1051,232.2,1900,1900,147336.3,15614.6,0,146289.3,9626.8,32646.2,239.1
20-20-15,sgd,paper,2035,0.001,1,grid_20-20-15_sgd_paper_s2035,1051,235,1900,1900,146930.5,15461.2,0,146289.3,9626.8,19260.2,100.1
20-20-15,sgd,paper,2036,0.001,2,grid_20-20-15_sgd_paper_s2036,1051,236.4,1900,1900,149039.8,15592.1,0,146289.3,9626.8,28635.2,197.5
20-20-15,sgd,paper,2037,0.001,2,grid_20-20-15_sgd_paper_s2037,1051,232.7,1900,1900,149815.8,15940.3,0,146289.3,9626.8,63572.8,560.4
20-20-15,sgd,paper,2038,0.001,2,grid_20-20-15_sgd_paper_s2038,1051,231.1,1900,1900,147296.8,15445.3,0,146289.3,9626.8,21566.5,124
20-20-15,sgd,paper,2039,0.001,2,grid_20-20-15_sgd_paper_s2039,1051,239.9,1900,1900,149316.4,15740.9,0,146289.3,9626.8,35696.7,270.8
20-20-15,sgd,paper,2040,0.001,2,grid_20-20-15_sgd_paper_s2040,1051,233.4,1900,1900,147209.1,15467.1,0,146289.3,9626.8,18567.6,92.9
20-20-15,sgd,paper,2041,0.001,2,grid_20-20-15_sgd_paper_s2041,1051,234.1,1900,1900,149682.4,15688.5,0,146289.3,9626.8,30434.8,216.1
20-20-15,sgd,paper,2042,0.001,2,grid_20-20-15_sgd_paper_s2042,1051,232,1900,1900,146968.6,15461.4,0,146289.3,9626.8,18450.6,91.7
20-20-15,sgd,paper,2043,0.001,2,grid_20-20-15_sgd_paper_s2043,1051,233.5,1900,1900,147186.4,15554.3,0,146289.3,9626.8,17024.3,76.8
20-20-15,sgd,paper,2044,0.001,2,grid_20-20-15_sgd_paper_s2044,1051,231.5,1900,1900,147574,15559.4,0,146289.3,9626.8,34659.4,260
20-20-15,sgd,paper,2045,0.001,2,grid_20-20-15_sgd_paper_s2045,1051,241.3,1900,1900,149154.4,15654,0,146289.3,9626.8,32352.5,236.1
20-20-15,sgd,early_stop,2026,0.001,1,grid_20-20-15_sgd_early_stop_s2026,1051,1043,8516,8596,145737.3,15305.9,0,146289.3,9626.8,12399,28.8
20-20-15,sgd,early_stop,2027,0.001,1,grid_20-20-15_sgd_early_stop_s2027,1051,1110.2,9076,9096,146410.4,15288,0,146289.3,9626.8,12379.8,28.6
20-20-15,sgd,early_stop,2028,0.001,1,grid_20-20-15_sgd_early_stop_s2028,1051,1052.8,8606,8675,146182.1,15332.3,0,146289.3,9626.8,12310.8,27.9
20-20-15,sgd,early_stop,2029,0.001,1,grid_20-20-15_sgd_early_stop_s2029,1051,1098.6,9109,9129,146834.7,15592.5,0,146289.3,9626.8,17300.6,79.7
20-20-15,sgd,early_stop,2030,0.001,1,grid_20-20-15_sgd_early_stop_s2030,1051,1089.6,8981,9021,145961.1,15495.6,0,146289.3,9626.8,12888.5,33.9
20-20-15,sgd,early_stop,2031,0.001,1,grid_20-20-15_sgd_early_stop_s2031,1051,1010.5,8198,8258,146454.8,15399.4,0,146289.3,9626.8,11922.9,23.9
20-20-15,sgd,early_stop,2032,0.001,1,grid_20-20-15_sgd_early_stop_s2032,1051,1106.3,9075,9115,145745.5,15359.4,0,146289.3,9626.8,11073.8,15
20-20-15,sgd,early_stop,2033,0.001,1,grid_20-20-15_sgd_early_stop_s2033,1051,1066.3,8807,8847,145889.6,15352,0,146289.3,9626.8,12437.5,29.2
20-20-15,sgd,early_stop,2034,0.001,1,grid_20-20-15_sgd_early_stop_s2034,1051,1061.7,8703,8763,145499.1,15412.3,0,146289.3,9626.8,13994.2,45.4
20-20-15,sgd,early_stop,2035,0.001,1,grid_20-20-15_sgd_early_stop_s2035,1051,1077,8890,8930,145604.4,15305.3,0,146289.3,9626.8,11394.2,18.4
20-20-15,sgd,early_stop,2036,0.001,2,grid_20-20-15_sgd_early_stop_s2036,1051,1007.6,8044,8104,148148.6,15301.8,0,146289.3,9626.8,25446.3,164.3
20-20-15,sgd,early_stop,2037,0.001,2,grid_20-20-15_sgd_early_stop_s2037,1051,1093.9,9115,9135,146323.9,15563.7,0,146289.3,9626.8,15977.5,66
20-20-15,sgd,early_stop,2038,0.001,2,grid_20-20-15_sgd_early_stop_s2038,1051,1075.2,8644,8684,146229.6,15271.3,0,146289.3,9626.8,11526.5,19.7
20-20-15,sgd,early_stop,2039,0.001,2,grid_20-20-15_sgd_early_stop_s2039,1051,1089.6,9077,9097,146686.2,15410.2,0,146289.3,9626.8,14924.5,55
20-20-15,sgd,early_stop,2040,0.001,2,grid_20-20-15_sgd_early_stop_s2040,1051,1091.3,9094,9114,146155.7,15335.1,0,146289.3,9626.8,12680.6,31.7
20-20-15,sgd,early_stop,2041,0.001,2,grid_20-20-15_sgd_early_stop_s2041,1051,1082.4,8821,8861,146647.6,15331.4,0,146289.3,9626.8,11863.7,23.2
20-20-15,sgd,early_stop,2042,0.001,2,grid_20-20-15_sgd_early_stop_s2042,1051,1071.7,8688,8748,146062.7,15325.4,0,146289.3,9626.8,11976.7,24.4
20-20-15,sgd,early_stop,2043,0.001,2,grid_20-20-15_sgd_early_stop_s2043,1051,1049.9,8598,8658,146293.8,15366.2,0,146289.3,9626.8,11268,17
20-20-15,sgd,early_stop,2044,0.001,2,grid_20-20-15_sgd_early_stop_s2044,1051,1054.9,8731,8771,146091.2,15386.8,0,146289.3,9626.8,12840.8,33.4
20-20-15,sgd,early_stop,2045,0.001,2,grid_20-20-15_sgd_early_stop_s2045,1051,1188.3,9116,9145,145894.2,15349.9,0,146289.3,9626.8,12301.6,27.8
20-20-15,sgd_momentum,paper,2026,0.001,1,grid_20-20-15_sgd_momentum_paper_s2026,1051,244.8,1900,1900,143172.8,15681.7,0,146289.3,9626.8,10169.3,5.6
20-20-15,sgd_momentum,paper,2027,0.001,1,grid_20-20-15_sgd_momentum_paper_s2027,1051,238.9,1900,1900,144427.1,15600.8,0,146289.3,9626.8,9377.9,-2.6
20-20-15,sgd_momentum,paper,2028,0.001,1,grid_20-20-15_sgd_momentum_paper_s2028,1051,239.8,1900,1900,142656.5,15822.7,0,146289.3,9626.8,11746,22
20-20-15,sgd_momentum,paper,2029,0.001,1,grid_20-20-15_sgd_momentum_paper_s2029,1051,243.5,1900,1900,143968.3,15936.4,0,146289.3,9626.8,13809,43.4
20-20-15,sgd_momentum,paper,2030,0.001,1,grid_20-20-15_sgd_momentum_paper_s2030,1051,242.9,1900,1900,143988.9,16031.7,0,146289.3,9626.8,11105.7,15.4
20-20-15,sgd_momentum,paper,2031,0.001,1,grid_20-20-15_sgd_momentum_paper_s2031,1051,239.2,1900,1900,143691.6,15854.5,0,146289.3,9626.8,10590.7,10
20-20-15,sgd_momentum,paper,2032,0.001,1,grid_20-20-15_sgd_momentum_paper_s2032,1051,242.5,1900,1900,142797.5,15701.6,0,146289.3,9626.8,10141.8,5.3
20-20-15,sgd_momentum,paper,2033,0.001,1,grid_20-20-15_sgd_momentum_paper_s2033,1051,242.1,1900,1900,145129.9,15429.8,0,146289.3,9626.8,11429.4,18.7
20-20-15,sgd_momentum,paper,2034,0.001,1,grid_20-20-15_sgd_momentum_paper_s2034,1051,244.1,1900,1900,144972.9,15322.9,0,146289.3,9626.8,9599.1,-0.3
20-20-15,sgd_momentum,paper,2035,0.001,1,grid_20-20-15_sgd_momentum_paper_s2035,1051,245.5,1900,1900,144711.2,15360.7,0,146289.3,9626.8,10435.2,8.4
20-20-15,sgd_momentum,paper,2036,0.001,2,grid_20-20-15_sgd_momentum_paper_s2036,1051,246.6,1900,1900,143333.4,15772.3,0,146289.3,9626.8,11192.6,16.3
20-20-15,sgd_momentum,paper,2037,0.001,2,grid_20-20-15_sgd_momentum_paper_s2037,1051,242.1,1900,1900,144448.5,15606.6,0,146289.3,9626.8,10157.5,5.5
20-20-15,sgd_momentum,paper,2038,0.001,2,grid_20-20-15_sgd_momentum_paper_s2038,1051,243.2,1900,1900,144674.1,15548.8,0,146289.3,9626.8,9912.2,3
20-20-15,sgd_momentum,paper,2039,0.001,2,grid_20-20-15_sgd_momentum_paper_s2039,1051,240.9,1900,1900,143516.4,15665.6,0,146289.3,9626.8,11868.1,23.3
20-20-15,sgd_momentum,paper,2040,0.001,2,grid_20-20-15_sgd_momentum_paper_s2040,1051,240.8,1900,1900,144429.5,15433.4,0,146289.3,9626.8,11350.7,17.9
20-20-15,sgd_momentum,paper,2041,0.001,2,grid_20-20-15_sgd_momentum_paper_s2041,1051,240,1900,1900,144687,15587,0,146289.3,9626.8,9789.7,1.7
20-20-15,sgd_momentum,paper,2042,0.001,2,grid_20-20-15_sgd_momentum_paper_s2042,1051,238.7,1900,1900,144764.3,15459.9,0,146289.3,9626.8,10946.5,13.7
20-20-15,sgd_momentum,paper,2043,0.001,2,grid_20-20-15_sgd_momentum_paper_s2043,1051,243.6,1900,1900,143331.5,15896,0,146289.3,9626.8,9556.1,-0.7
20-20-15,sgd_momentum,paper,2044,0.001,2,grid_20-20-15_sgd_momentum_paper_s2044,1051,245.2,1900,1900,144748.2,15580.4,0,146289.3,9626.8,9977,3.6
20-20-15,sgd_momentum,paper,2045,0.001,2,grid_20-20-15_sgd_momentum_paper_s2045,1051,246.5,1900,1900,145038.7,15406.8,0,146289.3,9626.8,11443.2,18.9
20-20-15,sgd_momentum,early_stop,2026,0.001,1,grid_20-20-15_sgd_momentum_early_stop_s2026,1051,704.5,5529,5709,145194.2,15271.1,0,146289.3,9626.8,13297.6,38.1
20-20-15,sgd_momentum,early_stop,2027,0.001,1,grid_20-20-15_sgd_momentum_early_stop_s2027,1051,857.5,6854,6994,148042.4,15350.6,0,146289.3,9626.8,6095.4,-36.7
20-20-15,sgd_momentum,early_stop,2028,0.001,1,grid_20-20-15_sgd_momentum_early_stop_s2028,1051,739.3,5882,6042,145971.8,15285.4,0,146289.3,9626.8,15341.5,59.4
20-20-15,sgd_momentum,early_stop,2029,0.001,1,grid_20-20-15_sgd_momentum_early_stop_s2029,1051,844.8,6772,6892,147336.9,15348,0,146289.3,9626.8,10023.5,4.1
20-20-15,sgd_momentum,early_stop,2030,0.001,1,grid_20-20-15_sgd_momentum_early_stop_s2030,1051,773.9,6206,6366,145589.5,15352.5,0,146289.3,9626.8,6311.6,-34.4
20-20-15,sgd_momentum,early_stop,2031,0.001,1,grid_20-20-15_sgd_momentum_early_stop_s2031,1051,781.2,6301,6441,145947,15267.9,0,146289.3,9626.8,13411.5,39.3
20-20-15,sgd_momentum,early_stop,2032,0.001,1,grid_20-20-15_sgd_momentum_early_stop_s2032,1051,783.9,6180,6344,145937,15216.4,0,146289.3,9626.8,8700.9,-9.6
20-20-15,sgd_momentum,early_stop,2033,0.001,1,grid_20-20-15_sgd_momentum_early_stop_s2033,1051,718.2,5539,5739,146053.1,15269.6,0,146289.3,9626.8,6117.4,-36.5
20-20-15,sgd_momentum,early_stop,2034,0.001,1,grid_20-20-15_sgd_momentum_early_stop_s2034,1051,621.8,4757,4977,145718.1,15210.6,0,146289.3,9626.8,8167.5,-15.2
20-20-15,sgd_momentum,early_stop,2035,0.001,1,grid_20-20-15_sgd_momentum_early_stop_s2035,1051,789.6,6279,6439,145768.5,15227.4,0,146289.3,9626.8,13801.8,43.4
20-20-15,sgd_momentum,early_stop,2036,0.001,2,grid_20-20-15_sgd_momentum_early_stop_s2036,1051,787.7,6240,6380,147739.8,15224.6,0,146289.3,9626.8,-2829.2,-129.4
20-20-15,sgd_momentum,early_stop,2037,0.001,2,grid_20-20-15_sgd_momentum_early_stop_s2037,1051,771.9,6053,6213,145721.6,15269.6,0,146289.3,9626.8,9504.7,-1.3
20-20-15,sgd_momentum,early_stop,2038,0.001,2,grid_20-20-15_sgd_momentum_early_stop_s2038,1051,765,6084,6244,145978.4,15178.6,0,146289.3,9626.8,13005.9,35.1
20-20-15,sgd_momentum,early_stop,2039,0.001,2,grid_20-20-15_sgd_momentum_early_stop_s2039,1051,663,5278,5478,147136.3,15352.3,0,146289.3,9626.8,3395.4,-64.7
20-20-15,sgd_momentum,early_stop,2040,0.001,2,grid_20-20-15_sgd_momentum_early_stop_s2040,1051,686.3,5413,5613,145741.3,15282,0,146289.3,9626.8,8759.1,-9
20-20-15,sgd_momentum,early_stop,2041,0.001,2,grid_20-20-15_sgd_momentum_early_stop_s2041,1051,672.7,5290,5490,146823.3,15305.4,0,146289.3,9626.8,9375.1,-2.6
20-20-15,sgd_momentum,early_stop,2042,0.001,2,grid_20-20-15_sgd_momentum_early_stop_s2042,1051,605.3,4687,4907,146067.6,15272.6,0,146289.3,9626.8,7513,-22
20-20-15,sgd_momentum,early_stop,2043,0.001,2,grid_20-20-15_sgd_momentum_early_stop_s2043,1051,625.7,4781,5001,147700.8,15351.7,0,146289.3,9626.8,11244.2,16.8
20-20-15,sgd_momentum,early_stop,2044,0.001,2,grid_20-20-15_sgd_momentum_early_stop_s2044,1051,564.3,4278,4518,145800.5,15260.5,0,146289.3,9626.8,12427,29.1
20-20-15,sgd_momentum,early_stop,2045,0.001,2,grid_20-20-15_sgd_momentum_early_stop_s2045,1051,943.1,6902,7042,147032,15288.2,0,146289.3,9626.8,9891.2,2.7
20-20-15,sgd_nesterov,paper,2026,0.001,1,grid_20-20-15_sgd_nesterov_paper_s2026,1051,251,1900,1900,99288.3,16153.6,0,146289.3,9626.8,10830.7,12.5
20-20-15,sgd_nesterov,paper,2027,0.001,1,grid_20-20-15_sgd_nesterov_paper_s2027,1051,247.4,1900,1900,143386.7,15734.6,0,146289.3,9626.8,10290.3,6.9
20-20-15,sgd_nesterov,paper,2028,0.001,1,grid_20-20-15_sgd_nesterov_paper_s2028,1051,241.1,1900,1900,138500.1,16280.7,0,146289.3,9626.8,10566,9.8
20-20-15,sgd_nesterov,paper,2029,0.001,1,grid_20-20-15_sgd_nesterov_paper_s2029,1051,242.7,1900,1900,142040.8,16245.1,0,146289.3,9626.8,13603.5,41.3
20-20-15,sgd_nesterov,paper,2030,0.001,1,grid_20-20-15_sgd_nesterov_paper_s2030,1051,248.5,1900,1900,131443.4,18605.9,0,146289.3,9626.8,11625.4,20.8
20-20-15,sgd_nesterov,paper,2031,0.001,1,grid_20-20-15_sgd_nesterov_paper_s2031,1051,242.1,1900,1900,98795.9,15814.3,0,146289.3,9626.8,10532.2,9.4
20-20-15,sgd_nesterov,paper,2032,0.001,1,grid_20-20-15_sgd_nesterov_paper_s2032,1051,243.4,1900,1900,116393.7,17106.4,0,146289.3,9626.8,9937.9,3.2
20-20-15,sgd_nesterov,paper,2033,0.001,1,grid_20-20-15_sgd_nesterov_paper_s2033,1051,241,1900,1900,145041.7,15464.6,0,146289.3,9626.8,11016.2,14.4
20-20-15,sgd_nesterov,paper,2034,0.001,1,grid_20-20-15_sgd_nesterov_paper_s2034,1051,242.5,1900,1900,144376.1,15465.1,0,146289.3,9626.8,10958.9,13.8
20-20-15,sgd_nesterov,paper,2035,0.001,1,grid_20-20-15_sgd_nesterov_paper_s2035,1051,244.1,1900,1900,144034,15474.5,0,146289.3,9626.8,10523.9,9.3
20-20-15,sgd_nesterov,paper,2036,0.001,2,grid_20-20-15_sgd_nesterov_paper_s2036,1051,244,1900,1900,142557.6,15867.6,0,146289.3,9626.8,11536.6,19.8
20-20-15,sgd_nesterov,paper,2037,0.001,2,grid_20-20-15_sgd_nesterov_paper_s2037,1051,245.3,1900,1900,143866.4,15766.9,0,146289.3,9626.8,10551.7,9.6
20-20-15,sgd_nesterov,paper,2038,0.001,2,grid_20-20-15_sgd_nesterov_paper_s2038,1051,244.7,1900,1900,144307.1,15584.5,0,146289.3,9626.8,10008.3,4
20-20-15,sgd_nesterov,paper,2039,0.001,2,grid_20-20-15_sgd_nesterov_paper_s2039,1051,238.8,1900,1900,142355.3,15819.3,0,146289.3,9626.8,11130.3,15.6
20-20-15,sgd_nesterov,paper,2040,0.001,2,grid_20-20-15_sgd_nesterov_paper_s2040,1051,243.5,1900,1900,142883.3,15654.6,0,146289.3,9626.8,11684,21.4
20-20-15,sgd_nesterov,paper,2041,0.001,2,grid_20-20-15_sgd_nesterov_paper_s2041,1051,240.2,1900,1900,144163.2,15735.7,0,146289.3,9626.8,10828.3,12.5
20-20-15,sgd_nesterov,paper,2042,0.001,2,grid_20-20-15_sgd_nesterov_paper_s2042,1051,244.3,1900,1900,144288.8,15568.8,0,146289.3,9626.8,11048.6,14.8
20-20-15,sgd_nesterov,paper,2043,0.001,2,grid_20-20-15_sgd_nesterov_paper_s2043,1051,245.7,1900,1900,136979.2,16835.2,0,146289.3,9626.8,10290.4,6.9
20-20-15,sgd_nesterov,paper,2044,0.001,2,grid_20-20-15_sgd_nesterov_paper_s2044,1051,248.4,1900,1900,144245.7,15679.4,0,146289.3,9626.8,10333.9,7.3
20-20-15,sgd_nesterov,paper,2045,0.001,2,grid_20-20-15_sgd_nesterov_paper_s2045,1051,257.7,1900,1900,144597.2,15476.3,0,146289.3,9626.8,10911.8,13.3
20-20-15,sgd_nesterov,early_stop,2026,0.001,1,grid_20-20-15_sgd_nesterov_early_stop_s2026,1051,746,5950,6110,144971,15325.6,0,146289.3,9626.8,14202.2,47.5
20-20-15,sgd_nesterov,early_stop,2027,0.001,1,grid_20-20-15_sgd_nesterov_early_stop_s2027,1051,949.2,7567,7687,146605.5,15242.5,0,146289.3,9626.8,9997.6,3.9
20-20-15,sgd_nesterov,early_stop,2028,0.001,1,grid_20-20-15_sgd_nesterov_early_stop_s2028,1051,749.2,5892,6052,146774.4,15304.8,0,146289.3,9626.8,7886.3,-18.1
20-20-15,sgd_nesterov,early_stop,2029,0.001,1,grid_20-20-15_sgd_nesterov_early_stop_s2029,1051,926.2,7481,7581,146306.4,15342.6,0,146289.3,9626.8,11256.2,16.9
20-20-15,sgd_nesterov,early_stop,2030,0.001,1,grid_20-20-15_sgd_nesterov_early_stop_s2030,1051,947.4,7602,7702,145716.7,15388.1,0,146289.3,9626.8,10400.7,8
20-20-15,sgd_nesterov,early_stop,2031,0.001,1,grid_20-20-15_sgd_nesterov_early_stop_s2031,1051,830.7,6589,6729,145801,15337.1,0,146289.3,9626.8,10531.3,9.4
20-20-15,sgd_nesterov,early_stop,2032,0.001,1,grid_20-20-15_sgd_nesterov_early_stop_s2032,1051,816.8,6585,6725,145625,15279.7,0,146289.3,9626.8,9477.2,-1.6
20-20-15,sgd_nesterov,early_stop,2033,0.001,1,grid_20-20-15_sgd_nesterov_early_stop_s2033,1051,773.2,6076,6236,145726.2,15274.3,0,146289.3,9626.8,9158.3,-4.9
20-20-15,sgd_nesterov,early_stop,2034,0.001,1,grid_20-20-15_sgd_nesterov_early_stop_s2034,1051,797.6,6293,6453,145397.1,15250.3,0,146289.3,9626.8,10371.3,7.7
20-20-15,sgd_nesterov,early_stop,2035,0.001,1,grid_20-20-15_sgd_nesterov_early_stop_s2035,1051,929.2,7401,7521,145463.3,15299.1,0,146289.3,9626.8,9581.2,-0.5
20-20-15,sgd_nesterov,early_stop,2036,0.001,2,grid_20-20-15_sgd_nesterov_early_stop_s2036,1051,880.6,7007,7127,147298.3,15207.3,0,146289.3,9626.8,-795.3,-108.3
20-20-15,sgd_nesterov,early_stop,2037,0.001,2,grid_20-20-15_sgd_nesterov_early_stop_s2037,1051,934.2,7512,7614,145567.3,15346.9,0,146289.3,9626.8,9843.6,2.3
20-20-15,sgd_nesterov,early_stop,2038,0.001,2,grid_20-20-15_sgd_nesterov_early_stop_s2038,1051,827.8,6633,6773,145945.2,15179.5,0,146289.3,9626.8,9758,1.4
20-20-15,sgd_nesterov,early_stop,2039,0.001,2,grid_20-20-15_sgd_nesterov_early_stop_s2039,1051,817.1,6553,6713,146659.4,15339.9,0,146289.3,9626.8,9287.5,-3.5
20-20-15,sgd_nesterov,early_stop,2040,0.001,2,grid_20-20-15_sgd_nesterov_early_stop_s2040,1051,680.9,5405,5605,146381.6,15266.3,0,146289.3,9626.8,10260,6.6
20-20-15,sgd_nesterov,early_stop,2041,0.001,2,grid_20-20-15_sgd_nesterov_early_stop_s2041,1051,949.7,7726,7826,146533,15258.7,0,146289.3,9626.8,8867.1,-7.9
20-20-15,sgd_nesterov,early_stop,2042,0.001,2,grid_20-20-15_sgd_nesterov_early_stop_s2042,1051,763,6095,6255,145493.9,15291.2,0,146289.3,9626.8,10502.7,9.1
20-20-15,sgd_nesterov,early_stop,2043,0.001,2,grid_20-20-15_sgd_nesterov_early_stop_s2043,1051,745,5760,5940,147230.6,15306.3,0,146289.3,9626.8,10421.4,8.3
20-20-15,sgd_nesterov,early_stop,2044,0.001,2,grid_20-20-15_sgd_nesterov_early_stop_s2044,1051,719.8,5700,5880,145463.5,15292.3,0,146289.3,9626.8,9912.6,3
20-20-15,sgd_nesterov,early_stop,2045,0.001,2,grid_20-20-15_sgd_nesterov_early_stop_s2045,1051,933.2,6877,6997,146931.1,15300,0,146289.3,9626.8,10650.9,10.6
20-20-15,adagrad,paper,2026,0.01,1,grid_20-20-15_adagrad_paper_s2026,1051,243.4,1900,1900,96981.7,15809,0,146289.3,9626.8,11146,15.8
20-20-15,adagrad,paper,2027,0.01,1,grid_20-20-15_adagrad_paper_s2027,1051,247.3,1900,1900,105568.1,16801,0,146289.3,9626.8,10913.1,13.4
20-20-15,adagrad,paper,2028,0.01,1,grid_20-20-15_adagrad_paper_s2028,1051,243.1,1900,1900,98945.2,16153.9,0,146289.3,9626.8,11770.3,22.3
20-20-15,adagrad,paper,2029,0.01,1,grid_20-20-15_adagrad_paper_s2029,1051,247.6,1900,1900,132237.3,17455.2,0,146289.3,9626.8,14681.1,52.5
20-20-15,adagrad,paper,2030,0.01,1,grid_20-20-15_adagrad_paper_s2030,1051,245.6,1900,1900,101659.9,16570.8,0,146289.3,9626.8,11077.9,15.1
20-20-15,adagrad,paper,2031,0.01,1,grid_20-20-15_adagrad_paper_s2031,1051,244.4,1900,1900,102220.2,16385.6,0,146289.3,9626.8,11051.6,14.8
20-20-15,adagrad,paper,2032,0.01,1,grid_20-20-15_adagrad_paper_s2032,1051,243.8,1900,1900,104483.4,16738.4,0,146289.3,9626.8,10792.7,12.1
20-20-15,adagrad,paper,2033,0.01,1,grid_20-20-15_adagrad_paper_s2033,1051,245.4,1900,1900,142336.8,15702.9,0,146289.3,9626.8,11275.6,17.1
20-20-15,adagrad,paper,2034,0.01,1,grid_20-20-15_adagrad_paper_s2034,1051,242.4,1900,1900,135817,17363.4,0,146289.3,9626.8,12805,33
20-20-15,adagrad,paper,2035,0.01,1,grid_20-20-15_adagrad_paper_s2035,1051,242.6,1900,1900,100341.5,15881.2,0,146289.3,9626.8,9659.5,0.3
20-20-15,adagrad,paper,2036,0.01,2,grid_20-20-15_adagrad_paper_s2036,1051,243.3,1900,1900,139654.9,16147.9,0,146289.3,9626.8,11066,15
20-20-15,adagrad,paper,2037,0.01,2,grid_20-20-15_adagrad_paper_s2037,1051,241,1900,1900,134181.7,16930.1,0,146289.3,9626.8,11562.8,20.1
20-20-15,adagrad,paper,2038,0.01,2,grid_20-20-15_adagrad_paper_s2038,1051,245.1,1900,1900,138860,15788.7,0,146289.3,9626.8,9869.6,2.5
20-20-15,adagrad,paper,2039,0.01,2,grid_20-20-15_adagrad_paper_s2039,1051,241.8,1900,1900,102487.1,16147.5,0,146289.3,9626.8,15913.1,65.3
20-20-15,adagrad,paper,2040,0.01,2,grid_20-20-15_adagrad_paper_s2040,1051,248.6,1900,1900,120205.1,16288.3,0,146289.3,9626.8,11497,19.4
20-20-15,adagrad,paper,2041,0.01,2,grid_20-20-15_adagrad_paper_s2041,1051,242.2,1900,1900,128193,18253.9,0,146289.3,9626.8,12192.6,26.7
20-20-15,adagrad,paper,2042,0.01,2,grid_20-20-15_adagrad_paper_s2042,1051,242.9,1900,1900,143161.7,15693.9,0,146289.3,9626.8,10823.4,12.4
20-20-15,adagrad,paper,2043,0.01,2,grid_20-20-15_adagrad_paper_s2043,1051,242.3,1900,1900,107732.4,16347.4,0,146289.3,9626.8,10068.7,4.6
20-20-15,adagrad,paper,2044,0.01,2,grid_20-20-15_adagrad_paper_s2044,1051,241.5,1900,1900,121552.8,17664.4,0,146289.3,9626.8,10181.3,5.8
20-20-15,adagrad,paper,2045,0.01,2,grid_20-20-15_adagrad_paper_s2045,1051,249.9,1900,1900,111189.8,17904.2,0,146289.3,9626.8,12981.3,34.8
20-20-15,adagrad,early_stop,2026,0.01,1,grid_20-20-15_adagrad_early_stop_s2026,1051,857.3,6860,7000,145369.4,15432.8,0,146289.3,9626.8,10098.7,4.9
20-20-15,adagrad,early_stop,2027,0.01,1,grid_20-20-15_adagrad_early_stop_s2027,1051,904.1,7249,7369,145660.4,15299.7,0,146289.3,9626.8,10183.6,5.8
20-20-15,adagrad,early_stop,2028,0.01,1,grid_20-20-15_adagrad_early_stop_s2028,1051,950.6,7694,7794,146280.1,15426.3,0,146289.3,9626.8,9934.9,3.2
20-20-15,adagrad,early_stop,2029,0.01,1,grid_20-20-15_adagrad_early_stop_s2029,1051,1059.2,8743,8783,145965.6,15590.1,0,146289.3,9626.8,11219.7,16.5
20-20-15,adagrad,early_stop,2030,0.01,1,grid_20-20-15_adagrad_early_stop_s2030,1051,920,7333,7453,146110,15642.4,0,146289.3,9626.8,10583.9,9.9
20-20-15,adagrad,early_stop,2031,0.01,1,grid_20-20-15_adagrad_early_stop_s2031,1051,920.4,7390,7510,146278.1,15466.4,0,146289.3,9626.8,10234.8,6.3
20-20-15,adagrad,early_stop,2032,0.01,1,grid_20-20-15_adagrad_early_stop_s2032,1051,973.6,7857,7977,145771,15400,0,146289.3,9626.8,9880.4,2.6
20-20-15,adagrad,early_stop,2033,0.01,1,grid_20-20-15_adagrad_early_stop_s2033,1051,906.3,7250,7370,145360.1,15423.5,0,146289.3,9626.8,10285.5,6.8
20-20-15,adagrad,early_stop,2034,0.01,1,grid_20-20-15_adagrad_early_stop_s2034,1051,980,7954,8054,145058,15456,0,146289.3,9626.8,10410.3,8.1
20-20-15,adagrad,early_stop,2035,0.01,1,grid_20-20-15_adagrad_early_stop_s2035,1051,890.8,7028,7168,145604.3,15363.9,0,146289.3,9626.8,9374.8,-2.6
20-20-15,adagrad,early_stop,2036,0.01,2,grid_20-20-15_adagrad_early_stop_s2036,1051,908.5,7371,7471,147606.9,15471,0,146289.3,9626.8,1032.8,-89.3
20-20-15,adagrad,early_stop,2037,0.01,2,grid_20-20-15_adagrad_early_stop_s2037,1051,1004.9,8173,8273,145980.8,15570.7,0,146289.3,9626.8,9970.2,3.6
20-20-15,adagrad,early_stop,2038,0.01,2,grid_20-20-15_adagrad_early_stop_s2038,1051,886.1,7077,7197,145704,15396.7,0,146289.3,9626.8,12408,28.9
20-20-15,adagrad,early_stop,2039,0.01,2,grid_20-20-15_adagrad_early_stop_s2039,1051,1041.7,8440,8500,145983.6,15362.1,0,146289.3,9626.8,11794.6,22.5
20-20-15,adagrad,early_stop,2040,0.01,2,grid_20-20-15_adagrad_early_stop_s2040,1051,875.3,7038,7158,145724.4,15421.7,0,146289.3,9626.8,-2351.8,-124.4
20-20-15,adagrad,early_stop,2041,0.01,2,grid_20-20-15_adagrad_early_stop_s2041,1051,1069.8,8594,8654,146300.5,15357.6,0,146289.3,9626.8,10360.6,7.6
20-20-15,adagrad,early_stop,2042,0.01,2,grid_20-20-15_adagrad_early_stop_s2042,1051,899.4,7265,7385,145946.7,15386.5,0,146289.3,9626.8,9969.4,3.6
20-20-15,adagrad,early_stop,2043,0.01,2,grid_20-20-15_adagrad_early_stop_s2043,1051,872.5,6916,7056,146249,15556.9,0,146289.3,9626.8,9585.8,-0.4
20-20-15,adagrad,early_stop,2044,0.01,2,grid_20-20-15_adagrad_early_stop_s2044,1051,1052.1,8373,8453,145817.9,15590.1,0,146289.3,9626.8,9861.9,2.4
20-20-15,adagrad,early_stop,2045,0.01,2,grid_20-20-15_adagrad_early_stop_s2045,1051,1080.3,8001,8084,145641.8,15365.8,0,146289.3,9626.8,10893.9,13.2
20-20-15,adadelta,paper,2026,1,1,grid_20-20-15_adadelta_paper_s2026,1051,254.6,1900,1900,99498.2,16023.4,0,146289.3,9626.8,13215,37.3
20-20-15,adadelta,paper,2027,1,1,grid_20-20-15_adadelta_paper_s2027,1051,253.6,1900,1900,104265.4,16435.7,0,146289.3,9626.8,10744.4,11.6
20-20-15,adadelta,paper,2028,1,1,grid_20-20-15_adadelta_paper_s2028,1051,249.8,1900,1900,104295.6,15828.5,0,146289.3,9626.8,12241.9,27.2
20-20-15,adadelta,paper,2029,1,1,grid_20-20-15_adadelta_paper_s2029,1051,249,1900,1900,106142.8,16498.7,0,146289.3,9626.8,15413.6,60.1
20-20-15,adadelta,paper,2030,1,1,grid_20-20-15_adadelta_paper_s2030,1051,254,1900,1900,112461.5,17738.7,0,146289.3,9626.8,1229.5,-87.2
20-20-15,adadelta,paper,2031,1,1,grid_20-20-15_adadelta_paper_s2031,1051,248.2,1900,1900,104040.5,15605.9,0,146289.3,9626.8,10647.3,10.6
20-20-15,adadelta,paper,2032,1,1,grid_20-20-15_adadelta_paper_s2032,1051,254.3,1900,1900,105898.8,16071.6,0,146289.3,9626.8,21742.7,125.9
20-20-15,adadelta,paper,2033,1,1,grid_20-20-15_adadelta_paper_s2033,1051,251.6,1900,1900,137766.1,17166.8,0,146289.3,9626.8,10503.6,9.1
20-20-15,adadelta,paper,2034,1,1,grid_20-20-15_adadelta_paper_s2034,1051,254.7,1900,1900,140186.1,15939.3,0,146289.3,9626.8,11573.5,20.2
20-20-15,adadelta,paper,2035,1,1,grid_20-20-15_adadelta_paper_s2035,1051,252.8,1900,1900,98197.9,15542.1,0,146289.3,9626.8,8564.6,-11
20-20-15,adadelta,paper,2036,1,2,grid_20-20-15_adadelta_paper_s2036,1051,254.9,1900,1900,138663.7,15637.6,0,146289.3,9626.8,9625.7,0
20-20-15,adadelta,paper,2037,1,2,grid_20-20-15_adadelta_paper_s2037,1051,252.7,1900,1900,108648.5,16471.1,0,146289.3,9626.8,11227.8,16.6
20-20-15,adadelta,paper,2038,1,2,grid_20-20-15_adadelta_paper_s2038,1051,256.4,1900,1900,139745.1,15675.7,0,146289.3,9626.8,4896.8,-49.1
20-20-15,adadelta,paper,2039,1,2,grid_20-20-15_adadelta_paper_s2039,1051,251.2,1900,1900,137550.5,17823.4,0,146289.3,9626.8,15318.5,59.1
20-20-15,adadelta,paper,2040,1,2,grid_20-20-15_adadelta_paper_s2040,1051,254.3,1900,1900,109435.4,16521.5,0,146289.3,9626.8,16311.1,69.4
20-20-15,adadelta,paper,2041,1,2,grid_20-20-15_adadelta_paper_s2041,1051,252.9,1900,1900,101546.7,16023.9,0,146289.3,9626.8,13561.3,40.9
20-20-15,adadelta,paper,2042,1,2,grid_20-20-15_adadelta_paper_s2042,1051,251.8,1900,1900,144255.2,15628.1,0,146289.3,9626.8,11979.7,24.4
20-20-15,adadelta,paper,2043,1,2,grid_20-20-15_adadelta_paper_s2043,1051,255.9,1900,1900,101612.7,16014.7,0,146289.3,9626.8,10453,8.6
20-20-15,adadelta,paper,2044,1,2,grid_20-20-15_adadelta_paper_s2044,1051,252.9,1900,1900,107375.6,16106.2,0,146289.3,9626.8,6363.9,-33.9
20-20-15,adadelta,paper,2045,1,2,grid_20-20-15_adadelta_paper_s2045,1051,275.8,1900,1900,106909.8,16298.6,0,146289.3,9626.8,12562.8,30.5
20-20-15,adadelta,early_stop,2026,1,1,grid_20-20-15_adadelta_early_stop_s2026,1051,422.4,2857,3237,146507.2,15540.1,0,146289.3,9626.8,7409.4,-23
20-20-15,adadelta,early_stop,2027,1,1,grid_20-20-15_adadelta_early_stop_s2027,1051,296.4,1875,2255,146392.8,15380,0,146289.3,9626.8,7707.5,-19.9
20-20-15,adadelta,early_stop,2028,1,1,grid_20-20-15_adadelta_early_stop_s2028,1051,363.6,2448,2828,146805.8,15577.2,0,146289.3,9626.8,9141.7,-5
20-20-15,adadelta,early_stop,2029,1,1,grid_20-20-15_adadelta_early_stop_s2029,1051,344.4,2281,2661,145779.6,15637.2,0,146289.3,9626.8,11850.6,23.1
20-20-15,adadelta,early_stop,2030,1,1,grid_20-20-15_adadelta_early_stop_s2030,1051,263.1,1552,1932,146445.2,15728.9,0,146289.3,9626.8,8372.8,-13
20-20-15,adadelta,early_stop,2031,1,1,grid_20-20-15_adadelta_early_stop_s2031,1051,283.8,1766,2146,147492.9,15654.7,0,146289.3,9626.8,8323.4,-13.5
20-20-15,adadelta,early_stop,2032,1,1,grid_20-20-15_adadelta_early_stop_s2032,1051,260.4,1579,1959,146979.1,15511.8,0,146289.3,9626.8,10736.3,11.5
20-20-15,adadelta,early_stop,2033,1,1,grid_20-20-15_adadelta_early_stop_s2033,1051,291.2,1811,2191,145666.9,15437.9,0,146289.3,9626.8,11129.5,15.6
20-20-15,adadelta,early_stop,2034,1,1,grid_20-20-15_adadelta_early_stop_s2034,1051,383.8,2546,2926,145185.4,15543.6,0,146289.3,9626.8,4075.9,-57.7
20-20-15,adadelta,early_stop,2035,1,1,grid_20-20-15_adadelta_early_stop_s2035,1051,261.3,1573,1953,146094.5,15486.7,0,146289.3,9626.8,11078.9,15.1
20-20-15,adadelta,early_stop,2036,1,2,grid_20-20-15_adadelta_early_stop_s2036,1051,364.8,2420,2800,149668.1,15561.2,0,146289.3,9626.8,8394.2,-12.8
20-20-15,adadelta,early_stop,2037,1,2,grid_20-20-15_adadelta_early_stop_s2037,1051,310.1,2013,2393,146385.9,15700.5,0,146289.3,9626.8,10640.9,10.5
20-20-15,adadelta,early_stop,2038,1,2,grid_20-20-15_adadelta_early_stop_s2038,1051,230.9,1336,1716,146320.7,15457.1,0,146289.3,9626.8,8294.4,-13.8
20-20-15,adadelta,early_stop,2039,1,2,grid_20-20-15_adadelta_early_stop_s2039,1051,424.2,2922,3302,146553.1,15459,0,146289.3,9626.8,13766.2,43
20-20-15,adadelta,early_stop,2040,1,2,grid_20-20-15_adadelta_early_stop_s2040,1051,250.9,1498,1878,146221.5,15607.6,0,146289.3,9626.8,8668,-10
20-20-15,adadelta,early_stop,2041,1,2,grid_20-20-15_adadelta_early_stop_s2041,1051,388.2,2593,2973,146903.5,15506.3,0,146289.3,9626.8,9669.8,0.4
20-20-15,adadelta,early_stop,2042,1,2,grid_20-20-15_adadelta_early_stop_s2042,1051,304.2,1919,2299,146801.1,15467.9,0,146289.3,9626.8,7409.4,-23
20-20-15,adadelta,early_stop,2043,1,2,grid_20-20-15_adadelta_early_stop_s2043,1051,348,2225,2605,146564.9,15631.4,0,146289.3,9626.8,8936.3,-7.2
20-20-15,adadelta,early_stop,2044,1,2,grid_20-20-15_adadelta_early_stop_s2044,1051,275.4,1708,2088,145108.8,15626.6,0,146289.3,9626.8,12066.4,25.3
20-20-15,adadelta,early_stop,2045,1,2,grid_20-20-15_adadelta_early_stop_s2045,1051,356.1,2020,2400,145993,15478,0,146289.3,9626.8,10681.4,11
20-20-15,rmsprop,paper,2026,0.001,1,grid_20-20-15_rmsprop_paper_s2026,1051,246.8,1900,1900,115822.2,17322.2,0,146289.3,9626.8,17860.6,85.5
20-20-15,rmsprop,paper,2027,0.001,1,grid_20-20-15_rmsprop_paper_s2027,1051,244.5,1900,1900,139672.8,16189.4,0,146289.3,9626.8,16614.9,72.6
20-20-15,rmsprop,paper,2028,0.001,1,grid_20-20-15_rmsprop_paper_s2028,1051,245.4,1900,1900,130234.3,17046.4,0,146289.3,9626.8,11618.3,20.7
20-20-15,rmsprop,paper,2029,0.001,1,grid_20-20-15_rmsprop_paper_s2029,1051,239,1900,1900,141999.8,16059.5,0,146289.3,9626.8,12804.4,33
20-20-15,rmsprop,paper,2030,0.001,1,grid_20-20-15_rmsprop_paper_s2030,1051,248,1900,1900,135856.6,17583.5,0,146289.3,9626.8,17503.5,81.8
20-20-15,rmsprop,paper,2031,0.001,1,grid_20-20-15_rmsprop_paper_s2031,1051,244.3,1900,1900,131883.6,17180.2,0,146289.3,9626.8,29108.1,202.4
20-20-15,rmsprop,paper,2032,0.001,1,grid_20-20-15_rmsprop_paper_s2032,1051,242.1,1900,1900,140248,15877.9,0,146289.3,9626.8,23902.9,148.3
20-20-15,rmsprop,paper,2033,0.001,1,grid_20-20-15_rmsprop_paper_s2033,1051,245.3,1900,1900,143487.3,15737.3,0,146289.3,9626.8,11542,19.9
20-20-15,rmsprop,paper,2034,0.001,1,grid_20-20-15_rmsprop_paper_s2034,1051,243.5,1900,1900,141769.3,16059.1,0,146289.3,9626.8,15762,63.7
20-20-15,rmsprop,paper,2035,0.001,1,grid_20-20-15_rmsprop_paper_s2035,1051,244.6,1900,1900,136296.9,15837.8,0,146289.3,9626.8,20157.1,109.4
20-20-15,rmsprop,paper,2036,0.001,2,grid_20-20-15_rmsprop_paper_s2036,1051,245.2,1900,1900,142349.8,15915.3,0,146289.3,9626.8,11521.8,19.7
20-20-15,rmsprop,paper,2037,0.001,2,grid_20-20-15_rmsprop_paper_s2037,1051,249.3,1900,1900,142129.1,16080.5,0,146289.3,9626.8,16050.3,66.7
20-20-15,rmsprop,paper,2038,0.001,2,grid_20-20-15_rmsprop_paper_s2038,1051,249.6,1900,1900,143152.9,15550.6,0,146289.3,9626.8,187.2,-98.1
20-20-15,rmsprop,paper,2039,0.001,2,grid_20-20-15_rmsprop_paper_s2039,1051,245.4,1900,1900,136065,16649.8,0,146289.3,9626.8,13834.6,43.7
20-20-15,rmsprop,paper,2040,0.001,2,grid_20-20-15_rmsprop_paper_s2040,1051,247.3,1900,1900,140091.6,15869.2,0,146289.3,9626.8,10776.3,11.9
20-20-15,rmsprop,paper,2041,0.001,2,grid_20-20-15_rmsprop_paper_s2041,1051,247.5,1900,1900,142687.9,15948.8,0,146289.3,9626.8,8972.8,-6.8
20-20-15,rmsprop,paper,2042,0.001,2,grid_20-20-15_rmsprop_paper_s2042,1051,242,1900,1900,143589.6,15594.3,0,146289.3,9626.8,8675.7,-9.9
20-20-15,rmsprop,paper,2043,0.001,2,grid_20-20-15_rmsprop_paper_s2043,1051,243.8,1900,1900,139351.1,16497.9,0,146289.3,9626.8,5889.9,-38.8
20-20-15,rmsprop,paper,2044,0.001,2,grid_20-20-15_rmsprop_paper_s2044,1051,247.7,1900,1900,142023,16507.3,0,146289.3,9626.8,13012.9,35.2
20-20-15,rmsprop,paper,2045,0.001,2,grid_20-20-15_rmsprop_paper_s2045,1051,282.3,1900,1900,140514,16193.1,0,146289.3,9626.8,14381.8,49.4
20-20-15,rmsprop,early_stop,2026,0.001,1,grid_20-20-15_rmsprop_early_stop_s2026,1051,292.4,1919,2287,145674.8,15475.9,0,146289.3,9626.8,7386.4,-23.3
20-20-15,rmsprop,early_stop,2027,0.001,1,grid_20-20-15_rmsprop_early_stop_s2027,1051,674.2,5067,5447,145626.6,15343.2,0,146289.3,9626.8,7256.7,-24.6
20-20-15,rmsprop,early_stop,2028,0.001,1,grid_20-20-15_rmsprop_early_stop_s2028,1051,302.6,2008,2370,146477.2,15498.4,0,146289.3,9626.8,5673.1,-41.1
20-20-15,rmsprop,early_stop,2029,0.001,1,grid_20-20-15_rmsprop_early_stop_s2029,1051,496.7,3681,4061,145680.3,15551.5,0,146289.3,9626.8,11933.8,24
20-20-15,rmsprop,early_stop,2030,0.001,1,grid_20-20-15_rmsprop_early_stop_s2030,1051,413.3,2943,3252,146214.9,15689.4,0,146289.3,9626.8,7582.7,-21.2
20-20-15,rmsprop,early_stop,2031,0.001,1,grid_20-20-15_rmsprop_early_stop_s2031,1051,896.7,7077,7315,145939.8,15520.5,0,146289.3,9626.8,4005.3,-58.4
20-20-15,rmsprop,early_stop,2032,0.001,1,grid_20-20-15_rmsprop_early_stop_s2032,1051,525.5,3874,4254,145863.1,15435.7,0,146289.3,9626.8,6190.4,-35.7
20-20-15,rmsprop,early_stop,2033,0.001,1,grid_20-20-15_rmsprop_early_stop_s2033,1051,245.7,1495,1875,144666,15423,0,146289.3,9626.8,8752.6,-9.1
20-20-15,rmsprop,early_stop,2034,0.001,1,grid_20-20-15_rmsprop_early_stop_s2034,1051,240.5,1459,1839,145139.3,15487.4,0,146289.3,9626.8,6696.1,-30.4
20-20-15,rmsprop,early_stop,2035,0.001,1,grid_20-20-15_rmsprop_early_stop_s2035,1051,324.4,2164,2544,145633.2,15431.4,0,146289.3,9626.8,8301.6,-13.8
20-20-15,rmsprop,early_stop,2036,0.001,2,grid_20-20-15_rmsprop_early_stop_s2036,1051,257.1,1612,1992,145310.6,15467,0,146289.3,9626.8,3269.9,-66
20-20-15,rmsprop,early_stop,2037,0.001,2,grid_20-20-15_rmsprop_early_stop_s2037,1051,405.1,2846,3226,145548.2,15619.8,0,146289.3,9626.8,3625.9,-62.3
20-20-15,rmsprop,early_stop,2038,0.001,2,grid_20-20-15_rmsprop_early_stop_s2038,1051,661.8,5044,5334,145567.9,15444,0,146289.3,9626.8,6061.9,-37
20-20-15,rmsprop,early_stop,2039,0.001,2,grid_20-20-15_rmsprop_early_stop_s2039,1051,853.1,6683,7026,145655.2,15372.3,0,146289.3,9626.8,2023.1,-79
20-20-15,rmsprop,early_stop,2040,0.001,2,grid_20-20-15_rmsprop_early_stop_s2040,1051,272.2,1675,2055,145528.2,15491.9,0,146289.3,9626.8,8593.9,-10.7
20-20-15,rmsprop,early_stop,2041,0.001,2,grid_20-20-15_rmsprop_early_stop_s2041,1051,408.3,2873,3253,146049.6,15410,0,146289.3,9626.8,8044.8,-16.4
20-20-15,rmsprop,early_stop,2042,0.001,2,grid_20-20-15_rmsprop_early_stop_s2042,1051,391.5,2765,3145,145908.9,15413.8,0,146289.3,9626.8,5833.6,-39.4
20-20-15,rmsprop,early_stop,2043,0.001,2,grid_20-20-15_rmsprop_early_stop_s2043,1051,315.7,2045,2425,146031.8,15561.9,0,146289.3,9626.8,7703.1,-20
20-20-15,rmsprop,early_stop,2044,0.001,2,grid_20-20-15_rmsprop_early_stop_s2044,1051,259.8,1613,1993,145660,15638.6,0,146289.3,9626.8,12575,30.6
20-20-15,rmsprop,early_stop,2045,0.001,2,grid_20-20-15_rmsprop_early_stop_s2045,1051,522.3,3374,3754,145622.6,15398,0,146289.3,9626.8,7642.7,-20.6
20-20-15,adam,paper,2026,0.001,1,grid_20-20-15_adam_paper_s2026,1051,255.8,1900,1900,143119.5,15725.1,0,146289.3,9626.8,14358.3,49.1
20-20-15,adam,paper,2027,0.001,1,grid_20-20-15_adam_paper_s2027,1051,255.5,1900,1900,144616.3,15561.2,0,146289.3,9626.8,11734.4,21.9
20-20-15,adam,paper,2028,0.001,1,grid_20-20-15_adam_paper_s2028,1051,253.8,1900,1900,144578.7,15688.7,0,146289.3,9626.8,15689.2,63
20-20-15,adam,paper,2029,0.001,1,grid_20-20-15_adam_paper_s2029,1051,253.1,1900,1900,146115.2,15643.5,0,146289.3,9626.8,15702.1,63.1
20-20-15,adam,paper,2030,0.001,1,grid_20-20-15_adam_paper_s2030,1051,263.7,1900,1900,144623,15765.5,0,146289.3,9626.8,11047.6,14.8
20-20-15,adam,paper,2031,0.001,1,grid_20-20-15_adam_paper_s2031,1051,257.4,1900,1900,143793.4,15772.6,0,146289.3,9626.8,10702.8,11.2
20-20-15,adam,paper,2032,0.001,1,grid_20-20-15_adam_paper_s2032,1051,252.9,1900,1900,145010.6,15467,0,146289.3,9626.8,10508.7,9.2
20-20-15,adam,paper,2033,0.001,1,grid_20-20-15_adam_paper_s2033,1051,254.4,1900,1900,145192.7,15418.7,0,146289.3,9626.8,11082.3,15.1
20-20-15,adam,paper,2034,0.001,1,grid_20-20-15_adam_paper_s2034,1051,252.7,1900,1900,145225.2,15462,0,146289.3,9626.8,11153.7,15.9
20-20-15,adam,paper,2035,0.001,1,grid_20-20-15_adam_paper_s2035,1051,254.8,1900,1900,144546.7,15438.3,0,146289.3,9626.8,9649.7,0.2
20-20-15,adam,paper,2036,0.001,2,grid_20-20-15_adam_paper_s2036,1051,254.2,1900,1900,145293.1,15504.6,0,146289.3,9626.8,10111.2,5
20-20-15,adam,paper,2037,0.001,2,grid_20-20-15_adam_paper_s2037,1051,260.5,1900,1900,145215.9,15663.5,0,146289.3,9626.8,13358.3,38.8
20-20-15,adam,paper,2038,0.001,2,grid_20-20-15_adam_paper_s2038,1051,258.4,1900,1900,145296.9,15500.1,0,146289.3,9626.8,9665.5,0.4
20-20-15,adam,paper,2039,0.001,2,grid_20-20-15_adam_paper_s2039,1051,253.7,1900,1900,145250.4,15806,0,146289.3,9626.8,21057.4,118.7
20-20-15,adam,paper,2040,0.001,2,grid_20-20-15_adam_paper_s2040,1051,256,1900,1900,144852.3,15501.5,0,146289.3,9626.8,12096.9,25.7
20-20-15,adam,paper,2041,0.001,2,grid_20-20-15_adam_paper_s2041,1051,253.9,1900,1900,145242.3,15586.2,0,146289.3,9626.8,12290.6,27.7
20-20-15,adam,paper,2042,0.001,2,grid_20-20-15_adam_paper_s2042,1051,249.9,1900,1900,145505.7,15433.3,0,146289.3,9626.8,10713.3,11.3
20-20-15,adam,paper,2043,0.001,2,grid_20-20-15_adam_paper_s2043,1051,256.9,1900,1900,144854.5,15653.4,0,146289.3,9626.8,9831.3,2.1
20-20-15,adam,paper,2044,0.001,2,grid_20-20-15_adam_paper_s2044,1051,254,1900,1900,144924.6,15604.1,0,146289.3,9626.8,10530.5,9.4
20-20-15,adam,paper,2045,0.001,2,grid_20-20-15_adam_paper_s2045,1051,281,1900,1900,145217,15449.6,0,146289.3,9626.8,13587,41.1
20-20-15,adam,early_stop,2026,0.001,1,grid_20-20-15_adam_early_stop_s2026,1051,879.5,6938,7098,147026.6,15466.3,0,146289.3,9626.8,10297.4,7
20-20-15,adam,early_stop,2027,0.001,1,grid_20-20-15_adam_early_stop_s2027,1051,858.7,6597,6757,145232.8,15357,0,146289.3,9626.8,10043.3,4.3
20-20-15,adam,early_stop,2028,0.001,1,grid_20-20-15_adam_early_stop_s2028,1051,841.7,6614,6776,147902.5,15459,0,146289.3,9626.8,11451.1,19
20-20-15,adam,early_stop,2029,0.001,1,grid_20-20-15_adam_early_stop_s2029,1051,955.5,7572,7692,145884.6,15538.1,0,146289.3,9626.8,9158.2,-4.9
20-20-15,adam,early_stop,2030,0.001,1,grid_20-20-15_adam_early_stop_s2030,1051,712.4,5540,5720,145697.5,15617.2,0,146289.3,9626.8,10482.9,8.9
20-20-15,adam,early_stop,2031,0.001,1,grid_20-20-15_adam_early_stop_s2031,1051,808.7,6247,6427,145750.9,15491.1,0,146289.3,9626.8,8872.1,-7.8
20-20-15,adam,early_stop,2032,0.001,1,grid_20-20-15_adam_early_stop_s2032,1051,748.7,5829,6049,145873.1,15441.6,0,146289.3,9626.8,9791.6,1.7
20-20-15,adam,early_stop,2033,0.001,1,grid_20-20-15_adam_early_stop_s2033,1051,808.5,6404,6564,145297.9,15405,0,146289.3,9626.8,8907.1,-7.5
20-20-15,adam,early_stop,2034,0.001,1,grid_20-20-15_adam_early_stop_s2034,1051,884.9,6961,7120,145135.6,15435.5,0,146289.3,9626.8,10014.5,4
20-20-15,adam,early_stop,2035,0.001,1,grid_20-20-15_adam_early_stop_s2035,1051,743,5676,5876,145647.7,15387,0,146289.3,9626.8,9193.1,-4.5
20-20-15,adam,early_stop,2036,0.001,2,grid_20-20-15_adam_early_stop_s2036,1051,906.1,7140,7260,148455.8,15507.2,0,146289.3,9626.8,3961.2,-58.9
20-20-15,adam,early_stop,2037,0.001,2,grid_20-20-15_adam_early_stop_s2037,1051,979.2,7567,7707,145831.6,15531.5,0,146289.3,9626.8,9935.4,3.2
20-20-15,adam,early_stop,2038,0.001,2,grid_20-20-15_adam_early_stop_s2038,1051,629.5,4646,4886,147073.1,15457.3,0,146289.3,9626.8,10169.5,5.6
20-20-15,adam,early_stop,2039,0.001,2,grid_20-20-15_adam_early_stop_s2039,1051,1039.2,8260,8320,146444.9,15378.4,0,146289.3,9626.8,-1519,-115.8
20-20-15,adam,early_stop,2040,0.001,2,grid_20-20-15_adam_early_stop_s2040,1051,752.1,5741,5941,145796.7,15433.6,0,146289.3,9626.8,10567,9.8
20-20-15,adam,early_stop,2041,0.001,2,grid_20-20-15_adam_early_stop_s2041,1051,941.8,7504,7624,146811.6,15375.9,0,146289.3,9626.8,10884.2,13.1
20-20-15,adam,early_stop,2042,0.001,2,grid_20-20-15_adam_early_stop_s2042,1051,807.7,6355,6515,145923.3,15401.8,0,146289.3,9626.8,9264.5,-3.8
20-20-15,adam,early_stop,2043,0.001,2,grid_20-20-15_adam_early_stop_s2043,1051,877.5,6865,7025,147794.4,15572.4,0,146289.3,9626.8,7745.9,-19.5
20-20-15,adam,early_stop,2044,0.001,2,grid_20-20-15_adam_early_stop_s2044,1051,873.2,6851,6991,145714.4,15549.7,0,146289.3,9626.8,9898.3,2.8
20-20-15,adam,early_stop,2045,0.001,2,grid_20-20-15_adam_early_stop_s2045,1051,963.6,6937,7077,145471.9,15369.3,0,146289.3,9626.8,10782.5,12
20-20-15,adamw,paper,2026,0.001,1,grid_20-20-15_adamw_paper_s2026,1051,255.1,1900,1900,143126.3,15724.6,0,146289.3,9626.8,14345.7,49
20-20-15,adamw,paper,2027,0.001,1,grid_20-20-15_adamw_paper_s2027,1051,257.1,1900,1900,144616.8,15560.9,0,146289.3,9626.8,11724.9,21.8
20-20-15,adamw,paper,2028,0.001,1,grid_20-20-15_adamw_paper_s2028,1051,255.1,1900,1900,144579.5,15688.3,0,146289.3,9626.8,15661.2,62.7
20-20-15,adamw,paper,2029,0.001,1,grid_20-20-15_adamw_paper_s2029,1051,255.2,1900,1900,146113.7,15643.2,0,146289.3,9626.8,15683.9,62.9
20-20-15,adamw,paper,2030,0.001,1,grid_20-20-15_adamw_paper_s2030,1051,259.7,1900,1900,144624.6,15764.8,0,146289.3,9626.8,11040,14.7
20-20-15,adamw,paper,2031,0.001,1,grid_20-20-15_adamw_paper_s2031,1051,258.7,1900,1900,143795.8,15772,0,146289.3,9626.8,10696.2,11.1
20-20-15,adamw,paper,2032,0.001,1,grid_20-20-15_adamw_paper_s2032,1051,254.9,1900,1900,145012.2,15467,0,146289.3,9626.8,10505.2,9.1
20-20-15,adamw,paper,2033,0.001,1,grid_20-20-15_adamw_paper_s2033,1051,257.4,1900,1900,145192.8,15418.7,0,146289.3,9626.8,11075.2,15
20-20-15,adamw,paper,2034,0.001,1,grid_20-20-15_adamw_paper_s2034,1051,253.2,1900,1900,145225.7,15461.9,0,146289.3,9626.8,11147.8,15.8
20-20-15,adamw,paper,2035,0.001,1,grid_20-20-15_adamw_paper_s2035,1051,253.3,1900,1900,144548,15438.3,0,146289.3,9626.8,9649.1,0.2
20-20-15,adamw,paper,2036,0.001,2,grid_20-20-15_adamw_paper_s2036,1051,257.1,1900,1900,145293.2,15504.4,0,146289.3,9626.8,10108.1,5
20-20-15,adamw,paper,2037,0.001,2,grid_20-20-15_adamw_paper_s2037,1051,262.6,1900,1900,145215.4,15663.4,0,146289.3,9626.8,13351.5,38.7
20-20-15,adamw,paper,2038,0.001,2,grid_20-20-15_adamw_paper_s2038,1051,260.1,1900,1900,145297.5,15500.1,0,146289.3,9626.8,9664.8,0.4
20-20-15,adamw,paper,2039,0.001,2,grid_20-20-15_adamw_paper_s2039,1051,255.4,1900,1900,145249.4,15804.9,0,146289.3,9626.8,21025.4,118.4
20-20-15,adamw,paper,2040,0.001,2,grid_20-20-15_adamw_paper_s2040,1051,255.6,1900,1900,144853.3,15501.3,0,146289.3,9626.8,12090.3,25.6
20-20-15,adamw,paper,2041,0.001,2,grid_20-20-15_adamw_paper_s2041,1051,257.5,1900,1900,145241.3,15585.7,0,146289.3,9626.8,12278.2,27.5
20-20-15,adamw,paper,2042,0.001,2,grid_20-20-15_adamw_paper_s2042,1051,252.8,1900,1900,145506.5,15433.1,0,146289.3,9626.8,10711.2,11.3
20-20-15,adamw,paper,2043,0.001,2,grid_20-20-15_adamw_paper_s2043,1051,259,1900,1900,144855.9,15652.8,0,146289.3,9626.8,9828.7,2.1
20-20-15,adamw,paper,2044,0.001,2,grid_20-20-15_adamw_paper_s2044,1051,260.5,1900,1900,144926.1,15603.8,0,146289.3,9626.8,10528.5,9.4
20-20-15,adamw,paper,2045,0.001,2,grid_20-20-15_adamw_paper_s2045,1051,281.8,1900,1900,145216.7,15449.4,0,146289.3,9626.8,13572.8,41
20-20-15,adamw,early_stop,2026,0.001,1,grid_20-20-15_adamw_early_stop_s2026,1051,888.2,6963,7123,147020.5,15466,0,146289.3,9626.8,10281.6,6.8
20-20-15,adamw,early_stop,2027,0.001,1,grid_20-20-15_adamw_early_stop_s2027,1051,853.4,6598,6758,145233,15356.9,0,146289.3,9626.8,10038.7,4.3
20-20-15,adamw,early_stop,2028,0.001,1,grid_20-20-15_adamw_early_stop_s2028,1051,875.8,6886,7026,147899.7,15458.7,0,146289.3,9626.8,11384.5,18.3
20-20-15,adamw,early_stop,2029,0.001,1,grid_20-20-15_adamw_early_stop_s2029,1051,951.8,7575,7695,145883.8,15537.9,0,146289.3,9626.8,9145.3,-5
20-20-15,adamw,early_stop,2030,0.001,1,grid_20-20-15_adamw_early_stop_s2030,1051,733.7,5540,5720,145698.3,15617,0,146289.3,9626.8,10479.6,8.9
20-20-15,adamw,early_stop,2031,0.001,1,grid_20-20-15_adamw_early_stop_s2031,1051,814.2,6250,6430,145751.8,15491,0,146289.3,9626.8,8868.7,-7.9
20-20-15,adamw,early_stop,2032,0.001,1,grid_20-20-15_adamw_early_stop_s2032,1051,756.4,5834,6054,145873.3,15441.5,0,146289.3,9626.8,9788.5,1.7
20-20-15,adamw,early_stop,2033,0.001,1,grid_20-20-15_adamw_early_stop_s2033,1051,818.2,6406,6566,145298.1,15405,0,146289.3,9626.8,8904.5,-7.5
20-20-15,adamw,early_stop,2034,0.001,1,grid_20-20-15_adamw_early_stop_s2034,1051,903.2,6965,7121,145136.3,15435.4,0,146289.3,9626.8,10008.3,4
20-20-15,adamw,early_stop,2035,0.001,1,grid_20-20-15_adamw_early_stop_s2035,1051,753.1,5682,5882,145648,15387.1,0,146289.3,9626.8,9193,-4.5
20-20-15,adamw,early_stop,2036,0.001,2,grid_20-20-15_adamw_early_stop_s2036,1051,914.3,7138,7258,148454.8,15507.1,0,146289.3,9626.8,3955.4,-58.9
20-20-15,adamw,early_stop,2037,0.001,2,grid_20-20-15_adamw_early_stop_s2037,1051,960.3,7571,7711,145831.7,15531.4,0,146289.3,9626.8,9928.9,3.1
20-20-15,adamw,early_stop,2038,0.001,2,grid_20-20-15_adamw_early_stop_s2038,1051,630,4648,4888,147073.7,15457.3,0,146289.3,9626.8,10168.3,5.6
20-20-15,adamw,early_stop,2039,0.001,2,grid_20-20-15_adamw_early_stop_s2039,1051,1036.6,8261,8321,146441.4,15377.7,0,146289.3,9626.8,-1545.5,-116.1
20-20-15,adamw,early_stop,2040,0.001,2,grid_20-20-15_adamw_early_stop_s2040,1051,747.1,5752,5952,145797,15433.6,0,146289.3,9626.8,10557.3,9.7
20-20-15,adamw,early_stop,2041,0.001,2,grid_20-20-15_adamw_early_stop_s2041,1051,955.7,7507,7627,146810.7,15375.7,0,146289.3,9626.8,10876.2,13
20-20-15,adamw,early_stop,2042,0.001,2,grid_20-20-15_adamw_early_stop_s2042,1051,807.4,6356,6516,145923.8,15401.7,0,146289.3,9626.8,9263,-3.8
20-20-15,adamw,early_stop,2043,0.001,2,grid_20-20-15_adamw_early_stop_s2043,1051,879.6,6870,7030,147793.9,15572.2,0,146289.3,9626.8,7743.4,-19.6
20-20-15,adamw,early_stop,2044,0.001,2,grid_20-20-15_adamw_early_stop_s2044,1051,871.5,6851,6991,145715.4,15549.6,0,146289.3,9626.8,9894,2.8
20-20-15,adamw,early_stop,2045,0.001,2,grid_20-20-15_adamw_early_stop_s2045,1051,939.4,6943,7083,145471.9,15369.3,0,146289.3,9626.8,10774.1,11.9
20-20-15,adamax,paper,2026,0.001,1,grid_20-20-15_adamax_paper_s2026,1051,254.3,1900,1900,150378.8,16120.6,0,146289.3,9626.8,69666.6,623.7
20-20-15,adamax,paper,2027,0.001,1,grid_20-20-15_adamax_paper_s2027,1051,252.5,1900,1900,145976,15437.8,0,146289.3,9626.8,13784.6,43.2
20-20-15,adamax,paper,2028,0.001,1,grid_20-20-15_adamax_paper_s2028,1051,253.4,1900,1900,150143.5,16030.2,0,146289.3,9626.8,76293.8,692.5
20-20-15,adamax,paper,2029,0.001,1,grid_20-20-15_adamax_paper_s2029,1051,253.2,1900,1900,148508.9,15793.9,0,146289.3,9626.8,26679,177.1
20-20-15,adamax,paper,2030,0.001,1,grid_20-20-15_adamax_paper_s2030,1051,259.4,1900,1900,145948.1,15690.5,0,146289.3,9626.8,11796.3,22.5
20-20-15,adamax,paper,2031,0.001,1,grid_20-20-15_adamax_paper_s2031,1051,256.2,1900,1900,145162.3,15681.1,0,146289.3,9626.8,11528.2,19.8
20-20-15,adamax,paper,2032,0.001,1,grid_20-20-15_adamax_paper_s2032,1051,259,1900,1900,146262.3,15479.7,0,146289.3,9626.8,10767.6,11.9
20-20-15,adamax,paper,2033,0.001,1,grid_20-20-15_adamax_paper_s2033,1051,251.6,1900,1900,146494.5,15491.6,0,146289.3,9626.8,11681.7,21.3
20-20-15,adamax,paper,2034,0.001,1,grid_20-20-15_adamax_paper_s2034,1051,251.5,1900,1900,147298.1,15628.2,0,146289.3,9626.8,19571,103.3
20-20-15,adamax,paper,2035,0.001,1,grid_20-20-15_adamax_paper_s2035,1051,253.6,1900,1900,145616,15419.9,0,146289.3,9626.8,9863.7,2.5
20-20-15,adamax,paper,2036,0.001,2,grid_20-20-15_adamax_paper_s2036,1051,246,1900,1900,147608.7,15607.8,0,146289.3,9626.8,13787,43.2
20-20-15,adamax,paper,2037,0.001,2,grid_20-20-15_adamax_paper_s2037,1051,254.3,1900,1900,146904.3,15753.7,0,146289.3,9626.8,30046.7,212.1
20-20-15,adamax,paper,2038,0.001,2,grid_20-20-15_adamax_paper_s2038,1051,258.7,1900,1900,146212.1,15478.7,0,146289.3,9626.8,10367.4,7.7
20-20-15,adamax,paper,2039,0.001,2,grid_20-20-15_adamax_paper_s2039,1051,249.6,1900,1900,155765.6,16703.2,0,146289.3,9626.8,248387.6,2480.2
20-20-15,adamax,paper,2040,0.001,2,grid_20-20-15_adamax_paper_s2040,1051,249.5,1900,1900,146005.4,15475,0,146289.3,9626.8,13484.9,40.1
20-20-15,adamax,paper,2041,0.001,2,grid_20-20-15_adamax_paper_s2041,1051,259.3,1900,1900,147215.3,15536.8,0,146289.3,9626.8,17802.9,84.9
20-20-15,adamax,paper,2042,0.001,2,grid_20-20-15_adamax_paper_s2042,1051,254.7,1900,1900,146328.7,15437.8,0,146289.3,9626.8,10520.7,9.3
20-20-15,adamax,paper,2043,0.001,2,grid_20-20-15_adamax_paper_s2043,1051,253.3,1900,1900,146655.6,15643.1,0,146289.3,9626.8,10650,10.6
20-20-15,adamax,paper,2044,0.001,2,grid_20-20-15_adamax_paper_s2044,1051,258.9,1900,1900,146003.3,15610.3,0,146289.3,9626.8,11652,21
20-20-15,adamax,paper,2045,0.001,2,grid_20-20-15_adamax_paper_s2045,1051,271.5,1900,1900,146593.1,15486.5,0,146289.3,9626.8,17266.3,79.4
20-20-15,adamax,early_stop,2026,0.001,1,grid_20-20-15_adamax_early_stop_s2026,1051,1078.5,8489,8569,146943.7,15529.8,0,146289.3,9626.8,10139.5,5.3
20-20-15,adamax,early_stop,2027,0.001,1,grid_20-20-15_adamax_early_stop_s2027,1051,975.1,7810,7935,145476.5,15360.9,0,146289.3,9626.8,10902.2,13.2
20-20-15,adamax,early_stop,2028,0.001,1,grid_20-20-15_adamax_early_stop_s2028,1051,1109.3,8963,9003,147623,15446.9,0,146289.3,9626.8,11035.1,14.6
20-20-15,adamax,early_stop,2029,0.001,1,grid_20-20-15_adamax_early_stop_s2029,1051,1039.5,8357,8417,146169.1,15597,0,146289.3,9626.8,12400.8,28.8
20-20-15,adamax,early_stop,2030,0.001,1,grid_20-20-15_adamax_early_stop_s2030,1051,946,7429,7589,146976.2,15655.7,0,146289.3,9626.8,10674.9,10.9
20-20-15,adamax,early_stop,2031,0.001,1,grid_20-20-15_adamax_early_stop_s2031,1051,938,7439,7559,146019.8,15524,0,146289.3,9626.8,9851.6,2.3
20-20-15,adamax,early_stop,2032,0.001,1,grid_20-20-15_adamax_early_stop_s2032,1051,1014.7,8179,8279,146094,15438.4,0,146289.3,9626.8,9759.3,1.4
20-20-15,adamax,early_stop,2033,0.001,1,grid_20-20-15_adamax_early_stop_s2033,1051,926.2,7219,7359,145450.1,15432.4,0,146289.3,9626.8,10177.7,5.7
20-20-15,adamax,early_stop,2034,0.001,1,grid_20-20-15_adamax_early_stop_s2034,1051,968,7697,7797,145752.8,15468.3,0,146289.3,9626.8,19190.4,99.3
20-20-15,adamax,early_stop,2035,0.001,1,grid_20-20-15_adamax_early_stop_s2035,1051,833.3,6541,6701,145898.8,15397.1,0,146289.3,9626.8,7734.7,-19.7
20-20-15,adamax,early_stop,2036,0.001,2,grid_20-20-15_adamax_early_stop_s2036,1051,921.3,7303,7423,149408.9,15516.7,0,146289.3,9626.8,20297.4,110.8
20-20-15,adamax,early_stop,2037,0.001,2,grid_20-20-15_adamax_early_stop_s2037,1051,1080,8622,8682,146092.1,15605.8,0,146289.3,9626.8,11014.3,14.4
20-20-15,adamax,early_stop,2038,0.001,2,grid_20-20-15_adamax_early_stop_s2038,1051,940.3,7395,7515,147225.1,15474.7,0,146289.3,9626.8,9589.2,-0.4
20-20-15,adamax,early_stop,2039,0.001,2,grid_20-20-15_adamax_early_stop_s2039,1051,1096.2,8804,8844,146560,15425.1,0,146289.3,9626.8,14735.4,53.1
20-20-15,adamax,early_stop,2040,0.001,2,grid_20-20-15_adamax_early_stop_s2040,1051,943.6,7440,7560,145972.5,15455.1,0,146289.3,9626.8,11262.7,17
20-20-15,adamax,early_stop,2041,0.001,2,grid_20-20-15_adamax_early_stop_s2041,1051,1104.6,8936,8976,147154.2,15408,0,146289.3,9626.8,11238.5,16.7
20-20-15,adamax,early_stop,2042,0.001,2,grid_20-20-15_adamax_early_stop_s2042,1051,907.6,7112,7252,146101.5,15411.8,0,146289.3,9626.8,9488.1,-1.4
20-20-15,adamax,early_stop,2043,0.001,2,grid_20-20-15_adamax_early_stop_s2043,1051,967.2,7701,7801,146563.7,15576.1,0,146289.3,9626.8,8901.1,-7.5
20-20-15,adamax,early_stop,2044,0.001,2,grid_20-20-15_adamax_early_stop_s2044,1051,972,7768,7888,145516.9,15591.7,0,146289.3,9626.8,10211.4,6.1
20-20-15,adamax,early_stop,2045,0.001,2,grid_20-20-15_adamax_early_stop_s2045,1051,1054.6,7970,8070,145582.8,15403.6,0,146289.3,9626.8,12147.4,26.2
20-20-15,nadam,paper,2026,0.001,1,grid_20-20-15_nadam_paper_s2026,1051,265.2,1900,1900,142417.3,15819.4,0,146289.3,9626.8,14482.7,50.4
20-20-15,nadam,paper,2027,0.001,1,grid_20-20-15_nadam_paper_s2027,1051,261.4,1900,1900,144544.7,15584.8,0,146289.3,9626.8,11602.2,20.5
20-20-15,nadam,paper,2028,0.001,1,grid_20-20-15_nadam_paper_s2028,1051,264,1900,1900,144406.6,15752.6,0,146289.3,9626.8,16492.4,71.3
20-20-15,nadam,paper,2029,0.001,1,grid_20-20-15_nadam_paper_s2029,1051,263.8,1900,1900,145940.4,15660.4,0,146289.3,9626.8,16280.8,69.1
20-20-15,nadam,paper,2030,0.001,1,grid_20-20-15_nadam_paper_s2030,1051,265,1900,1900,144556,15801.6,0,146289.3,9626.8,11306.8,17.5
20-20-15,nadam,paper,2031,0.001,1,grid_20-20-15_nadam_paper_s2031,1051,265.3,1900,1900,143461.3,15870,0,146289.3,9626.8,10778.4,12
20-20-15,nadam,paper,2032,0.001,1,grid_20-20-15_nadam_paper_s2032,1051,264,1900,1900,144931.5,15478.6,0,146289.3,9626.8,10630,10.4
20-20-15,nadam,paper,2033,0.001,1,grid_20-20-15_nadam_paper_s2033,1051,264.6,1900,1900,145156.3,15431.2,0,146289.3,9626.8,10916.2,13.4
20-20-15,nadam,paper,2034,0.001,1,grid_20-20-15_nadam_paper_s2034,1051,264.1,1900,1900,145173.5,15485.9,0,146289.3,9626.8,11272.3,17.1
20-20-15,nadam,paper,2035,0.001,1,grid_20-20-15_nadam_paper_s2035,1051,265.3,1900,1900,144391.6,15471.1,0,146289.3,9626.8,9637.9,0.1
20-20-15,nadam,paper,2036,0.001,2,grid_20-20-15_nadam_paper_s2036,1051,267.1,1900,1900,145090.4,15529.7,0,146289.3,9626.8,10312,7.1
20-20-15,nadam,paper,2037,0.001,2,grid_20-20-15_nadam_paper_s2037,1051,263.8,1900,1900,145102.9,15702.5,0,146289.3,9626.8,12929.7,34.3
20-20-15,nadam,paper,2038,0.001,2,grid_20-20-15_nadam_paper_s2038,1051,265.8,1900,1900,145238.5,15497.1,0,146289.3,9626.8,9608.9,-0.2
20-20-15,nadam,paper,2039,0.001,2,grid_20-20-15_nadam_paper_s2039,1051,262.3,1900,1900,145344.9,15842.5,0,146289.3,9626.8,21570.3,124.1
20-20-15,nadam,paper,2040,0.001,2,grid_20-20-15_nadam_paper_s2040,1051,263.6,1900,1900,144646.4,15538.2,0,146289.3,9626.8,12028.7,25
20-20-15,nadam,paper,2041,0.001,2,grid_20-20-15_nadam_paper_s2041,1051,267.9,1900,1900,145227.2,15630.1,0,146289.3,9626.8,12457.5,29.4
20-20-15,nadam,paper,2042,0.001,2,grid_20-20-15_nadam_paper_s2042,1051,263.2,1900,1900,145494.9,15439.5,0,146289.3,9626.8,10491.2,9
20-20-15,nadam,paper,2043,0.001,2,grid_20-20-15_nadam_paper_s2043,1051,262.8,1900,1900,144842.5,15665.8,0,146289.3,9626.8,10183.1,5.8
20-20-15,nadam,paper,2044,0.001,2,grid_20-20-15_nadam_paper_s2044,1051,268.7,1900,1900,144830.1,15621.3,0,146289.3,9626.8,10439.7,8.4
20-20-15,nadam,paper,2045,0.001,2,grid_20-20-15_nadam_paper_s2045,1051,291,1900,1900,145146.2,15476.8,0,146289.3,9626.8,13603.7,41.3
20-20-15,nadam,early_stop,2026,0.001,1,grid_20-20-15_nadam_early_stop_s2026,1051,907.7,6997,7157,146626.1,15480.3,0,146289.3,9626.8,9308.5,-3.3
20-20-15,nadam,early_stop,2027,0.001,1,grid_20-20-15_nadam_early_stop_s2027,1051,847.4,6565,6725,145292.9,15368.1,0,146289.3,9626.8,9965.9,3.5
20-20-15,nadam,early_stop,2028,0.001,1,grid_20-20-15_nadam_early_stop_s2028,1051,879.6,6758,6918,147922.7,15496,0,146289.3,9626.8,9909.1,2.9
20-20-15,nadam,early_stop,2029,0.001,1,grid_20-20-15_nadam_early_stop_s2029,1051,977.7,7614,7744,145969.3,15557.8,0,146289.3,9626.8,10162.4,5.6
20-20-15,nadam,early_stop,2030,0.001,1,grid_20-20-15_nadam_early_stop_s2030,1051,794.1,6195,6355,146409.5,15650.8,0,146289.3,9626.8,9877.1,2.6
20-20-15,nadam,early_stop,2031,0.001,1,grid_20-20-15_nadam_early_stop_s2031,1051,918.2,7148,7288,146148.6,15512.2,0,146289.3,9626.8,9956.6,3.4
20-20-15,nadam,early_stop,2032,0.001,1,grid_20-20-15_nadam_early_stop_s2032,1051,836.8,6379,6579,146249.8,15439,0,146289.3,9626.8,9700.5,0.8
20-20-15,nadam,early_stop,2033,0.001,1,grid_20-20-15_nadam_early_stop_s2033,1051,858,6607,6767,145392.2,15415.9,0,146289.3,9626.8,9805.9,1.9
20-20-15,nadam,early_stop,2034,0.001,1,grid_20-20-15_nadam_early_stop_s2034,1051,890.7,6931,7091,145075,15457.2,0,146289.3,9626.8,9824.7,2.1
20-20-15,nadam,early_stop,2035,0.001,1,grid_20-20-15_nadam_early_stop_s2035,1051,739.1,5605,5805,145698.5,15422.8,0,146289.3,9626.8,9438,-2
20-20-15,nadam,early_stop,2036,0.001,2,grid_20-20-15_nadam_early_stop_s2036,1051,967.9,7599,7699,148373.2,15532.3,0,146289.3,9626.8,9795.2,1.7
20-20-15,nadam,early_stop,2037,0.001,2,grid_20-20-15_nadam_early_stop_s2037,1051,967.9,7566,7706,145752.6,15590.6,0,146289.3,9626.8,9956.4,3.4
20-20-15,nadam,early_stop,2038,0.001,2,grid_20-20-15_nadam_early_stop_s2038,1051,707.8,5286,5526,146771.3,15472.5,0,146289.3,9626.8,9828.4,2.1
20-20-15,nadam,early_stop,2039,0.001,2,grid_20-20-15_nadam_early_stop_s2039,1051,1060.9,8350,8410,146218,15388.3,0,146289.3,9626.8,12181,26.5
20-20-15,nadam,early_stop,2040,0.001,2,grid_20-20-15_nadam_early_stop_s2040,1051,807.6,6165,6375,145519.1,15465.8,0,146289.3,9626.8,10556.9,9.7
20-20-15,nadam,early_stop,2041,0.001,2,grid_20-20-15_nadam_early_stop_s2041,1051,1017.8,7954,8054,146760.3,15409.2,0,146289.3,9626.8,10493.5,9
20-20-15,nadam,early_stop,2042,0.001,2,grid_20-20-15_nadam_early_stop_s2042,1051,748.4,5654,5874,145967,15418.2,0,146289.3,9626.8,9449.2,-1.8
20-20-15,nadam,early_stop,2043,0.001,2,grid_20-20-15_nadam_early_stop_s2043,1051,886.3,6840,7000,147397.9,15594.2,0,146289.3,9626.8,8688.9,-9.7
20-20-15,nadam,early_stop,2044,0.001,2,grid_20-20-15_nadam_early_stop_s2044,1051,887.2,6909,7049,145568.9,15562.1,0,146289.3,9626.8,9893.9,2.8
20-20-15,nadam,early_stop,2045,0.001,2,grid_20-20-15_nadam_early_stop_s2045,1051,926.1,6951,7091,145435.2,15389.7,0,146289.3,9626.8,10960.4,13.9
20-15-10,sgd,paper,2026,0.001,1,grid_20-15-10_sgd_paper_s2026,786,239.7,1900,1900,148264.9,15739.9,0,146289.3,9626.8,75106.4,680.2
20-15-10,sgd,paper,2027,0.001,1,grid_20-15-10_sgd_paper_s2027,786,228,1900,1900,151235.3,16032.2,0,146289.3,9626.8,65464.4,580
20-15-10,sgd,paper,2028,0.001,1,grid_20-15-10_sgd_paper_s2028,786,236.5,1900,1900,146583.6,15492.7,0,146289.3,9626.8,23210.5,141.1
20-15-10,sgd,paper,2029,0.001,1,grid_20-15-10_sgd_paper_s2029,786,234.8,1900,1900,147009.7,15658.6,0,146289.3,9626.8,44741.8,364.8
20-15-10,sgd,paper,2030,0.001,1,grid_20-15-10_sgd_paper_s2030,786,234.9,1900,1900,148839.1,15755.1,0,146289.3,9626.8,36111,275.1
20-15-10,sgd,paper,2031,0.001,1,grid_20-15-10_sgd_paper_s2031,786,237,1900,1900,148330.1,15494.5,0,146289.3,9626.8,28372.8,194.7
20-15-10,sgd,paper,2032,0.001,1,grid_20-15-10_sgd_paper_s2032,786,242.4,1900,1900,148016.4,15626.5,0,146289.3,9626.8,26257.4,172.8
20-15-10,sgd,paper,2033,0.001,1,grid_20-15-10_sgd_paper_s2033,786,233.2,1900,1900,149424.8,15560.6,0,146289.3,9626.8,23088.1,139.8
20-15-10,sgd,paper,2034,0.001,1,grid_20-15-10_sgd_paper_s2034,786,237.2,1900,1900,147404.4,15695.5,0,146289.3,9626.8,25938.1,169.4
20-15-10,sgd,paper,2035,0.001,1,grid_20-15-10_sgd_paper_s2035,786,232.1,1900,1900,151975.5,15994.3,0,146289.3,9626.8,53475,455.5
20-15-10,sgd,paper,2036,0.001,2,grid_20-15-10_sgd_paper_s2036,786,235.1,1900,1900,150739.2,15838.4,0,146289.3,9626.8,49592.9,415.2
20-15-10,sgd,paper,2037,0.001,2,grid_20-15-10_sgd_paper_s2037,786,236.7,1900,1900,149763.3,15736.4,0,146289.3,9626.8,26157.4,171.7
20-15-10,sgd,paper,2038,0.001,2,grid_20-15-10_sgd_paper_s2038,786,235.3,1900,1900,150666.3,15893.6,0,146289.3,9626.8,41614.1,332.3
20-15-10,sgd,paper,2039,0.001,2,grid_20-15-10_sgd_paper_s2039,786,233.4,1900,1900,149855.4,15944.5,0,146289.3,9626.8,162705.1,1590.1
20-15-10,sgd,paper,2040,0.001,2,grid_20-15-10_sgd_paper_s2040,786,232.2,1900,1900,148480.9,15561.8,0,146289.3,9626.8,25950.9,169.6
20-15-10,sgd,paper,2041,0.001,2,grid_20-15-10_sgd_paper_s2041,786,234.1,1900,1900,147390.1,15567.3,0,146289.3,9626.8,20036.2,108.1
20-15-10,sgd,paper,2042,0.001,2,grid_20-15-10_sgd_paper_s2042,786,230.9,1900,1900,149748.3,15851.6,0,146289.3,9626.8,32548.8,238.1
20-15-10,sgd,paper,2043,0.001,2,grid_20-15-10_sgd_paper_s2043,786,237.9,1900,1900,150732.1,15839.1,0,146289.3,9626.8,198391.7,1960.8
20-15-10,sgd,paper,2044,0.001,2,grid_20-15-10_sgd_paper_s2044,786,236.8,1900,1900,151487.4,15783.9,0,146289.3,9626.8,115458.6,1099.3
20-15-10,sgd,paper,2045,0.001,2,grid_20-15-10_sgd_paper_s2045,786,261.2,1900,1900,147613.7,15509,0,146289.3,9626.8,25840,168.4
20-15-10,sgd,early_stop,2026,0.001,1,grid_20-15-10_sgd_early_stop_s2026,786,1090.7,9068,9088,146611.2,15510.6,0,146289.3,9626.8,19568.8,103.3
20-15-10,sgd,early_stop,2027,0.001,1,grid_20-15-10_sgd_early_stop_s2027,786,1108.9,9201,9221,146027.5,15466.7,0,146289.3,9626.8,17004.2,76.6
20-15-10,sgd,early_stop,2028,0.001,1,grid_20-15-10_sgd_early_stop_s2028,786,978.3,7887,7967,146420,15419.1,0,146289.3,9626.8,12408.2,28.9
20-15-10,sgd,early_stop,2029,0.001,1,grid_20-15-10_sgd_early_stop_s2029,786,972.4,7834,7934,146318.4,15484.1,0,146289.3,9626.8,20543.1,113.4
20-15-10,sgd,early_stop,2030,0.001,1,grid_20-15-10_sgd_early_stop_s2030,786,1037.2,8637,8677,145945.8,15432.6,0,146289.3,9626.8,5369,-44.2
20-15-10,sgd,early_stop,2031,0.001,1,grid_20-15-10_sgd_early_stop_s2031,786,1026,8312,8372,146224.8,15245.2,0,146289.3,9626.8,14492.5,50.5
20-15-10,sgd,early_stop,2032,0.001,1,grid_20-15-10_sgd_early_stop_s2032,786,1017.6,8200,8260,146765,15342.4,0,146289.3,9626.8,20887.6,117
20-15-10,sgd,early_stop,2033,0.001,1,grid_20-15-10_sgd_early_stop_s2033,786,1065.2,8812,8852,146753.1,15285.8,0,146289.3,9626.8,13595.1,41.2
20-15-10,sgd,early_stop,2034,0.001,1,grid_20-15-10_sgd_early_stop_s2034,786,1045.3,8625,8665,146484.6,15591.1,0,146289.3,9626.8,16388.9,70.2
20-15-10,sgd,early_stop,2035,0.001,1,grid_20-15-10_sgd_early_stop_s2035,786,1142.4,9134,9154,146857.2,15426.2,0,146289.3,9626.8,15642.9,62.5
20-15-10,sgd,early_stop,2036,0.001,2,grid_20-15-10_sgd_early_stop_s2036,786,1032.7,8345,8405,146269.7,15392.2,0,146289.3,9626.8,12658.4,31.5
20-15-10,sgd,early_stop,2037,0.001,2,grid_20-15-10_sgd_early_stop_s2037,786,1046.3,8679,8719,147623.5,15454.3,0,146289.3,9626.8,16839.7,74.9
20-15-10,sgd,early_stop,2038,0.001,2,grid_20-15-10_sgd_early_stop_s2038,786,1111.4,9102,9122,145988.9,15411,0,146289.3,9626.8,11709,21.6
20-15-10,sgd,early_stop,2039,0.001,2,grid_20-15-10_sgd_early_stop_s2039,786,1136.3,9195,9215,146208.4,15577.3,0,146289.3,9626.8,18082.1,87.8
20-15-10,sgd,early_stop,2040,0.001,2,grid_20-15-10_sgd_early_stop_s2040,786,1089.6,8881,8921,146656.5,15354.3,0,146289.3,9626.8,14896.4,54.7
20-15-10,sgd,early_stop,2041,0.001,2,grid_20-15-10_sgd_early_stop_s2041,786,1033.8,8543,8583,147010.5,15432.3,0,146289.3,9626.8,20281,110.7
20-15-10,sgd,early_stop,2042,0.001,2,grid_20-15-10_sgd_early_stop_s2042,786,1081.1,9007,9047,146360.3,15438,0,146289.3,9626.8,13441.7,39.6
20-15-10,sgd,early_stop,2043,0.001,2,grid_20-15-10_sgd_early_stop_s2043,786,1065.4,8690,8730,147048.2,15498.3,0,146289.3,9626.8,19045.4,97.8
20-15-10,sgd,early_stop,2044,0.001,2,grid_20-15-10_sgd_early_stop_s2044,786,1092,9100,9120,147336,15327.1,0,146289.3,9626.8,22200.4,130.6
20-15-10,sgd,early_stop,2045,0.001,2,grid_20-15-10_sgd_early_stop_s2045,786,1113,8718,8778,146991.6,15230,0,146289.3,9626.8,11870.5,23.3
20-15-10,sgd_momentum,paper,2026,0.001,1,grid_20-15-10_sgd_momentum_paper_s2026,786,242.8,1900,1900,144485,15620,0,146289.3,9626.8,12976.2,34.8
20-15-10,sgd_momentum,paper,2027,0.001,1,grid_20-15-10_sgd_momentum_paper_s2027,786,245.9,1900,1900,145697.8,15390.4,0,146289.3,9626.8,11086.7,15.2
20-15-10,sgd_momentum,paper,2028,0.001,1,grid_20-15-10_sgd_momentum_paper_s2028,786,247.3,1900,1900,144662.7,15581.7,0,146289.3,9626.8,12866.1,33.6
20-15-10,sgd_momentum,paper,2029,0.001,1,grid_20-15-10_sgd_momentum_paper_s2029,786,247.5,1900,1900,143507.7,15884.9,0,146289.3,9626.8,13676.2,42.1
20-15-10,sgd_momentum,paper,2030,0.001,1,grid_20-15-10_sgd_momentum_paper_s2030,786,242.7,1900,1900,144915.5,15523.6,0,146289.3,9626.8,11969.4,24.3
20-15-10,sgd_momentum,paper,2031,0.001,1,grid_20-15-10_sgd_momentum_paper_s2031,786,249.6,1900,1900,143416.2,15669.4,0,146289.3,9626.8,10240.7,6.4
20-15-10,sgd_momentum,paper,2032,0.001,1,grid_20-15-10_sgd_momentum_paper_s2032,786,237.9,1900,1900,144542.9,15502,0,146289.3,9626.8,11043.8,14.7
20-15-10,sgd_momentum,paper,2033,0.001,1,grid_20-15-10_sgd_momentum_paper_s2033,786,244.5,1900,1900,145649.8,15337.1,0,146289.3,9626.8,11840.7,23
20-15-10,sgd_momentum,paper,2034,0.001,1,grid_20-15-10_sgd_momentum_paper_s2034,786,241.8,1900,1900,145083.2,15408.2,0,146289.3,9626.8,12379.5,28.6
20-15-10,sgd_momentum,paper,2035,0.001,1,grid_20-15-10_sgd_momentum_paper_s2035,786,247.1,1900,1900,145310.1,15314.4,0,146289.3,9626.8,11052.1,14.8
20-15-10,sgd_momentum,paper,2036,0.001,2,grid_20-15-10_sgd_momentum_paper_s2036,786,247.2,1900,1900,144398.8,15466.3,0,146289.3,9626.8,10059.6,4.5
20-15-10,sgd_momentum,paper,2037,0.001,2,grid_20-15-10_sgd_momentum_paper_s2037,786,241.9,1900,1900,144689.8,15556.6,0,146289.3,9626.8,12716.5,32.1
20-15-10,sgd_momentum,paper,2038,0.001,2,grid_20-15-10_sgd_momentum_paper_s2038,786,239.7,1900,1900,145044.2,15494.6,0,146289.3,9626.8,10240.4,6.4
20-15-10,sgd_momentum,paper,2039,0.001,2,grid_20-15-10_sgd_momentum_paper_s2039,786,239.4,1900,1900,144792.7,15408.9,0,146289.3,9626.8,10925.2,13.5
20-15-10,sgd_momentum,paper,2040,0.001,2,grid_20-15-10_sgd_momentum_paper_s2040,786,245.8,1900,1900,144838.1,15478.2,0,146289.3,9626.8,11912.8,23.7
20-15-10,sgd_momentum,paper,2041,0.001,2,grid_20-15-10_sgd_momentum_paper_s2041,786,247.5,1900,1900,145169.6,15455.8,0,146289.3,9626.8,12040.5,25.1
20-15-10,sgd_momentum,paper,2042,0.001,2,grid_20-15-10_sgd_momentum_paper_s2042,786,242.7,1900,1900,145395.3,15438,0,146289.3,9626.8,10495.8,9
20-15-10,sgd_momentum,paper,2043,0.001,2,grid_20-15-10_sgd_momentum_paper_s2043,786,238.9,1900,1900,144423.3,15694.5,0,146289.3,9626.8,13012.9,35.2
20-15-10,sgd_momentum,paper,2044,0.001,2,grid_20-15-10_sgd_momentum_paper_s2044,786,240.3,1900,1900,145256.7,15432.3,0,146289.3,9626.8,12122.1,25.9
20-15-10,sgd_momentum,paper,2045,0.001,2,grid_20-15-10_sgd_momentum_paper_s2045,786,263.5,1900,1900,145415.9,15377,0,146289.3,9626.8,10314.2,7.1
20-15-10,sgd_momentum,early_stop,2026,0.001,1,grid_20-15-10_sgd_momentum_early_stop_s2026,786,898.2,7262,7382,146533,15230.8,0,146289.3,9626.8,4403.7,-54.3
20-15-10,sgd_momentum,early_stop,2027,0.001,1,grid_20-15-10_sgd_momentum_early_stop_s2027,786,751.1,5861,6041,146216.5,15269.8,0,146289.3,9626.8,12289.1,27.7
20-15-10,sgd_momentum,early_stop,2028,0.001,1,grid_20-15-10_sgd_momentum_early_stop_s2028,786,687.6,5300,5480,146115.2,15275.5,0,146289.3,9626.8,13029.4,35.3
20-15-10,sgd_momentum,early_stop,2029,0.001,1,grid_20-15-10_sgd_momentum_early_stop_s2029,786,840.1,6694,6834,146632.3,15387.6,0,146289.3,9626.8,3947,-59
20-15-10,sgd_momentum,early_stop,2030,0.001,1,grid_20-15-10_sgd_momentum_early_stop_s2030,786,735.5,5808,5988,146102.1,15226.3,0,146289.3,9626.8,1833.5,-81
20-15-10,sgd_momentum,early_stop,2031,0.001,1,grid_20-15-10_sgd_momentum_early_stop_s2031,786,552.5,4164,4404,146645.2,15181.7,0,146289.3,9626.8,1963.2,-79.6
20-15-10,sgd_momentum,early_stop,2032,0.001,1,grid_20-15-10_sgd_momentum_early_stop_s2032,786,669.1,5292,5492,147448.9,15286.4,0,146289.3,9626.8,11254.7,16.9
20-15-10,sgd_momentum,early_stop,2033,0.001,1,grid_20-15-10_sgd_momentum_early_stop_s2033,786,905.9,7289,7389,146253.7,15195.9,0,146289.3,9626.8,10478.3,8.8
20-15-10,sgd_momentum,early_stop,2034,0.001,1,grid_20-15-10_sgd_momentum_early_stop_s2034,786,703.5,5502,5682,145946.1,15288.4,0,146289.3,9626.8,30262.6,214.4
20-15-10,sgd_momentum,early_stop,2035,0.001,1,grid_20-15-10_sgd_momentum_early_stop_s2035,786,240.9,1466,1826,149057.7,15471.2,0,146289.3,9626.8,3325.9,-65.5
20-15-10,sgd_momentum,early_stop,2036,0.001,2,grid_20-15-10_sgd_momentum_early_stop_s2036,786,871.9,6975,7095,145693.5,15285.2,0,146289.3,9626.8,9264.5,-3.8
20-15-10,sgd_momentum,early_stop,2037,0.001,2,grid_20-15-10_sgd_momentum_early_stop_s2037,786,835.1,6745,6885,147075.7,15204.3,0,146289.3,9626.8,11608.8,20.6
20-15-10,sgd_momentum,early_stop,2038,0.001,2,grid_20-15-10_sgd_momentum_early_stop_s2038,786,834.4,6536,6696,145612.5,15288,0,146289.3,9626.8,13737,42.7
20-15-10,sgd_momentum,early_stop,2039,0.001,2,grid_20-15-10_sgd_momentum_early_stop_s2039,786,728.9,5773,5953,145573.7,15269.9,0,146289.3,9626.8,13589.2,41.2
20-15-10,sgd_momentum,early_stop,2040,0.001,2,grid_20-15-10_sgd_momentum_early_stop_s2040,786,947.2,7694,7814,145900.7,15237.5,0,146289.3,9626.8,7912.5,-17.8
20-15-10,sgd_momentum,early_stop,2041,0.001,2,grid_20-15-10_sgd_momentum_early_stop_s2041,786,818,6487,6627,145785.4,15277.1,0,146289.3,9626.8,13042.3,35.5
20-15-10,sgd_momentum,early_stop,2042,0.001,2,grid_20-15-10_sgd_momentum_early_stop_s2042,786,785.5,6365,6525,145900,15283,0,146289.3,9626.8,11043.5,14.7
20-15-10,sgd_momentum,early_stop,2043,0.001,2,grid_20-15-10_sgd_momentum_early_stop_s2043,786,652.3,5074,5274,145669.4,15340.5,0,146289.3,9626.8,12251.6,27.3
20-15-10,sgd_momentum,early_stop,2044,0.001,2,grid_20-15-10_sgd_momentum_early_stop_s2044,786,974.3,7949,8029,145769,15252.9,0,146289.3,9626.8,10244.9,6.4
20-15-10,sgd_momentum,early_stop,2045,0.001,2,grid_20-15-10_sgd_momentum_early_stop_s2045,786,666.5,4974,5174,147126.9,15209.8,0,146289.3,9626.8,8560.1,-11.1
20-15-10,sgd_nesterov,paper,2026,0.001,1,grid_20-15-10_sgd_nesterov_paper_s2026,786,245,1900,1900,138451.6,16749.5,0,146289.3,9626.8,13171.8,36.8
20-15-10,sgd_nesterov,paper,2027,0.001,1,grid_20-15-10_sgd_nesterov_paper_s2027,786,241.5,1900,1900,145384.7,15421.5,0,146289.3,9626.8,10403.6,8.1
20-15-10,sgd_nesterov,paper,2028,0.001,1,grid_20-15-10_sgd_nesterov_paper_s2028,786,245.5,1900,1900,141667.6,16023.2,0,146289.3,9626.8,12942.7,34.4
20-15-10,sgd_nesterov,paper,2029,0.001,1,grid_20-15-10_sgd_nesterov_paper_s2029,786,242.3,1900,1900,102943.4,17317,0,146289.3,9626.8,15137.7,57.2
20-15-10,sgd_nesterov,paper,2030,0.001,1,grid_20-15-10_sgd_nesterov_paper_s2030,786,241.9,1900,1900,144214.4,15788.5,0,146289.3,9626.8,12078.5,25.5
20-15-10,sgd_nesterov,paper,2031,0.001,1,grid_20-15-10_sgd_nesterov_paper_s2031,786,248.1,1900,1900,140566.4,16006.4,0,146289.3,9626.8,11766.4,22.2
20-15-10,sgd_nesterov,paper,2032,0.001,1,grid_20-15-10_sgd_nesterov_paper_s2032,786,243.1,1900,1900,143486.2,15661.4,0,146289.3,9626.8,10777.2,12
20-15-10,sgd_nesterov,paper,2033,0.001,1,grid_20-15-10_sgd_nesterov_paper_s2033,786,240.5,1900,1900,145473.8,15334.9,0,146289.3,9626.8,11722.7,21.8
20-15-10,sgd_nesterov,paper,2034,0.001,1,grid_20-15-10_sgd_nesterov_paper_s2034,786,245,1900,1900,144364.7,15641.4,0,146289.3,9626.8,13213.1,37.3
20-15-10,sgd_nesterov,paper,2035,0.001,1,grid_20-15-10_sgd_nesterov_paper_s2035,786,248.8,1900,1900,145116.3,15335.3,0,146289.3,9626.8,10905.5,13.3
20-15-10,sgd_nesterov,paper,2036,0.001,2,grid_20-15-10_sgd_nesterov_paper_s2036,786,247.4,1900,1900,142461.8,15669.6,0,146289.3,9626.8,10073.8,4.6
20-15-10,sgd_nesterov,paper,2037,0.001,2,grid_20-15-10_sgd_nesterov_paper_s2037,786,244.2,1900,1900,142391.9,15899.1,0,146289.3,9626.8,12979.1,34.8
20-15-10,sgd_nesterov,paper,2038,0.001,2,grid_20-15-10_sgd_nesterov_paper_s2038,786,243.5,1900,1900,144492,15614.2,0,146289.3,9626.8,10722,11.4
20-15-10,sgd_nesterov,paper,2039,0.001,2,grid_20-15-10_sgd_nesterov_paper_s2039,786,241.8,1900,1900,144267.8,15544.8,0,146289.3,9626.8,11276.1,17.1
20-15-10,sgd_nesterov,paper,2040,0.001,2,grid_20-15-10_sgd_nesterov_paper_s2040,786,247.3,1900,1900,143444,15551.8,0,146289.3,9626.8,12587,30.8
20-15-10,sgd_nesterov,paper,2041,0.001,2,grid_20-15-10_sgd_nesterov_paper_s2041,786,248.8,1900,1900,144827.6,15526.2,0,146289.3,9626.8,12487.5,29.7
20-15-10,sgd_nesterov,paper,2042,0.001,2,grid_20-15-10_sgd_nesterov_paper_s2042,786,246,1900,1900,145070.5,15512.3,0,146289.3,9626.8,10478.7,8.8
20-15-10,sgd_nesterov,paper,2043,0.001,2,grid_20-15-10_sgd_nesterov_paper_s2043,786,248.1,1900,1900,143182.7,15960.4,0,146289.3,9626.8,12626.6,31.2
20-15-10,sgd_nesterov,paper,2044,0.001,2,grid_20-15-10_sgd_nesterov_paper_s2044,786,239.1,1900,1900,144935,15532.5,0,146289.3,9626.8,12590.4,30.8
20-15-10,sgd_nesterov,paper,2045,0.001,2,grid_20-15-10_sgd_nesterov_paper_s2045,786,261.8,1900,1900,144732.2,15501.5,0,146289.3,9626.8,10983.4,14.1
20-15-10,sgd_nesterov,early_stop,2026,0.001,1,grid_20-15-10_sgd_nesterov_early_stop_s2026,786,1053.2,8550,8630,145487.1,15288,0,146289.3,9626.8,10275,6.7
20-15-10,sgd_nesterov,early_stop,2027,0.001,1,grid_20-15-10_sgd_nesterov_early_stop_s2027,786,917.7,7267,7387,145958.8,15288,0,146289.3,9626.8,9838.6,2.2
20-15-10,sgd_nesterov,early_stop,2028,0.001,1,grid_20-15-10_sgd_nesterov_early_stop_s2028,786,792,6178,6338,145764.5,15342.4,0,146289.3,9626.8,11132.2,15.6
20-15-10,sgd_nesterov,early_stop,2029,0.001,1,grid_20-15-10_sgd_nesterov_early_stop_s2029,786,909.6,7250,7350,146101.9,15373.6,0,146289.3,9626.8,4774,-50.4
20-15-10,sgd_nesterov,early_stop,2030,0.001,1,grid_20-15-10_sgd_nesterov_early_stop_s2030,786,959.5,7681,7781,145725,15258.2,0,146289.3,9626.8,3076.6,-68
20-15-10,sgd_nesterov,early_stop,2031,0.001,1,grid_20-15-10_sgd_nesterov_early_stop_s2031,786,733,5766,5938,146831.3,15196.9,0,146289.3,9626.8,3756.8,-61
20-15-10,sgd_nesterov,early_stop,2032,0.001,1,grid_20-15-10_sgd_nesterov_early_stop_s2032,786,733.1,5813,5993,146223.8,15271.5,0,146289.3,9626.8,9841.3,2.2
20-15-10,sgd_nesterov,early_stop,2033,0.001,1,grid_20-15-10_sgd_nesterov_early_stop_s2033,786,979.1,7926,8006,146314.9,15195.5,0,146289.3,9626.8,9720.9,1
20-15-10,sgd_nesterov,early_stop,2034,0.001,1,grid_20-15-10_sgd_nesterov_early_stop_s2034,786,933.7,7628,7715,145288,15345.2,0,146289.3,9626.8,16576.6,72.2
20-15-10,sgd_nesterov,early_stop,2035,0.001,1,grid_20-15-10_sgd_nesterov_early_stop_s2035,786,984.1,8021,8121,146678.8,15275.2,0,146289.3,9626.8,5636,-41.5
20-15-10,sgd_nesterov,early_stop,2036,0.001,2,grid_20-15-10_sgd_nesterov_early_stop_s2036,786,941.9,7432,7532,145734.9,15296,0,146289.3,9626.8,8838.3,-8.2
20-15-10,sgd_nesterov,early_stop,2037,0.001,2,grid_20-15-10_sgd_nesterov_early_stop_s2037,786,945.9,7651,7751,146620.1,15248.2,0,146289.3,9626.8,10447.1,8.5
20-15-10,sgd_nesterov,early_stop,2038,0.001,2,grid_20-15-10_sgd_nesterov_early_stop_s2038,786,950.1,7417,7537,145877.9,15329.9,0,146289.3,9626.8,9844.2,2.3
20-15-10,sgd_nesterov,early_stop,2039,0.001,2,grid_20-15-10_sgd_nesterov_early_stop_s2039,786,853.1,6907,7027,145514.8,15332.2,0,146289.3,9626.8,17375.7,80.5
20-15-10,sgd_nesterov,early_stop,2040,0.001,2,grid_20-15-10_sgd_nesterov_early_stop_s2040,786,947.4,7621,7741,145536.2,15263.9,0,146289.3,9626.8,10709.6,11.2
20-15-10,sgd_nesterov,early_stop,2041,0.001,2,grid_20-15-10_sgd_nesterov_early_stop_s2041,786,877.7,6950,7070,146479.5,15318.2,0,146289.3,9626.8,10444.9,8.5
20-15-10,sgd_nesterov,early_stop,2042,0.001,2,grid_20-15-10_sgd_nesterov_early_stop_s2042,786,900.8,7276,7396,145851.5,15315,0,146289.3,9626.8,9740.8,1.2
20-15-10,sgd_nesterov,early_stop,2043,0.001,2,grid_20-15-10_sgd_nesterov_early_stop_s2043,786,855.1,6743,6863,147133,15389.6,0,146289.3,9626.8,14103.6,46.5
20-15-10,sgd_nesterov,early_stop,2044,0.001,2,grid_20-15-10_sgd_nesterov_early_stop_s2044,786,982.8,7908,7988,147148.4,15280.7,0,146289.3,9626.8,10554.4,9.6
20-15-10,sgd_nesterov,early_stop,2045,0.001,2,grid_20-15-10_sgd_nesterov_early_stop_s2045,786,601.5,4475,4695,146691.2,15219,0,146289.3,9626.8,10230.6,6.3
20-15-10,adagrad,paper,2026,0.01,1,grid_20-15-10_adagrad_paper_s2026,786,244.7,1900,1900,104473,16253.4,0,146289.3,9626.8,12336.3,28.1
20-15-10,adagrad,paper,2027,0.01,1,grid_20-15-10_adagrad_paper_s2027,786,239.2,1900,1900,144141.5,15725.6,0,146289.3,9626.8,22616.7,134.9
20-15-10,adagrad,paper,2028,0.01,1,grid_20-15-10_adagrad_paper_s2028,786,243.4,1900,1900,122568.7,16989.1,0,146289.3,9626.8,12608.6,31
20-15-10,adagrad,paper,2029,0.01,1,grid_20-15-10_adagrad_paper_s2029,786,243.1,1900,1900,105419.3,17040.9,0,146289.3,9626.8,13612.6,41.4
20-15-10,adagrad,paper,2030,0.01,1,grid_20-15-10_adagrad_paper_s2030,786,245.5,1900,1900,140634.1,16317.1,0,146289.3,9626.8,11557.3,20.1
20-15-10,adagrad,paper,2031,0.01,1,grid_20-15-10_adagrad_paper_s2031,786,248.5,1900,1900,115094.3,16485.4,0,146289.3,9626.8,12138.4,26.1
20-15-10,adagrad,paper,2032,0.01,1,grid_20-15-10_adagrad_paper_s2032,786,245.6,1900,1900,136501.7,16247.4,0,146289.3,9626.8,11629.2,20.8
20-15-10,adagrad,paper,2033,0.01,1,grid_20-15-10_adagrad_paper_s2033,786,242.3,1900,1900,144326.1,15461.4,0,146289.3,9626.8,11059.5,14.9
20-15-10,adagrad,paper,2034,0.01,1,grid_20-15-10_adagrad_paper_s2034,786,241.6,1900,1900,141434.1,15964.5,0,146289.3,9626.8,16191.5,68.2
20-15-10,adagrad,paper,2035,0.01,1,grid_20-15-10_adagrad_paper_s2035,786,248.1,1900,1900,142388.9,15928.9,0,146289.3,9626.8,15568.7,61.7
20-15-10,adagrad,paper,2036,0.01,2,grid_20-15-10_adagrad_paper_s2036,786,242.2,1900,1900,141042.3,15635.9,0,146289.3,9626.8,10226.7,6.2
20-15-10,adagrad,paper,2037,0.01,2,grid_20-15-10_adagrad_paper_s2037,786,247.5,1900,1900,133036.7,16505.8,0,146289.3,9626.8,12442.7,29.3
20-15-10,adagrad,paper,2038,0.01,2,grid_20-15-10_adagrad_paper_s2038,786,241.7,1900,1900,141914,15803.6,0,146289.3,9626.8,10991.6,14.2
20-15-10,adagrad,paper,2039,0.01,2,grid_20-15-10_adagrad_paper_s2039,786,247.8,1900,1900,134905.7,16096.6,0,146289.3,9626.8,14744.8,53.2
20-15-10,adagrad,paper,2040,0.01,2,grid_20-15-10_adagrad_paper_s2040,786,247,1900,1900,104961.2,16148.1,0,146289.3,9626.8,12185,26.6
20-15-10,adagrad,paper,2041,0.01,2,grid_20-15-10_adagrad_paper_s2041,786,246.6,1900,1900,139610,16246.2,0,146289.3,9626.8,11578.5,20.3
20-15-10,adagrad,paper,2042,0.01,2,grid_20-15-10_adagrad_paper_s2042,786,245.6,1900,1900,142216.1,15948,0,146289.3,9626.8,10577.1,9.9
20-15-10,adagrad,paper,2043,0.01,2,grid_20-15-10_adagrad_paper_s2043,786,250.8,1900,1900,136697.7,16885,0,146289.3,9626.8,13987.8,45.3
20-15-10,adagrad,paper,2044,0.01,2,grid_20-15-10_adagrad_paper_s2044,786,240.9,1900,1900,143619.5,15633.7,0,146289.3,9626.8,13011.4,35.2
20-15-10,adagrad,paper,2045,0.01,2,grid_20-15-10_adagrad_paper_s2045,786,251.9,1900,1900,139850.2,15916.8,0,146289.3,9626.8,11161,15.9
20-15-10,adagrad,early_stop,2026,0.01,1,grid_20-15-10_adagrad_early_stop_s2026,786,961.4,7649,7789,145928.5,15544.5,0,146289.3,9626.8,10027.7,4.2
20-15-10,adagrad,early_stop,2027,0.01,1,grid_20-15-10_adagrad_early_stop_s2027,786,1104.3,9035,9055,145354.9,15515.1,0,146289.3,9626.8,13789.2,43.2
20-15-10,adagrad,early_stop,2028,0.01,1,grid_20-15-10_adagrad_early_stop_s2028,786,957.4,7528,7648,145920.3,15479,0,146289.3,9626.8,15801.3,64.1
20-15-10,adagrad,early_stop,2029,0.01,1,grid_20-15-10_adagrad_early_stop_s2029,786,953.9,7614,7731,145572.8,15506.7,0,146289.3,9626.8,-9164.6,-195.2
20-15-10,adagrad,early_stop,2030,0.01,1,grid_20-15-10_adagrad_early_stop_s2030,786,1031.6,8279,8359,145326.2,15479.1,0,146289.3,9626.8,10176.2,5.7
20-15-10,adagrad,early_stop,2031,0.01,1,grid_20-15-10_adagrad_early_stop_s2031,786,958.8,7705,7829,145863,15373.8,0,146289.3,9626.8,8606.3,-10.6
20-15-10,adagrad,early_stop,2032,0.01,1,grid_20-15-10_adagrad_early_stop_s2032,786,859.3,6881,7021,146276.5,15420.8,0,146289.3,9626.8,9970.1,3.6
20-15-10,adagrad,early_stop,2033,0.01,1,grid_20-15-10_adagrad_early_stop_s2033,786,977.6,7771,7891,145704.7,15289,0,146289.3,9626.8,10252.6,6.5
20-15-10,adagrad,early_stop,2034,0.01,1,grid_20-15-10_adagrad_early_stop_s2034,786,1091.8,8909,8949,144995.8,15536.8,0,146289.3,9626.8,12308.5,27.9
20-15-10,adagrad,early_stop,2035,0.01,1,grid_20-15-10_adagrad_early_stop_s2035,786,1082,8841,8881,145690.2,15383.7,0,146289.3,9626.8,10772.4,11.9
20-15-10,adagrad,early_stop,2036,0.01,2,grid_20-15-10_adagrad_early_stop_s2036,786,858.8,6712,6872,145031.4,15372.6,0,146289.3,9626.8,9713.4,0.9
20-15-10,adagrad,early_stop,2037,0.01,2,grid_20-15-10_adagrad_early_stop_s2037,786,916.8,7395,7515,147517.1,15479.8,0,146289.3,9626.8,-1974.4,-120.5
20-15-10,adagrad,early_stop,2038,0.01,2,grid_20-15-10_adagrad_early_stop_s2038,786,1045.5,8413,8493,145536.3,15508.4,0,146289.3,9626.8,10255.3,6.5
20-15-10,adagrad,early_stop,2039,0.01,2,grid_20-15-10_adagrad_early_stop_s2039,786,912.4,7431,7551,145535.2,15576.9,0,146289.3,9626.8,10164.1,5.6
20-15-10,adagrad,early_stop,2040,0.01,2,grid_20-15-10_adagrad_early_stop_s2040,786,936.7,7397,7517,145509.1,15308.3,0,146289.3,9626.8,10083.6,4.7
20-15-10,adagrad,early_stop,2041,0.01,2,grid_20-15-10_adagrad_early_stop_s2041,786,830.5,6642,6782,146884.8,15561.8,0,146289.3,9626.8,10711.4,11.3
20-15-10,adagrad,early_stop,2042,0.01,2,grid_20-15-10_adagrad_early_stop_s2042,786,957.4,7752,7852,145752.1,15430,0,146289.3,9626.8,9518.5,-1.1
20-15-10,adagrad,early_stop,2043,0.01,2,grid_20-15-10_adagrad_early_stop_s2043,786,963.1,7607,7727,146325,15607.8,0,146289.3,9626.8,9699.2,0.8
20-15-10,adagrad,early_stop,2044,0.01,2,grid_20-15-10_adagrad_early_stop_s2044,786,1010.1,8095,8175,146633.6,15340.7,0,146289.3,9626.8,10324.8,7.3
20-15-10,adagrad,early_stop,2045,0.01,2,grid_20-15-10_adagrad_early_stop_s2045,786,857.5,6706,6846,146202.1,15394.8,0,146289.3,9626.8,10740.6,11.6
20-15-10,adadelta,paper,2026,1,1,grid_20-15-10_adadelta_paper_s2026,786,251.3,1900,1900,104258.5,16308.2,0,146289.3,9626.8,10834.3,12.5
20-15-10,adadelta,paper,2027,1,1,grid_20-15-10_adadelta_paper_s2027,786,251.1,1900,1900,145998.6,15760.8,0,146289.3,9626.8,45091.8,368.4
20-15-10,adadelta,paper,2028,1,1,grid_20-15-10_adadelta_paper_s2028,786,250.3,1900,1900,138490.8,16005.6,0,146289.3,9626.8,1317.5,-86.3
20-15-10,adadelta,paper,2029,1,1,grid_20-15-10_adadelta_paper_s2029,786,250.6,1900,1900,134281.9,16067.4,0,146289.3,9626.8,8950.8,-7
20-15-10,adadelta,paper,2030,1,1,grid_20-15-10_adadelta_paper_s2030,786,249.3,1900,1900,142663.2,15813.3,0,146289.3,9626.8,9206.4,-4.4
20-15-10,adadelta,paper,2031,1,1,grid_20-15-10_adadelta_paper_s2031,786,253.8,1900,1900,135094.8,15950.5,0,146289.3,9626.8,10394.1,8
20-15-10,adadelta,paper,2032,1,1,grid_20-15-10_adadelta_paper_s2032,786,250.4,1900,1900,138956.1,15845.3,0,146289.3,9626.8,10804.6,12.2
20-15-10,adadelta,paper,2033,1,1,grid_20-15-10_adadelta_paper_s2033,786,260.5,1900,1900,144491.9,15466.9,0,146289.3,9626.8,6816.3,-29.2
20-15-10,adadelta,paper,2034,1,1,grid_20-15-10_adadelta_paper_s2034,786,251.7,1900,1900,142227.7,15946.1,0,146289.3,9626.8,19840.1,106.1
20-15-10,adadelta,paper,2035,1,1,grid_20-15-10_adadelta_paper_s2035,786,258.6,1900,1900,144694.6,17357.2,0,146289.3,9626.8,111470.6,1057.9
20-15-10,adadelta,paper,2036,1,2,grid_20-15-10_adadelta_paper_s2036,786,253.5,1900,1900,142535.6,15540.8,0,146289.3,9626.8,9418.1,-2.2
20-15-10,adadelta,paper,2037,1,2,grid_20-15-10_adadelta_paper_s2037,786,253.9,1900,1900,128382,15988.3,0,146289.3,9626.8,33692.3,250
20-15-10,adadelta,paper,2038,1,2,grid_20-15-10_adadelta_paper_s2038,786,261.7,1900,1900,142078.4,15652.6,0,146289.3,9626.8,10394.1,8
20-15-10,adadelta,paper,2039,1,2,grid_20-15-10_adadelta_paper_s2039,786,258.1,1900,1900,142127.3,15811.7,0,146289.3,9626.8,20737.9,115.4
20-15-10,adadelta,paper,2040,1,2,grid_20-15-10_adadelta_paper_s2040,786,253.8,1900,1900,102604.3,15701.1,0,146289.3,9626.8,12671.5,31.6
20-15-10,adadelta,paper,2041,1,2,grid_20-15-10_adadelta_paper_s2041,786,254.3,1900,1900,137439.8,15831.4,0,146289.3,9626.8,12037.3,25
20-15-10,adadelta,paper,2042,1,2,grid_20-15-10_adadelta_paper_s2042,786,249.4,1900,1900,140847.9,15888.1,0,146289.3,9626.8,10171.1,5.7
20-15-10,adadelta,paper,2043,1,2,grid_20-15-10_adadelta_paper_s2043,786,252,1900,1900,138500.6,16010.4,0,146289.3,9626.8,12934.9,34.4
20-15-10,adadelta,paper,2044,1,2,grid_20-15-10_adadelta_paper_s2044,786,250.5,1900,1900,140470.6,15504.5,0,146289.3,9626.8,11538.2,19.9
20-15-10,adadelta,paper,2045,1,2,grid_20-15-10_adadelta_paper_s2045,786,263.3,1900,1900,141018.2,15788.1,0,146289.3,9626.8,11974.9,24.4
20-15-10,adadelta,early_stop,2026,1,1,grid_20-15-10_adadelta_early_stop_s2026,786,320.4,2053,2433,146295.6,15724.6,0,146289.3,9626.8,8713.3,-9.5
20-15-10,adadelta,early_stop,2027,1,1,grid_20-15-10_adadelta_early_stop_s2027,786,530.1,3825,4205,145248.6,15532.3,0,146289.3,9626.8,14686,52.6
20-15-10,adadelta,early_stop,2028,1,1,grid_20-15-10_adadelta_early_stop_s2028,786,340.7,2152,2532,146552.3,15575.5,0,146289.3,9626.8,11773.7,22.3
20-15-10,adadelta,early_stop,2029,1,1,grid_20-15-10_adadelta_early_stop_s2029,786,286.9,1814,2194,145600.4,15543.3,0,146289.3,9626.8,4943.5,-48.6
20-15-10,adadelta,early_stop,2030,1,1,grid_20-15-10_adadelta_early_stop_s2030,786,259.7,1582,1962,145545.5,15533.9,0,146289.3,9626.8,2799.7,-70.9
20-15-10,adadelta,early_stop,2031,1,1,grid_20-15-10_adadelta_early_stop_s2031,786,372.5,2460,2840,146916.9,15543.1,0,146289.3,9626.8,10239.5,6.4
20-15-10,adadelta,early_stop,2032,1,1,grid_20-15-10_adadelta_early_stop_s2032,786,356.1,2332,2712,146874.5,15499.4,0,146289.3,9626.8,10875.1,13
20-15-10,adadelta,early_stop,2033,1,1,grid_20-15-10_adadelta_early_stop_s2033,786,317.3,2010,2390,145455.7,15388.8,0,146289.3,9626.8,11165,16
20-15-10,adadelta,early_stop,2034,1,1,grid_20-15-10_adadelta_early_stop_s2034,786,362.6,2431,2811,145670.3,15627.5,0,146289.3,9626.8,16015.2,66.4
20-15-10,adadelta,early_stop,2035,1,1,grid_20-15-10_adadelta_early_stop_s2035,786,569.4,4121,4482,152728.5,15506.9,0,146289.3,9626.8,48793.8,406.9
20-15-10,adadelta,early_stop,2036,1,2,grid_20-15-10_adadelta_early_stop_s2036,786,300.6,1864,2244,144784.1,15449.8,0,146289.3,9626.8,8646.4,-10.2
20-15-10,adadelta,early_stop,2037,1,2,grid_20-15-10_adadelta_early_stop_s2037,786,281.4,1697,2077,148097.9,15559.8,0,146289.3,9626.8,4436.4,-53.9
20-15-10,adadelta,early_stop,2038,1,2,grid_20-15-10_adadelta_early_stop_s2038,786,436.3,2990,3370,144920.4,15563.5,0,146289.3,9626.8,9767.2,1.5
20-15-10,adadelta,early_stop,2039,1,2,grid_20-15-10_adadelta_early_stop_s2039,786,470.4,3346,3726,145752.8,15613.3,0,146289.3,9626.8,11581,20.3
20-15-10,adadelta,early_stop,2040,1,2,grid_20-15-10_adadelta_early_stop_s2040,786,312.6,1989,2369,146079.7,15386.8,0,146289.3,9626.8,7254.3,-24.6
20-15-10,adadelta,early_stop,2041,1,2,grid_20-15-10_adadelta_early_stop_s2041,786,325.7,2125,2505,145476.9,15644.6,0,146289.3,9626.8,10474,8.8
20-15-10,adadelta,early_stop,2042,1,2,grid_20-15-10_adadelta_early_stop_s2042,786,320.7,2032,2412,146209.5,15506.3,0,146289.3,9626.8,11335.4,17.7
20-15-10,adadelta,early_stop,2043,1,2,grid_20-15-10_adadelta_early_stop_s2043,786,391.4,2650,3030,146057.4,15732.2,0,146289.3,9626.8,12233.7,27.1
20-15-10,adadelta,early_stop,2044,1,2,grid_20-15-10_adadelta_early_stop_s2044,786,376.4,2553,2933,147132.5,15435,0,146289.3,9626.8,9830.2,2.1
20-15-10,adadelta,early_stop,2045,1,2,grid_20-15-10_adadelta_early_stop_s2045,786,318.1,1928,2308,146236.1,15531.2,0,146289.3,9626.8,10648.4,10.6
20-15-10,rmsprop,paper,2026,0.001,1,grid_20-15-10_rmsprop_paper_s2026,786,246.1,1900,1900,136017.4,16766.1,0,146289.3,9626.8,10170.1,5.6
20-15-10,rmsprop,paper,2027,0.001,1,grid_20-15-10_rmsprop_paper_s2027,786,248.6,1900,1900,144347.6,15636.8,0,146289.3,9626.8,19049.4,97.9
20-15-10,rmsprop,paper,2028,0.001,1,grid_20-15-10_rmsprop_paper_s2028,786,247.5,1900,1900,141487,16124.8,0,146289.3,9626.8,-82.1,-100.9
20-15-10,rmsprop,paper,2029,0.001,1,grid_20-15-10_rmsprop_paper_s2029,786,244.7,1900,1900,136827.6,16452.6,0,146289.3,9626.8,19496.2,102.5
20-15-10,rmsprop,paper,2030,0.001,1,grid_20-15-10_rmsprop_paper_s2030,786,246.2,1900,1900,142946.2,15933.9,0,146289.3,9626.8,4699,-51.2
20-15-10,rmsprop,paper,2031,0.001,1,grid_20-15-10_rmsprop_paper_s2031,786,246.7,1900,1900,141567.2,15906.7,0,146289.3,9626.8,13020.7,35.3
20-15-10,rmsprop,paper,2032,0.001,1,grid_20-15-10_rmsprop_paper_s2032,786,243.9,1900,1900,142174.8,15821.9,0,146289.3,9626.8,12413.7,28.9
20-15-10,rmsprop,paper,2033,0.001,1,grid_20-15-10_rmsprop_paper_s2033,786,243.5,1900,1900,144529.1,15461.5,0,146289.3,9626.8,8822.8,-8.4
20-15-10,rmsprop,paper,2034,0.001,1,grid_20-15-10_rmsprop_paper_s2034,786,246.4,1900,1900,143681.2,15767.9,0,146289.3,9626.8,15045.4,56.3
20-15-10,rmsprop,paper,2035,0.001,1,grid_20-15-10_rmsprop_paper_s2035,786,242.7,1900,1900,143427.3,15776.6,0,146289.3,9626.8,12227.1,27
20-15-10,rmsprop,paper,2036,0.001,2,grid_20-15-10_rmsprop_paper_s2036,786,249.5,1900,1900,142621.9,15543.4,0,146289.3,9626.8,12765.7,32.6
20-15-10,rmsprop,paper,2037,0.001,2,grid_20-15-10_rmsprop_paper_s2037,786,246.2,1900,1900,142784.4,15885.7,0,146289.3,9626.8,22483.6,133.6
20-15-10,rmsprop,paper,2038,0.001,2,grid_20-15-10_rmsprop_paper_s2038,786,257.2,1900,1900,143502.8,15785.2,0,146289.3,9626.8,11847.6,23.1
20-15-10,rmsprop,paper,2039,0.001,2,grid_20-15-10_rmsprop_paper_s2039,786,243.7,1900,1900,142867.6,15806.1,0,146289.3,9626.8,15560.4,61.6
20-15-10,rmsprop,paper,2040,0.001,2,grid_20-15-10_rmsprop_paper_s2040,786,244.5,1900,1900,138239.1,15879.7,0,146289.3,9626.8,13832.6,43.7
20-15-10,rmsprop,paper,2041,0.001,2,grid_20-15-10_rmsprop_paper_s2041,786,246.1,1900,1900,142919.5,15804.8,0,146289.3,9626.8,6936.1,-28
20-15-10,rmsprop,paper,2042,0.001,2,grid_20-15-10_rmsprop_paper_s2042,786,246.6,1900,1900,143522,15684.6,0,146289.3,9626.8,8990.3,-6.6
20-15-10,rmsprop,paper,2043,0.001,2,grid_20-15-10_rmsprop_paper_s2043,786,248.4,1900,1900,143216.9,15928.8,0,146289.3,9626.8,8135.4,-15.5
20-15-10,rmsprop,paper,2044,0.001,2,grid_20-15-10_rmsprop_paper_s2044,786,245.1,1900,1900,144374.4,15643.8,0,146289.3,9626.8,11574.2,20.2
20-15-10,rmsprop,paper,2045,0.001,2,grid_20-15-10_rmsprop_paper_s2045,786,249.9,1900,1900,142754.6,15668.8,0,146289.3,9626.8,12085.4,25.5
20-15-10,rmsprop,early_stop,2026,0.001,1,grid_20-15-10_rmsprop_early_stop_s2026,786,666.7,4998,5375,145686.5,15565.4,0,146289.3,9626.8,6928.5,-28
20-15-10,rmsprop,early_stop,2027,0.001,1,grid_20-15-10_rmsprop_early_stop_s2027,786,952.9,7617,7844,144776.7,15459.9,0,146289.3,9626.8,8113.2,-15.7
20-15-10,rmsprop,early_stop,2028,0.001,1,grid_20-15-10_rmsprop_early_stop_s2028,786,639.4,4721,5101,145997.2,15520.5,0,146289.3,9626.8,6164,-36
20-15-10,rmsprop,early_stop,2029,0.001,1,grid_20-15-10_rmsprop_early_stop_s2029,786,352.5,2419,2763,145350.8,15517,0,146289.3,9626.8,6518.2,-32.3
20-15-10,rmsprop,early_stop,2030,0.001,1,grid_20-15-10_rmsprop_early_stop_s2030,786,598.5,4432,4812,145275.4,15500,0,146289.3,9626.8,1327.1,-86.2
20-15-10,rmsprop,early_stop,2031,0.001,1,grid_20-15-10_rmsprop_early_stop_s2031,786,302.9,2002,2382,145715.2,15406.2,0,146289.3,9626.8,5777.8,-40
20-15-10,rmsprop,early_stop,2032,0.001,1,grid_20-15-10_rmsprop_early_stop_s2032,786,475.6,3420,3800,146214.4,15439.4,0,146289.3,9626.8,9788.9,1.7
20-15-10,rmsprop,early_stop,2033,0.001,1,grid_20-15-10_rmsprop_early_stop_s2033,786,702.4,5398,5731,145540,15293.2,0,146289.3,9626.8,9301.7,-3.4
20-15-10,rmsprop,early_stop,2034,0.001,1,grid_20-15-10_rmsprop_early_stop_s2034,786,926.2,7446,7673,144872.7,15510.8,0,146289.3,9626.8,8002.3,-16.9
20-15-10,rmsprop,early_stop,2035,0.001,1,grid_20-15-10_rmsprop_early_stop_s2035,786,752.3,5952,6177,150631.2,15453.3,0,146289.3,9626.8,35407.2,267.8
20-15-10,rmsprop,early_stop,2036,0.001,2,grid_20-15-10_rmsprop_early_stop_s2036,786,510.2,3771,4102,144768.8,15385.3,0,146289.3,9626.8,9720.2,1
20-15-10,rmsprop,early_stop,2037,0.001,2,grid_20-15-10_rmsprop_early_stop_s2037,786,824.3,6246,6594,147127.6,15482.1,0,146289.3,9626.8,3244.8,-66.3
20-15-10,rmsprop,early_stop,2038,0.001,2,grid_20-15-10_rmsprop_early_stop_s2038,786,600.8,4541,4869,145397.5,15526.1,0,146289.3,9626.8,8397.1,-12.8
20-15-10,rmsprop,early_stop,2039,0.001,2,grid_20-15-10_rmsprop_early_stop_s2039,786,871.5,6757,7039,144537.4,15515.7,0,146289.3,9626.8,5866.7,-39.1
20-15-10,rmsprop,early_stop,2040,0.001,2,grid_20-15-10_rmsprop_early_stop_s2040,786,390.2,2660,3040,145527.4,15317.3,0,146289.3,9626.8,8998.3,-6.5
20-15-10,rmsprop,early_stop,2041,0.001,2,grid_20-15-10_rmsprop_early_stop_s2041,786,475.7,3535,3858,146506.6,15581.5,0,146289.3,9626.8,9227.1,-4.2
20-15-10,rmsprop,early_stop,2042,0.001,2,grid_20-15-10_rmsprop_early_stop_s2042,786,759.1,6030,6304,145501.5,15426,0,146289.3,9626.8,9095.1,-5.5
20-15-10,rmsprop,early_stop,2043,0.001,2,grid_20-15-10_rmsprop_early_stop_s2043,786,642.2,4879,5202,146204.3,15612,0,146289.3,9626.8,9641.8,0.2
20-15-10,rmsprop,early_stop,2044,0.001,2,grid_20-15-10_rmsprop_early_stop_s2044,786,875.8,6899,7150,146485.2,15360.3,0,146289.3,9626.8,7379.9,-23.3
20-15-10,rmsprop,early_stop,2045,0.001,2,grid_20-15-10_rmsprop_early_stop_s2045,786,441.6,3117,3497,145817.1,15413.8,0,146289.3,9626.8,6689.8,-30.5
20-15-10,adam,paper,2026,0.001,1,grid_20-15-10_adam_paper_s2026,786,259,1900,1900,144479.6,15674.2,0,146289.3,9626.8,12118.3,25.9
20-15-10,adam,paper,2027,0.001,1,grid_20-15-10_adam_paper_s2027,786,254.3,1900,1900,147401.7,15718,0,146289.3,9626.8,48752,406.4
20-15-10,adam,paper,2028,0.001,1,grid_20-15-10_adam_paper_s2028,786,259.8,1900,1900,145235.6,15544.8,0,146289.3,9626.8,11558.8,20.1
20-15-10,adam,paper,2029,0.001,1,grid_20-15-10_adam_paper_s2029,786,251.7,1900,1900,144529.1,15529.6,0,146289.3,9626.8,11481,19.3
20-15-10,adam,paper,2030,0.001,1,grid_20-15-10_adam_paper_s2030,786,250.9,1900,1900,145214.6,15495.9,0,146289.3,9626.8,11467,19.1
20-15-10,adam,paper,2031,0.001,1,grid_20-15-10_adam_paper_s2031,786,259.2,1900,1900,145351.5,15468.2,0,146289.3,9626.8,10938.8,13.6
20-15-10,adam,paper,2032,0.001,1,grid_20-15-10_adam_paper_s2032,786,255.5,1900,1900,144997.1,15519.5,0,146289.3,9626.8,11271.5,17.1
20-15-10,adam,paper,2033,0.001,1,grid_20-15-10_adam_paper_s2033,786,254.1,1900,1900,145862.4,15340.8,0,146289.3,9626.8,10829.7,12.5
20-15-10,adam,paper,2034,0.001,1,grid_20-15-10_adam_paper_s2034,786,253.9,1900,1900,145316.4,15572.7,0,146289.3,9626.8,17670.9,83.6
20-15-10,adam,paper,2035,0.001,1,grid_20-15-10_adam_paper_s2035,786,253.1,1900,1900,152494.9,16273.6,0,146289.3,9626.8,105261.2,993.4
20-15-10,adam,paper,2036,0.001,2,grid_20-15-10_adam_paper_s2036,786,258.6,1900,1900,145446.1,15414.9,0,146289.3,9626.8,10204.5,6
20-15-10,adam,paper,2037,0.001,2,grid_20-15-10_adam_paper_s2037,786,252.5,1900,1900,145831.5,15554.8,0,146289.3,9626.8,11695.1,21.5
20-15-10,adam,paper,2038,0.001,2,grid_20-15-10_adam_paper_s2038,786,267.2,1900,1900,145510.5,15515.1,0,146289.3,9626.8,10019.6,4.1
20-15-10,adam,paper,2039,0.001,2,grid_20-15-10_adam_paper_s2039,786,250.8,1900,1900,146331,15663.5,0,146289.3,9626.8,17700.8,83.9
20-15-10,adam,paper,2040,0.001,2,grid_20-15-10_adam_paper_s2040,786,254,1900,1900,145037.7,15388.1,0,146289.3,9626.8,11974.7,24.4
20-15-10,adam,paper,2041,0.001,2,grid_20-15-10_adam_paper_s2041,786,256.6,1900,1900,145541.6,15572.1,0,146289.3,9626.8,11195.5,16.3
20-15-10,adam,paper,2042,0.001,2,grid_20-15-10_adam_paper_s2042,786,249.5,1900,1900,145532.9,15463.4,0,146289.3,9626.8,10363.5,7.7
20-15-10,adam,paper,2043,0.001,2,grid_20-15-10_adam_paper_s2043,786,251.5,1900,1900,146297.9,15646.6,0,146289.3,9626.8,17117.1,77.8
20-15-10,adam,paper,2044,0.001,2,grid_20-15-10_adam_paper_s2044,786,252.7,1900,1900,146525.5,15425.3,0,146289.3,9626.8,11702.4,21.6
20-15-10,adam,paper,2045,0.001,2,grid_20-15-10_adam_paper_s2045,786,261.5,1900,1900,145554,15469.5,0,146289.3,9626.8,11682.8,21.4
20-15-10,adam,early_stop,2026,0.001,1,grid_20-15-10_adam_early_stop_s2026,786,886.2,6998,7138,145989.8,15522.1,0,146289.3,9626.8,9913.7,3
20-15-10,adam,early_stop,2027,0.001,1,grid_20-15-10_adam_early_stop_s2027,786,1129.6,9095,9115,145423.2,15490.1,0,146289.3,9626.8,13509,40.3
20-15-10,adam,early_stop,2028,0.001,1,grid_20-15-10_adam_early_stop_s2028,786,745.6,5778,5958,145995.8,15468.1,0,146289.3,9626.8,10321.1,7.2
20-15-10,adam,early_stop,2029,0.001,1,grid_20-15-10_adam_early_stop_s2029,786,767.2,5967,6127,145525,15480.6,0,146289.3,9626.8,11116.3,15.5
20-15-10,adam,early_stop,2030,0.001,1,grid_20-15-10_adam_early_stop_s2030,786,912.3,7300,7420,145918.5,15443.6,0,146289.3,9626.8,1668.2,-82.7
20-15-10,adam,early_stop,2031,0.001,1,grid_20-15-10_adam_early_stop_s2031,786,673.8,5205,5405,145849.1,15449.9,0,146289.3,9626.8,8581.6,-10.9
20-15-10,adam,early_stop,2032,0.001,1,grid_20-15-10_adam_early_stop_s2032,786,701,5274,5474,147097,15426.4,0,146289.3,9626.8,17958,86.5
20-15-10,adam,early_stop,2033,0.001,1,grid_20-15-10_adam_early_stop_s2033,786,930.7,7270,7412,145242.8,15322.6,0,146289.3,9626.8,10101,4.9
20-15-10,adam,early_stop,2034,0.001,1,grid_20-15-10_adam_early_stop_s2034,786,1051.1,8486,8566,145021.3,15476.3,0,146289.3,9626.8,12504.6,29.9
20-15-10,adam,early_stop,2035,0.001,1,grid_20-15-10_adam_early_stop_s2035,786,1022.2,8302,8362,153585.2,15443.6,0,146289.3,9626.8,51043.9,430.2
20-15-10,adam,early_stop,2036,0.001,2,grid_20-15-10_adam_early_stop_s2036,786,882.7,6848,7008,145172.7,15393,0,146289.3,9626.8,9799,1.8
20-15-10,adam,early_stop,2037,0.001,2,grid_20-15-10_adam_early_stop_s2037,786,797.8,6105,6305,148204.3,15446.3,0,146289.3,9626.8,10081.2,4.7
20-15-10,adam,early_stop,2038,0.001,2,grid_20-15-10_adam_early_stop_s2038,786,978.9,7617,7737,145631.2,15484,0,146289.3,9626.8,10078.7,4.7
20-15-10,adam,early_stop,2039,0.001,2,grid_20-15-10_adam_early_stop_s2039,786,994.9,8012,8112,145612.8,15524.9,0,146289.3,9626.8,11075.8,15.1
20-15-10,adam,early_stop,2040,0.001,2,grid_20-15-10_adam_early_stop_s2040,786,846.6,6668,6828,145444.1,15321.1,0,146289.3,9626.8,4550.1,-52.7
20-15-10,adam,early_stop,2041,0.001,2,grid_20-15-10_adam_early_stop_s2041,786,758.7,5986,6146,147179.7,15519.2,0,146289.3,9626.8,10522.3,9.3
20-15-10,adam,early_stop,2042,0.001,2,grid_20-15-10_adam_early_stop_s2042,786,785.9,6142,6322,145623.2,15424.8,0,146289.3,9626.8,9591.2,-0.4
20-15-10,adam,early_stop,2043,0.001,2,grid_20-15-10_adam_early_stop_s2043,786,901.4,7135,7295,146082.3,15585.3,0,146289.3,9626.8,10866.4,12.9
20-15-10,adam,early_stop,2044,0.001,2,grid_20-15-10_adam_early_stop_s2044,786,1023.9,8105,8205,146261.2,15396.8,0,146289.3,9626.8,9938.1,3.2
20-15-10,adam,early_stop,2045,0.001,2,grid_20-15-10_adam_early_stop_s2045,786,708.1,5357,5557,146129.9,15445.1,0,146289.3,9626.8,11597,20.5
20-15-10,adamw,paper,2026,0.001,1,grid_20-15-10_adamw_paper_s2026,786,257.6,1900,1900,144481.4,15673.7,0,146289.3,9626.8,12106.8,25.8
20-15-10,adamw,paper,2027,0.001,1,grid_20-15-10_adamw_paper_s2027,786,254.2,1900,1900,147398.7,15717.3,0,146289.3,9626.8,48587.2,404.7
20-15-10,adamw,paper,2028,0.001,1,grid_20-15-10_adamw_paper_s2028,786,261.9,1900,1900,145235.7,15544.6,0,146289.3,9626.8,11551.6,20
20-15-10,adamw,paper,2029,0.001,1,grid_20-15-10_adamw_paper_s2029,786,255.7,1900,1900,144530.8,15529.2,0,146289.3,9626.8,11472.3,19.2
20-15-10,adamw,paper,2030,0.001,1,grid_20-15-10_adamw_paper_s2030,786,255.5,1900,1900,145216.2,15495.6,0,146289.3,9626.8,11460.2,19
20-15-10,adamw,paper,2031,0.001,1,grid_20-15-10_adamw_paper_s2031,786,262.2,1900,1900,145352.3,15468,0,146289.3,9626.8,10932.3,13.6
20-15-10,adamw,paper,2032,0.001,1,grid_20-15-10_adamw_paper_s2032,786,255,1900,1900,144998.5,15519.1,0,146289.3,9626.8,11266,17
20-15-10,adamw,paper,2033,0.001,1,grid_20-15-10_adamw_paper_s2033,786,250.6,1900,1900,145862.9,15340.9,0,146289.3,9626.8,10825.5,12.5
20-15-10,adamw,paper,2034,0.001,1,grid_20-15-10_adamw_paper_s2034,786,257.4,1900,1900,145314.5,15572.3,0,146289.3,9626.8,17648.8,83.3
20-15-10,adamw,paper,2035,0.001,1,grid_20-15-10_adamw_paper_s2035,786,255.7,1900,1900,152484.4,16272.3,0,146289.3,9626.8,104992.4,990.6
20-15-10,adamw,paper,2036,0.001,2,grid_20-15-10_adamw_paper_s2036,786,255.7,1900,1900,145447.3,15414.9,0,146289.3,9626.8,10201.1,6
20-15-10,adamw,paper,2037,0.001,2,grid_20-15-10_adamw_paper_s2037,786,256.7,1900,1900,145831.2,15554.5,0,146289.3,9626.8,11689.8,21.4
20-15-10,adamw,paper,2038,0.001,2,grid_20-15-10_adamw_paper_s2038,786,255.8,1900,1900,145511.1,15515,0,146289.3,9626.8,10012.2,4
20-15-10,adamw,paper,2039,0.001,2,grid_20-15-10_adamw_paper_s2039,786,254.9,1900,1900,146327.9,15662.8,0,146289.3,9626.8,17660.3,83.4
20-15-10,adamw,paper,2040,0.001,2,grid_20-15-10_adamw_paper_s2040,786,254.8,1900,1900,145038.2,15388,0,146289.3,9626.8,11965.6,24.3
20-15-10,adamw,paper,2041,0.001,2,grid_20-15-10_adamw_paper_s2041,786,254.5,1900,1900,145542.4,15571.9,0,146289.3,9626.8,11189.1,16.2
20-15-10,adamw,paper,2042,0.001,2,grid_20-15-10_adamw_paper_s2042,786,257,1900,1900,145533.7,15463.1,0,146289.3,9626.8,10357.5,7.6
20-15-10,adamw,paper,2043,0.001,2,grid_20-15-10_adamw_paper_s2043,786,254.1,1900,1900,146297.4,15646.1,0,146289.3,9626.8,17097.2,77.6
20-15-10,adamw,paper,2044,0.001,2,grid_20-15-10_adamw_paper_s2044,786,254.1,1900,1900,146525.4,15425.2,0,146289.3,9626.8,11693.7,21.5
20-15-10,adamw,paper,2045,0.001,2,grid_20-15-10_adamw_paper_s2045,786,262.4,1900,1900,145554.4,15469.2,0,146289.3,9626.8,11676.7,21.3
20-15-10,adamw,early_stop,2026,0.001,1,grid_20-15-10_adamw_early_stop_s2026,786,891.9,7000,7140,145989.1,15521.8,0,146289.3,9626.8,9909.5,2.9
20-15-10,adamw,early_stop,2027,0.001,1,grid_20-15-10_adamw_early_stop_s2027,786,1143.5,9095,9115,145422.8,15489.6,0,146289.3,9626.8,13464.2,39.9
20-15-10,adamw,early_stop,2028,0.001,1,grid_20-15-10_adamw_early_stop_s2028,786,752.9,5778,5958,145995.7,15467.9,0,146289.3,9626.8,10316.5,7.2
20-15-10,adamw,early_stop,2029,0.001,1,grid_20-15-10_adamw_early_stop_s2029,786,770.8,5967,6127,145525.6,15480.5,0,146289.3,9626.8,11108.8,15.4
20-15-10,adamw,early_stop,2030,0.001,1,grid_20-15-10_adamw_early_stop_s2030,786,931.3,7303,7423,145919.6,15443.6,0,146289.3,9626.8,1666.9,-82.7
20-15-10,adamw,early_stop,2031,0.001,1,grid_20-15-10_adamw_early_stop_s2031,786,684.5,5205,5405,145849.6,15449.8,0,146289.3,9626.8,8577.1,-10.9
20-15-10,adamw,early_stop,2032,0.001,1,grid_20-15-10_adamw_early_stop_s2032,786,699.2,5276,5476,147098.5,15426.3,0,146289.3,9626.8,17952.1,86.5
20-15-10,adamw,early_stop,2033,0.001,1,grid_20-15-10_adamw_early_stop_s2033,786,942.9,7278,7417,145244.3,15322.7,0,146289.3,9626.8,10098.4,4.9
20-15-10,adamw,early_stop,2034,0.001,1,grid_20-15-10_adamw_early_stop_s2034,786,1067.9,8489,8569,145020.1,15475.9,0,146289.3,9626.8,12477.3,29.6
20-15-10,adamw,early_stop,2035,0.001,1,grid_20-15-10_adamw_early_stop_s2035,786,1031.6,8303,8363,153582,15443.1,0,146289.3,9626.8,50969.5,429.5
20-15-10,adamw,early_stop,2036,0.001,2,grid_20-15-10_adamw_early_stop_s2036,786,879.2,6856,7016,145174,15393,0,146289.3,9626.8,9794.2,1.7
20-15-10,adamw,early_stop,2037,0.001,2,grid_20-15-10_adamw_early_stop_s2037,786,796.5,6111,6311,148203.7,15446.1,0,146289.3,9626.8,10077.1,4.7
20-15-10,adamw,early_stop,2038,0.001,2,grid_20-15-10_adamw_early_stop_s2038,786,952.9,7621,7741,145631.4,15483.8,0,146289.3,9626.8,10070.2,4.6
20-15-10,adamw,early_stop,2039,0.001,2,grid_20-15-10_adamw_early_stop_s2039,786,1024.2,8014,8114,145611.1,15524.3,0,146289.3,9626.8,11050.6,14.8
20-15-10,adamw,early_stop,2040,0.001,2,grid_20-15-10_adamw_early_stop_s2040,786,851.4,6673,6833,145444.6,15321,0,146289.3,9626.8,4544.9,-52.8
20-15-10,adamw,early_stop,2041,0.001,2,grid_20-15-10_adamw_early_stop_s2041,786,764.2,5986,6146,147180.1,15519.1,0,146289.3,9626.8,10517.7,9.3
20-15-10,adamw,early_stop,2042,0.001,2,grid_20-15-10_adamw_early_stop_s2042,786,795.2,6143,6323,145624.3,15424.6,0,146289.3,9626.8,9587.9,-0.4
20-15-10,adamw,early_stop,2043,0.001,2,grid_20-15-10_adamw_early_stop_s2043,786,892.4,7152,7312,146080.9,15584.8,0,146289.3,9626.8,10851.4,12.7
20-15-10,adamw,early_stop,2044,0.001,2,grid_20-15-10_adamw_early_stop_s2044,786,1021.3,8108,8208,146261.7,15396.7,0,146289.3,9626.8,9933.7,3.2
20-15-10,adamw,early_stop,2045,0.001,2,grid_20-15-10_adamw_early_stop_s2045,786,707.9,5369,5569,146128.5,15444.9,0,146289.3,9626.8,11589.3,20.4
20-15-10,adamax,paper,2026,0.001,1,grid_20-15-10_adamax_paper_s2026,786,253.2,1900,1900,145903.7,15622.5,0,146289.3,9626.8,14910.4,54.9
20-15-10,adamax,paper,2027,0.001,1,grid_20-15-10_adamax_paper_s2027,786,252.1,1900,1900,158858,16948.8,0,146289.3,9626.8,415322.6,4214.2
20-15-10,adamax,paper,2028,0.001,1,grid_20-15-10_adamax_paper_s2028,786,258.6,1900,1900,146150.9,15518.6,0,146289.3,9626.8,13369.9,38.9
20-15-10,adamax,paper,2029,0.001,1,grid_20-15-10_adamax_paper_s2029,786,250.7,1900,1900,145677.1,15541.6,0,146289.3,9626.8,12398.8,28.8
20-15-10,adamax,paper,2030,0.001,1,grid_20-15-10_adamax_paper_s2030,786,251.3,1900,1900,146045.3,15518.2,0,146289.3,9626.8,13328.4,38.5
20-15-10,adamax,paper,2031,0.001,1,grid_20-15-10_adamax_paper_s2031,786,255.6,1900,1900,147113.3,15519.7,0,146289.3,9626.8,12348.1,28.3
20-15-10,adamax,paper,2032,0.001,1,grid_20-15-10_adamax_paper_s2032,786,255.3,1900,1900,146236.5,15461.6,0,146289.3,9626.8,11465.8,19.1
20-15-10,adamax,paper,2033,0.001,1,grid_20-15-10_adamax_paper_s2033,786,250,1900,1900,146743.7,15375,0,146289.3,9626.8,11182.1,16.2
20-15-10,adamax,paper,2034,0.001,1,grid_20-15-10_adamax_paper_s2034,786,248.1,1900,1900,146741.2,15684.1,0,146289.3,9626.8,42415.6,340.6
20-15-10,adamax,paper,2035,0.001,1,grid_20-15-10_adamax_paper_s2035,786,252.5,1900,1900,170907.4,18038.9,0,146289.3,9626.8,2126566.8,21990.1
20-15-10,adamax,paper,2036,0.001,2,grid_20-15-10_adamax_paper_s2036,786,251.8,1900,1900,146855.1,15512,0,146289.3,9626.8,12934.7,34.4
20-15-10,adamax,paper,2037,0.001,2,grid_20-15-10_adamax_paper_s2037,786,253.4,1900,1900,147299.8,15588.5,0,146289.3,9626.8,15462.3,60.6
20-15-10,adamax,paper,2038,0.001,2,grid_20-15-10_adamax_paper_s2038,786,249.3,1900,1900,147912.4,15702.7,0,146289.3,9626.8,24246.6,151.9
20-15-10,adamax,paper,2039,0.001,2,grid_20-15-10_adamax_paper_s2039,786,252.2,1900,1900,149602.4,15939.3,0,146289.3,9626.8,69119.1,618
20-15-10,adamax,paper,2040,0.001,2,grid_20-15-10_adamax_paper_s2040,786,249.8,1900,1900,146297.2,15409.2,0,146289.3,9626.8,14328.4,48.8
20-15-10,adamax,paper,2041,0.001,2,grid_20-15-10_adamax_paper_s2041,786,256,1900,1900,146475.8,15581,0,146289.3,9626.8,12552.8,30.4
20-15-10,adamax,paper,2042,0.001,2,grid_20-15-10_adamax_paper_s2042,786,256.3,1900,1900,146785.2,15502,0,146289.3,9626.8,11123.1,15.5
20-15-10,adamax,paper,2043,0.001,2,grid_20-15-10_adamax_paper_s2043,786,256.9,1900,1900,149928.7,15912.9,0,146289.3,9626.8,53398.9,454.7
20-15-10,adamax,paper,2044,0.001,2,grid_20-15-10_adamax_paper_s2044,786,252,1900,1900,147794.2,15478.6,0,146289.3,9626.8,15694.3,63
20-15-10,adamax,paper,2045,0.001,2,grid_20-15-10_adamax_paper_s2045,786,255.6,1900,1900,146620.3,15481.5,0,146289.3,9626.8,13687.1,42.2
20-15-10,adamax,early_stop,2026,0.001,1,grid_20-15-10_adamax_early_stop_s2026,786,1079.7,8549,8649,145848.1,15542.1,0,146289.3,9626.8,10555.8,9.7
20-15-10,adamax,early_stop,2027,0.001,1,grid_20-15-10_adamax_early_stop_s2027,786,1126.7,9160,9180,146217.3,15618.5,0,146289.3,9626.8,28582.6,196.9
20-15-10,adamax,early_stop,2028,0.001,1,grid_20-15-10_adamax_early_stop_s2028,786,831.3,6416,6576,146085.2,15493.7,0,146289.3,9626.8,11357.9,18
20-15-10,adamax,early_stop,2029,0.001,1,grid_20-15-10_adamax_early_stop_s2029,786,939.9,7248,7368,145304.5,15526.4,0,146289.3,9626.8,10838.7,12.6
20-15-10,adamax,early_stop,2030,0.001,1,grid_20-15-10_adamax_early_stop_s2030,786,983.9,7851,7931,145646.5,15476.4,0,146289.3,9626.8,2444.4,-74.6
20-15-10,adamax,early_stop,2031,0.001,1,grid_20-15-10_adamax_early_stop_s2031,786,957.7,7769,7909,146097.1,15470.4,0,146289.3,9626.8,10088.5,4.8
20-15-10,adamax,early_stop,2032,0.001,1,grid_20-15-10_adamax_early_stop_s2032,786,913.8,7152,7306,146527.4,15429,0,146289.3,9626.8,9519.6,-1.1
20-15-10,adamax,early_stop,2033,0.001,1,grid_20-15-10_adamax_early_stop_s2033,786,1001.6,7934,8034,145691.5,15331,0,146289.3,9626.8,10354.8,7.6
20-15-10,adamax,early_stop,2034,0.001,1,grid_20-15-10_adamax_early_stop_s2034,786,1087.4,8811,8851,145431,15571.2,0,146289.3,9626.8,16021.2,66.4
20-15-10,adamax,early_stop,2035,0.001,1,grid_20-15-10_adamax_early_stop_s2035,786,1074,8560,8600,154485.7,15553.9,0,146289.3,9626.8,80357.4,734.7
20-15-10,adamax,early_stop,2036,0.001,2,grid_20-15-10_adamax_early_stop_s2036,786,996.6,8029,8109,145115.6,15402.3,0,146289.3,9626.8,9846,2.3
20-15-10,adamax,early_stop,2037,0.001,2,grid_20-15-10_adamax_early_stop_s2037,786,978.4,7762,7842,148060.8,15483.8,0,146289.3,9626.8,10764.7,11.8
20-15-10,adamax,early_stop,2038,0.001,2,grid_20-15-10_adamax_early_stop_s2038,786,1122,8908,8983,145348.6,15500.2,0,146289.3,9626.8,10156,5.5
20-15-10,adamax,early_stop,2039,0.001,2,grid_20-15-10_adamax_early_stop_s2039,786,1104.3,8859,8899,145919.9,15619.8,0,146289.3,9626.8,13698.6,42.3
20-15-10,adamax,early_stop,2040,0.001,2,grid_20-15-10_adamax_early_stop_s2040,786,973.8,7766,7866,145708.9,15349,0,146289.3,9626.8,9497.5,-1.3
20-15-10,adamax,early_stop,2041,0.001,2,grid_20-15-10_adamax_early_stop_s2041,786,805.4,6171,6351,147274.3,15548.9,0,146289.3,9626.8,10634.7,10.5
20-15-10,adamax,early_stop,2042,0.001,2,grid_20-15-10_adamax_early_stop_s2042,786,956,7672,7812,145894,15449.3,0,146289.3,9626.8,9721,1
20-15-10,adamax,early_stop,2043,0.001,2,grid_20-15-10_adamax_early_stop_s2043,786,1086.7,8785,8825,146423.2,15636.1,0,146289.3,9626.8,11757.9,22.1
20-15-10,adamax,early_stop,2044,0.001,2,grid_20-15-10_adamax_early_stop_s2044,786,1089.8,8485,8545,146575.6,15410.6,0,146289.3,9626.8,10465.2,8.7
20-15-10,adamax,early_stop,2045,0.001,2,grid_20-15-10_adamax_early_stop_s2045,786,877.8,6708,6868,146233.5,15447.5,0,146289.3,9626.8,12952.5,34.5
20-15-10,nadam,paper,2026,0.001,1,grid_20-15-10_nadam_paper_s2026,786,264.7,1900,1900,144277.3,15719.4,0,146289.3,9626.8,12066.4,25.3
20-15-10,nadam,paper,2027,0.001,1,grid_20-15-10_nadam_paper_s2027,786,264.7,1900,1900,147981.6,15787.2,0,146289.3,9626.8,64121.2,566.1
20-15-10,nadam,paper,2028,0.001,1,grid_20-15-10_nadam_paper_s2028,786,265.7,1900,1900,145156.1,15565.5,0,146289.3,9626.8,11447.7,18.9
20-15-10,nadam,paper,2029,0.001,1,grid_20-15-10_nadam_paper_s2029,786,264.3,1900,1900,144407,15549.8,0,146289.3,9626.8,11485.3,19.3
20-15-10,nadam,paper,2030,0.001,1,grid_20-15-10_nadam_paper_s2030,786,263.3,1900,1900,145227.6,15505.7,0,146289.3,9626.8,11536.2,19.8
20-15-10,nadam,paper,2031,0.001,1,grid_20-15-10_nadam_paper_s2031,786,262.4,1900,1900,145324.6,15497.6,0,146289.3,9626.8,10593.4,10
20-15-10,nadam,paper,2032,0.001,1,grid_20-15-10_nadam_paper_s2032,786,269.6,1900,1900,144960,15539.6,0,146289.3,9626.8,10951.7,13.8
20-15-10,nadam,paper,2033,0.001,1,grid_20-15-10_nadam_paper_s2033,786,267.7,1900,1900,145906.5,15354.4,0,146289.3,9626.8,10698.5,11.1
20-15-10,nadam,paper,2034,0.001,1,grid_20-15-10_nadam_paper_s2034,786,261.5,1900,1900,145381.6,15593.3,0,146289.3,9626.8,19678.6,104.4
20-15-10,nadam,paper,2035,0.001,1,grid_20-15-10_nadam_paper_s2035,786,264.6,1900,1900,153907.6,16430,0,146289.3,9626.8,151699.9,1475.8
20-15-10,nadam,paper,2036,0.001,2,grid_20-15-10_nadam_paper_s2036,786,264.7,1900,1900,145506,15429.8,0,146289.3,9626.8,10290.9,6.9
20-15-10,nadam,paper,2037,0.001,2,grid_20-15-10_nadam_paper_s2037,786,267.1,1900,1900,145739.3,15590.8,0,146289.3,9626.8,11589.7,20.4
20-15-10,nadam,paper,2038,0.001,2,grid_20-15-10_nadam_paper_s2038,786,261.1,1900,1900,145574.8,15539.3,0,146289.3,9626.8,10615,10.3
20-15-10,nadam,paper,2039,0.001,2,grid_20-15-10_nadam_paper_s2039,786,262.8,1900,1900,146490.4,15681.3,0,146289.3,9626.8,21390.5,122.2
20-15-10,nadam,paper,2040,0.001,2,grid_20-15-10_nadam_paper_s2040,786,261.5,1900,1900,144889,15398.7,0,146289.3,9626.8,12152.4,26.2
20-15-10,nadam,paper,2041,0.001,2,grid_20-15-10_nadam_paper_s2041,786,266.2,1900,1900,145499.1,15588.7,0,146289.3,9626.8,11365.1,18.1
20-15-10,nadam,paper,2042,0.001,2,grid_20-15-10_nadam_paper_s2042,786,263.9,1900,1900,145611.9,15459.8,0,146289.3,9626.8,10378.5,7.8
20-15-10,nadam,paper,2043,0.001,2,grid_20-15-10_nadam_paper_s2043,786,263.5,1900,1900,146345.3,15672.1,0,146289.3,9626.8,18007.8,87.1
20-15-10,nadam,paper,2044,0.001,2,grid_20-15-10_nadam_paper_s2044,786,263.7,1900,1900,146560.2,15427.4,0,146289.3,9626.8,12039.4,25.1
20-15-10,nadam,paper,2045,0.001,2,grid_20-15-10_nadam_paper_s2045,786,264.7,1900,1900,145575.2,15485.2,0,146289.3,9626.8,11677.7,21.3
20-15-10,nadam,early_stop,2026,0.001,1,grid_20-15-10_nadam_early_stop_s2026,786,914.1,7210,7350,145755.3,15544.2,0,146289.3,9626.8,9818.3,2
20-15-10,nadam,early_stop,2027,0.001,1,grid_20-15-10_nadam_early_stop_s2027,786,1139.8,9095,9115,145436.5,15495.8,0,146289.3,9626.8,13978.2,45.2
20-15-10,nadam,early_stop,2028,0.001,1,grid_20-15-10_nadam_early_stop_s2028,786,774,5998,6158,146146,15483.6,0,146289.3,9626.8,10438.5,8.4
20-15-10,nadam,early_stop,2029,0.001,1,grid_20-15-10_nadam_early_stop_s2029,786,832.7,6318,6478,145201.7,15489.4,0,146289.3,9626.8,10278.6,6.8
20-15-10,nadam,early_stop,2030,0.001,1,grid_20-15-10_nadam_early_stop_s2030,786,936,7310,7430,145737.4,15461.3,0,146289.3,9626.8,1815.1,-81.1
20-15-10,nadam,early_stop,2031,0.001,1,grid_20-15-10_nadam_early_stop_s2031,786,781.8,6097,6257,146190.7,15459.8,0,146289.3,9626.8,9261.4,-3.8
20-15-10,nadam,early_stop,2032,0.001,1,grid_20-15-10_nadam_early_stop_s2032,786,763.3,5786,5966,146926.2,15442.6,0,146289.3,9626.8,18721.4,94.5
20-15-10,nadam,early_stop,2033,0.001,1,grid_20-15-10_nadam_early_stop_s2033,786,861.6,6643,6843,145385.6,15334.7,0,146289.3,9626.8,9961.6,3.5
20-15-10,nadam,early_stop,2034,0.001,1,grid_20-15-10_nadam_early_stop_s2034,786,1047.5,8426,8506,145045.6,15489.1,0,146289.3,9626.8,12612.3,31
20-15-10,nadam,early_stop,2035,0.001,1,grid_20-15-10_nadam_early_stop_s2035,786,1045.1,8306,8366,153327.7,15469.9,0,146289.3,9626.8,51556.9,435.6
20-15-10,nadam,early_stop,2036,0.001,2,grid_20-15-10_nadam_early_stop_s2036,786,930.1,7202,7342,145028.3,15403.7,0,146289.3,9626.8,9275.5,-3.6
20-15-10,nadam,early_stop,2037,0.001,2,grid_20-15-10_nadam_early_stop_s2037,786,905.3,7027,7232,147677.6,15449,0,146289.3,9626.8,9771.8,1.5
20-15-10,nadam,early_stop,2038,0.001,2,grid_20-15-10_nadam_early_stop_s2038,786,979.4,7704,7824,145410.4,15502.4,0,146289.3,9626.8,10177.4,5.7
20-15-10,nadam,early_stop,2039,0.001,2,grid_20-15-10_nadam_early_stop_s2039,786,1020.8,8034,8134,145576.1,15538.8,0,146289.3,9626.8,11070.5,15
20-15-10,nadam,early_stop,2040,0.001,2,grid_20-15-10_nadam_early_stop_s2040,786,918,7106,7246,145414.4,15336.6,0,146289.3,9626.8,8665.7,-10
20-15-10,nadam,early_stop,2041,0.001,2,grid_20-15-10_nadam_early_stop_s2041,786,782.8,6049,6244,146974.4,15551.5,0,146289.3,9626.8,10099.3,4.9
20-15-10,nadam,early_stop,2042,0.001,2,grid_20-15-10_nadam_early_stop_s2042,786,861.1,6731,6891,145577.6,15430.8,0,146289.3,9626.8,9622.2,0
20-15-10,nadam,early_stop,2043,0.001,2,grid_20-15-10_nadam_early_stop_s2043,786,914,7147,7287,146221.2,15609.2,0,146289.3,9626.8,10972.3,14
20-15-10,nadam,early_stop,2044,0.001,2,grid_20-15-10_nadam_early_stop_s2044,786,1053.6,8072,8172,146296.4,15396.4,0,146289.3,9626.8,9937.1,3.2
20-15-10,nadam,early_stop,2045,0.001,2,grid_20-15-10_nadam_early_stop_s2045,786,789.1,5892,6072,146026.6,15458.6,0,146289.3,9626.8,11436.9,18.8
