epoch,train_dropout,train,vali,truth,vali_pred,truth_pred,time,time_predict
0,,1909.69503885972,2030.59440965955,43028.1457599925,73622.0712509155,226901.201230869,,0.0769729614257813
1,1909.67853631452,1921.50090646256,2024.17917925747,43011.9700808737,73220.0852069855,225692.155349702,1.07189297676086,0.00279998779296875
2,1924.88947381452,1986.23377847254,2063.37391141742,43142.6606902432,74637.2693271637,229937.634353071,0.0399749279022217,0.00247597694396973
3,1996.79572381452,1914.53740405841,2024.75768694641,43003.8247067052,73350.6876773834,225969.228029043,0.0388619899749756,0.00213909149169922
4,1924.88947381452,1911.30833610232,2031.98543483509,43027.8129044283,73732.2278432846,227146.85108383,0.0509889125823975,0.00311803817749023
5,1906.91291131452,1910.16979095933,2028.93027664771,43023.342944145,73599.6193552017,226756.002881989,0.0696399211883545,0.00181698799133301
6,1905.53009881452,1909.94395747744,2029.86531120828,43035.5411236934,73636.5134248734,226978.467077449,0.0425209999084473,0.0022587776184082
7,1907.60431756452,1910.0449175715,2029.85372279067,43041.0528250087,73620.3161687851,226988.364273742,0.0452539920806885,0.00256490707397461
8,1915.20978631452,1909.96181522959,2029.26631329855,43021.7672885637,73599.854552269,226797.078764096,0.0521500110626221,0.00243711471557617
9,1908.98713006452,1910.5310639844,2027.40645841786,43012.3596231025,73525.7177400589,226520.977016553,0.0465929508209229,0.00275301933288574
10,1910.36994256452,1910.03241480813,2030.74980156991,43029.9897740957,73670.5541658402,227054.775411949,0.0476880073547363,0.00231099128723145
11,1917.28400506452,1909.90464805441,2030.71027009032,43035.9026654757,73639.5409679413,227051.325811982,0.043100118637085,0.00215387344360352
12,1905.53009881452,1910.02355930687,2031.55194854621,43036.343450947,73690.7287607193,227176.703143477,0.0413839817047119,0.00183200836181641
13,1924.88947381452,1910.53931848038,2030.21266911793,43019.1406013961,73660.5561800003,226893.806767836,0.0489351749420166,0.00159788131713867
14,1906.91291131452,1910.33494061928,2028.84816016615,43011.1134593368,73598.2334213257,226676.449631989,0.0371699333190918,0.00171804428100586
15,1913.13556756452,1910.3059936078,2029.04633185759,43010.4107778441,73595.9867105484,226676.248837411,0.0449388027191162,0.00207018852233887
16,1911.06134881452,1909.91072228357,2029.12002739278,43011.9769538758,73569.872956276,226664.235086501,0.0620510578155518,0.00197505950927734
17,1913.13556756452,1909.72320374865,2030.33053337312,43025.4996610173,73607.4815626145,226845.161094293,0.0465731620788574,0.00210404396057129
18,1915.90119256452,1910.10925365048,2029.26524420373,43018.9778596835,73545.4762744904,226647.765568465,0.038593053817749,0.00167703628540039
19,1897.92463006452,1910.46376279541,2032.81255128394,43029.1692785129,73718.1378536224,227134.178625524,0.0848109722137451,0.00207901000976563
20,1913.13556756452,1909.85060126239,2029.90148197348,43019.2782322974,73570.2175474167,226684.61539039,0.0460009574890137,0.00200796127319336
21,1913.13556756452,1909.85045710358,2030.02781066903,43021.8128108819,73604.2931346893,226771.71984826,0.0485219955444336,0.00250101089477539
22,1918.66681756452,1911.7694331795,2033.24708398905,43032.0179528785,73762.4512968063,227230.269788668,0.0734078884124756,0.00180697441101074
23,1919.35822381452,1911.38024913081,2028.22831999495,43027.1972035471,73487.6796522141,226514.773035541,0.0879631042480469,0.00210785865783691
24,1913.82697381452,1912.31407455455,2033.763172848,43040.4147624221,73794.2758131027,227366.944450647,0.0487399101257324,0.00213813781738281
25,1913.82697381452,1914.11740554113,2026.25344253143,43018.6561648775,73385.0337352753,226183.146692902,0.0500659942626953,0.00287890434265137
26,1911.75275506452,1916.07651372553,2037.32309793625,43054.8777062562,73915.6224908829,227776.908637852,0.0449149608612061,0.00216913223266602
27,1914.51838006452,1916.16998263811,2024.94952142728,42996.1803130827,73306.4426174164,225796.633339465,0.0537099838256836,0.00168800354003906
28,1915.90119256452,1917.43722298071,2036.95802186281,43049.4153161653,73914.2810306549,227677.508656487,0.0387060642242432,0.00169610977172852
29,1919.35822381452,1911.69406140586,2027.45513052167,43020.4334190669,73463.1537437439,226403.082046986,0.046180009841919,0.00196599960327148
30,1902.76447381452,1910.58001154035,2031.3374529492,43034.1191674637,73688.6513996124,227042.78460373,0.0681290626525879,0.00233292579650879
31,1914.51838006452,1912.19161554679,2026.41317156209,43017.6863936472,73441.02739048,226314.368029505,0.0502970218658447,0.00182008743286133
32,1902.76447381452,1911.01041893425,2029.20001085678,43019.9455692375,73650.7500953674,226842.014026448,0.0421719551086426,0.00247001647949219
33,1904.14728631452,1910.98357486601,2026.76016624477,43013.9951106883,73498.0974979401,226457.984786451,0.051800012588501,0.00277996063232422
34,1915.90119256452,1912.27542243097,2033.51748879644,43043.711435461,73800.2375621796,227444.184404597,0.0559329986572266,0.0027768611907959
35,1911.06134881452,1917.13836847156,2025.65193967048,43012.2812041271,73312.3683691025,225978.794752926,0.0595428943634033,0.0025629997253418
36,1904.83869256452,1911.8665678596,2032.75770630247,43023.53569169,73762.445807457,227236.613125384,0.0564999580383301,0.00218105316162109
37,1907.60431756452,1916.46464659222,2025.57157354362,43004.6254203616,73321.0351285935,226007.18541576,0.0564441680908203,0.00227499008178711
38,1904.14728631452,1912.200258509,2033.41986127356,43031.1587349055,73791.6047382355,227381.201935232,0.0479249954223633,0.00222992897033691
39,1933.87775506452,1913.18395824545,2028.62999772794,43032.034415317,73460.4418544769,226579.068686366,0.0457279682159424,0.00221490859985352
40,1917.28400506452,1910.44439380508,2033.05069925133,43052.3267754476,73730.0927734375,227394.41011855,0.0479888916015625,0.00221395492553711
41,1915.90119256452,1909.92098576849,2032.04551883172,43038.4159765985,73691.4859676361,227176.759202391,0.0460381507873535,0.00213098526000977
42,1911.06134881452,1909.87428588856,2029.03944259323,43018.6793294951,73585.5050897598,226772.783148199,0.0507509708404541,0.00232911109924316
43,1908.98713006452,1910.13133695406,2031.18319010769,43027.9053315894,73699.5553855896,227150.631679773,0.0446591377258301,0.00188994407653809
44,1909.67853631452,1910.04326383145,2028.53330716856,43019.801626302,73567.9989013672,226765.867481843,0.053804874420166,0.00227499008178711
45,1906.22150506452,1910.04843220494,2030.69342185697,43040.7766913669,73663.8945980072,227158.171033666,0.0429720878601074,0.00232505798339844
46,1926.27228631452,1909.7129121453,2029.68224085579,43022.1174282693,73624.7703475952,226925.278208733,0.0479059219360352,0.00203299522399902
47,1915.20978631452,1910.07129484028,2028.51896804285,43019.2168016399,73558.7098751068,226713.656473458,0.0506749153137207,0.00195097923278809
48,1906.91291131452,1910.83575412521,2033.29957484288,43049.8080059757,73755.1911621094,227411.803443238,0.0464639663696289,0.00206995010375977
49,1911.75275506452,1909.89783822803,2031.75246686826,43036.4100612903,73673.7602415085,227132.7004897,0.0436439514160156,0.00224900245666504
50,1911.75275506452,1909.85781987567,2030.3350155499,43029.5478360397,73608.9167556763,226915.806856811,0.0775361061096191,0.00237393379211426
51,1904.83869256452,1909.76703801459,2031.04281675771,43034.2850216941,73630.7134637833,226995.629418433,0.0442500114440918,0.00201296806335449
52,1917.28400506452,1909.75792727893,2030.61761196332,43030.6311211435,73609.2177715302,226906.248075083,0.051016092300415,0.00215482711791992
53,1913.82697381452,1909.83643986035,2028.86195429044,43006.4289976097,73567.1593284607,226606.806418806,0.0491108894348145,0.00225710868835449
54,1912.44416131452,1909.62661280002,2031.13058947831,43016.6895026764,73650.9698896408,226919.215955138,0.0429677963256836,0.00222110748291016
55,1913.82697381452,1909.56398086207,2030.93298122001,43026.4361896247,73632.245182991,226932.637415469,0.0546030998229981,0.00331997871398926
56,1909.67853631452,1909.7131785924,2029.90974769985,43009.5992014273,73599.1014184952,226701.404833615,0.0531511306762695,0.00215888023376465
57,1910.36994256452,1910.96267245775,2028.24596678654,43011.9510950438,73479.0319881439,226433.312116787,0.0543999671936035,0.00252103805541992
58,1918.66681756452,1916.04212624567,2038.54916657836,43060.4290017606,73935.1425018311,227889.222709909,0.0728750228881836,0.00162196159362793
59,1915.90119256452,1920.59298185971,2026.49264854746,43016.3333069281,73271.4487361908,225933.953985974,0.0360479354858398,0.00199604034423828
60,1917.28400506452,1916.35733672153,2038.82183792075,43049.5081348394,73936.0195398331,227831.767640382,0.0414590835571289,0.00261998176574707
61,1914.51838006452,1913.89100188183,2028.37987178935,43023.2374258557,73412.9852571487,226335.046774149,0.0463531017303467,0.0030519962310791
62,1922.81525506452,1913.44019324501,2037.22092436525,43060.0771441021,73869.6224908829,227688.476240635,0.0664510726928711,0.0020449161529541
63,1915.90119256452,1911.30992489608,2030.81477708218,43052.1918058076,73554.7482557297,226882.660154611,0.044083833694458,0.00221896171569824
64,1909.67853631452,1909.91381622009,2032.61226636003,43050.7987624366,73691.2700424194,227176.527554408,0.0481340885162354,0.00287604331970215
65,1912.44416131452,1910.89705837178,2027.98041279027,43017.7130169815,73482.7730789185,226417.671311453,0.0452361106872559,0.00172591209411621
66,1918.66681756452,1910.07057838793,2032.09858549702,43031.47493751,73700.2953529358,227121.996031642,0.051659107208252,0.00242400169372559
67,1910.36994256452,1909.78363953503,2031.31478946772,43037.5335175493,73632.0674171448,227003.750310153,0.0739669799804688,0.00209689140319824
68,1910.36994256452,1909.77229658776,2031.70369185678,43040.5350023106,73636.925409317,227011.869887322,0.0436601638793945,0.00215482711791992
69,1917.28400506452,1909.74627245329,2032.58733331472,43043.5957305687,73659.2705841065,227117.778523192,0.0534560680389404,0.00195407867431641
70,1912.44416131452,1909.70262885979,2031.08940371945,43032.809546684,73605.8190546036,226907.904021516,0.0487270355224609,0.00206995010375977
71,1909.67853631452,1910.9350282795,2035.45092920255,43062.8580091354,73771.7912902832,227547.39838019,0.0534980297088623,0.00231194496154785
72,1904.83869256452,1911.1300750167,2031.19420199838,43040.6480166785,73558.5545463562,226889.759975672,0.0457608699798584,0.00218915939331055
73,1911.75275506452,1911.28358935952,2035.879575175,43048.1743595339,73795.1633586884,227517.484711587,0.0555310249328613,0.0023341178894043
74,1906.91291131452,1910.53934611811,2032.83887878872,43042.4807905909,73611.5708847046,227083.735035807,0.0441510677337647,0.0019528865814209
75,1910.36994256452,1913.22643203252,2038.33330533166,43062.2070367325,73875.0592803955,227836.822218359,0.0484199523925781,0.00242209434509277
76,1905.53009881452,1914.20695096459,2031.22360481338,43044.4715280948,73481.0093841553,226742.967848495,0.0441210269927979,0.00203585624694824
77,1933.18634881452,1915.15435644869,2039.09201078133,43061.9801673834,73917.5702762604,227886.103126913,0.0513780117034912,0.00190186500549316
78,1921.43244256452,1913.31605522742,2028.4677059416,43018.7453176854,73419.4608011246,226365.990550563,0.0738990306854248,0.00223016738891602
79,1916.59259881452,1912.76743534746,2036.3145035816,43052.8251223126,73842.0270023346,227642.752753466,0.0552220344543457,0.00277400016784668
80,1912.44416131452,1911.41777541063,2029.82939335055,43030.4225537572,73498.2132472992,226634.572376832,0.0539000034332275,0.00246787071228027
81,1913.82697381452,1910.78962069834,2035.50061062886,43058.4968074545,73773.7816753388,227498.009337008,0.0631091594696045,0.00170302391052246
82,1915.20978631452,1909.91277998637,2031.02251400626,43034.2369346829,73579.5586986542,226831.611350983,0.0439889430999756,0.00217199325561523
83,1910.36994256452,1910.59354924114,2034.36398358996,43042.5908150673,73747.7685594559,227332.636780337,0.0442490577697754,0.00279092788696289
84,1915.90119256452,1912.01395146421,2027.43820322582,43000.2528797777,73434.8491859436,226191.313347369,0.049623966217041,0.00262904167175293
85,1913.13556756452,1910.84929610458,2032.68513582386,43024.978368861,73709.6141500473,227082.023742124,0.0461130142211914,0.00232386589050293
86,1913.82697381452,1910.86409856769,2027.99854741403,43009.8316344946,73489.5229167938,226412.061881125,0.0463922023773193,0.00207901000976563
87,1911.06134881452,1911.85287785566,2034.35244420734,43041.1030017824,73787.1653442383,227379.898990706,0.0501139163970947,0.00209188461303711
88,1909.67853631452,1910.557753133,2029.82158351756,43029.5143213479,73542.7536563873,226748.982452542,0.0478229522705078,0.00203204154968262
89,1910.36994256452,1910.3281692118,2033.49262605558,43033.8361638089,73728.8128538132,227246.451911613,0.0463459491729736,0.0021820068359375
90,1909.67853631452,1910.03083701583,2029.04848871831,43011.5005298894,73540.9100399017,226593.857774898,0.048382043838501,0.0016789436340332
91,1913.82697381452,1909.91165851786,2032.17159426044,43027.6702973625,73683.8365936279,227064.821104974,0.0468060970306397,0.00347495079040527
92,1915.20978631452,1909.93776591183,2029.72402624024,43018.1489319405,73557.0346984863,226659.886055231,0.0446579456329346,0.00197100639343262
93,1906.91291131452,1909.75862547449,2031.4622397264,43016.7262330305,73640.5417137146,226860.870540515,0.0441989898681641,0.00196099281311035
94,1904.83869256452,1909.88731959262,2029.43723007255,43005.6962475588,73553.5567321777,226566.209608689,0.0500171184539795,0.00486087799072266
95,1911.06134881452,1910.3852866846,2034.13146042549,43035.1054538227,73740.083366394,227238.414775267,0.0450980663299561,0.00241589546203613
96,1908.29572381452,1912.8305437142,2027.60637642078,43002.1040263855,73403.8914852142,226125.522597775,0.0512821674346924,0.00214099884033203
97,1915.20978631452,1917.5979643846,2039.14758072326,43046.9172196751,73945.7447319031,227809.358806133,0.0598990917205811,0.00257992744445801
98,1908.98713006452,1913.82429672292,2027.80266745417,43001.6689979058,73379.4306173325,226099.19072184,0.0467760562896729,0.00221800804138184
99,1916.59259881452,1914.18673905815,2037.92055607253,43036.7771781781,73870.5796556473,227566.808774754,0.0442349910736084,0.00259804725646973
100,1913.13556756452,1913.3676753408,2030.41855475178,43023.9662958519,73443.5961790085,226476.163264096,0.0724170207977295,0.00167512893676758
101,1908.98713006452,1912.29095892989,2038.10663849549,43044.8940424667,73844.9531002045,227579.082598493,0.0423719882965088,0.00181007385253906
102,1911.75275506452,1914.45002747521,2032.20487669429,43046.7984839073,73467.8725404739,226680.507284701,0.0400781631469727,0.00165390968322754
103,1913.82697381452,1910.73662176782,2037.75910512101,43064.6810750885,73791.2092037201,227606.961752698,0.0449478626251221,0.00249814987182617
104,1915.20978631452,1909.83147143219,2034.83867929318,43056.0521317872,73667.4518947601,227225.946751997,0.0714020729064941,0.0026249885559082
105,1910.36994256452,1909.95427715933,2035.83329148356,43056.0995686685,73736.6987142563,227382.93530795,0.0453948974609375,0.00209593772888184
106,1906.91291131452,1909.69798479363,2035.27980924041,43054.909870273,73708.6406545639,227275.285213769,0.0672068595886231,0.00175619125366211
107,1912.44416131452,1910.23398596623,2032.08325630539,43042.5950140989,73564.087551117,226843.607016549,0.0457630157470703,0.00303983688354492
108,1904.83869256452,1910.59278436388,2035.4336367033,43052.5201482883,73752.6178817749,227339.789049745,0.0739238262176514,0.00160503387451172
109,1910.36994256452,1911.99232509532,2030.34470566094,43043.7988627085,73480.9694375992,226615.766290009,0.069749116897583,0.00214385986328125
110,1924.88947381452,1910.45011296287,2034.63447031122,43053.2423764653,73745.7115945816,227333.849859759,0.0722060203552246,0.0017390251159668
111,1906.91291131452,1911.80486941131,2029.24631801111,43027.3991377823,73459.1219797134,226442.590345711,0.0425999164581299,0.00236105918884277
112,1909.67853631452,1911.56268054308,2036.35398397571,43050.676039667,73807.9997997284,227518.530397579,0.0795359611511231,0.00206804275512695
113,1897.92463006452,1913.80260990615,2029.4812269911,43032.0757890248,73425.2053279877,226450.951583445,0.0468878746032715,0.00274109840393066
114,1924.88947381452,1913.95776116941,2038.96692375226,43070.8272971356,73900.1514205933,227876.172463164,0.0498898029327393,0.0022430419921875
115,1912.44416131452,1913.11251592177,2028.28448138292,43026.7839006882,73419.6233348847,226335.340419784,0.0551550388336182,0.00258994102478027
116,1912.44416131452,1911.7435138122,2035.05566413314,43038.0855868461,73786.628282547,227330.937798843,0.0512452125549316,0.00264692306518555
117,1922.81525506452,1915.50118636784,2027.7463215349,43031.8026626419,73373.739824295,226264.411250994,0.0416278839111328,0.00155901908874512
118,1915.20978631452,1910.97006918902,2034.5987446826,43045.3897921072,73769.470905304,227373.289432675,0.0466170310974121,0.00256800651550293
119,1913.82697381452,1910.02436697297,2031.4961008705,43046.3924320553,73610.4598808289,227011.070615396,0.0617809295654297,0.00161004066467285
120,1912.44416131452,1909.52428013052,2031.57976425993,43031.6443847236,73634.9569168091,226975.724910259,0.0873539447784424,0.00195097923278809
121,1897.23322381452,1909.96689694257,2028.44212305733,43012.7067821981,73544.0114088059,226625.752337277,0.0391881465911865,0.00188684463500977
122,1911.06134881452,1909.66715989549,2030.66067804114,43024.6570789295,73643.0274810791,226946.420215637,0.0378131866455078,0.00246787071228027
123,1915.20978631452,1909.75233945458,2029.24641548086,43020.1538176384,73573.5348415375,226759.543719441,0.0473198890686035,0.0024571418762207
124,1914.51838006452,1909.97630934228,2032.14785071975,43043.934039446,73696.6021537781,227243.823067814,0.069713830947876,0.0019690990447998
125,1915.90119256452,1910.20697413667,2028.2097444196,43026.220786652,73544.3778276444,226688.686240912,0.0840489864349365,0.00246405601501465
126,1910.36994256452,1909.76085871445,2029.12369549371,43024.6131725363,73593.5253839493,226796.866106823,0.048490047454834,0.00207781791687012
127,1908.98713006452,1911.22236559251,2026.80057937807,43026.6310594285,73489.7365627289,226550.343557239,0.0640859603881836,0.00276398658752441
128,1922.12384881452,1910.96964996339,2032.43864462216,43041.6659530698,73748.905790329,227307.317769826,0.0565369129180908,0.00194501876831055
129,1917.28400506452,1914.2187372861,2026.03430820484,43018.9642246691,73385.2065620422,226237.841810048,0.0640959739685059,0.00227499008178711
130,1912.44416131452,1911.72799569061,2032.65062765751,43039.9285550878,73767.7833013535,227320.498932228,0.0482981204986572,0.00188589096069336
131,1913.13556756452,1911.86712167002,2026.24275286977,43007.184620023,73432.5965633392,226258.464680403,0.0643830299377441,0.00265097618103027
132,1910.36994256452,1912.71191087552,2031.97084115608,43023.0598325352,73760.7493877411,227159.797331527,0.0563428401947022,0.00189614295959473
133,1911.75275506452,1913.18373389114,2024.808875157,42997.9013711813,73383.5313425064,225990.347190917,0.0632319450378418,0.00212597846984863
134,1926.96369256452,1911.76424740391,2032.520038528,43037.2508566362,73760.5623626709,227254.942455486,0.0529420375823975,0.00203800201416016
135,1911.06134881452,1911.17621233255,2027.66190112883,43019.8775458182,73476.9822587967,226447.231338069,0.0402748584747314,0.00234699249267578
136,1913.82697381452,1912.20635653419,2033.34822642103,43040.2901497239,73787.3946752548,227370.732296944,0.0375559329986572,0.00223112106323242
137,1917.28400506452,1911.20300991747,2028.02881036888,43021.5718118525,73476.7284145355,226453.620408624,0.0802650451660156,0.00206112861633301
138,1917.28400506452,1910.17391655366,2032.22445720829,43036.6429375601,73702.2206459046,227140.57328786,0.0466539859771729,0.00183415412902832
139,1905.53009881452,1910.86939872776,2028.18420810688,43007.6925585003,73471.2550144196,226353.89294517,0.0467679500579834,0.00242209434509277
140,1913.82697381452,1912.89588062953,2034.76001098916,43028.6837737997,73801.6175050736,227297.206202388,0.0487430095672607,0.0017399787902832
141,1908.29572381452,1911.49437407818,2027.98368784638,43008.0695229537,73440.1985197067,226232.34456417,0.0556051731109619,0.00276088714599609
142,1913.13556756452,1911.24233722839,2033.8989094279,43034.5900506291,73754.2447967529,227202.938887715,0.0579891204833984,0.00230503082275391
143,1912.44416131452,1909.77351253702,2030.30161102706,43019.2667185876,73553.6606912613,226640.171474338,0.0505259037017822,0.00244593620300293
144,1912.44416131452,1911.57505015333,2034.38855110745,43020.4557615675,73769.599852562,227203.360966891,0.0472259521484375,0.00238704681396484
145,1909.67853631452,1916.05835121919,2025.8585917926,42981.4549374318,73290.6693611145,225714.446584895,0.0605330467224121,0.00237298011779785
146,1915.90119256452,1911.81052511462,2033.22665477527,43005.786877089,73745.7668571472,227041.870999485,0.0445740222930908,0.00179910659790039
147,1911.75275506452,1910.63746450027,2027.21534847903,42984.1129386813,73467.4356956482,226185.777034581,0.0480258464813232,0.00238919258117676
148,1911.75275506452,1909.70494466924,2032.42208278229,43018.604730074,73679.02227211,226987.959758937,0.0498850345611572,0.00224208831787109
149,1902.76447381452,1909.41160978629,2032.40097972635,43016.4619977384,73651.2428760529,226901.955787972,0.044964075088501,0.0016629695892334
150,1923.50666131452,1912.25337399848,2029.23990605191,43026.5189543214,73459.6628265381,226481.319261715,0.0448100566864014,0.00289297103881836
151,1910.36994256452,1910.86913126356,2035.86026399079,43045.1707043271,73783.1697788239,227442.862120524,0.0442728996276855,0.00174403190612793
152,1917.28400506452,1909.93736898388,2032.83461736489,43043.594537652,73641.7827568054,227099.580303609,0.0371940135955811,0.00271201133728027
153,1917.28400506452,1909.92137821603,2032.66569835394,43036.144722858,73701.6495466232,227147.438234344,0.0494201183319092,0.00221395492553711
154,1912.44416131452,1909.71195922799,2030.72695199217,43033.5668349112,73608.4686279297,226909.56994845,0.0366067886352539,0.00169110298156738
155,1905.53009881452,1909.69664588874,2031.066767451,43037.3577423335,73630.5878963471,226983.656450108,0.0491020679473877,0.00251603126525879
156,1911.75275506452,1909.80972007008,2029.73787960928,43017.2047372485,73621.2691640854,226782.064735338,0.0774459838867188,0.00225496292114258
157,1913.13556756452,1910.08996000904,2028.15275303728,43007.6418898721,73597.0234003067,226662.103239328,0.0528028011322022,0.00325202941894531
158,1911.75275506452,1910.02653023304,2028.48491705843,43010.9252725917,73595.5974750519,226669.398485422,0.045184850692749,0.00203704833984375
159,1913.13556756452,1910.59660825264,2027.53215209081,43025.629697734,73522.4875068665,226603.947093457,0.0486409664154053,0.00301694869995117
160,1908.98713006452,1910.29073880109,2029.56401037734,43027.2802404423,73668.6392097473,226989.073554635,0.0514130592346191,0.00210809707641602
161,1917.28400506452,1910.38280991186,2027.27546463335,43012.3112324791,73518.9044437409,226532.7951269,0.0488338470458984,0.00224399566650391
162,1913.82697381452,1912.11870835584,2033.97487935523,43049.3339487582,73807.4547481537,227519.30695416,0.0513460636138916,0.00208401679992676
163,1913.82697381452,1913.93402311808,2026.2388150483,43015.6088063167,73394.8746843338,226259.450250492,0.0382821559906006,0.00192689895629883
164,1913.82697381452,1918.09190062577,2035.86356972023,43031.0947145208,73909.322341919,227622.524760529,0.0729060173034668,0.00208306312561035
165,1915.90119256452,1920.06006560214,2023.13316905012,42985.4208735432,73221.930398941,225576.499932423,0.0471210479736328,0.00208091735839844
166,1922.12384881452,1910.80221037591,2030.97253713081,43027.1892256259,73720.0394430161,227178.615096107,0.0541479587554932,0.00306987762451172
167,1906.22150506452,1910.54444577668,2029.00773208888,43031.0384053734,73562.1836261749,226846.514261663,0.0525920391082764,0.0020449161529541
168,1909.67853631452,1909.9359843322,2029.68743114552,43022.54657505,73649.8365621567,227030.582245112,0.0503900051116943,0.0016028881072998
169,1904.14728631452,1910.15383223377,2027.95228706928,43014.2062524664,73571.7813911438,226783.608713448,0.0722649097442627,0.0021059513092041
170,1910.36994256452,1910.39208132888,2030.70818691379,43028.187527591,73698.7053747177,227186.204581365,0.0491218566894531,0.00205421447753906
171,1910.36994256452,1910.4872645607,2027.67873658857,43015.0447126439,73538.2969856262,226705.244540736,0.0450899600982666,0.00338411331176758
172,1911.75275506452,1910.09918557014,2030.67399803294,43017.9853507106,73679.6835575104,227081.711770147,0.0727710723876953,0.00235295295715332
173,1913.13556756452,1910.19826715402,2031.58333126174,43015.7273979965,73704.1500444412,227126.923850894,0.0566279888153076,0.00192403793334961
174,1908.29572381452,1909.56681409737,2030.03237599739,43008.1875347564,73614.8305997849,226859.136716679,0.0484070777893066,0.00172901153564453
175,1906.91291131452,1910.15780584522,2032.47198488321,43016.5500417929,73714.0181770325,227153.15497233,0.0733470916748047,0.0020899772644043
176,1909.67853631452,1909.66898253031,2029.90378785901,43007.4325189718,73578.8444442749,226761.772504419,0.0442640781402588,0.00223088264465332
177,1907.60431756452,1913.87933663912,2039.09367833152,43052.7898110751,73898.976732254,227856.568050221,0.0450699329376221,0.00174403190612793
178,1917.28400506452,1920.05136402177,2028.65614307188,43023.6961169204,73322.5572624207,226213.859668165,0.0565540790557861,0.0015869140625
179,1922.81525506452,1917.70443610957,2041.59131487009,43067.284213851,73989.8729724884,228129.548560798,0.0757989883422852,0.00275087356567383
180,1917.97541131452,1913.77210441853,2028.95761540915,43014.2079272178,73419.1329956055,226392.57235682,0.0460519790649414,0.00218105316162109
181,1918.66681756452,1909.71675839312,2031.8250534932,43016.4979257594,73663.9647798538,227002.07529147,0.0479428768157959,0.00196719169616699
182,1905.53009881452,1909.56973842278,2030.39920267874,43009.7926905405,73591.761387825,226787.476223558,0.0512599945068359,0.00168991088867188
183,1908.98713006452,1910.63040140816,2033.48771741361,43023.4972422636,73746.206738472,227278.381668747,0.055142879486084,0.00338602066040039
184,1906.91291131452,1911.38431457576,2028.06447759354,43004.4792093105,73476.8759012222,226505.037596405,0.0519552230834961,0.00207185745239258
185,1910.36994256452,1909.92758075244,2031.96056369074,43018.3789919431,73694.0486850739,227152.152545661,0.051638126373291,0.0021669864654541
186,1906.91291131452,1910.30802994898,2028.48918748645,43001.2347844229,73523.9865789414,226609.286044002,0.0466001033782959,0.00214600563049316
187,1922.81525506452,1909.5141100066,2029.29843447689,42995.1840152626,73575.197965622,226637.698072091,0.0860581398010254,0.00216102600097656
188,1906.22150506452,1912.09943418972,2033.26916318661,43003.1954814012,73776.1225099564,227198.12131241,0.0461480617523193,0.00207304954528809
189,1913.82697381452,1918.43585778406,2024.79681054765,42981.7788583148,73263.7329158783,225739.492778018,0.0504429340362549,0.00222110748291016
190,1922.12384881452,1913.80094643555,2032.33006765336,42996.3393971036,73773.3023433685,227063.844923914,0.0468490123748779,0.00270485877990723
191,1915.20978631452,1911.291814511,2025.53618892321,42977.7627221226,73438.7508163452,226118.036457732,0.0479779243469238,0.00230121612548828
192,1911.75275506452,1909.61707607813,2029.00102041317,43000.382254806,73592.3326063156,226711.319348738,0.0605378150939941,0.00430011749267578
193,1911.06134881452,1909.84092086909,2029.75100328494,43007.827502222,73645.0510053635,226889.028017119,0.048259973526001,0.00341987609863281
194,1914.51838006452,1910.51480972228,2027.66447556435,43014.84359564,73521.9105167389,226621.07158114,0.0468780994415283,0.00253796577453613
195,1920.74103631452,1911.02806858642,2032.97244250607,43028.882348501,73752.8926210404,227257.669721261,0.0408279895782471,0.00176095962524414
196,1905.53009881452,1909.86899628432,2028.91406950863,43010.971071201,73561.0586118698,226668.661030814,0.0874130725860596,0.00214099884033203
197,1906.22150506452,1910.02364950436,2029.6472639097,43004.8809183426,73654.7855348587,226877.633460835,0.0580630302429199,0.00198602676391602
198,1911.75275506452,1909.97056430984,2027.86128853331,43011.674009395,73568.3421573639,226717.120170981,0.0529911518096924,0.00257992744445801
199,1915.20978631452,1910.65356271664,2027.25551426368,42986.597871259,73592.3035860062,226556.561937913,0.0544970035552979,0.0022270679473877
200,1912.44416131452,1910.40438519388,2026.20054649869,42988.7165697865,73523.8980426788,226413.121218681,0.0473458766937256,0.00365710258483887
201,1917.28400506452,1910.12206354168,2027.3584663503,43001.7127149852,73536.5371494293,226549.761281639,0.0777981281280518,0.00238204002380371
202,1911.06134881452,1909.92778322579,2031.22999929376,43027.3611920476,73686.9845409393,227135.940130994,0.0510590076446533,0.00221610069274902
203,1911.75275506452,1910.94560508027,2028.85363251974,43030.006721687,73539.1038627625,226791.003015682,0.0547389984130859,0.00288009643554688
204,1910.36994256452,1912.07816891633,2033.04597505401,43041.3832848313,73793.4866313934,227441.564163864,0.0724589824676514,0.00205302238464355
205,1915.90119256452,1912.30760741761,2027.39251153349,43020.7131261023,73455.1219158173,226469.730275959,0.0438218116760254,0.00206303596496582
206,1917.28400506452,1913.7544620322,2035.79245537289,43045.0936077427,73860.1492023468,227614.234743893,0.0785009860992432,0.00245094299316406
207,1914.51838006452,1912.15774137713,2027.37486488521,43016.6150447953,73453.3681659699,226423.04355368,0.0515120029449463,0.00199794769287109
208,1909.67853631452,1914.65921307041,2036.21703924424,43043.2140428334,73883.6134548187,227664.689467579,0.0452919006347656,0.00218510627746582
209,1915.20978631452,1914.03893656492,2027.79542167699,43026.46753765,73425.6650304794,226442.665710345,0.0455198287963867,0.00227522850036621
210,1908.98713006452,1911.40513593636,2033.42009792579,43035.7780054281,73786.433139801,227428.757838875,0.0485110282897949,0.00215697288513184
211,1908.29572381452,1911.71701443753,2026.85098648647,43014.2385306764,73468.1857185364,226464.671641186,0.0668900012969971,0.00236296653747559
212,1912.44416131452,1911.06084292481,2032.51879534082,43040.7064807165,73758.8301582337,227357.412950948,0.0431900024414063,0.0027768611907959
213,1908.29572381452,1911.92626298475,2027.8946092262,43027.8577011034,73492.1126594544,226657.602721497,0.0698249340057373,0.00211095809936523
214,1922.12384881452,1913.28691027195,2034.45012419473,43036.7197966228,73840.5061826706,227551.782179117,0.0576000213623047,0.00199604034423828
215,1910.36994256452,1910.24575193284,2027.98611530072,43013.7586799618,73537.1724224091,226633.83588478,0.0442600250244141,0.00231504440307617
216,1906.91291131452,1910.54262650325,2029.46393845674,43012.9295128977,73675.5786457062,226957.059620723,0.0457890033721924,0.00159001350402832
217,1919.35822381452,1910.29794450037,2027.729553236,43016.3436677714,73542.6528739929,226598.150832266,0.0403139591217041,0.00195789337158203
218,1908.98713006452,1910.65424980052,2030.85211514512,43028.416673448,73700.36988163,227061.86896044,0.0583128929138184,0.00245499610900879
219,1909.67853631452,1911.40510555362,2025.84014836886,43003.6597948945,73458.6993579865,226290.275099024,0.0461750030517578,0.00200700759887695
220,1921.43244256452,1911.06548038113,2031.31127801485,43018.3335365376,73721.0004749298,227055.565262094,0.041050910949707,0.00218701362609863
221,1913.13556756452,1911.13039105875,2026.95541619869,43006.7184311562,73472.7157554627,226363.903208807,0.0415310859680176,0.00233697891235352
222,1911.75275506452,1912.70656756699,2034.15691383526,43037.1148775666,73819.3464765549,227462.377646267,0.0477910041809082,0.0039830207824707
223,1915.90119256452,1912.16225955173,2025.94399820141,43006.8500276155,73430.8402175903,226250.394748524,0.048321008682251,0.00541591644287109
224,1911.06134881452,1911.84388994481,2031.82290064618,43022.7013131316,73742.8519172669,227105.578502744,0.0631489753723145,0.00198912620544434
225,1908.29572381452,1914.17028489353,2026.55941179987,43017.2058333667,73395.8002138138,226262.316245958,0.0720908641815186,0.00222516059875488
226,1919.35822381452,1911.00068954552,2032.20612549684,43029.1017489882,73745.3066854477,227243.182582408,0.0680670738220215,0.0024869441986084
227,1906.91291131452,1912.09080152535,2026.75401494924,43013.9357569112,73452.1496744156,226385.556378439,0.048555850982666,0.00278806686401367
228,1921.43244256452,1912.30755673693,2033.8273763342,43035.7317307352,73798.9599618912,227368.598939911,0.0433409214019775,0.00202298164367676
229,1910.36994256452,1911.13500159171,2028.40337360771,43024.5287468094,73510.2483797073,226611.130754739,0.0448079109191895,0.00207614898681641
230,1913.82697381452,1911.35676184069,2034.17853547064,43041.6126880912,73783.068277359,227403.235086605,0.0478000640869141,0.00199294090270996
231,1913.82697381452,1910.37006861836,2029.15031135395,43020.9573385005,73535.6732368469,226649.318334401,0.0630309581756592,0.00197100639343262
232,1912.44416131452,1910.36071190747,2033.54525662763,43032.3603770552,73731.8958349228,227205.4138771,0.0773799419403076,0.00272917747497559
233,1902.76447381452,1910.17327877586,2031.02396474829,43027.0550688897,73566.1191358566,226778.476043537,0.0411190986633301,0.00224804878234863
234,1916.59259881452,1909.77174719827,2030.09799047384,43018.491159452,73568.9212322235,226709.366403326,0.0433859825134277,0.00212597846984863
235,1908.98713006452,1909.55201653919,2031.44542961135,43019.9276897957,73646.6727962494,226934.595919684,0.0396659374237061,0.00174903869628906
236,1911.75275506452,1910.2870016134,2031.08822543842,43026.119589427,73560.062787056,226783.705948561,0.0443329811096191,0.00178909301757813
237,1913.82697381452,1911.49140484987,2035.05169324492,43033.9574437251,73782.8067321777,227309.71165739,0.061596155166626,0.00235605239868164
238,1913.13556756452,1911.66254562717,2030.30010151851,43031.2551788975,73497.5467309952,226630.500807941,0.0488359928131104,0.00733613967895508
239,1921.43244256452,1912.00485938761,2036.01472536688,43054.3392692732,73822.5693702698,227570.850610122,0.0468699932098389,0.00223207473754883
240,1913.82697381452,1911.3601582562,2030.96508257653,43045.6094725966,73538.7405385971,226851.302596077,0.0685040950775147,0.00241994857788086
241,1908.98713006452,1912.368002906,2036.84114088886,43055.2456770883,73841.1102180481,227649.813101471,0.075875997543335,0.00186896324157715
242,1910.36994256452,1910.87596856719,2030.93970571697,43040.3462397026,73535.6676912308,226775.38366501,0.0498452186584473,0.00264477729797363
243,1917.28400506452,1912.8841053831,2037.05723797118,43064.6472524514,73851.5875368118,227695.741496742,0.0650780200958252,0.00185990333557129
244,1915.90119256452,1913.70803245956,2027.71734176573,43025.8008042243,73410.517446518,226354.550440565,0.0415458679199219,0.00416898727416992
245,1911.75275506452,1912.44432047595,2035.19623373494,43052.3468890954,73812.6561508179,227513.43767944,0.0476009845733643,0.00212407112121582
246,1915.90119256452,1910.18835221888,2029.96107852114,43028.8982735059,73554.16264534,226707.455630824,0.0483200550079346,0.00185799598693848
247,1911.75275506452,1909.83822545437,2030.67112054102,43030.6327934069,73619.7289981842,226896.02129145,0.0474469661712647,0.00223898887634277
248,1906.22150506452,1910.01468505157,2029.5823990997,43027.3167156874,73592.2103366852,226788.860964388,0.0587430000305176,0.00336384773254395
249,1909.67853631452,1909.97395572577,2033.21972822789,43050.2288484739,73702.6874694824,227228.645189583,0.0547208786010742,0.00192403793334961
250,1911.75275506452,1910.55609121241,2029.69379933604,43032.5793025581,73530.4665060043,226673.390740693,0.0633461475372315,0.00234293937683105
251,1913.82697381452,1909.93278238326,2032.3186417494,43052.7314834373,73676.2738437653,227195.850114778,0.0477559566497803,0.00272393226623535
252,1913.13556756452,1910.6849647365,2030.03604307002,43048.741618443,73562.4583625794,226916.11761567,0.0499579906463623,0.00246882438659668
253,1908.29572381452,1911.00894194743,2033.43693748814,43057.051012764,73757.1261291504,227418.316036403,0.0493540763854981,0.00215792655944824
254,1908.29572381452,1911.31343258942,2028.61149355932,43037.2496185488,73504.6740550995,226667.852344483,0.0748429298400879,0.00241303443908691
255,1914.51838006452,1913.99273527395,2037.03876071779,43071.1197896925,73882.1351451874,227828.843551293,0.0751540660858154,0.00235795974731445
256,1917.97541131452,1917.98609105942,2027.51780138965,43037.5013397388,73355.7997016907,226354.691091448,0.0578570365905762,0.00234889984130859
257,1919.35822381452,1914.65941347767,2037.3575348553,43062.5486688682,73895.4410686493,227822.023799628,0.0729348659515381,0.00264096260070801
258,1917.28400506452,1912.17986837565,2027.73883769169,43017.1663141132,73454.5214729309,226443.188155115,0.0489749908447266,0.00161218643188477
259,1911.75275506452,1912.17913237044,2035.64272856483,43048.5200121346,73819.8117856979,227553.858349621,0.0817320346832275,0.00206303596496582
260,1908.98713006452,1910.79712191351,2029.95777461733,43032.6238846799,73544.2677202225,226783.614506498,0.0517759323120117,0.00222301483154297
261,1910.36994256452,1910.24889630045,2032.80183801611,43031.3368186671,73716.2011499405,227191.794225544,0.0423989295959473,0.00346016883850098
262,1915.90119256452,1910.66497495223,2030.55510227488,43027.4087785888,73547.2188463211,226772.017193615,0.0486071109771729,0.0019838809967041
263,1902.76447381452,1909.83611263489,2032.85621436312,43031.0039015957,73680.6708202362,227143.169601709,0.0493929386138916,0.00203704833984375
264,1908.98713006452,1910.37741347823,2030.43367947915,43019.3082717455,73554.0877313614,226756.07195209,0.0456550121307373,0.00224208831787109
265,1917.28400506452,1909.91099526001,2033.51122429265,43029.5426525905,73705.4105129242,227197.205460727,0.0848920345306397,0.00169706344604492
266,1910.36994256452,1909.81156896357,2031.27498256433,43019.2981867797,73590.1870279312,226838.128450021,0.0554149150848389,0.00205802917480469
267,1911.75275506452,1910.79534546633,2033.54977004494,43016.9709029262,73733.2514734268,227113.376940936,0.0590062141418457,0.00374579429626465
268,1914.51838006452,1910.20877664955,2029.01219320148,43007.7308592011,73546.529504776,226540.892115995,0.0711560249328613,0.00393915176391602
269,1908.29572381452,1910.635725657,2032.07688266358,43020.8033199207,73695.073507309,227004.743521959,0.048853874206543,0.00238800048828125
270,1910.36994256452,1910.92904433174,2028.3061235896,43009.6218825308,73508.5636358261,226400.63562642,0.0771191120147705,0.0032958984375
271,1913.13556756452,1911.12570240809,2032.31736052098,43016.2045477687,73711.7163085938,227002.631790295,0.0475420951843262,0.00207185745239258
272,1902.76447381452,1911.33422126061,2027.9581387776,43006.5915998247,73470.9240884781,226294.123515636,0.049738883972168,0.00301408767700195
273,1912.44416131452,1910.14012604563,2030.40382883683,43024.1640804901,73614.5756721497,226772.203406349,0.0514118671417236,0.00205111503601074
274,1913.82697381452,1910.1178159893,2029.95090149949,43015.2844352955,73612.6803712845,226736.01887247,0.0664651393890381,0.00169205665588379
275,1904.83869256452,1910.20804688683,2031.77067190446,43027.48825568,73676.9652051926,226979.091443777,0.0485010147094727,0.00184106826782227
276,1913.13556756452,1909.96567672449,2030.15896376408,43020.5145192094,73586.1261634827,226689.051129535,0.0425419807434082,0.00178384780883789
277,1908.98713006452,1910.06296501252,2031.71268266229,43034.5507736582,73666.3946847916,226987.865453422,0.0857410430908203,0.00349593162536621
278,1916.59259881452,1909.9019590821,2032.54713497239,43036.7120962358,73677.3123369217,227036.259299219,0.04842209815979,0.00189590454101563
279,1913.82697381452,1909.82217263548,2033.50598947434,43050.6810098673,73683.5762519837,227161.97891441,0.0476288795471191,0.0025792121887207
280,1904.83869256452,1910.07300230176,2032.88233344641,43053.5921285413,73611.9469261169,227000.601551622,0.0494718551635742,0.00179600715637207
281,1904.83869256452,1920.20344259365,2043.67217233213,43091.1500006199,74035.8851146698,228234.133649573,0.038640022277832,0.00283098220825195
282,1917.28400506452,1921.90751799233,2029.73451688482,43055.905299264,73307.9509801865,226231.010569319,0.0519440174102783,0.00259995460510254
283,1931.80353631452,1914.12784957909,2039.61424877693,43070.5390490942,73904.2977981567,227836.627316251,0.0584769248962402,0.00195193290710449
284,1915.90119256452,1910.86709494014,2032.45927670242,43051.0977564401,73566.9095611572,226920.527525142,0.0496301651000977,0.00267601013183594
285,1917.28400506452,1910.17378046883,2035.5608649701,43056.8690199018,73744.254442215,227390.901123822,0.0479559898376465,0.00241494178771973
286,1908.29572381452,1909.84316293434,2033.40040669139,43043.8351591057,73686.0574388504,227123.302053243,0.0523240566253662,0.0022280216217041
287,1911.75275506452,1909.64927171038,2032.08237818337,43034.5259068027,73632.0277614594,226957.165474176,0.0473690032958984,0.00232505798339844
288,1902.76447381452,1912.16666673927,2035.90256293134,43050.2848413389,73810.5998506546,227472.239103839,0.0557060241699219,0.00169491767883301
289,1911.06134881452,1910.61559060572,2029.71138756179,43025.9741108873,73521.66360569,226587.811755911,0.0769131183624268,0.00211691856384277
290,1913.13556756452,1910.93149084356,2032.50809191115,43036.8208334894,73707.8798675537,227082.535253316,0.0599839687347412,0.00279402732849121
291,1906.22150506452,1910.40474471735,2029.61551406081,43025.1681172378,73535.96941185,226590.659891039,0.0630340576171875,0.00221681594848633
292,1911.75275506452,1910.8554532314,2034.40503781603,43048.2280893391,73757.2865409851,227326.816667363,0.0730438232421875,0.00233817100524902
293,1913.82697381452,1910.41258936575,2031.77502931308,43038.1967083772,73570.955986023,226858.708444789,0.0550870895385742,0.00209903717041016
294,1902.76447381452,1911.77671128347,2036.01922379138,43039.2438601059,73805.8052244186,227426.79467307,0.0562689304351807,0.00246000289916992
295,1911.75275506452,1909.72147020892,2031.91056329616,43034.5217952974,73608.0426225662,226883.600695565,0.0606048107147217,0.00395607948303223
296,1926.27228631452,1910.36699105124,2035.9046417111,43055.3741116348,73758.1635713577,227405.275724322,0.060056209564209,0.0019228458404541
297,1909.67853631452,1909.93716790343,2033.23054667801,43046.0001475628,73607.3298521042,226971.746235788,0.0472249984741211,0.00204205513000488
298,1910.36994256452,1912.24202314949,2036.70057292312,43048.9095216498,73822.4350738526,227501.714128926,0.0570390224456787,0.00227689743041992
299,1911.75275506452,1914.00797278337,2030.25002837243,43037.5043855428,73431.7387361527,226463.089242175,0.0579969882965088,0.00210118293762207
300,1914.51838006452,1914.42798089261,2038.35023797754,43052.3553768879,73884.9240646362,227667.075224906,0.0726971626281738,0.00168204307556152
301,1917.97541131452,1914.67317254165,2028.13227914034,43017.2234934545,73381.9166564942,226210.616835088,0.0720648765563965,0.00186014175415039
302,1918.66681756452,1909.95329561292,2032.46149087245,43018.947239543,73687.3059854508,227029.410585716,0.0433378219604492,0.00170207023620605
303,1908.29572381452,1909.63097700215,2031.71548572156,43025.1543564421,73609.2358436585,226895.865769342,0.0352621078491211,0.00322699546813965
304,1906.91291131452,1909.69743820769,2032.13838243271,43024.9892226961,73613.5211429596,226948.854682729,0.0532009601593018,0.00307703018188477
305,1909.67853631452,1910.12156117992,2034.20158086858,43031.5635091277,73733.8101015091,227281.795010373,0.0553481578826904,0.00257182121276855
306,1911.75275506452,1910.29663615512,2030.49155489029,43019.0058371364,73552.1194667816,226758.999031186,0.0503389835357666,0.00249600410461426
307,1904.14728631452,1910.88548087313,2036.38581309048,43036.8188525514,73791.2356414795,227472.061203837,0.0434010028839111,0.0019829273223877
308,1908.29572381452,1911.58757321305,2031.33841670003,43025.3003294482,73533.3331241608,226827.954190105,0.0827841758728027,0.00238895416259766
309,1920.04963006452,1911.96571250686,2035.66995236296,43030.3896923971,73814.6048297882,227496.950433746,0.0495619773864746,0.00205707550048828
310,1910.36994256452,1909.83046259838,2030.45948371702,43011.0412629665,73570.161904335,226750.73039338,0.0432360172271729,0.00210309028625488
311,1909.67853631452,1909.93174815233,2032.65979202685,43013.5940601516,73699.3466367722,227093.334688485,0.0775690078735352,0.00273299217224121
312,1911.75275506452,1912.88282595847,2026.45010361427,42986.3862059582,73396.5337915421,226107.784396529,0.047774076461792,0.00193190574645996
313,1906.91291131452,1912.12206217192,2033.10933672597,42994.508578946,73761.2494792938,227085.182275951,0.0530200004577637,0.00195097923278809
314,1917.97541131452,1909.48232301684,2030.41032944109,42998.1398631154,73588.374162674,226688.020777673,0.0601370334625244,0.00217080116271973
315,1904.83869256452,1910.77324466868,2031.36252595864,42994.7372502543,73678.1142139435,226825.994081721,0.0754299163818359,0.00203800201416016
316,1924.88947381452,1914.19081667562,2026.3210521743,42990.6726423567,73360.6418685913,226012.05066812,0.0575320720672607,0.00203895568847656
317,1909.67853631452,1911.8809808243,2034.14187924332,43016.2014283362,73780.5882053375,227270.967666119,0.0485110282897949,0.00202298164367676
318,1906.91291131452,1910.95296117251,2030.33656668991,43018.9487962894,73505.1768283844,226590.940482587,0.0591070652008057,0.00175189971923828
319,1922.81525506452,1910.92771937958,2036.54845463771,43048.6427717071,73794.4666757584,227532.989597395,0.0515618324279785,0.00171208381652832
320,1906.22150506452,1910.07788203441,2032.28262667452,43038.3095176251,73580.3995780945,226884.110478297,0.0434799194335938,0.00170087814331055
321,1906.91291131452,1909.69456486043,2035.22328283923,43046.9329394471,73697.4884004593,227272.25087972,0.0476880073547363,0.00192809104919434
322,1908.98713006452,1909.52205783219,2033.60426827403,43035.6495749509,73660.770450592,227107.196396351,0.0482308864593506,0.00298309326171875
323,1926.27228631452,1911.5248418803,2031.08012385801,43031.5210834673,73525.5730514526,226804.735257328,0.0463378429412842,0.00204014778137207
324,1920.74103631452,1911.55503670265,2036.73905273769,43046.3122968688,73815.9155654907,227582.771221235,0.0481650829315186,0.00187587738037109
325,1916.59259881452,1911.53837330984,2030.03525104701,43025.5426611675,73498.6312084198,226655.801313892,0.0487329959869385,0.00186896324157715
326,1917.28400506452,1910.51147470338,2034.61713974689,43044.6525876702,73753.1566667557,227401.903169677,0.0848109722137451,0.00280880928039551
327,1908.98713006452,1909.95528254684,2031.27463201331,43032.504142716,73588.3645582199,226909.030074477,0.050468921661377,0.00287508964538574
328,1907.60431756452,1911.1015574565,2034.28901169419,43034.7359910927,73766.3465003967,227361.123862699,0.0485551357269287,0.00234198570251465
329,1908.98713006452,1909.98466851352,2031.67469384054,43034.899211842,73587.1822423935,226913.251389191,0.0549628734588623,0.00260591506958008
330,1916.59259881452,1909.7337184183,2033.84148917035,43043.2982005559,73689.1405344009,227227.744243801,0.0440199375152588,0.00237798690795898
331,1910.36994256452,1909.74561639136,2032.05126625999,43036.9584124445,73608.7073545456,226949.676098898,0.0499818325042725,0.00239396095275879
332,1911.06134881452,1910.34211827359,2033.27914653151,43034.8436564279,73716.830239296,227188.52750726,0.0724890232086182,0.00441288948059082
333,1908.29572381452,1913.18379359734,2027.97811804502,43017.9243388368,73423.9977865219,226405.496189132,0.0484890937805176,0.00207996368408203
334,1916.59259881452,1914.26621686412,2036.9680733667,43054.0192225378,73873.1902418137,227691.606156811,0.0655138492584229,0.0023651123046875
335,1921.43244256452,1913.80815710482,2027.26515270058,43019.3963907585,73397.5543756485,226276.346467212,0.0818240642547607,0.00168490409851074
336,1913.13556756452,1911.71181255077,2034.46586072594,43046.379901324,73786.6682662964,227439.382744521,0.042618989944458,0.00159692764282227
337,1911.06134881452,1911.15714755426,2029.94495993319,43034.9164279463,73516.1789560318,226730.496631026,0.05007004737854,0.00206995010375977
338,1913.13556756452,1911.93383248465,2034.95607416633,43043.4149945536,73793.3435783386,227413.742166325,0.0632359981536865,0.00226807594299316
339,1908.29572381452,1912.84839826517,2029.2446068655,43036.102739624,73446.648765564,226488.425657526,0.0458528995513916,0.00254392623901367
340,1922.81525506452,1912.28169514399,2036.82635077302,43059.5195857606,73833.738617897,227626.553177893,0.0557780265808106,0.00226616859436035
341,1911.75275506452,1909.97383697678,2031.48960306792,43039.5874714848,73589.5873556137,226918.031281799,0.0699260234832764,0.00176692008972168
342,1906.91291131452,1910.50909399475,2034.19182046179,43049.0733500856,73742.1054391861,227330.868869513,0.0639121532440186,0.00182700157165527
343,1910.36994256452,1910.17961632826,2030.17751498206,43037.1988826817,73565.2396163941,226832.968851611,0.0604197978973389,0.00207710266113281
344,1915.90119256452,1910.49492659533,2034.95962543632,43063.8242946396,73754.5473527908,227496.355247706,0.0568070411682129,0.0024559497833252
345,1911.75275506452,1909.88298732109,2033.91920814439,43063.7584488362,73689.0506534576,227270.251182422,0.0416610240936279,0.00226807594299316
346,1911.75275506452,1910.04427056023,2031.01165366079,43045.1686045311,73585.9078540802,226869.268489629,0.0515439510345459,0.00332307815551758
347,1904.83869256452,1909.92826784679,2031.75626987621,43054.6634590201,73626.3501634598,227005.375366107,0.0443840026855469,0.00176596641540527
348,1920.04963006452,1909.92462683251,2030.53552256735,43041.6126600126,73602.2357463837,226906.485026598,0.0839109420776367,0.0030059814453125
349,1910.36994256452,1909.937330224,2029.26475498906,43024.9314668035,73590.2411537171,226804.135841325,0.0345940589904785,0.00217795372009277
350,1906.91291131452,1909.8369901686,2032.55210975328,43048.8122246544,73660.8691291809,227176.036104694,0.0479168891906738,0.00194716453552246
351,1912.44416131452,1909.81795028457,2031.66239990103,43040.3358674712,73623.9763689041,227035.644343689,0.0593500137329102,0.0018618106842041
352,1909.67853631452,1911.55056000667,2028.74346021324,43029.6921188068,73488.0155029297,226602.665148363,0.0695149898529053,0.00242304801940918
353,1910.36994256452,1915.12174692115,2038.01017840377,43056.7983886951,73907.947177887,227842.935900793,0.0632500648498535,0.00213885307312012
354,1911.75275506452,1914.73121886315,2027.62137409642,43018.9124344356,73394.9682788849,226354.212713391,0.04874587059021,0.00250101089477539
355,1916.59259881452,1912.53454629664,2034.64700718628,43032.1742504916,73817.4192628861,227503.90653415,0.0756809711456299,0.00171089172363281
356,1912.44416131452,1913.24117476547,2026.62295553165,43008.075217259,73409.7033548355,226310.338140637,0.0779790878295898,0.00220203399658203
357,1917.97541131452,1911.73510362409,2029.39872203433,43003.8078906442,73695.5801582336,226945.696171075,0.0721979141235352,0.00237202644348145
358,1921.43244256452,1910.50302096877,2026.97613319287,43002.1068247155,73507.7301454544,226456.503986046,0.0717098712921143,0.00201106071472168
359,1913.82697381452,1910.67170337375,2030.7026716426,43008.0553195715,73684.6906299591,226932.528821692,0.0888841152191162,0.00221395492553711
360,1906.91291131452,1909.84480609839,2029.02658753436,43001.710838618,73549.223608017,226604.00825648,0.0560770034790039,0.00261688232421875
361,1910.36994256452,1910.81957562789,2032.54135340218,43010.4381148285,73731.4653692246,227112.522974819,0.0419018268585205,0.00219607353210449
362,1910.36994256452,1911.43855170491,2026.79553397175,42990.1834391708,73449.3057346344,226292.842515945,0.0480318069458008,0.00281500816345215
363,1911.75275506452,1911.63412986331,2030.12237528399,42994.17437249,73705.4206695557,226919.568696842,0.0461370944976807,0.00170779228210449
364,1913.82697381452,1910.32142824782,2026.99547727222,42999.2732676418,73531.2157373428,226473.712595344,0.0457329750061035,0.00218605995178223
365,1911.06134881452,1911.61022137533,2031.73985398141,43018.7371505966,73733.7132196427,227089.132632449,0.0571591854095459,0.00265192985534668
366,1910.36994256452,1912.09715293424,2026.52353213627,43002.8079767392,73435.7497205734,226279.405606061,0.0465800762176514,0.00180697441101074
367,1911.75275506452,1913.46101654465,2033.7125689187,43023.5008477585,73805.683467865,227300.975170106,0.0549399852752686,0.00271797180175781
368,1917.28400506452,1911.93325819911,2027.67015930413,43011.1787566022,73450.8248100281,226356.032516196,0.0681140422821045,0.00380396842956543
369,1911.75275506452,1909.94528394612,2031.59562726062,43023.8979650338,73682.5720710754,227051.083631843,0.0724000930786133,0.00208401679992676
370,1913.13556756452,1909.70314618193,2030.90540412129,43029.5993637834,73621.7068290711,226909.90754278,0.0737588405609131,0.00168609619140625
371,1909.67853631452,1909.7033244736,2031.01806981679,43027.9517092608,73624.9775409699,226900.724192828,0.054548978805542,0.00321102142333984
372,1904.14728631452,1909.75281381212,2030.10114290314,43020.7072027362,73592.1903896332,226825.093253642,0.0500788688659668,0.00274801254272461
373,1906.91291131452,1910.10383552262,2032.89455660215,43019.7817698773,73711.0652246475,227135.195640355,0.0426928997039795,0.00243210792541504
374,1915.90119256452,1909.93324835242,2030.20131493842,43010.3805111335,73550.4806432724,226654.556673437,0.0500888824462891,0.00187993049621582
375,1910.36994256452,1910.9881107586,2035.71649580807,43032.8756230822,73784.7084856033,227393.036511704,0.043503999710083,0.00180912017822266
376,1913.13556756452,1913.07711002101,2028.04101425598,43004.4037990483,73419.3360033035,226305.601483673,0.052940845489502,0.00220513343811035
377,1915.90119256452,1913.78737020079,2036.72966813975,43033.2691034846,73860.5281620026,227555.854696035,0.0469861030578613,0.00226402282714844
378,1920.74103631452,1917.70775496973,2027.62830441456,43009.5094551758,73332.7587127686,226134.285810426,0.0806570053100586,0.00193309783935547
379,1922.81525506452,1914.45766419611,2037.89282657064,43039.3576227706,73894.9021396637,227730.574324727,0.0773780345916748,0.00256681442260742
380,1913.13556756452,1910.21658034405,2030.92157810908,43022.7203604552,73555.3747272492,226763.082973957,0.0630378723144531,0.00163817405700684
381,1907.60431756452,1910.35579225002,2034.93872811656,43034.8479181277,73755.1769294739,227348.729060024,0.0731949806213379,0.00168299674987793
382,1915.20978631452,1909.49630560542,2031.25252197121,43017.048933727,73617.6558866501,226880.162834227,0.0810189247131348,0.00206899642944336
383,1914.51838006452,1910.33293800561,2033.88791185192,43031.9303603245,73735.7276678085,227227.688408598,0.0798768997192383,0.00278997421264648
384,1911.75275506452,1911.18176812922,2031.5738635843,43035.9063036664,73545.3738193512,226839.568649486,0.0625720024108887,0.00223994255065918
385,1910.36994256452,1910.11577295606,2034.52058843602,43040.2699823057,73736.0282621384,227334.044368684,0.0351448059082031,0.00168919563293457
386,1911.75275506452,1909.96351166585,2033.0973955251,43050.9716845931,73628.5683803558,227100.550388068,0.0482959747314453,0.00188207626342773
387,1910.36994256452,1909.73664081887,2032.99089366599,43039.3303126083,73681.4303703308,227144.530484676,0.0452940464019775,0.00253081321716309
388,1903.45588006452,1909.66162382673,2031.78406756798,43031.2194965257,73618.6062059403,226958.118631974,0.0433921813964844,0.0021817684173584
389,1910.36994256452,1910.45361655606,2035.88183570339,43047.6622466784,73765.192937851,227422.131803498,0.0538439750671387,0.00204706192016602
390,1908.98713006452,1910.06128748756,2033.36471809877,43049.2338644813,73608.9987840653,227015.735293731,0.0664491653442383,0.00325393676757813
391,1913.13556756452,1909.7656710356,2033.35824986587,43038.5107826991,73680.9651937485,227102.107387096,0.0455400943756104,0.00190091133117676
392,1903.45588006452,1909.68851982839,2031.77909216212,43028.5878306921,73595.5957241058,226824.628751785,0.0559239387512207,0.00207996368408203
393,1907.60431756452,1909.49203044465,2032.94889610764,43030.6640342932,73645.2992067337,226964.720536426,0.0489270687103272,0.00204586982727051
394,1899.99884881452,1909.49514777571,2032.85281841906,43027.7807392648,73635.1055088043,226896.202763259,0.0653331279754639,0.00211691856384277
395,1909.67853631452,1910.49325212778,2029.90975561831,43018.0109424933,73516.8266448975,226498.793761864,0.0475659370422363,0.00168609619140625
396,1914.51838006452,1916.74783947623,2041.47253957217,43070.7339082852,73960.8021001816,227959.157770395,0.0688610076904297,0.00234079360961914
397,1911.75275506452,1913.57966715501,2029.8268576836,43035.5315046057,73424.0361375809,226372.816570595,0.0458879470825195,0.00197005271911621
398,1915.90119256452,1913.29297345792,2035.06778218533,43038.252060595,73794.7220211029,227269.988028869,0.0445139408111572,0.00225615501403809
399,1909.67853631452,1912.98051639461,2027.71127857969,43022.1474483347,73412.5279607773,226220.488070324,0.0540947914123535,0.00394201278686523
400,1906.91291131452,1911.09613289125,2035.44954658284,43052.491202695,73766.3375730515,227331.433699444,0.0737950801849365,0.00187301635742188
401,1911.75275506452,1909.90797969085,2032.10698214199,43046.019592203,73591.5074634552,226884.5614115,0.0757200717926025,0.00233983993530273
402,1908.29572381452,1911.35890110027,2036.4931626311,43060.5351639974,73794.2785778046,227465.938055232,0.045557975769043,0.00205898284912109
403,1905.53009881452,1909.83202799874,2031.84641282372,43042.8089905626,73597.2681388855,226870.429131046,0.0483958721160889,0.00235795974731445
404,1915.90119256452,1909.78144848381,2031.66779219681,43038.6014652421,73595.3604078293,226833.109472424,0.0662500858306885,0.00211501121520996
405,1911.06134881452,1910.69319587814,2035.72261171182,43060.3385012009,73766.0596494675,227408.815040693,0.0501689910888672,0.00193595886230469
406,1923.50666131452,1911.32168524561,2035.09073171878,43048.2584364692,73781.7656412125,227412.43513599,0.0792160034179688,0.00215888023376465
407,1911.75275506452,1911.19417504167,2029.226500035,43026.2614495766,73488.0781698227,226511.571176067,0.0398838520050049,0.00204014778137207
408,1915.20978631452,1913.42243818201,2036.61678736449,43049.6886956103,73852.6559429169,227608.171310753,0.0419449806213379,0.00160312652587891
409,1911.75275506452,1912.61483142476,2028.02318160464,43026.4556960893,73438.6405391693,226397.280261457,0.0448870658874512,0.00408601760864258
410,1911.75275506452,1911.21202860336,2032.69245477553,43028.7699541703,73740.6486654282,227191.382915959,0.0752310752868652,0.00213909149169922
411,1913.82697381452,1913.82117402744,2025.49223209198,43002.2210005055,73370.50070858,226050.616076455,0.0745961666107178,0.00188589096069336
412,1921.43244256452,1910.97877692908,2032.51369163646,43025.0369278246,73733.8728504181,227156.639266774,0.0523240566253662,0.00240993499755859
413,1913.13556756452,1910.62881927777,2028.5410037963,43018.5040770775,73518.2986469269,226615.464838252,0.0595400333404541,0.00330901145935059
414,1909.67853631452,1909.78437646346,2030.87021705808,43029.7331063157,73640.1905326843,226937.663198248,0.0535697937011719,0.00248312950134277
415,1904.83869256452,1910.91386715164,2027.64891537211,43008.0928296541,73481.4271526337,226403.107145488,0.0559108257293701,0.00229597091674805
416,1917.97541131452,1914.91450722379,2035.8868829307,43031.8195931786,73864.9784040451,227526.49430956,0.0515899658203125,0.00166201591491699
417,1907.60431756452,1912.80794455338,2028.64237356185,43015.0700671546,73439.5373334885,226414.511303738,0.073599100112915,0.00351095199584961
418,1922.81525506452,1910.97433066033,2035.28575135186,43040.2982342031,73782.3014335632,227485.160916671,0.0521171092987061,0.00209593772888184
419,1922.12384881452,1909.6885641464,2029.33015121054,43007.3773368012,73576.6971988678,226672.009609103,0.0460751056671143,0.00214290618896484
420,1912.44416131452,1910.30438733359,2030.4392789997,43000.9488373298,73674.3811798096,226897.007522106,0.03460693359375,0.0035710334777832
421,1904.83869256452,1910.45438673319,2028.16414644034,42993.3168453987,73504.2937307358,226496.652544737,0.0425989627838135,0.00213789939880371
422,1912.44416131452,1910.50510603836,2032.71448118019,43008.4236871811,73734.3928937912,227194.334832266,0.0508861541748047,0.00196695327758789
423,1910.36994256452,1909.84204089932,2029.54364529026,43000.7479618693,73561.5058774948,226707.112784058,0.054905891418457,0.00199794769287109
424,1913.82697381452,1910.40509293207,2033.28470598007,43016.4007507628,73737.7010250092,227233.368730754,0.0507400035858154,0.00204801559448242
425,1902.76447381452,1910.76345496345,2027.8877009551,42988.5164756831,73486.5798740387,226454.056747928,0.0684850215911865,0.00284194946289063
426,1913.82697381452,1912.06524877234,2034.12977782738,43015.260842636,73801.3146715164,227398.24257569,0.0493149757385254,0.0025639533996582
427,1915.90119256452,1911.92117158758,2026.2705343414,42985.974129621,73425.8358182907,226222.793813422,0.0709528923034668,0.00217795372009277
428,1913.82697381452,1909.93738417399,2028.10007088943,42990.0486059106,73601.5321912766,226658.693015948,0.0440289974212647,0.00195622444152832
429,1910.36994256452,1909.84401464471,2027.78260159788,42995.5621294029,73555.5665302277,226566.393773317,0.0444381237030029,0.00355887413024902
430,1913.13556756452,1909.67600151505,2028.93018650229,43004.5418300666,73614.2853603363,226816.061964512,0.0486850738525391,0.00229692459106445
431,1913.82697381452,1910.03363299006,2030.06412411868,43001.4395425536,73661.5247802734,226887.36549522,0.0601720809936523,0.00223493576049805
432,1911.75275506452,1912.28513359167,2026.42142049897,42993.4142555187,73421.5278320313,226245.253701657,0.0480339527130127,0.00278210639953613
433,1910.36994256452,1911.11295645383,2033.60007663685,43020.8908262235,73769.854467392,227335.592646435,0.0493199825286865,0.00191593170166016
434,1904.14728631452,1909.84815249564,2028.19167546602,42991.809447544,73534.5208244324,226556.832391098,0.0807571411132813,0.0020139217376709
435,1917.28400506452,1910.17805867682,2031.07736608841,43005.4175939844,73692.9498262405,227045.400523528,0.0728459358215332,0.00256109237670898
436,1905.53009881452,1909.67988380302,2028.84350408401,43001.7179284262,73584.3317737579,226761.885268062,0.0460560321807861,0.00166010856628418
437,1906.91291131452,1909.92152700527,2030.74196491485,43016.5304975259,73671.4544334412,227078.48116377,0.0479362010955811,0.00206589698791504
438,1911.75275506452,1909.66390652897,2030.27101693801,43013.0211914111,73614.8761453629,226934.279219836,0.0503110885620117,0.00250601768493652
439,1920.74103631452,1911.74866641928,2034.8857462293,43033.3900210135,73798.6443758011,227458.711014479,0.0502429008483887,0.00202298164367676
440,1912.44416131452,1915.82139784607,2026.01937980245,43001.5388255388,73336.8032541275,226062.771250248,0.0438740253448486,0.00275111198425293
441,1922.81525506452,1912.20107101653,2033.43018210813,43024.6496454805,73789.6058273315,227352.954335526,0.0499730110168457,0.00313401222229004
442,1918.66681756452,1910.85469407243,2029.2387150116,43020.0622006225,73513.6224651337,226647.097455457,0.0471451282501221,0.00218296051025391
443,1906.91291131452,1909.78708631903,2031.90375545583,43016.9936890894,73679.6448783875,227036.108952463,0.0410242080688477,0.00169992446899414
444,1902.76447381452,1909.47587630475,2030.20990567683,43007.1648433818,73596.0135822296,226742.221563697,0.0519359111785889,0.0019371509552002
445,1908.98713006452,1909.43209441535,2032.16128428181,43015.6461704006,73654.6189393997,226965.698030755,0.0412280559539795,0.0020301342010498
446,1913.82697381452,1909.45669192759,2031.01104231604,43012.9595745149,73593.913025856,226797.685266048,0.0418291091918945,0.00185489654541016
447,1904.83869256452,1909.71864216123,2033.21881011972,43015.019429127,73696.9930076599,227074.459875405,0.0401418209075928,0.0016319751739502
448,1917.97541131452,1909.73266319645,2030.3035491621,42996.4789952817,73629.7175302506,226752.946747303,0.0809071063995361,0.00222301483154297
449,1908.29572381452,1910.4390738905,2028.74322351269,42998.5778185633,73496.4352846146,226460.664393425,0.0512359142303467,0.00226593017578125
450,1913.82697381452,1914.56288078322,2037.80856950913,43039.4053353354,73888.7336997986,227685.679580361,0.052731990814209,0.00219893455505371
451,1911.75275506452,1912.76354123402,2030.10231750109,43017.5176259317,73459.7438983917,226530.696858048,0.0406510829925537,0.00171995162963867
452,1912.44416131452,1913.44786172759,2038.2319260664,43045.4513473809,73878.2860708237,227724.696929723,0.0829689502716065,0.00204992294311523
453,1915.90119256452,1910.64183331992,2030.92539404132,43019.4014883701,73533.9104728699,226728.373875275,0.0459768772125244,0.00209712982177734
454,1905.53009881452,1910.11495629334,2035.81938310827,43032.4485427672,73751.8732070923,227363.156869978,0.0764849185943604,0.00224399566650391
455,1915.20978631452,1909.60443447998,2034.61382149949,43030.3314260208,73672.6289520264,227184.060785174,0.0550990104675293,0.00307202339172363
456,1915.90119256452,1909.8882108659,2034.11260008585,43016.4309719246,73726.6563835144,227208.977378383,0.0559458732604981,0.00218391418457031
457,1910.36994256452,1911.17880542569,2030.36051108279,43007.1473239036,73506.6075706482,226630.778773233,0.0616159439086914,0.0023801326751709
458,1898.61603631452,1909.56676028938,2033.2193868501,42999.4148901244,73691.9243564606,227113.926245376,0.0560171604156494,0.00232100486755371
459,1915.90119256452,1909.57092604632,2032.20403126712,42996.7619317076,73683.8780460358,227040.515155554,0.0610318183898926,0.00209712982177734
460,1906.91291131452,1909.4501562165,2029.77011599411,42982.3260181211,73624.5582504273,226781.863709658,0.0519628524780273,0.00360512733459473
461,1917.28400506452,1909.4407119098,2030.09871178137,42995.9641988439,73583.4929265976,226728.342310786,0.0624890327453613,0.00181293487548828
462,1910.36994256452,1909.41827894971,2032.47723719482,43003.8893399037,73673.6724557877,227011.390819013,0.0477149486541748,0.00156998634338379
463,1917.28400506452,1909.45127027012,2029.77542596876,42992.5574330892,73574.9218072891,226629.494637922,0.0440621376037598,0.00208783149719238
464,1910.36994256452,1909.69322592497,2030.01380305224,42989.5277902527,73632.8670692444,226745.876349121,0.0699808597564697,0.00220108032226563
465,1909.67853631452,1910.57742751577,2031.04455174157,42993.852083821,73686.4130964279,226874.389183849,0.0395040512084961,0.00250387191772461
466,1912.44416131452,1911.26630544381,2027.95832467978,42995.7532828455,73459.9302425385,226328.503807798,0.0491061210632324,0.0023949146270752
467,1910.36994256452,1913.12721927098,2036.22176640937,43018.2742337343,73840.603934288,227441.665214419,0.0625929832458496,0.00212907791137695
468,1915.90119256452,1912.8172691241,2027.82779366987,42999.3697437804,73413.7929315567,226224.443630055,0.0504300594329834,0.00279498100280762
469,1916.59259881452,1914.27773487853,2035.58696898736,43026.3908538406,73846.5203790665,227429.109829605,0.0506548881530762,0.00203704833984375
470,1921.43244256452,1912.93608910397,2027.87110856395,43009.9919050058,73427.0562410355,226333.530971557,0.044713020324707,0.00191903114318848
471,1909.67853631452,1911.38128354259,2033.86493775158,43025.5241296422,73776.8845386505,227308.22547856,0.0766668319702148,0.00186514854431152
472,1909.67853631452,1909.92464703273,2029.75387003825,43015.0663133298,73557.0429105759,226694.656043604,0.044978141784668,0.0019989013671875
473,1911.06134881452,1910.45522452167,2032.02330492792,43015.7583147222,73707.7710552216,227029.47784406,0.048900842666626,0.00186800956726074
474,1913.13556756452,1910.06446783638,2029.51151704523,43011.6968882114,73535.2141485214,226583.612074167,0.0476009845733643,0.00300502777099609
475,1909.67853631452,1910.53118956693,2032.1028739372,43014.1811148634,73717.7446203232,227067.847004771,0.0711338520050049,0.0016322135925293
476,1908.29572381452,1911.42933772054,2027.69914537577,43008.0592194905,73477.9653196335,226464.814472988,0.0500280857086182,0.00209188461303711
477,1914.51838006452,1911.79748672567,2031.10203221771,43011.2398271466,73741.0018043518,227098.691998303,0.0591211318969727,0.0021820068359375
478,1911.06134881452,1911.85197817474,2026.36671241442,43006.9779258444,73458.329706192,226396.66384995,0.0419900417327881,0.00214505195617676
479,1920.04963006452,1910.62970400038,2032.61022783223,43034.9036791435,73740.4468507767,227276.431426823,0.0416159629821777,0.0020289421081543
480,1911.75275506452,1910.55614088845,2028.85044701719,43032.848079335,73553.3144378662,226792.767916098,0.0771341323852539,0.00351405143737793
481,1906.91291131452,1910.57240712302,2032.40298269706,43040.2011319656,73735.4217634201,227292.636378914,0.0745689868927002,0.00181102752685547
482,1906.22150506452,1910.44769036199,2029.45353276648,43035.1837164818,73565.793715477,226850.086444557,0.0650529861450195,0.00180506706237793
483,1915.90119256452,1911.55852872071,2033.9777579937,43052.9191165769,73787.6841468811,227467.422124147,0.0427799224853516,0.00270795822143555
484,1904.14728631452,1911.47955288018,2029.92190788357,43045.1688784042,73535.4298620224,226846.459113807,0.0421009063720703,0.00215506553649902
485,1919.35822381452,1913.18330129171,2037.4534071332,43060.2555833419,73876.1567544937,227821.920769572,0.0614361763000488,0.00247883796691895
486,1924.19806756452,1912.66750407805,2028.12779572517,43020.3080835389,73436.6014671326,226386.750489384,0.0498449802398682,0.00163388252258301
487,1911.75275506452,1910.64716101571,2032.64196957583,43033.0910975334,73726.1477775574,227192.151235223,0.0528640747070313,0.0020148754119873
488,1911.06134881452,1910.43377045205,2029.08239280965,43024.7934401557,73533.4296159744,226665.839785799,0.0495879650115967,0.00223898887634277
489,1912.44416131452,1909.86604666619,2031.33846071551,43023.8690571206,73659.0764074326,226966.067268312,0.0469062328338623,0.00255489349365234
490,1908.98713006452,1909.56881974147,2032.74828405282,43033.7784624345,73665.2393569946,227089.58283785,0.0472030639648438,0.00207901000976563
491,1911.06134881452,1909.712461306,2030.19400965058,43022.9991056836,73593.0037574768,226811.526599139,0.0598571300506592,0.00201177597045898
492,1906.91291131452,1910.68845789437,2032.45567512765,43029.0443694415,73731.8101987839,227205.20565863,0.0370001792907715,0.00202393531799316
493,1910.36994256452,1911.49769758901,2028.85091189495,43018.7675337382,73480.1450281143,226501.062295049,0.0403769016265869,0.00220799446105957
494,1917.97541131452,1911.10836414082,2035.33485733,43042.5499261249,73790.7863082886,227454.882831156,0.0445940494537354,0.00204896926879883
495,1908.29572381452,1909.99178023704,2030.82484891254,43026.3879227016,73568.4278879166,226768.509540856,0.0543627738952637,0.00256919860839844
496,1908.98713006452,1912.81435115245,2038.44603062946,43053.9950360083,73865.4474411011,227678.922735304,0.0508439540863037,0.00223708152770996
497,1913.13556756452,1912.34907171062,2031.19307259707,43025.3011263393,73485.4304819107,226612.818426549,0.0440888404846191,0.00194215774536133
498,1911.75275506452,1910.9559385181,2037.34861566099,43044.269778841,73806.8322134018,227521.384939387,0.0504410266876221,0.00206613540649414
499,1904.14728631452,1909.55961382035,2032.955463007,43024.4273815624,73611.7226762772,226920.240736067,0.0473918914794922,0.00223302841186523
500,1916.59259881452,1909.52840196008,2033.1112431951,43027.3599625665,73626.484618187,226987.342546254,0.0427398681640625,0.00344514846801758
501,1914.51838006452,1909.60254745438,2033.62556052975,43020.5899183822,73687.5715942383,227038.692745239,0.0538251399993897,0.00203084945678711
502,1911.75275506452,1909.73843260478,2031.43694134428,43018.8004268146,73568.4159212113,226721.983011544,0.0486049652099609,0.00226116180419922
503,1911.75275506452,1909.66966325539,2033.62594737265,43019.8618764293,73695.4053468704,227069.415174142,0.0519189834594727,0.00229692459106445
504,1907.60431756452,1909.57670256874,2032.11384797796,43017.8584895716,73580.7063856125,226770.667432517,0.061068058013916,0.00171995162963867
505,1917.28400506452,1910.91715951335,2035.09839586113,43032.8299022765,73773.6272592545,227333.409615934,0.0833189487457275,0.00227999687194824
506,1908.29572381452,1913.09212230347,2029.75921616299,43018.7555588722,73440.5849905014,226430.781766593,0.0479400157928467,0.00307798385620117
507,1912.44416131452,1915.34405396281,2038.64000636356,43044.0340296032,73914.4251041412,227765.631342977,0.0484280586242676,0.00240397453308105
508,1917.28400506452,1914.91676120394,2028.15905935926,43020.2791913903,73395.9642944336,226331.191032797,0.0501461029052734,0.00251007080078125
509,1910.36994256452,1910.61465308098,2032.72199288314,43023.2978285685,73746.8524284363,227300.115890235,0.0416049957275391,0.00223088264465332
510,1931.80353631452,1910.47514278944,2029.10307315012,43025.3131685765,73540.5989980698,226717.869091377,0.049130916595459,0.00169205665588379
511,1913.82697381452,1909.85044334683,2030.25126721289,43015.8344484258,73642.0736980438,226876.411905736,0.0753991603851318,0.00303506851196289
512,1910.36994256452,1909.86543427958,2029.25389620989,43013.6686528055,73563.1161375046,226697.212828651,0.0497379302978516,0.00202798843383789
513,1913.82697381452,1909.45518930713,2032.379089732,43018.4353353964,73658.2682447434,226967.146949649,0.0402638912200928,0.00247097015380859
514,1913.82697381452,1909.80754043876,2029.72143730173,43009.672515327,73551.4433650971,226621.230977461,0.0522570610046387,0.0026848316192627
515,1906.91291131452,1910.10468614421,2034.36410576515,43031.4568235081,73734.1021728516,227243.287307218,0.0363280773162842,0.00169801712036133
516,1916.59259881452,1910.84074648151,2030.45541168061,43027.7187684057,73525.4820356369,226698.035374552,0.0476589202880859,0.00215506553649902
517,1908.29572381452,1911.50393054889,2034.94241887489,43031.1074003935,73794.0702400208,227409.484973908,0.0488510131835938,0.00275397300720215
518,1913.13556756452,1910.18729774362,2029.67070071167,43011.7185278277,73533.9351625443,226631.424452901,0.0686440467834473,0.00182700157165527
519,1904.83869256452,1910.51251566485,2033.91330672261,43022.1761553829,73748.5460710526,227253.026753202,0.0487849712371826,0.00284004211425781
520,1918.66681756452,1909.78852242445,2030.05815031373,43008.9946170106,73553.1778659821,226644.271106958,0.0501999855041504,0.00269007682800293
521,1911.75275506452,1909.5523476624,2031.83149077251,43019.3807892294,73661.0368671417,227013.541979805,0.0367140769958496,0.00157999992370605
522,1909.67853631452,1909.51808433371,2032.15572810029,43026.1609030091,73655.2770729065,227028.106284604,0.051677942276001,0.00258803367614746
523,1906.91291131452,1910.36583669559,2032.85052848596,43023.2926908494,73729.4059505463,227190.167281985,0.0480709075927734,0.00234198570251465
524,1908.29572381452,1910.18918365715,2029.44356746104,43017.864358026,73550.5119276047,226718.194007263,0.0496439933776856,0.00194191932678223
525,1913.82697381452,1911.58970535332,2032.0368393519,43014.246032129,73741.3140926361,227110.445910633,0.0519590377807617,0.00236988067626953
526,1908.29572381452,1910.80960940198,2027.70892809035,43005.8012930632,73491.6843671799,226381.935508028,0.0524489879608154,0.00233292579650879
527,1917.28400506452,1912.13683834126,2034.97465414672,43040.6447692291,73806.410531044,227431.255323216,0.0555620193481445,0.00208497047424316
528,1921.43244256452,1912.57101987817,2028.536722371,43019.7800380298,73452.5495271683,226463.234984294,0.0435268878936768,0.00200009346008301
529,1904.14728631452,1913.02290828328,2036.12130715541,43033.8901117343,73847.1572961807,227555.199742734,0.0444231033325195,0.00179409980773926
530,1919.35822381452,1910.10962952439,2029.01300930949,43008.9058210211,73531.919754982,226571.009409264,0.0414469242095947,0.00191497802734375
531,1912.44416131452,1909.86937826354,2031.1152476437,43014.8611830618,73657.8752145767,226905.326564461,0.0448489189147949,0.00224614143371582
532,1915.90119256452,1910.75669294428,2028.74327671724,43009.8380756069,73493.1348962784,226468.875974566,0.0516669750213623,0.00183606147766113
533,1915.20978631452,1910.48910732167,2033.41166097336,43027.965567278,73734.99168396,227201.821342349,0.0469200611114502,0.00215697288513184
534,1915.90119256452,1911.21857754582,2028.3122916272,43016.5363710088,73482.8128023148,226491.307018623,0.0493950843811035,0.00173687934875488
535,1915.90119256452,1911.54032006136,2033.53698787299,43037.009005191,73772.9866762161,227332.573519796,0.0673441886901856,0.00198483467102051
536,1911.75275506452,1912.12500157711,2026.95689306907,43011.6208929056,73435.6404094696,226290.296577632,0.0487711429595947,0.00249290466308594
537,1915.20978631452,1911.77107620459,2033.93021754147,43033.2942468116,73776.012708664,227305.077989668,0.0461909770965576,0.00194120407104492
538,1915.20978631452,1911.59183235998,2027.74789239254,43009.6722231514,73458.3721733093,226384.654819772,0.0528018474578857,0.00211501121520996
539,1910.36994256452,1910.89314754556,2033.82395369694,43037.1779137807,73759.9613323212,227322.549299285,0.0546441078186035,0.00206804275512695
540,1919.35822381452,1910.85369058136,2028.92156904037,43024.6493750496,73501.2538156509,226541.378437042,0.0433809757232666,0.00252485275268555
541,1908.29572381452,1910.03926499832,2034.71918408622,43051.1896384317,73727.1657447815,227299.568718106,0.0519068241119385,0.00247406959533691
542,1904.14728631452,1909.90258915593,2033.39194858054,43054.3792485612,73606.3923168182,227005.781033367,0.0468051433563232,0.00321292877197266
543,1911.75275506452,1909.8099483735,2035.80498700089,43056.7395101618,73722.0266799927,227377.327784777,0.0520379543304443,0.00217008590698242
544,1909.67853631452,1910.50732253767,2036.17929069845,43070.6084446318,73668.2711372376,227367.391959369,0.0481688976287842,0.00318813323974609
545,1904.83869256452,1910.04696614354,2037.87140692602,43066.537465234,73740.8291378021,227525.640015915,0.0471789836883545,0.00223302841186523
546,1904.14728631452,1910.19346054457,2038.84136098201,43064.5080819709,73771.9780855179,227587.772681877,0.0718848705291748,0.00276803970336914
547,1915.20978631452,1909.90529966414,2035.72460866941,43057.2392707468,73660.7697286606,227257.972967222,0.0491299629211426,0.00280594825744629
548,1919.35822381452,1909.65877685049,2033.71462001663,43036.5038055009,73618.9692344666,227021.007586524,0.0531718730926514,0.00631499290466309
549,1909.67853631452,1910.26339671101,2036.75074346771,43055.3994011252,73759.8064441681,227439.043277323,0.054826021194458,0.00191092491149902
550,1902.07306756452,1916.58491835983,2031.52751976838,43038.1448917171,73381.1811685562,226389.063659102,0.0500221252441406,0.00206899642944336
551,1920.04963006452,1916.12881252086,2042.72165693852,43082.841915617,73968.0001096726,228125.927132547,0.0516769886016846,0.00202298164367676
552,1910.36994256452,1911.51169481428,2032.02613825873,43038.6698767858,73516.2717943192,226774.425297737,0.0451719760894775,0.0025031566619873
553,1915.90119256452,1909.84095156127,2034.95100834274,43039.3480585801,73710.6862401962,227228.259923682,0.0427689552307129,0.00191998481750488
554,1908.29572381452,1909.53744481816,2033.61352789739,43034.2925627311,73646.9665088654,227007.122208655,0.0770289897918701,0.0019831657409668
555,1907.60431756452,1909.47138830819,2033.29848439965,43032.7311948282,73626.0205183029,226936.75395599,0.0454709529876709,0.00220513343811035
556,1917.28400506452,1909.50285430562,2034.44817732174,43046.9055816342,73673.7269010544,227148.225083128,0.0716748237609863,0.00172710418701172
557,1911.75275506452,1909.70607014392,2032.59322980003,43037.9185116374,73592.8172273636,226891.509707034,0.0457398891448975,0.0024561882019043
558,1902.76447381452,1909.33007749806,2034.72686937015,43034.7316195476,73645.462302208,227070.016757339,0.0476679801940918,0.00263214111328125
559,1910.36994256452,1909.58155221401,2035.56671958937,43027.5261595416,73716.3053979874,227221.377282947,0.071638822555542,0.00195503234863281
560,1916.59259881452,1909.65938098645,2031.89983954059,43024.1830927085,73573.8893623352,226766.991627276,0.0462620258331299,0.0023798942565918
561,1911.75275506452,1910.81637989326,2036.12355472836,43041.2733391502,73767.1145076752,227328.076632261,0.0522069931030273,0.00247406959533691
562,1905.53009881452,1913.38222620481,2030.37630988895,43022.8574172067,73416.8216180802,226334.738034233,0.0740869045257568,0.00205302238464355
563,1915.20978631452,1912.9031623668,2037.14671410729,43043.0089192361,73829.6716890335,227458.409128517,0.0498001575469971,0.00252079963684082
564,1911.06134881452,1911.21831629116,2030.37751305462,43018.1864302293,73472.3763952255,226415.9801144,0.0479350090026856,0.002288818359375
565,1920.74103631452,1909.63476122909,2031.9060601808,43019.1803596034,73645.4559984207,226866.759061798,0.0765130519866943,0.00210189819335938
566,1909.67853631452,1909.97802205092,2030.52121589663,43019.7068747423,73539.9999370575,226620.762758747,0.0755012035369873,0.00303983688354492
567,1908.98713006452,1911.60356562969,2033.70850796809,43021.753132821,73752.5915212631,227124.989378393,0.0498790740966797,0.00232291221618652
568,1917.97541131452,1911.69973302049,2029.34656666555,43018.6040417891,73465.505569458,226435.201736271,0.046288013458252,0.00217199325561523
569,1910.36994256452,1912.45151729843,2035.59232958542,43025.4699688364,73814.0820922852,227362.064642593,0.0466170310974121,0.00274991989135742
570,1922.12384881452,1913.80165833657,2026.40691254403,43007.2270368611,73382.4243278504,226109.127200991,0.0354540348052979,0.00248599052429199
571,1914.51838006452,1910.69078723418,2032.38204220794,43022.2937599925,73726.5802717209,227110.328241929,0.0463578701019287,0.00197911262512207
572,1909.67853631452,1909.96215699832,2028.49291767988,43007.930711857,73542.6472883225,226559.205877617,0.0427021980285645,0.00232696533203125
573,1917.28400506452,1910.50435275066,2030.50316080436,43014.1183636008,73687.600812912,226958.356685698,0.0508267879486084,0.00334620475769043
574,1913.13556756452,1910.27491584881,2028.90948809177,43014.1408843897,73537.0070142746,226642.766456053,0.0791399478912354,0.00160503387451172
575,1916.59259881452,1909.8519230193,2032.22987805475,43034.0013488932,73688.7577838898,227145.309753492,0.0500249862670898,0.00211787223815918
576,1910.36994256452,1909.83704985549,2029.50166825014,43020.8310724722,73622.9268980026,226903.433709592,0.0533521175384522,0.00206208229064941
577,1908.29572381452,1909.80241290987,2029.34426936602,43017.8995796334,73602.5802488327,226825.463190302,0.0454840660095215,0.00265288352966309
578,1910.36994256452,1909.77453907065,2030.19122052821,43017.1722854549,73648.993265152,226942.214507327,0.0450379848480225,0.00290417671203613
579,1913.13556756452,1909.91015644594,2029.52841173266,43027.3440139782,73593.6403341293,226828.891688913,0.0371501445770264,0.00206899642944336
580,1913.13556756452,1910.33388943786,2030.65249306859,43024.9131798331,73685.0053606033,227027.358624637,0.082676887512207,0.00199198722839355
581,1907.60431756452,1911.02950607951,2026.34015919477,43010.5571466224,73491.8877182007,226427.449209899,0.0700299739837647,0.00230312347412109
582,1907.60431756452,1911.79295144006,2030.72437055777,43022.1512192974,73747.9503316879,227184.206346259,0.0518410205841065,0.0022270679473877
583,1912.44416131452,1911.23947377252,2025.90069983653,43001.9522554927,73473.4020280838,226303.871317372,0.051163911819458,0.00226998329162598
584,1913.13556756452,1912.11779840109,2031.90519184033,43021.436430382,73765.4032154083,227210.268945187,0.0681560039520264,0.0029909610748291
585,1912.44416131452,1914.84078405712,2024.95987054174,43000.7512321785,73352.720041275,226003.91253747,0.0443189144134522,0.00215721130371094
586,1915.90119256452,1913.68003803591,2033.31022860162,43030.1461510262,73811.869477272,227339.014097005,0.0454471111297607,0.00182485580444336
587,1915.20978631452,1911.5591099451,2028.34089297088,43029.6253201927,73490.276342392,226554.319855824,0.0468728542327881,0.00272703170776367
588,1914.51838006452,1910.96833045534,2032.74727499148,43036.1247380336,73750.3755054474,227284.349870086,0.067188024520874,0.00229382514953613
589,1916.59259881452,1910.93474647016,2029.68740879883,43028.8179067523,73529.071603775,226718.02766338,0.0468471050262451,0.00180602073669434
590,1906.91291131452,1911.37016209333,2034.0358342117,43039.1068230316,73785.9855766296,227425.565135941,0.0421459674835205,0.0022270679473877
591,1913.13556756452,1910.74042115854,2029.07486647042,43025.9638431526,73535.2975063324,226726.173119679,0.0419058799743652,0.00510406494140625
592,1912.44416131452,1910.26259070079,2033.69019481517,43042.2652656519,73739.0776329041,227355.058981314,0.0375680923461914,0.0032958984375
593,1913.82697381452,1910.04790219737,2031.09140244566,43030.4500558882,73585.2527112961,226894.273069203,0.0411930084228516,0.00260090827941895
594,1910.36994256452,1910.62645419051,2034.90531831532,43053.2357175837,73765.9847478867,227470.442955568,0.0435218811035156,0.00188207626342773
595,1913.13556756452,1910.15903055498,2030.68866795651,43030.8766037994,73563.6080408096,226799.464832306,0.0733389854431152,0.00165295600891113
596,1912.44416131452,1909.72407377839,2032.92149941124,43036.2850231353,73681.6554346085,227111.647996724,0.0444331169128418,0.00249505043029785
597,1910.36994256452,1910.04786083487,2029.2931754457,43022.5474674454,73558.7766647339,226687.087532595,0.0363118648529053,0.00215601921081543
598,1911.06134881452,1910.19562382501,2030.53125787903,43026.60374775,73652.3361787796,226900.841157198,0.0742580890655518,0.00331497192382813
599,1904.83869256452,1910.14857165746,2029.48014937672,43035.2764273673,73573.1824417114,226739.157437116,0.0503401756286621,0.00228595733642578
600,1907.60431756452,1911.17743931043,2031.5703067691,43037.1666358469,73705.4156141281,227047.446032807,0.0489788055419922,0.00205016136169434
601,1914.51838006452,1910.69991923732,2028.99226043478,43036.8307895451,73534.9461736679,226681.80779697,0.0553050041198731,0.00256609916687012
602,1920.04963006452,1914.07076399487,2035.73985093168,43045.227927175,73855.8138656616,227570.938948885,0.0527420043945313,0.00163602828979492
603,1913.82697381452,1914.50314644397,2028.80630496242,43038.7681282336,73423.0009460449,226482.530800372,0.0784909725189209,0.00231003761291504
604,1913.13556756452,1912.62976756335,2037.11435977479,43057.8394358723,73851.5747451782,227695.499986276,0.0507349967956543,0.00239205360412598
605,1915.90119256452,1910.43912402108,2029.59650275687,43020.7843067224,73534.0859384537,226666.036165759,0.0494410991668701,0.00564694404602051
606,1911.75275506452,1909.65300424069,2032.94622960462,43033.172174671,73677.4787511826,227086.936949909,0.0450470447540283,0.00213909149169922
607,1908.98713006452,1909.69426178348,2031.77661835113,43033.7367077257,73607.7110671997,226893.766357288,0.0491461753845215,0.00234580039978027
608,1909.67853631452,1909.73434706294,2032.37577213287,43030.8021894677,73593.1450777054,226875.412642226,0.0531089305877686,0.00229406356811523
609,1911.75275506452,1909.93726595819,2034.95315827052,43023.4198913835,73725.4600772858,227184.260830134,0.0481069087982178,0.00220298767089844
610,1911.75275506452,1909.51630033964,2032.51945268469,43011.0756426866,73654.0554075241,226921.866371706,0.0476119518280029,0.00229120254516602
611,1899.99884881452,1909.64769859531,2030.85744435874,43004.8183674304,73563.3923511505,226669.401983753,0.044640064239502,0.00200891494750977
612,1907.60431756452,1912.43643595092,2036.44158288449,43021.5520828493,73816.0689792633,227376.290363088,0.0529391765594482,0.00199294090270996
613,1915.90119256452,1914.02243170249,2027.66607056258,43000.0063823791,73373.8642053604,226080.224315941,0.0579738616943359,0.00192999839782715
614,1915.90119256452,1912.56725084156,2035.17306771873,43030.0888917829,73797.9840574265,227311.445188552,0.0553200244903565,0.0026850700378418
615,1916.59259881452,1911.07746122231,2027.63758668805,43013.4639629088,73483.8998317719,226360.950284436,0.0412650108337402,0.00168395042419434
616,1913.82697381452,1911.39779512757,2031.60333923422,43026.5739208011,73702.2609767914,226974.352507621,0.0767037868499756,0.00184917449951172
617,1920.74103631452,1911.20075613086,2029.35658768532,43032.0415629569,73499.1900606156,226574.277447507,0.0529851913452148,0.00223278999328613
618,1911.06134881452,1910.65696268916,2032.30031740915,43034.8848073891,73713.6250295639,227136.72276251,0.0600709915161133,0.00262117385864258
619,1908.98713006452,1910.28403177417,2029.24795065312,43022.9595205738,73538.5662727356,226617.356921673,0.0478420257568359,0.00242900848388672
620,1913.82697381452,1910.42603113498,2029.7721440537,43008.8133079239,73653.8651390076,226828.403218731,0.0394570827484131,0.00314784049987793
621,1918.66681756452,1909.90506855526,2028.61605228025,43008.9940821268,73561.299788475,226630.518671244,0.0444939136505127,0.0031130313873291
622,1911.75275506452,1910.05214138631,2029.60462719106,43007.7104801547,73631.2029075623,226766.140193388,0.0702919960021973,0.00275206565856934
623,1908.29572381452,1909.78745469325,2028.55608945042,43002.7495902485,73563.6099061966,226609.279223487,0.0530209541320801,0.00420308113098145
624,1908.98713006452,1911.13311102332,2031.85640087393,43005.5124926206,73736.663898468,227089.948999375,0.0730738639831543,0.00220298767089844
625,1913.13556756452,1912.36679113445,2027.45808050881,43004.5215717009,73431.5117292404,226284.331637114,0.0731489658355713,0.00221705436706543
626,1911.75275506452,1912.22888557073,2033.86512758791,43012.6009590105,73791.1669626236,227259.008208394,0.0485799312591553,0.00260710716247559
627,1915.90119256452,1914.10539228956,2025.77562467062,42998.322493525,73373.6358032227,226078.839461476,0.0557279586791992,0.00195121765136719
628,1913.82697381452,1910.94422602753,2032.08952213935,43003.1271401336,73727.1485557556,227023.96514757,0.0498640537261963,0.00239896774291992
629,1909.67853631452,1910.48091539636,2027.6796985401,42994.6789691842,73490.1378746033,226325.728013933,0.0515530109405518,0.00338196754455566
630,1920.74103631452,1909.97157829511,2030.99382800527,43015.4709596136,73664.9729566574,226904.509756431,0.0444698333740234,0.0029301643371582
631,1908.98713006452,1909.76829909502,2029.31367257858,43013.0858242088,73569.4743099213,226645.450270802,0.0416619777679443,0.00226712226867676
632,1912.44416131452,1909.53289530479,2030.81586682798,43022.6740461288,73613.4566411972,226861.932722792,0.0539600849151611,0.00255703926086426
633,1908.29572381452,1909.52244668837,2031.19440672425,43027.2833125127,73613.9521789551,226872.630709842,0.0538139343261719,0.00459408760070801
634,1915.20978631452,1909.63811035856,2031.85103392152,43033.8068053833,73644.4864244461,227044.442716092,0.0527148246765137,0.00265216827392578
635,1908.98713006452,1909.75832978202,2033.43324719336,43033.0900244523,73704.165266037,227196.654419243,0.0434091091156006,0.00203990936279297
636,1908.29572381452,1909.82462598359,2031.05283669799,43028.0225435785,73587.4100847244,226860.688879862,0.0476410388946533,0.00388383865356445
637,1913.82697381452,1910.66004471883,2035.05437063455,43044.7437679595,73768.3661031723,227391.39361012,0.0430381298065186,0.00201892852783203
638,1915.20978631452,1911.34003979492,2030.19619410733,43031.097120994,73503.079949379,226639.813380197,0.051386833190918,0.00173401832580566
639,1906.91291131452,1911.7379178296,2036.07902441098,43043.077885906,73808.0657749176,227476.076806709,0.0532710552215576,0.00208592414855957
640,1910.36994256452,1911.15771189066,2030.60855515943,43020.1716481265,73503.7747812271,226623.207441062,0.0496571063995361,0.00207304954528809
641,1911.06134881452,1910.34312917396,2033.95294351779,43032.6436428449,73743.0712356567,227267.972753465,0.0514299869537354,0.00277495384216309
642,1921.43244256452,1912.29138441321,2028.72299978369,43023.7893495178,73457.8050680161,226481.651837483,0.0576479434967041,0.00211811065673828
643,1911.75275506452,1912.87452804429,2035.36292442208,43035.8509247258,73832.2579174042,227503.972696722,0.0565500259399414,0.001708984375
644,1913.82697381452,1912.5741742453,2030.01972909811,43031.7175082531,73463.0762529373,226546.403726608,0.0679810047149658,0.0028538703918457
645,1914.51838006452,1910.63227967058,2034.36238700003,43044.7087544296,73753.523440361,227334.252929956,0.0549530982971191,0.00176000595092773
646,1906.91291131452,1909.89555250717,2031.62134359819,43046.7706589343,73592.55148983,226913.418667674,0.0475969314575195,0.00248003005981445
647,1916.59259881452,1910.32976158907,2033.89927653881,43057.0496310645,73725.8967094421,227259.703478694,0.0856919288635254,0.00163912773132324
648,1915.90119256452,1909.88312090822,2030.84665804225,43040.0277178837,73581.2281694412,226819.342124373,0.0806159973144531,0.00186514854431152
649,1916.59259881452,1910.00881792713,2030.64808752849,43035.9834636156,73652.2779922485,226968.801453844,0.0530500411987305,0.00177407264709473
650,1911.75275506452,1911.07673184506,2029.25621039683,43037.9357892196,73520.4524621964,226708.185216054,0.0622348785400391,0.00194501876831055
651,1907.60431756452,1910.458394685,2033.46560019422,43056.0311301672,73735.586648941,227372.605067179,0.0464999675750732,0.00264096260070801
652,1906.91291131452,1910.83346641241,2030.96913762,43052.1535507294,73563.5201435089,226932.094543606,0.0547409057617188,0.00207614898681641
653,1915.90119256452,1914.20372649927,2037.2568366368,43062.4396061926,73887.7662334442,227823.223756045,0.047109842300415,0.00183606147766113
654,1908.98713006452,1913.37927685996,2030.04852512181,43045.1282387865,73472.4919834137,226699.578154057,0.0528199672698975,0.00214695930480957
655,1909.67853631452,1912.11496025504,2036.90720198004,43056.4199325904,73840.1741504669,227743.594805285,0.0793070793151856,0.00211000442504883
656,1910.36994256452,1912.74174760052,2032.36802985905,43049.3177182169,73523.9502944946,226917.230300456,0.0546331405639648,0.00256490707397461
657,1909.67853631452,1912.67111160945,2039.82878520908,43071.6943525623,73879.1314601898,227916.810664788,0.0784318447113037,0.00188899040222168
658,1915.90119256452,1910.8937199169,2033.32105344659,43051.1543985044,73570.162481308,226982.105659545,0.0570869445800781,0.00295400619506836
659,1916.59259881452,1909.73140703096,2034.90310915837,43048.3957119715,73706.4401226044,227247.927283466,0.0546579360961914,0.00194501876831055
660,1901.38166131452,1909.87426283996,2033.50588409061,43041.8469654247,73594.4018735886,226946.342338711,0.0471508502960205,0.00207304954528809
661,1910.36994256452,1909.56736934496,2034.29412904427,43053.1994435404,73648.9667663574,227106.906331971,0.0593671798706055,0.0024268627166748
662,1906.22150506452,1909.83694091575,2032.14656853068,43041.816271492,73585.511592865,226858.958907977,0.0460569858551025,0.00220084190368652
663,1910.36994256452,1910.22069166674,2035.84413167369,43046.2559685285,73750.8239383698,227348.677067861,0.0500349998474121,0.00195479393005371
664,1917.28400506452,1910.79628023431,2031.91241178359,43041.1547792883,73528.7151851654,226725.641432434,0.0661821365356445,0.00174593925476074
665,1918.66681756452,1911.69810769495,2035.71871649375,43047.4367438554,73786.271109581,227373.743777767,0.0403439998626709,0.00268292427062988
666,1913.82697381452,1911.35814336467,2028.99524239979,43024.4008784525,73472.9021472931,226422.035363987,0.0453689098358154,0.00177001953125
667,1909.67853631452,1912.08372451821,2034.33131835504,43034.2019541242,73770.4325628281,227223.216010034,0.042360782623291,0.00226902961730957
668,1914.51838006452,1911.17451280072,2029.73687255206,43030.2449970982,73489.3417015076,226503.152131841,0.0679430961608887,0.00213885307312012
669,1903.45588006452,1911.66360471699,2035.26592566569,43049.4127736396,73769.1867351532,227263.428641141,0.0775599479675293,0.00305700302124023
670,1911.06134881452,1911.13624248454,2029.38983656822,43029.7299951715,73488.2069787979,226448.189581767,0.07322096824646,0.00235295295715332
671,1913.82697381452,1913.40240456036,2035.11544977896,43031.7177951544,73811.6551103592,227314.657674208,0.0486080646514893,0.00217008590698242
672,1917.97541131452,1912.29002364972,2028.300743618,43017.9690743783,73436.0492553711,226296.040382117,0.0576150417327881,0.00213885307312012
673,1914.51838006452,1910.55115291026,2032.91620979917,43025.3263229731,73713.6838035584,227085.608942628,0.0433440208435059,0.00178217887878418
674,1915.90119256452,1910.02297228452,2028.76668454241,43012.8674401518,73547.2334213257,226602.141364366,0.0793859958648682,0.0018761157989502
675,1913.13556756452,1910.05437211622,2028.98321969565,43009.735560991,73625.0150222778,226785.366771191,0.047551155090332,0.00195097923278809
676,1909.67853631452,1909.91408359465,2029.11065824506,43021.8873461832,73582.8751688004,226781.434304938,0.0561599731445313,0.00201797485351563
677,1906.22150506452,1910.29020268805,2031.39329505812,43025.5107526069,73702.106877327,227146.788538918,0.0505928993225098,0.00215411186218262
678,1913.82697381452,1910.19695820004,2031.38489589087,43047.2366231459,73588.4367017746,226959.59359853,0.0358569622039795,0.00174403190612793
679,1913.13556756452,1910.28933317462,2032.97044569943,43035.9924133838,73722.0473766327,227250.239623651,0.0478169918060303,0.00177812576293945
680,1919.35822381452,1913.40294136545,2027.15532809611,43017.3747773811,73416.3007879257,226343.810831815,0.050666093826294,0.00223588943481445
681,1919.35822381452,1912.36560354048,2033.36192944701,43034.0033953045,73790.8412437439,227352.815838456,0.042229175567627,0.00179481506347656
682,1913.13556756452,1912.10709159185,2029.41874423719,43029.3591886426,73484.8474884033,226626.440642327,0.0570080280303955,0.00219488143920898
683,1910.36994256452,1910.47361351654,2033.73790517872,43050.942236715,73743.2251243591,227405.372438401,0.0488009452819824,0.00201797485351563
684,1910.36994256452,1910.32341840886,2030.65585402766,43043.0154528134,73573.555644989,226908.600426689,0.0454390048980713,0.0035250186920166
685,1911.75275506452,1910.63482975651,2033.9581460928,43051.7756624493,73750.8301687241,227401.891626582,0.0524978637695313,0.0022740364074707
686,1913.13556756452,1910.69988795609,2029.35586539248,43036.2662687156,73537.4571084976,226755.408560917,0.0640420913696289,0.00206685066223145
687,1911.75275506452,1910.99055149783,2031.95790175966,43034.0867206409,73728.8116340637,227187.275168434,0.0480740070343018,0.00190091133117676
688,1908.98713006452,1910.9483427016,2028.13533875288,43023.5371573893,73507.8731555939,226608.671342477,0.0759508609771729,0.0022120475769043
689,1913.82697381452,1910.06557588308,2031.73835833836,43029.0478329624,73692.0383958817,227125.000687793,0.056765079498291,0.00311994552612305
690,1909.67853631452,1910.06064909752,2029.74814120505,43029.5239087054,73582.2499389649,226862.095342264,0.0598680973052979,0.00207185745239258
691,1906.22150506452,1909.96013037815,2032.10426174812,43037.2060083063,73685.3308382034,227200.063052788,0.0477888584136963,0.00205802917480469
692,1910.36994256452,1909.85320216665,2032.68637154957,43039.5884356255,73677.1513471603,227199.270848587,0.0517349243164063,0.00177097320556641
693,1904.83869256452,1909.8357629529,2031.60062073577,43030.1411709515,73669.685043335,227127.989196703,0.0692498683929443,0.00329494476318359
694,1899.30744256452,1910.21263110832,2030.92413443592,43016.1860129587,73695.1883535385,227144.382947043,0.0415298938751221,0.00161194801330566
695,1911.75275506452,1914.32254881236,2026.63886428387,43016.7482327223,73414.1669931412,226434.723548248,0.0542988777160645,0.0016169548034668
696,1914.51838006452,1915.71805159247,2034.39050817249,43037.6530472128,73883.7274560928,227683.111076444,0.0552859306335449,0.00200200080871582
697,1913.82697381452,1915.30933831958,2025.67036971619,43016.2062022152,73373.4721002579,226264.955200821,0.0495078563690186,0.00503110885620117
698,1911.75275506452,1910.06370646614,2029.57317745195,43022.7673978568,73651.1822290421,227048.889701113,0.0441701412200928,0.00167393684387207
699,1908.29572381452,1910.52591621863,2028.0622326851,43016.6823062239,73532.2997217178,226694.859955341,0.0530951023101807,0.00207996368408203
700,1906.91291131452,1911.1449841279,2032.42597144597,43035.5253859695,73750.526257515,227372.854078323,0.0484230518341065,0.00174593925476074
701,1908.29572381452,1911.0276226169,2032.4636694435,43032.8746554174,73745.7791604996,227365.403580338,0.0702140331268311,0.00233793258666992
702,1911.06134881452,1909.93232598329,2029.32665249313,43017.8131273946,73613.2969655991,226921.616733491,0.0365231037139893,0.00354099273681641
703,1926.27228631452,1909.87536121828,2030.24460610036,43016.2645816519,73646.5771684647,226981.340900555,0.0502309799194336,0.00187587738037109
704,1912.44416131452,1909.92350547214,2028.74728395579,43011.7207810299,73573.1681480408,226773.136519074,0.0460209846496582,0.00255298614501953
705,1910.36994256452,1911.47714760518,2031.9515917958,43019.5527606844,73747.8884048462,227240.175684318,0.0651259422302246,0.00200605392456055
706,1906.22150506452,1911.91627985885,2028.87332685881,43019.4530626279,73486.7080936432,226646.246328935,0.0454249382019043,0.00209498405456543
707,1913.82697381452,1914.02847727077,2035.41777648484,43033.673402893,73853.9395170212,227602.480897501,0.045788049697876,0.00232791900634766
708,1914.51838006452,1912.00115401384,2027.20591545339,43011.596077984,73457.9835939407,226469.553121567,0.0430209636688232,0.0017549991607666
709,1902.76447381452,1914.84034926466,2032.83679260635,43026.5480977338,73836.2979288101,227475.595551714,0.0467531681060791,0.00217199325561523
710,1906.22150506452,1914.93244803714,2025.55494166922,43016.1148203962,73374.4970178604,226245.095765829,0.0702409744262695,0.00204205513000488
711,1917.97541131452,1913.89048600051,2031.54946548006,43015.4123545288,73792.9704523087,227271.549350023,0.0538370609283447,0.0025639533996582
712,1909.67853631452,1911.02589977757,2026.91698220021,43012.3123298513,73491.8519773483,226477.270994097,0.0422539710998535,0.00205898284912109
713,1921.43244256452,1910.22511117807,2029.32896156985,43015.7993856587,73628.2587156296,226816.226990521,0.043677806854248,0.0016181468963623
714,1914.51838006452,1910.04973087164,2028.72121950075,43009.55209024,73606.536822319,226754.832424656,0.0508999824523926,0.00177001953125
715,1919.35822381452,1910.07004147153,2027.83020773101,43000.1548052106,73545.9039697647,226534.844099656,0.0509300231933594,0.0019991397857666
716,1913.82697381452,1910.44658408264,2030.22066025287,43012.2063591653,73678.9395332337,226952.752035946,0.0520570278167725,0.00165677070617676
717,1915.90119256452,1910.2118325934,2028.06260742611,43010.7147102457,73537.4922246933,226628.578005895,0.0732607841491699,0.00185322761535645
718,1904.83869256452,1909.88396191521,2030.66546890175,43015.1043821916,73674.2426404953,227066.358742476,0.0434041023254395,0.00226998329162598
719,1899.99884881452,1909.72856761062,2029.81954600312,43010.2814633608,73626.2082586288,226952.273970842,0.0557029247283936,0.00246000289916992
720,1915.90119256452,1909.71817958425,2030.57146963918,43018.4440580845,73648.7975616455,227022.775677338,0.0657539367675781,0.00185894966125488
721,1924.88947381452,1912.61059491205,2028.59422850036,43017.0079382403,73448.3126754761,226467.610681877,0.0456149578094482,0.00196218490600586
722,1917.28400506452,1913.15775509125,2033.93894486182,43023.6037122958,73809.262339592,227356.699381277,0.0499851703643799,0.00214982032775879
723,1913.13556756452,1911.59718169894,2028.20438505092,43018.4610324829,73469.6790342331,226462.155919194,0.0728340148925781,0.00197196006774902
724,1912.44416131452,1910.6283443899,2033.26368788814,43033.8185594681,73744.097070694,227298.8160754,0.0427148342132568,0.00208020210266113
725,1906.91291131452,1910.27317330561,2032.27893298223,43038.4984661367,73618.1910953522,227101.623064309,0.0461361408233643,0.0021967887878418
726,1911.75275506452,1910.67149393122,2034.45295802698,43038.7157214909,73761.6409511566,227438.511008233,0.078298807144165,0.00272607803344727
727,1911.06134881452,1909.98071493742,2030.84473191026,43027.6393234687,73591.4772758484,226927.154695079,0.044558048248291,0.00229001045227051
728,1907.60431756452,1909.94612379038,2032.5287827965,43025.6591520121,73700.2041730881,227204.349008754,0.0465929508209229,0.00175809860229492
729,1917.28400506452,1910.28439736896,2030.7880179985,43021.650524146,73554.8497104645,226786.226709858,0.0539379119873047,0.00284218788146973
730,1910.36994256452,1911.41514564148,2033.51880053703,43017.5016021726,73767.262345314,227280.673206672,0.0520541667938232,0.00194692611694336
731,1912.44416131452,1910.91580130198,2028.45453284112,43006.5053898985,73487.3495998383,226479.575827867,0.0596110820770264,0.00218105316162109
732,1906.91291131452,1910.11302634145,2031.72321345741,43016.7314982832,73695.4380226135,227089.587945238,0.0430200099945068,0.00167703628540039
733,1913.13556756452,1910.50043535019,2028.94903839633,43002.1700491166,73508.0465841293,226546.545648515,0.0553798675537109,0.00201916694641113
734,1911.06134881452,1910.5309737418,2030.66794099117,43000.1593259456,73684.5038499832,226925.600731671,0.0464150905609131,0.00201988220214844
735,1913.82697381452,1913.74878849394,2026.15472634578,42988.1662841143,73372.122961998,226071.528005466,0.0501120090484619,0.00184988975524902
736,1915.90119256452,1913.22016146706,2033.11449296724,43005.4950100986,73792.4921941757,227212.706503898,0.0653228759765625,0.00210404396057129
737,1915.90119256452,1911.89658027642,2026.51752206123,42988.7351814094,73420.0472536087,226160.955032006,0.0497770309448242,0.00175213813781738
738,1917.97541131452,1909.82809790588,2030.58988717396,43012.5166978655,73656.4240455628,226925.605673313,0.035984992980957,0.0019080638885498
739,1906.91291131452,1909.64071484132,2030.3626053979,43014.475040822,73583.4138011932,226771.158269823,0.052515983581543,0.00240898132324219
740,1911.75275506452,1909.59401753657,2031.31296562964,43019.8135662503,73643.3480920792,226988.095397219,0.0538020133972168,0.0030519962310791
741,1911.06134881452,1909.81803970287,2029.30070678746,43010.7915588581,73573.874165535,226755.203418657,0.0485689640045166,0.00206899642944336
742,1911.06134881452,1910.25865242213,2030.7018532736,43009.4305994845,73686.471613884,227015.395362675,0.0483360290527344,0.0022728443145752
743,1908.29572381452,1910.3386410339,2026.21159256582,42987.0574543633,73502.1310052872,226359.485129505,0.0577290058135986,0.00270199775695801
744,1919.35822381452,1909.74587614892,2029.82668105599,43010.8647085157,73631.5707197189,226865.374572173,0.0486330986022949,0.00185894966125488
745,1904.83869256452,1910.42152896178,2028.06291741419,43000.1832369628,73509.0687007904,226531.055438519,0.0512490272521973,0.00207281112670898
746,1913.82697381452,1910.18470435147,2032.03260767792,43010.1930630682,73701.9952487946,227047.258384839,0.0430741310119629,0.00200295448303223
747,1911.75275506452,1909.57792976752,2029.85074095947,43005.831191382,73569.8011264801,226647.579780906,0.0467629432678223,0.00186610221862793
748,1915.20978631452,1910.11882594989,2031.51691615975,43015.1934261349,73681.6145658493,226972.091926575,0.0410311222076416,0.00337886810302734
749,1906.91291131452,1910.38660459674,2029.47247382256,43011.0727455883,73514.6727228165,226550.552660733,0.0482327938079834,0.00202417373657227
750,1915.90119256452,1912.26202794963,2032.68987629587,43016.3681010804,73764.115193367,227165.387967482,0.0530359745025635,0.00267195701599121
751,1908.29572381452,1911.21143721162,2027.33061913144,43005.7611540837,73464.5281610489,226328.748907596,0.0499670505523682,0.00209784507751465
752,1913.82697381452,1910.35158397003,2032.28672461639,43031.0657077809,73694.2163934708,227020.548820913,0.0406038761138916,0.00160622596740723
753,1915.20978631452,1910.31345077787,2030.17833412647,43029.0920734257,73538.564414978,226653.698282018,0.0489168167114258,0.00252008438110352
754,1912.44416131452,1909.85824833969,2033.57154157473,43036.4700023312,73705.5764455795,227169.950643525,0.0477030277252197,0.00271081924438477
755,1905.53009881452,1909.58654075238,2032.87761502671,43031.2339655407,73621.8694171906,226963.465968594,0.0778059959411621,0.00204014778137207
756,1912.44416131452,1910.52002304675,2035.92631915411,43042.8234095222,73770.1337022781,227391.119319037,0.0668268203735352,0.00167322158813477
757,1909.67853631452,1913.19841196088,2029.84936645645,43023.9269713979,73442.7150506973,226451.914447963,0.0503430366516113,0.00278592109680176
758,1913.82697381452,1912.52821823006,2037.02020479896,43042.2813850784,73841.9674415588,227570.501210421,0.0514650344848633,0.00362992286682129
759,1910.36994256452,1912.79678478952,2028.61773275327,43014.4039544539,73427.2019538879,226303.580128029,0.0513019561767578,0.00176405906677246
760,1911.75275506452,1916.8197994657,2038.76884564561,43028.4019420479,73932.4326171875,227731.616748199,0.054379940032959,0.00290608406066895
761,1905.53009881452,1911.4695992022,2029.50368808762,42999.4085230026,73466.8987264633,226412.317488998,0.0496759414672852,0.00266408920288086
762,1911.06134881452,1911.1918232329,2033.33850687123,43001.1307272052,73757.9305448532,227156.883131355,0.0621671676635742,0.00339698791503906
763,1922.12384881452,1910.26380646014,2030.23920855368,43008.2781289503,73526.6236839295,226601.835958049,0.0660970211029053,0.00222611427307129
764,1918.66681756452,1909.48625545227,2033.00914863401,43026.7967630172,73667.6146821976,227081.794501767,0.0499300956726074,0.00232887268066406
765,1899.99884881452,1909.73577866774,2032.92998503749,43027.232054054,73606.5581989288,226944.188648835,0.0375728607177734,0.00190496444702148
766,1910.36994256452,1910.80486008414,2038.00510048754,43047.8871948931,73802.5674638748,227530.144711584,0.080582857131958,0.00392818450927734
767,1913.13556756452,1912.14733528375,2033.20315303967,43041.0443403824,73514.5220441818,226779.48539184,0.0528960227966309,0.00203514099121094
768,1914.51838006452,1913.2709271934,2040.21434772696,43055.8461545157,73887.3294591904,227774.607027873,0.0470359325408936,0.00228595733642578
769,1917.28400506452,1910.82552675823,2032.32704557677,43040.5469306546,73538.5302934647,226784.796263769,0.0750350952148438,0.0020139217376709
770,1913.82697381452,1910.18543726053,2036.62001324741,43051.3078707837,73758.9443664551,227452.702786446,0.0507721900939941,0.00188088417053223
771,1913.13556756452,1909.85799547251,2033.49312325719,43048.6072111478,73604.0227241516,226988.097455442,0.0486030578613281,0.00332188606262207
772,1914.51838006452,1909.66650315507,2033.96057568811,43049.1366089415,73679.6234197617,227149.956870228,0.0359020233154297,0.00174784660339355
773,1906.22150506452,1909.64937193567,2033.56566577448,43047.4653034242,73666.1299266815,227081.75422129,0.0447731018066406,0.00181984901428223
774,1904.14728631452,1909.6517147689,2032.9310093066,43045.7753768183,73644.4814863205,226978.487759918,0.0484099388122559,0.00200295448303223
775,1903.45588006452,1909.81783898854,2032.99422612455,43044.6716004636,73668.4663877487,227017.475777194,0.0523159503936768,0.00255322456359863
776,1906.91291131452,1909.66185253939,2034.58151868736,43061.687016722,73676.8785438538,227135.626638532,0.0535049438476563,0.00308394432067871
777,1909.67853631452,1910.11918378255,2036.22623220344,43063.6296899774,73737.5889377594,227312.535097569,0.0524051189422607,0.00215387344360352
778,1903.45588006452,1909.65855875145,2034.95962758884,43060.3713218699,73619.4351654053,227016.39702116,0.0425059795379639,0.0017850399017334
779,1915.20978631452,1912.13858016691,2039.5305029252,43070.9462127788,73845.7150497437,227665.488264486,0.079913854598999,0.00209999084472656
780,1915.90119256452,1914.97228801207,2030.1140157486,43034.1071119418,73378.995010376,226239.003033042,0.0698888301849365,0.00186800956726074
781,1922.12384881452,1913.47984028594,2037.939887328,43054.4976568942,73852.237028122,227590.405056045,0.0512778759002686,0.00247406959533691
782,1920.04963006452,1910.97429671325,2031.40044406672,43038.3499719946,73525.4186725617,226752.278388903,0.049839973449707,0.00222516059875488
783,1910.36994256452,1910.12489884542,2034.97694091493,43049.7616166208,73726.6525659561,227290.208254635,0.0479171276092529,0.00265884399414063
784,1919.35822381452,1909.80513104897,2031.18564316599,43031.8010494532,73585.9177312851,226855.093010679,0.0467510223388672,0.00201988220214844
785,1906.91291131452,1909.76901751491,2034.7978369334,43044.1423702033,73704.2841567993,227265.890185773,0.0494740009307861,0.00204110145568848
786,1913.82697381452,1909.57047268459,2033.20708710189,43034.2351239985,73661.9908361435,227104.19147493,0.0778779983520508,0.00204205513000488
787,1913.13556756452,1909.75956049693,2030.59684870973,43024.5404724407,73585.5196437836,226786.149894953,0.0440599918365479,0.00205898284912109
788,1908.29572381452,1909.67453546842,2032.27381969283,43041.4636566185,73641.6868448258,227055.245855749,0.0385332107543945,0.00210189819335938
789,1908.29572381452,1909.71707075249,2033.74164516936,43054.3503142867,73667.420384407,227201.665130839,0.0526249408721924,0.00278496742248535
790,1913.82697381452,1909.58446742966,2033.33072497377,43038.335312016,73664.8349256516,227121.909011126,0.0529758930206299,0.00285506248474121
791,1911.06134881452,1909.84624829124,2033.24861121832,43031.8836133027,73692.9152479172,227144.938874602,0.0485279560089111,0.00310301780700684
792,1907.60431756452,1909.65308932662,2031.27907284155,43024.5426000722,73610.7201576233,226933.625804141,0.0420660972595215,0.00176095962524414
793,1909.67853631452,1910.22998482475,2032.6339812155,43031.0816371623,73716.9418268204,227252.337441295,0.0686829090118408,0.0020139217376709
794,1909.67853631452,1911.1622663604,2029.36339600033,43021.3742489051,73509.4731998444,226684.935432792,0.0478570461273193,0.0022270679473877
795,1913.82697381452,1917.33153684639,2037.12098164729,43031.5924719352,73927.7221698761,227779.050302684,0.0723807811737061,0.00243115425109863
796,1911.06134881452,1911.75699150783,2027.96816750293,43009.9816171311,73473.9630594254,226533.425002381,0.0407090187072754,0.00237798690795898
797,1913.82697381452,1909.72457673293,2032.01663360834,43015.6916744498,73680.2763938904,227086.292519063,0.0443429946899414,0.00260519981384277
798,1911.75275506452,1912.98021320943,2026.47786816662,42998.4076132843,73400.1419677734,226182.297513202,0.0564548969268799,0.00215506553649902
799,1906.22150506452,1911.56597206848,2032.49570193518,43006.0140929056,73758.6203546524,227206.360607907,0.0565159320831299,0.00261998176574707
800,1910.36994256452,1913.58289819695,2026.37638774731,42986.948012313,73368.6688842774,226031.585749343,0.0556259155273438,0.00315308570861816
801,1917.28400506452,1913.51893250782,2036.75719312613,43024.2588331462,73855.8420381546,227551.520589501,0.0467309951782227,0.00229096412658691
802,1915.90119256452,1910.70920259819,2029.66766272067,43006.3075977186,73511.1453027725,226596.966554597,0.0671629905700684,0.00259304046630859
803,1913.82697381452,1910.23587462296,2033.25808899406,43018.0784882195,73722.1477327347,227150.925580323,0.056041955947876,0.00284600257873535
804,1913.82697381452,1909.89859509697,2029.81969763855,43012.8305637328,73551.3737392426,226674.897463664,0.0529909133911133,0.00281000137329102
805,1908.29572381452,1909.38751184257,2031.36050172892,43011.8718132497,73620.5511388779,226836.985382587,0.070073127746582,0.00264883041381836
806,1908.29572381452,1909.59404665463,2033.32847350407,43026.2970143404,73683.6561479569,227123.167314634,0.0461640357971191,0.00195193290710449
807,1911.06134881452,1909.43545081345,2031.78020113172,43017.0592586171,73617.0699682236,226901.33478716,0.0446341037750244,0.00448989868164063
808,1908.29572381452,1909.35951437236,2032.64437733217,43017.5456608461,73638.5564861298,226968.920811802,0.0467250347137451,0.0024261474609375
809,1908.29572381452,1909.39769351472,2031.55492513534,43005.0458248576,73587.5969324112,226768.250908047,0.0525290966033936,0.00217580795288086
810,1914.51838006452,1909.61553443807,2033.15743486393,43010.2224182021,73687.4052782059,227005.151701957,0.0747621059417725,0.00271701812744141
811,1917.97541131452,1910.02661384029,2028.72147491315,42995.8634744618,73519.600569725,226495.408586443,0.0659890174865723,0.00208783149719238
812,1913.82697381452,1910.65278892423,2033.6287019584,43015.741958267,73734.4370727539,227122.062195242,0.0576980113983154,0.00228404998779297
813,1913.82697381452,1910.62217307159,2029.02535924037,43007.3093744017,73494.3124418259,226458.113354966,0.0647408962249756,0.00226211547851563
814,1911.75275506452,1912.57108617127,2035.02268945649,43023.5375027686,73818.0599145889,227426.534886673,0.0773830413818359,0.00227689743041992
815,1908.29572381452,1911.18969902172,2032.10622633827,43034.5755483742,73550.8289842606,226882.397084177,0.0649340152740479,0.00279092788696289
816,1911.75275506452,1910.66065045891,2036.22831608334,43045.9400796691,73785.1335468292,227552.783812672,0.0593359470367432,0.00464200973510742
817,1910.36994256452,1910.29993605649,2032.13318881992,43030.5382391622,73586.3685331345,226959.796134666,0.0577609539031982,0.0020139217376709
818,1913.82697381452,1910.91006609117,2035.28118334016,43040.4111307541,73780.9526529312,227479.813184738,0.0567469596862793,0.0029599666595459
819,1906.91291131452,1912.34560531792,2028.67873967745,43016.5817042221,73454.0003871918,226480.094959423,0.0666091442108154,0.00219297409057617
820,1907.60431756452,1910.40566697949,2033.47761663406,43030.1612964754,73735.2783727646,227285.352063075,0.053685188293457,0.00194382667541504
821,1911.06134881452,1911.04911149534,2029.48645616084,43021.2977524909,73528.4694728851,226753.851071492,0.0402638912200928,0.0019230842590332
822,1922.12384881452,1910.88238504154,2032.41102764071,43036.2956907985,73740.0320100784,227277.245762274,0.0493671894073486,0.0019538402557373
823,1909.67853631452,1909.95880845292,2029.78368463079,43025.278316018,73572.4527015686,226786.75019069,0.0777671337127686,0.00231599807739258
824,1898.61603631452,1910.10025053076,2032.97825900197,43038.9620219717,73715.9719924927,227271.551864401,0.0467619895935059,0.00174593925476074
825,1902.76447381452,1910.57172804629,2032.1222812675,43022.3397170999,73734.6061239243,227257.114427567,0.0497510433197022,0.00279903411865234
826,1897.92463006452,1909.76119974009,2031.10717298469,43026.333850145,73625.2643470764,227022.22600472,0.0732498168945313,0.00225400924682617
827,1907.60431756452,1911.11902254046,2033.48537145329,43038.756173889,73771.3976583481,227410.152804643,0.0743889808654785,0.00182890892028809
828,1911.06134881452,1910.4228136807,2028.93734494917,43018.6417083254,73538.1480894089,226689.561075956,0.0790250301361084,0.0020599365234375
829,1917.28400506452,1909.99198548772,2029.20650907282,43016.6997109639,73621.8273925781,226838.831396774,0.0511329174041748,0.00210690498352051
830,1915.90119256452,1909.94850815905,2028.8979693208,43018.9872039807,73579.5322599411,226779.84698759,0.0489108562469482,0.00192904472351074
831,1906.91291131452,1910.69087360884,2032.37956655028,43033.5718335659,73743.4893846512,227311.961980432,0.051347017288208,0.00189399719238281
832,1930.42072381452,1914.5442990189,2025.54377413581,43003.1417232288,73365.1695222855,226102.214575678,0.0500659942626953,0.0019829273223877
833,1917.97541131452,1915.36017546732,2037.20672231768,43039.7387524605,73901.7239170075,227731.28915216,0.0712490081787109,0.00232720375061035
834,1915.20978631452,1913.79498556241,2028.97701938201,43024.4888488273,73422.9867868424,226418.713019565,0.0452010631561279,0.00182795524597168
835,1911.75275506452,1910.75741576545,2032.92951602609,43028.1198104579,73740.5422105789,227231.234081388,0.073742151260376,0.00244688987731934
836,1906.91291131452,1910.1703739645,2029.99473364096,43010.5152202377,73536.9843111038,226665.497608811,0.0672290325164795,0.00206184387207031
837,1906.91291131452,1915.13575947744,2037.02252813448,43024.9903593487,73889.7145090103,227634.591348082,0.0453031063079834,0.00237393379211426
838,1914.51838006452,1911.21600116243,2028.82318592504,43009.1562754642,73487.7889719009,226534.346241757,0.0591921806335449,0.00269985198974609
839,1902.76447381452,1910.30625849288,2034.05859272389,43024.2243395177,73752.7725934982,227350.624175757,0.0439441204071045,0.00167584419250488
840,1915.90119256452,1910.36450452201,2030.17588444021,43019.7797878514,73551.6867408752,226785.368545949,0.046518087387085,0.00169181823730469
841,1923.50666131452,1909.66917533311,2031.08164675939,43022.092774718,73652.9986333847,226997.49557595,0.0694859027862549,0.00245213508605957
842,1908.29572381452,1909.73541053629,2030.25799412046,43014.382571521,73647.0929460526,226951.789469302,0.0467331409454346,0.00197696685791016
843,1916.59259881452,1910.14862582164,2027.93760773559,43018.2426376857,73560.9672603607,226701.028892636,0.0567469596862793,0.00204205513000488
844,1908.29572381452,1909.81147420532,2028.81690475706,43013.7181155198,73600.4712743759,226791.969940916,0.090613842010498,0.00185108184814453
845,1904.83869256452,1910.14830360839,2029.71195936705,43012.008853575,73671.3556051254,226992.010300592,0.0371031761169434,0.00239300727844238
846,1912.44416131452,1909.88770628516,2029.84247211459,43012.2074955769,73578.7891168594,226825.276717797,0.0418298244476318,0.00207614898681641
847,1915.20978631452,1910.18648305656,2032.36334110408,43026.667444127,73718.9702939987,227243.638797432,0.0770280361175537,0.00174999237060547
848,1901.38166131452,1910.09714658612,2032.50969359851,43019.1087363938,73716.9686231613,227233.651983753,0.0440998077392578,0.00172305107116699
849,1916.59259881452,1910.22904937944,2029.14746376061,43014.874958492,73554.0726442337,226768.793083906,0.0510799884796143,0.00208711624145508
850,1908.29572381452,1912.12344153531,2035.69468648722,43030.7381406395,73826.9441967011,227593.085279852,0.050307035446167,0.00168299674987793
851,1906.91291131452,1915.60536008781,2026.56986994266,42994.8396699626,73353.7716217041,226143.646110237,0.0625278949737549,0.00256800651550293
852,1925.58088006452,1911.48579254562,2032.77413982769,43001.903413074,73754.2831630707,227173.45611012,0.0586791038513184,0.00287699699401855
853,1907.60431756452,1909.54961618926,2029.0793237529,42992.8792787712,73590.3615779877,226761.398462579,0.0433318614959717,0.00234508514404297
854,1904.83869256452,1909.73332786489,2031.15252871299,43003.219051653,73679.8928098679,227086.444190696,0.0469300746917725,0.00267910957336426
855,1920.74103631452,1914.05721525901,2026.2207499539,42990.3512540272,73378.753868103,226159.676872507,0.0548608303070068,0.00245904922485352
856,1911.75275506452,1913.33898948813,2035.68268560066,43033.0525400763,73860.8280792236,227689.168649912,0.0487470626831055,0.0021669864654541
857,1923.50666131452,1911.54448793949,2028.38439887328,43010.7464599983,73482.7506570816,226544.718793556,0.0649800300598145,0.00236701965332031
858,1906.91291131452,1911.10739931648,2036.08317287273,43043.6961099354,73797.7449083328,227619.231233925,0.0536949634552002,0.00198602676391602
859,1917.28400506452,1910.31610105231,2031.05361874271,43022.2381851905,73570.5555086136,226876.687983498,0.048835039138794,0.00203895568847656
860,1899.99884881452,1909.69453216475,2032.82821221214,43021.1009719702,73664.1458387375,227147.598459348,0.0704059600830078,0.00216007232666016
861,1907.60431756452,1909.60231849291,2031.86349956076,43009.0147256654,73668.0184955597,227062.20779784,0.0491130352020264,0.00211882591247559
862,1920.74103631452,1909.64588652479,2029.36208430069,43000.5187517375,73612.0726575852,226811.835123777,0.0664830207824707,0.00248312950134277
863,1913.13556756452,1909.67210784221,2029.13242831519,43001.5054440935,73575.9197835922,226706.337461695,0.075843095779419,0.00235390663146973
864,1910.36994256452,1910.02586376947,2029.25924772125,42999.8926127969,73636.2975845337,226823.790590122,0.0483329296112061,0.00195097923278809
865,1897.92463006452,1910.2096704169,2026.11253192624,42980.53010821,73551.5492515564,226493.383916348,0.0462429523468018,0.00220203399658203
866,1914.51838006452,1909.94858999162,2029.54323710947,42996.4321043197,73664.284825325,226943.12880373,0.0466489791870117,0.00200796127319336
867,1921.43244256452,1913.75963195105,2024.92189162395,42979.3971513351,73362.553401947,225998.933015227,0.0631899833679199,0.00311708450317383
868,1911.75275506452,1914.53598228915,2031.75233000369,42993.2829771559,73802.0490474701,227186.763935253,0.0511240959167481,0.00263381004333496
869,1924.88947381452,1913.82702661346,2025.03125463839,42996.6886030608,73370.0676488876,226045.037070528,0.0695681571960449,0.00214791297912598
870,1916.59259881452,1911.15339459698,2031.79125188513,43017.6751137675,73741.3878459931,227179.616640151,0.0556018352508545,0.00295209884643555
871,1912.44416131452,1910.14664030246,2027.77084930146,43005.3346786113,73528.727262497,226533.343354568,0.0623619556427002,0.00186014175415039
872,1911.75275506452,1909.70793427232,2029.27249366129,43001.4941177135,73600.7572784424,226672.662847146,0.0726871490478516,0.00281095504760742
873,1911.75275506452,1909.82719241306,2030.85556522481,43010.101497378,73668.4327297211,226953.316865608,0.039247989654541,0.00165104866027832
874,1906.22150506452,1910.09796253596,2027.46485953004,42999.2456057241,73529.2918558121,226522.452475309,0.0395159721374512,0.00223803520202637
875,1912.44416131452,1909.61393187472,2030.40710230672,43015.9309536904,73635.2593002319,226933.864309624,0.046457052230835,0.00212812423706055
876,1907.60431756452,1909.50821731197,2030.70118936649,43014.6079290956,73630.743639946,226888.635479048,0.0535938739776611,0.00466299057006836
877,1914.51838006452,1909.90254025424,2031.04864748913,43018.6058979512,73562.9230394364,226747.72456497,0.0510661602020264,0.00279402732849121
878,1908.98713006452,1909.74290742743,2034.41042413472,43038.7064696863,73711.3416881561,227253.688362777,0.0506339073181152,0.00319910049438477
879,1920.74103631452,1909.67472268977,2031.7793257501,43035.7604996853,73627.0626277924,226994.185924798,0.0633869171142578,0.00227594375610352
880,1915.20978631452,1909.76901461562,2032.71336781855,43027.7622026384,73689.6736459732,227094.624456346,0.0418031215667725,0.00176286697387695
881,1910.36994256452,1910.65999365359,2031.06701368562,43031.6387056439,73538.4329013825,226757.856895149,0.0511279106140137,0.00339007377624512
882,1909.67853631452,1910.9045846175,2035.72744279138,43044.5918786354,73783.0833234787,227436.726628467,0.0623571872711182,0.00208497047424316
883,1909.67853631452,1914.02341255206,2028.72446267927,43019.5857267724,73396.1961231232,226255.734414175,0.0433320999145508,0.00316095352172852
884,1907.60431756452,1913.26766178098,2038.26627693863,43053.0682239929,73866.2276000977,227650.110437498,0.0442149639129639,0.00203704833984375
885,1913.82697381452,1911.70828089587,2033.25205128613,43043.5028141877,73536.660531044,226857.452851787,0.0518069267272949,0.00234293937683105
886,1913.82697381452,1911.45266860793,2038.33501615591,43055.8474168863,73831.3719491959,227653.153436959,0.0380129814147949,0.00167298316955566
887,1914.51838006452,1911.39959582994,2030.71035869713,43020.8702018076,73479.6512231827,226498.208994642,0.0463721752166748,0.00180292129516602
888,1914.51838006452,1911.94540450419,2037.25531572286,43052.3421075347,73828.1840114594,227574.952905193,0.0519089698791504,0.00183701515197754
889,1914.51838006452,1910.71126953981,2030.07936691693,43022.1501144674,73510.924785614,226590.716018453,0.06278395652771,0.00204205513000488
890,1912.44416131452,1910.00054523921,2032.65861865824,43018.5727529802,73695.7902641296,227031.42601487,0.0539569854736328,0.00220108032226563
891,1915.90119256452,1910.4356369553,2027.7724946138,42994.1551449147,73496.4375038147,226302.252910435,0.062114953994751,0.00247812271118164
892,1904.83869256452,1910.27499947589,2030.92191536716,42990.9926617839,73650.7166166306,226714.772848204,0.0478019714355469,0.00191402435302734
893,1911.75275506452,1909.74255457878,2028.54533556568,42984.9840008651,73527.6376008988,226405.441839665,0.047774076461792,0.00204801559448242
894,1914.51838006452,1910.73905380041,2032.72326555476,43009.3212315348,73730.898267746,227079.912865371,0.0529279708862305,0.00210905075073242
895,1905.53009881452,1909.76003186054,2030.83503990457,43011.7860686438,73555.6566028595,226688.229161575,0.0658879280090332,0.00230503082275391
896,1913.82697381452,1909.74738707823,2032.26344136814,43008.3284498487,73690.3319072723,226994.522616357,0.0499629974365234,0.0020899772644043
897,1911.75275506452,1909.69118006747,2028.103888463,42986.7168375096,73553.2109661102,226481.006933257,0.0474488735198975,0.00197505950927734
898,1909.67853631452,1910.32091799132,2031.01238200084,42989.0377642723,73684.0089483261,226855.564006105,0.0499598979949951,0.00188899040222168
899,1906.91291131452,1910.00018792488,2027.50727546644,42973.4692372858,73493.892083168,226256.280629262,0.0404958724975586,0.002655029296875
900,1910.36994256452,1909.84756912805,2030.12769875805,42986.9039000137,73643.801823616,226725.087378413,0.0553739070892334,0.00205206871032715
901,1906.22150506452,1909.32530185668,2029.66727367205,42991.6033865643,73561.8964643478,226581.686914071,0.0722880363464356,0.00173592567443848
902,1911.06134881452,1909.67535148279,2031.36825797164,42999.9450448843,73671.8440093994,226888.082228929,0.0518488883972168,0.00205302238464355
903,1901.38166131452,1910.17178884558,2029.35672236925,42989.313436399,73490.2770709992,226364.005313143,0.0511579513549805,0.00223302841186523
904,1915.90119256452,1911.31131298752,2035.50528992686,43021.1229373746,73793.4369897842,227318.038749889,0.0429589748382568,0.00174522399902344
905,1917.28400506452,1912.70258883499,2027.59043459754,42998.4916310864,73410.6348600388,226186.964554295,0.0476150512695313,0.00218987464904785
906,1907.60431756452,1910.68970529783,2032.3112934928,42997.8235071363,73728.9350233078,227013.352259353,0.075732946395874,0.00173020362854004
907,1908.29572381452,1909.18580115631,2029.58798247973,42987.2276388365,73575.916639328,226579.930319384,0.04315185546875,0.00202107429504395
908,1915.90119256452,1909.71482415652,2033.81271798417,43022.3609419414,73722.2172422409,227221.720775381,0.0473620891571045,0.00236296653747559
909,1913.82697381452,1909.74490881062,2030.22593659389,43010.3791049709,73562.1123638153,226707.208939269,0.0511989593505859,0.00161194801330566
910,1913.82697381452,1910.41349234869,2031.95007164442,43004.7846626097,73714.7298984528,227022.460047558,0.0515661239624023,0.00197196006774902
911,1908.29572381452,1914.46007153437,2025.74912675553,42997.6662416445,73355.3941402435,225998.413340151,0.0630931854248047,0.00214385986328125
912,1909.67853631452,1914.13343917017,2033.04332234436,43010.0763055888,73815.663025856,227246.171002507,0.0417971611022949,0.00164985656738281
913,1914.51838006452,1914.05935380914,2024.1708764222,42980.0772914266,73341.9360923767,225837.939837173,0.0427491664886475,0.00212383270263672
914,1916.59259881452,1912.15319237598,2031.4906073213,42999.3031244164,73763.9291725159,227112.045164421,0.0483949184417725,0.00271010398864746
915,1922.81525506452,1910.34284627141,2026.2604679886,42993.0393539182,73508.1952323914,226428.763613254,0.0515120029449463,0.00166106224060059
916,1913.82697381452,1910.20139557825,2029.65548702303,43009.1395047033,73674.1096076965,226923.127700061,0.0496959686279297,0.00250697135925293
917,1911.75275506452,1910.3135599287,2029.75671388741,43023.945034886,73576.2696399689,226857.494201258,0.0451300144195557,0.00220799446105957
918,1904.83869256452,1911.78569919104,2035.14552296218,43049.2876650653,73820.467215538,227642.703146532,0.0861899852752686,0.00208210945129395
919,1917.28400506452,1911.20896350293,2027.73063214979,43014.0729006355,73499.9142656326,226570.60238038,0.047698974609375,0.0044710636138916
920,1915.20978631452,1909.68684611774,2032.35188797127,43028.9066405879,73679.7309856415,227139.920524448,0.0486650466918945,0.00346112251281738
921,1911.75275506452,1910.0619894764,2032.19235604391,43037.1054020447,73630.697930336,227085.315982089,0.0735058784484863,0.0023801326751709
922,1908.29572381452,1910.45667508992,2035.78264816871,43042.6029066144,73770.6501750946,227454.868721515,0.0480020046234131,0.00197196006774902
923,1915.90119256452,1909.35856720123,2031.61402147515,43019.2202073139,73613.4349784851,226853.202827007,0.0452280044555664,0.00164580345153809
924,1906.91291131452,1909.6646653424,2031.42883164591,43013.0864758476,73664.7003602982,226936.313330829,0.0448999404907227,0.00176405906677246
925,1911.06134881452,1909.44714726832,2032.07372923356,43020.4789856543,73638.535284996,226987.577558428,0.0497078895568848,0.00210094451904297
926,1914.51838006452,1909.2797469569,2031.80771236463,43002.151802913,73645.2411022186,226897.544700295,0.0770590305328369,0.00202512741088867
927,1909.67853631452,1910.54210016851,2029.28651740817,42992.7715341577,73489.2881040573,226447.18272455,0.0462608337402344,0.00189208984375
928,1911.75275506452,1913.06090914655,2036.38572632211,43022.8424757785,73843.5057430267,227517.332806423,0.0479462146759033,0.00207877159118652
929,1915.90119256452,1913.06382560817,2029.1751995099,43011.5746194381,73430.6896162033,226384.687526837,0.0473330020904541,0.00194001197814941
930,1915.90119256452,1911.29858268564,2035.61554083769,43032.1471504996,73793.0196771622,227407.604686245,0.0427260398864746,0.00459599494934082
931,1907.60431756452,1910.35262625197,2030.99271767391,43012.0879685371,73520.6429128647,226605.083973244,0.051192045211792,0.00276279449462891
932,1910.36994256452,1909.68741144679,2034.40900648342,43020.3257693622,73713.8492431641,227141.582711607,0.05194091796875,0.00205802917480469
933,1902.76447381452,1909.26953171794,2031.13718491285,42993.4049908879,73555.8510246277,226539.717524707,0.0435919761657715,0.00253891944885254
934,1917.28400506452,1909.27082621129,2031.48071808792,42995.8954680039,73626.4905376434,226745.661022708,0.0701301097869873,0.002288818359375
935,1906.91291131452,1909.27621669009,2030.89151976448,43002.8540681054,73589.6392173767,226685.579269558,0.0513670444488525,0.00188612937927246
936,1926.27228631452,1909.43107054475,2032.66176306268,43025.1644373142,73651.3441581726,227021.17824465,0.0467908382415772,0.00224900245666504
937,1913.13556756452,1909.47959901926,2032.65433370621,43026.162813817,73641.5461502075,227030.0272706,0.0466208457946777,0.0024261474609375
938,1906.22150506452,1909.54762818315,2032.94356919177,43030.1618075828,73649.1394472122,227073.865546614,0.0707781314849854,0.00226283073425293
939,1912.44416131452,1909.46833646824,2030.84162356783,43012.7334011706,73618.7088670731,226832.340526342,0.0535171031951904,0.00181198120117188
940,1910.36994256452,1909.85423631658,2029.2056047235,42999.2634605031,73605.9566955566,226664.859393433,0.0534160137176514,0.00213885307312012
941,1916.59259881452,1909.9259032677,2028.52931255956,42995.9259947682,73587.4434766769,226580.521642447,0.0489859580993652,0.00208497047424316
942,1902.76447381452,1910.57082042809,2026.24675135427,42978.3952806874,73477.6566534042,226166.431020841,0.0443730354309082,0.00201010704040527
943,1916.59259881452,1910.82731226605,2028.00523193504,42992.8235533335,73616.8184890747,226586.606362268,0.0442409515380859,0.00200986862182617
944,1904.83869256452,1912.28935855333,2024.87399983385,42991.1414883231,73407.3321781159,225990.387619883,0.0472638607025147,0.00240302085876465
945,1913.82697381452,1921.11317412478,2037.36934969431,43042.6368907366,73960.0884914398,227748.340426654,0.0718820095062256,0.00216197967529297
946,1921.43244256452,1912.86228984403,2027.00063688536,43018.8893195971,73423.1680192947,226298.797781602,0.0478789806365967,0.00200390815734863
947,1910.36994256452,1910.35025913324,2032.80834598327,43048.4789747503,73717.8897171021,227236.161161661,0.0496311187744141,0.00222492218017578
948,1906.22150506452,1910.01598477901,2029.38426081908,43030.6680115231,73586.6709089279,226771.530139431,0.0450489521026611,0.00238418579101563
949,1906.91291131452,1910.0440163673,2032.07889881442,43036.251664675,73687.0297222138,227085.940099627,0.0444760322570801,0.00244283676147461
950,1908.98713006452,1909.64471181706,2031.77149929402,43037.3467067135,73623.7255802155,226949.079358816,0.0516958236694336,0.00202608108520508
951,1905.53009881452,1909.45410959822,2033.277192035,43040.4042592148,73641.8518266678,227012.709275052,0.0808718204498291,0.00219917297363281
952,1906.22150506452,1909.2319938175,2033.51840717848,43027.1926011679,73633.0461320877,226950.823397845,0.0457470417022705,0.00203680992126465
953,1914.51838006452,1910.33517261185,2035.88775872803,43042.5523323051,73761.7241687775,227358.870862991,0.0428638458251953,0.00283503532409668
954,1911.06134881452,1910.81721027804,2031.89714713445,43031.9666194828,73514.1537151337,226625.959221438,0.055994987487793,0.00222396850585938
955,1917.28400506452,1911.7958437433,2038.37368036141,43057.4653963248,73833.8568372727,227602.264584944,0.0445950031280518,0.00268197059631348
956,1911.75275506452,1911.15580392853,2031.23732580034,43034.5703106147,73490.7162332535,226523.3728659,0.0518760681152344,0.00202703475952148
957,1921.43244256452,1913.53624989146,2036.38393496068,43038.3984727797,73831.3417701721,227408.812774196,0.0528528690338135,0.0020601749420166
958,1920.04963006452,1912.12777668152,2029.66408827029,43020.7025503634,73447.0172805786,226381.043415427,0.0409801006317139,0.00241589546203613
959,1908.29572381452,1911.96043039947,2033.71596294992,43026.375106138,73755.1441688538,227132.338496029,0.0510079860687256,0.00178313255310059
960,1913.13556756452,1910.56120796437,2029.22782874355,43017.9308401287,73501.7441511154,226466.474410966,0.0455489158630371,0.00213003158569336
961,1908.98713006452,1909.64713968227,2031.13120740457,43027.3230288526,73632.4159517288,226891.085836619,0.0458650588989258,0.00232601165771484
962,1913.13556756452,1910.12779785152,2029.29436791119,43028.6751603562,73551.97397995,226663.180519685,0.0514969825744629,0.00203299522399902
963,1903.45588006452,1910.77113573238,2030.03620825378,43027.441847603,73658.4522304535,226871.439286143,0.037153959274292,0.00162291526794434
964,1915.90119256452,1912.45963171466,2026.05123439255,43007.7349087874,73414.6754875183,226164.739151061,0.0398268699645996,0.00169014930725098
965,1912.44416131452,1912.34954941825,2033.22572075265,43032.0990560399,73779.0993843079,227267.873133615,0.0832910537719727,0.00212502479553223
966,1920.04963006452,1911.25155638132,2027.18974544145,43003.0633161582,73459.9267177582,226326.007925183,0.0726039409637451,0.00185108184814453
967,1914.51838006452,1910.68796825058,2033.25031180561,43031.4117426046,73748.613366127,227280.582528532,0.0675950050354004,0.00160694122314453
968,1911.06134881452,1910.31916210948,2030.6314925897,43040.891020333,73577.3438835144,226899.180983156,0.0495090484619141,0.0020139217376709
969,1913.82697381452,1910.35153508487,2034.59786500857,43055.7028203983,73749.9471826553,227452.712617382,0.0404930114746094,0.00246405601501465
970,1911.06134881452,1909.94051517441,2030.45983795237,43030.3885889009,73588.5174922943,226888.605838254,0.0453829765319824,0.00345087051391602
971,1907.60431756452,1909.99063699817,2034.05144022076,43044.0483605865,73727.5047874451,227342.857801914,0.0845329761505127,0.00208091735839844
972,1915.20978631452,1909.798628153,2029.80059547682,43016.2929161071,73565.0972614288,226734.010056123,0.0608940124511719,0.00249505043029785
973,1913.13556756452,1909.48257705209,2031.33696884014,43016.2248981874,73648.8970117569,226931.247434393,0.0420098304748535,0.00180506706237793
974,1906.91291131452,1909.32126580145,2031.90091402101,43021.1042213855,73635.3285474777,226927.103482843,0.0463700294494629,0.0026850700378418
975,1910.36994256452,1909.45635685449,2031.50993120715,43013.0120740977,73658.7247924805,226955.708886832,0.0434999465942383,0.00276398658752441
976,1913.82697381452,1909.80872169125,2030.52153612442,43016.6496092761,73557.9215230942,226713.341337755,0.0503120422363281,0.00219082832336426
977,1911.75275506452,1910.07059858171,2034.56586240016,43028.2163774847,73740.9118900299,227255.42499128,0.0784778594970703,0.00190114974975586
978,1913.82697381452,1911.53778520833,2027.48378206138,42996.3274668722,73439.3920068741,226218.088421196,0.0727040767669678,0.00272393226623535
979,1914.51838006452,1912.14748960785,2034.65753452756,43023.0242872556,73792.0264139175,227288.579231173,0.0434651374816895,0.00205397605895996
980,1902.76447381452,1911.21066084681,2029.34766982307,42999.9492267007,73459.4613637924,226327.628405109,0.0477960109710693,0.00200605392456055
981,1908.29572381452,1911.46960862341,2037.26735280651,43024.7276165653,73817.6843500137,227432.959466606,0.0388078689575195,0.00205898284912109
982,1917.28400506452,1910.7663913133,2030.83433668395,43019.0145536742,73509.8546237946,226595.482328296,0.0424671173095703,0.00175786018371582
983,1915.20978631452,1910.09564528331,2032.80886670035,43017.0292030512,73705.5431547165,227025.264886856,0.0425000190734863,0.00191307067871094
984,1908.29572381452,1911.21560910033,2028.31639589373,43001.3941630198,73457.7530202866,226302.782071054,0.0509119033813477,0.00233316421508789
985,1912.44416131452,1912.69906639568,2033.85736760557,43007.4687002918,73792.9005651474,227205.98328267,0.0472829341888428,0.00187110900878906
986,1915.90119256452,1911.6487677494,2028.28516921568,43009.5703362678,73463.0265007019,226411.905762628,0.0463910102844238,0.00199007987976074
987,1916.59259881452,1909.99636108049,2032.4200071998,43019.0492956112,73704.3826799393,227090.706065655,0.0458121299743652,0.00192785263061523
988,1904.83869256452,1909.47582799821,2029.92226102296,43005.8760885596,73603.9882354736,226769.741355151,0.0470330715179443,0.00195693969726563
989,1917.28400506452,1909.82757819849,2028.32854873632,42998.889897571,73598.6247320175,226676.379579678,0.0726358890533447,0.00788307189941406
990,1904.83869256452,1909.95234946558,2027.98061490118,43001.2241863584,73539.7436037064,226562.913249821,0.0556070804595947,0.0026390552520752
991,1915.20978631452,1911.2231569431,2030.79062457774,43002.2455508555,73700.8273277283,226914.549195141,0.0529260635375977,0.00271797180175781
992,1915.20978631452,1911.33858399362,2026.84746925566,42988.6533343054,73436.9944934845,226181.401755497,0.0530929565429688,0.0026710033416748
993,1904.83869256452,1910.78828539318,2032.49451387582,43005.837406124,73714.7832765579,226982.735886127,0.0583159923553467,0.00237393379211426
994,1904.83869256452,1910.29432600944,2028.26444686309,42986.5839281443,73485.6994743347,226254.20287174,0.0756499767303467,0.00199794769287109
995,1915.90119256452,1910.50665798957,2032.71564664198,43012.9546471927,73708.3923826218,226993.534113333,0.0412430763244629,0.00174188613891602
996,1906.91291131452,1911.55961722591,2028.89899805825,43000.9309191103,73440.7655735016,226256.964046523,0.0806229114532471,0.00223803520202637
997,1913.82697381452,1910.91847316546,2033.66800199234,43006.569051135,73741.7678909302,227073.88094072,0.033689022064209,0.00200486183166504
998,1911.75275506452,1910.3091780274,2028.27237821814,43000.9514528869,73497.3071680069,226390.2719616,0.0714139938354492,0.00175690650939941
999,1911.75275506452,1910.13849627286,2031.50399993995,43005.9126551337,73680.8966016769,226897.042461038,0.0470161437988281,0.00199198722839355
1000,1906.22150506452,1909.94133117807,2028.32305527291,42994.8824346467,73530.8238782883,226416.93881008,0.0427660942077637,0.00170993804931641
