hidden,optimizer,training,seed,learning_rate,block,run,parameters,run_time,epochs_used,epochs_run,loss,loss_vali,diverged,loss_hom,true,reserve,bias_pct
20,sgd,paper,2026,0.001,1,grid_20_sgd_paper_s2026,321,235.5,1900,1900,841018.6,247148.2,0,842344.8,224063.2,570656.3,154.7
20,sgd,paper,2027,0.001,1,grid_20_sgd_paper_s2027,321,240.4,1900,1900,844182.6,248675.8,0,842344.8,224063.2,2338490,943.7
20,sgd,paper,2028,0.001,1,grid_20_sgd_paper_s2028,321,234.6,1900,1900,840388.7,246965.2,0,842344.8,224063.2,524946.8,134.3
20,sgd,paper,2029,0.001,1,grid_20_sgd_paper_s2029,321,232.7,1900,1900,841357,247588.7,0,842344.8,224063.2,443601.2,98
20,sgd,paper,2030,0.001,1,grid_20_sgd_paper_s2030,321,233.3,1900,1900,842480,249016.2,0,842344.8,224063.2,448672.4,100.2
20,sgd,paper,2031,0.001,1,grid_20_sgd_paper_s2031,321,247.4,1900,1900,842398.2,248737.7,0,842344.8,224063.2,950625.2,324.3
20,sgd,paper,2032,0.001,1,grid_20_sgd_paper_s2032,321,237.4,1900,1900,838197.1,246717.9,0,842344.8,224063.2,289586.7,29.2
20,sgd,paper,2033,0.001,1,grid_20_sgd_paper_s2033,321,237.6,1900,1900,838024.8,246496.1,0,842344.8,224063.2,261521,16.7
20,sgd,paper,2034,0.001,1,grid_20_sgd_paper_s2034,321,233.2,1900,1900,847487.3,250998.9,0,842344.8,224063.2,3143118,1302.8
20,sgd,paper,2035,0.001,1,grid_20_sgd_paper_s2035,321,235.6,1900,1900,838687.7,245842.9,0,842344.8,224063.2,305374.7,36.3
20,sgd,paper,2036,0.001,2,grid_20_sgd_paper_s2036,321,238.5,1900,1900,839550.9,247247.7,0,842344.8,224063.2,340183.6,51.8
20,sgd,paper,2037,0.001,2,grid_20_sgd_paper_s2037,321,237.1,1900,1900,842223.8,246857.9,0,842344.8,224063.2,569694.1,154.3
20,sgd,paper,2038,0.001,2,grid_20_sgd_paper_s2038,321,237,1900,1900,845721.2,249558.8,0,842344.8,224063.2,624783.6,178.8
20,sgd,paper,2039,0.001,2,grid_20_sgd_paper_s2039,321,237.5,1900,1900,842671.8,246728.5,0,842344.8,224063.2,945730.8,322.1
20,sgd,paper,2040,0.001,2,grid_20_sgd_paper_s2040,321,233.3,1900,1900,842229.2,247188.6,0,842344.8,224063.2,429979,91.9
20,sgd,paper,2041,0.001,2,grid_20_sgd_paper_s2041,321,230.4,1900,1900,840169.9,247423.8,0,842344.8,224063.2,312832.4,39.6
20,sgd,paper,2042,0.001,2,grid_20_sgd_paper_s2042,321,232.9,1900,1900,841753.7,247416.7,0,842344.8,224063.2,401729.7,79.3
20,sgd,paper,2043,0.001,2,grid_20_sgd_paper_s2043,321,232.8,1900,1900,842620.3,247917.1,0,842344.8,224063.2,545135.7,143.3
20,sgd,paper,2044,0.001,2,grid_20_sgd_paper_s2044,321,233.4,1900,1900,842023.4,248735.3,0,842344.8,224063.2,451847.5,101.7
20,sgd,paper,2045,0.001,2,grid_20_sgd_paper_s2045,321,233.9,1900,1900,840023.2,247881.4,0,842344.8,224063.2,322426.7,43.9
20,sgd,early_stop,2026,0.001,1,grid_20_sgd_early_stop_s2026,321,924.7,7638,7722,839056.9,244835.7,0,842344.8,224063.2,287734.5,28.4
20,sgd,early_stop,2027,0.001,1,grid_20_sgd_early_stop_s2027,321,936.7,7564,7664,840335.8,245599.3,0,842344.8,224063.2,321965.5,43.7
20,sgd,early_stop,2028,0.001,1,grid_20_sgd_early_stop_s2028,321,886.4,7140,7260,841455.6,244887.6,0,842344.8,224063.2,286423.7,27.8
20,sgd,early_stop,2029,0.001,1,grid_20_sgd_early_stop_s2029,321,990.9,7961,8061,839562.4,243820.6,0,842344.8,224063.2,229777.9,2.6
20,sgd,early_stop,2030,0.001,1,grid_20_sgd_early_stop_s2030,321,993.3,8012,8092,839693,247824.4,0,842344.8,224063.2,276395,23.4
20,sgd,early_stop,2031,0.001,1,grid_20_sgd_early_stop_s2031,321,979.1,7623,7743,841249.9,246953.6,0,842344.8,224063.2,348220.8,55.4
20,sgd,early_stop,2032,0.001,1,grid_20_sgd_early_stop_s2032,321,851.9,6604,6744,838755.3,245313.7,0,842344.8,224063.2,259716.9,15.9
20,sgd,early_stop,2033,0.001,1,grid_20_sgd_early_stop_s2033,321,898.5,7081,7221,838816.2,244637.7,0,842344.8,224063.2,247627.5,10.5
20,sgd,early_stop,2034,0.001,1,grid_20_sgd_early_stop_s2034,321,1039.7,8609,8669,839018.2,249189.2,0,842344.8,224063.2,346933.5,54.8
20,sgd,early_stop,2035,0.001,1,grid_20_sgd_early_stop_s2035,321,900.9,7240,7360,839958.2,243929.2,0,842344.8,224063.2,254307.7,13.5
20,sgd,early_stop,2036,0.001,2,grid_20_sgd_early_stop_s2036,321,886.9,7026,7146,839072.5,244583.3,0,842344.8,224063.2,235637,5.2
20,sgd,early_stop,2037,0.001,2,grid_20_sgd_early_stop_s2037,321,960.8,7627,7727,839984.2,244920.4,0,842344.8,224063.2,250683.6,11.9
20,sgd,early_stop,2038,0.001,2,grid_20_sgd_early_stop_s2038,321,1060.8,8260,8360,843673.9,247359.5,0,842344.8,224063.2,305589.6,36.4
20,sgd,early_stop,2039,0.001,2,grid_20_sgd_early_stop_s2039,321,1030.5,8260,8340,838624.4,245238,0,842344.8,224063.2,334177.6,49.1
20,sgd,early_stop,2040,0.001,2,grid_20_sgd_early_stop_s2040,321,936.1,7575,7715,838189.8,243814.7,0,842344.8,224063.2,234421.5,4.6
20,sgd,early_stop,2041,0.001,2,grid_20_sgd_early_stop_s2041,321,949.2,7648,7768,842384.4,245377.5,0,842344.8,224063.2,245434.7,9.5
20,sgd,early_stop,2042,0.001,2,grid_20_sgd_early_stop_s2042,321,935.8,7627,7727,839261.7,245616.4,0,842344.8,224063.2,324316.9,44.7
20,sgd,early_stop,2043,0.001,2,grid_20_sgd_early_stop_s2043,321,977,7948,8048,840338,246306,0,842344.8,224063.2,251632.2,12.3
20,sgd,early_stop,2044,0.001,2,grid_20_sgd_early_stop_s2044,321,1100.6,8890,8930,843114.3,245838.5,0,842344.8,224063.2,273043,21.9
20,sgd,early_stop,2045,0.001,2,grid_20_sgd_early_stop_s2045,321,912.6,7447,7547,841242.6,246850,0,842344.8,224063.2,268641,19.9
20,sgd_momentum,paper,2026,0.001,1,grid_20_sgd_momentum_paper_s2026,321,236.7,1900,1900,837101.2,247704.2,0,842344.8,224063.2,261629.9,16.8
20,sgd_momentum,paper,2027,0.001,1,grid_20_sgd_momentum_paper_s2027,321,242.2,1900,1900,836138.5,248048.7,0,842344.8,224063.2,250088.8,11.6
20,sgd_momentum,paper,2028,0.001,1,grid_20_sgd_momentum_paper_s2028,321,239.3,1900,1900,836905.3,248339.1,0,842344.8,224063.2,248792.2,11
20,sgd_momentum,paper,2029,0.001,1,grid_20_sgd_momentum_paper_s2029,321,237.2,1900,1900,836725.7,247776.9,0,842344.8,224063.2,238051.7,6.2
20,sgd_momentum,paper,2030,0.001,1,grid_20_sgd_momentum_paper_s2030,321,239.6,1900,1900,1530792.1,431809,0,842344.8,224063.2,142361.2,-36.5
20,sgd_momentum,paper,2031,0.001,1,grid_20_sgd_momentum_paper_s2031,321,247.1,1900,1900,837141,249087.6,0,842344.8,224063.2,240235.9,7.2
20,sgd_momentum,paper,2032,0.001,1,grid_20_sgd_momentum_paper_s2032,321,240,1900,1900,837371.4,248412.4,0,842344.8,224063.2,240325.4,7.3
20,sgd_momentum,paper,2033,0.001,1,grid_20_sgd_momentum_paper_s2033,321,243.1,1900,1900,836731.5,247882.9,0,842344.8,224063.2,241347.4,7.7
20,sgd_momentum,paper,2034,0.001,1,grid_20_sgd_momentum_paper_s2034,321,241.2,1900,1900,836615.6,247979.1,0,842344.8,224063.2,226181,0.9
20,sgd_momentum,paper,2035,0.001,1,grid_20_sgd_momentum_paper_s2035,321,243.5,1900,1900,837498.3,248338.1,0,842344.8,224063.2,242339.3,8.2
20,sgd_momentum,paper,2036,0.001,2,grid_20_sgd_momentum_paper_s2036,321,241.8,1900,1900,836406.9,248011.7,0,842344.8,224063.2,235900.7,5.3
20,sgd_momentum,paper,2037,0.001,2,grid_20_sgd_momentum_paper_s2037,321,247.5,1900,1900,835618.9,247777.3,0,842344.8,224063.2,249967.1,11.6
20,sgd_momentum,paper,2038,0.001,2,grid_20_sgd_momentum_paper_s2038,321,250,1900,1900,837504.7,248920.2,0,842344.8,224063.2,256180.4,14.3
20,sgd_momentum,paper,2039,0.001,2,grid_20_sgd_momentum_paper_s2039,321,247.3,1900,1900,837128.2,247477.6,0,842344.8,224063.2,242376.6,8.2
20,sgd_momentum,paper,2040,0.001,2,grid_20_sgd_momentum_paper_s2040,321,239.4,1900,1900,836580.9,247360.2,0,842344.8,224063.2,227192.9,1.4
20,sgd_momentum,paper,2041,0.001,2,grid_20_sgd_momentum_paper_s2041,321,238.9,1900,1900,837494.4,249700.6,0,842344.8,224063.2,225556.4,0.7
20,sgd_momentum,paper,2042,0.001,2,grid_20_sgd_momentum_paper_s2042,321,240.5,1900,1900,837273.8,247951.9,0,842344.8,224063.2,240102.8,7.2
20,sgd_momentum,paper,2043,0.001,2,grid_20_sgd_momentum_paper_s2043,321,245.6,1900,1900,837441.5,249289.3,0,842344.8,224063.2,233541.9,4.2
20,sgd_momentum,paper,2044,0.001,2,grid_20_sgd_momentum_paper_s2044,321,240.7,1900,1900,836934,248864.8,0,842344.8,224063.2,241780,7.9
20,sgd_momentum,paper,2045,0.001,2,grid_20_sgd_momentum_paper_s2045,321,240.7,1900,1900,836052.8,248085.7,0,842344.8,224063.2,242250.9,8.1
20,sgd_momentum,early_stop,2026,0.001,1,grid_20_sgd_momentum_early_stop_s2026,321,600.6,4702,4942,839058.3,243041.7,0,842344.8,224063.2,192946.5,-13.9
20,sgd_momentum,early_stop,2027,0.001,1,grid_20_sgd_momentum_early_stop_s2027,321,348.6,2377,2697,840206.6,244758.1,0,842344.8,224063.2,94146.4,-58
20,sgd_momentum,early_stop,2028,0.001,1,grid_20_sgd_momentum_early_stop_s2028,321,374.6,2647,2967,839576.9,245758.5,0,842344.8,224063.2,30530.1,-86.4
20,sgd_momentum,early_stop,2029,0.001,1,grid_20_sgd_momentum_early_stop_s2029,321,226.2,1386,1746,841041.6,245802.7,0,842344.8,224063.2,182249.8,-18.7
20,sgd_momentum,early_stop,2030,0.001,1,grid_20_sgd_momentum_early_stop_s2030,321,333.9,2385,2705,922161.3,261666.1,0,842344.8,224063.2,198296.2,-11.5
20,sgd_momentum,early_stop,2031,0.001,1,grid_20_sgd_momentum_early_stop_s2031,321,188.1,1077,1457,837051.9,243696.4,0,842344.8,224063.2,168150.3,-25
20,sgd_momentum,early_stop,2032,0.001,1,grid_20_sgd_momentum_early_stop_s2032,321,177.7,967,1347,839349.7,244104.9,0,842344.8,224063.2,181803.8,-18.9
20,sgd_momentum,early_stop,2033,0.001,1,grid_20_sgd_momentum_early_stop_s2033,321,229.5,1475,1835,838700.5,244191.9,0,842344.8,224063.2,206125.6,-8
20,sgd_momentum,early_stop,2034,0.001,1,grid_20_sgd_momentum_early_stop_s2034,321,251.5,1623,2003,837481.7,244058.7,0,842344.8,224063.2,145372.5,-35.1
20,sgd_momentum,early_stop,2035,0.001,1,grid_20_sgd_momentum_early_stop_s2035,321,358.7,2591,2911,840101.5,245071.4,0,842344.8,224063.2,155515.2,-30.6
20,sgd_momentum,early_stop,2036,0.001,2,grid_20_sgd_momentum_early_stop_s2036,321,267.3,1770,2110,839515.6,245777.3,0,842344.8,224063.2,259974.5,16
20,sgd_momentum,early_stop,2037,0.001,2,grid_20_sgd_momentum_early_stop_s2037,321,243.5,1530,1890,836909.2,245300.7,0,842344.8,224063.2,173577.6,-22.5
20,sgd_momentum,early_stop,2038,0.001,2,grid_20_sgd_momentum_early_stop_s2038,321,311.3,2015,2355,843812.6,245674.9,0,842344.8,224063.2,239007.3,6.7
20,sgd_momentum,early_stop,2039,0.001,2,grid_20_sgd_momentum_early_stop_s2039,321,413.3,2929,3229,841400.9,243772.4,0,842344.8,224063.2,218555.7,-2.5
20,sgd_momentum,early_stop,2040,0.001,2,grid_20_sgd_momentum_early_stop_s2040,321,295.1,1936,2276,841087.3,244654.6,0,842344.8,224063.2,195916.4,-12.6
20,sgd_momentum,early_stop,2041,0.001,2,grid_20_sgd_momentum_early_stop_s2041,321,271.1,1794,2154,850904.7,245629,0,842344.8,224063.2,175751.2,-21.6
20,sgd_momentum,early_stop,2042,0.001,2,grid_20_sgd_momentum_early_stop_s2042,321,390.8,2813,3113,838890,244596.4,0,842344.8,224063.2,199258.2,-11.1
20,sgd_momentum,early_stop,2043,0.001,2,grid_20_sgd_momentum_early_stop_s2043,321,192.5,1121,1501,866025.3,246637,0,842344.8,224063.2,264188.1,17.9
20,sgd_momentum,early_stop,2044,0.001,2,grid_20_sgd_momentum_early_stop_s2044,321,402.3,2852,3172,841722.5,243961.9,0,842344.8,224063.2,221776.4,-1
20,sgd_momentum,early_stop,2045,0.001,2,grid_20_sgd_momentum_early_stop_s2045,321,294.1,1917,2257,839922.8,244874.2,0,842344.8,224063.2,388755.7,73.5
20,sgd_nesterov,paper,2026,0.001,1,grid_20_sgd_nesterov_paper_s2026,321,236.8,1900,1900,837262.2,248530.6,0,842344.8,224063.2,262668.7,17.2
20,sgd_nesterov,paper,2027,0.001,1,grid_20_sgd_nesterov_paper_s2027,321,241.4,1900,1900,836249.6,248574.1,0,842344.8,224063.2,260634.1,16.3
20,sgd_nesterov,paper,2028,0.001,1,grid_20_sgd_nesterov_paper_s2028,321,239.7,1900,1900,836871,248436.5,0,842344.8,224063.2,251906.6,12.4
20,sgd_nesterov,paper,2029,0.001,1,grid_20_sgd_nesterov_paper_s2029,321,237.1,1900,1900,836112.2,247782.3,0,842344.8,224063.2,238948.7,6.6
20,sgd_nesterov,paper,2030,0.001,1,grid_20_sgd_nesterov_paper_s2030,321,237.7,1900,1900,838022.3,249516.5,0,842344.8,224063.2,261079.2,16.5
20,sgd_nesterov,paper,2031,0.001,1,grid_20_sgd_nesterov_paper_s2031,321,240.7,1900,1900,837264.8,249755.6,0,842344.8,224063.2,247322.4,10.4
20,sgd_nesterov,paper,2032,0.001,1,grid_20_sgd_nesterov_paper_s2032,321,241.7,1900,1900,837542.7,249818.3,0,842344.8,224063.2,243833,8.8
20,sgd_nesterov,paper,2033,0.001,1,grid_20_sgd_nesterov_paper_s2033,321,241.5,1900,1900,836645.8,248806.3,0,842344.8,224063.2,243460,8.7
20,sgd_nesterov,paper,2034,0.001,1,grid_20_sgd_nesterov_paper_s2034,321,241.3,1900,1900,836949.1,249639.7,0,842344.8,224063.2,233400.3,4.2
20,sgd_nesterov,paper,2035,0.001,1,grid_20_sgd_nesterov_paper_s2035,321,237.6,1900,1900,837602.8,248196.6,0,842344.8,224063.2,245972.9,9.8
20,sgd_nesterov,paper,2036,0.001,2,grid_20_sgd_nesterov_paper_s2036,321,244.8,1900,1900,836550.9,248577.4,0,842344.8,224063.2,236889,5.7
20,sgd_nesterov,paper,2037,0.001,2,grid_20_sgd_nesterov_paper_s2037,321,248.5,1900,1900,835980.1,249291.2,0,842344.8,224063.2,254213.5,13.5
20,sgd_nesterov,paper,2038,0.001,2,grid_20_sgd_nesterov_paper_s2038,321,249,1900,1900,837553.7,248468.5,0,842344.8,224063.2,258103.1,15.2
20,sgd_nesterov,paper,2039,0.001,2,grid_20_sgd_nesterov_paper_s2039,321,251.5,1900,1900,837548.1,248174.5,0,842344.8,224063.2,249229.2,11.2
20,sgd_nesterov,paper,2040,0.001,2,grid_20_sgd_nesterov_paper_s2040,321,244.9,1900,1900,836293.4,248418.3,0,842344.8,224063.2,227779.9,1.7
20,sgd_nesterov,paper,2041,0.001,2,grid_20_sgd_nesterov_paper_s2041,321,235.7,1900,1900,836922.8,249346.4,0,842344.8,224063.2,229951.1,2.6
20,sgd_nesterov,paper,2042,0.001,2,grid_20_sgd_nesterov_paper_s2042,321,240.7,1900,1900,837149.5,248418.9,0,842344.8,224063.2,247366.3,10.4
20,sgd_nesterov,paper,2043,0.001,2,grid_20_sgd_nesterov_paper_s2043,321,239.4,1900,1900,837365.3,248576.1,0,842344.8,224063.2,234830.5,4.8
20,sgd_nesterov,paper,2044,0.001,2,grid_20_sgd_nesterov_paper_s2044,321,244.5,1900,1900,837097.1,248571.1,0,842344.8,224063.2,247984.9,10.7
20,sgd_nesterov,paper,2045,0.001,2,grid_20_sgd_nesterov_paper_s2045,321,244.4,1900,1900,835929.1,248720.5,0,842344.8,224063.2,249680.8,11.4
20,sgd_nesterov,early_stop,2026,0.001,1,grid_20_sgd_nesterov_early_stop_s2026,321,583.9,4533,4792,838380,245210.2,0,842344.8,224063.2,217203.9,-3.1
20,sgd_nesterov,early_stop,2027,0.001,1,grid_20_sgd_nesterov_early_stop_s2027,321,541.7,4099,4339,839248.4,246395.3,0,842344.8,224063.2,101833.2,-54.6
20,sgd_nesterov,early_stop,2028,0.001,1,grid_20_sgd_nesterov_early_stop_s2028,321,580,4463,4692,840547.1,245746.3,0,842344.8,224063.2,161060.4,-28.1
20,sgd_nesterov,early_stop,2029,0.001,1,grid_20_sgd_nesterov_early_stop_s2029,321,242,1570,1930,840879.5,243685.8,0,842344.8,224063.2,209574.5,-6.5
20,sgd_nesterov,early_stop,2030,0.001,1,grid_20_sgd_nesterov_early_stop_s2030,321,272.9,1862,2202,838343.4,246672.1,0,842344.8,224063.2,258644,15.4
20,sgd_nesterov,early_stop,2031,0.001,1,grid_20_sgd_nesterov_early_stop_s2031,321,347.3,2396,2716,843111,243604.3,0,842344.8,224063.2,248062.6,10.7
20,sgd_nesterov,early_stop,2032,0.001,1,grid_20_sgd_nesterov_early_stop_s2032,321,315.9,2113,2433,843769,244581.2,0,842344.8,224063.2,222964.8,-0.5
20,sgd_nesterov,early_stop,2033,0.001,1,grid_20_sgd_nesterov_early_stop_s2033,321,400.9,2863,3169,841207.7,246126.1,0,842344.8,224063.2,198445.1,-11.4
20,sgd_nesterov,early_stop,2034,0.001,1,grid_20_sgd_nesterov_early_stop_s2034,321,354.5,2415,2795,836542.6,246200.3,0,842344.8,224063.2,182967,-18.3
20,sgd_nesterov,early_stop,2035,0.001,1,grid_20_sgd_nesterov_early_stop_s2035,321,605.7,4656,4876,838698.5,244612.6,0,842344.8,224063.2,232910.5,3.9
20,sgd_nesterov,early_stop,2036,0.001,2,grid_20_sgd_nesterov_early_stop_s2036,321,536.3,4080,4340,840282.7,246047.9,0,842344.8,224063.2,259692.4,15.9
20,sgd_nesterov,early_stop,2037,0.001,2,grid_20_sgd_nesterov_early_stop_s2037,321,500.9,3753,4013,843109.5,245257.9,0,842344.8,224063.2,232311.8,3.7
20,sgd_nesterov,early_stop,2038,0.001,2,grid_20_sgd_nesterov_early_stop_s2038,321,591.7,4436,4656,843271.3,244701.9,0,842344.8,224063.2,253481.3,13.1
20,sgd_nesterov,early_stop,2039,0.001,2,grid_20_sgd_nesterov_early_stop_s2039,321,545.8,4099,4339,839376.4,245285.1,0,842344.8,224063.2,245385.5,9.5
20,sgd_nesterov,early_stop,2040,0.001,2,grid_20_sgd_nesterov_early_stop_s2040,321,519.1,3922,4182,838731.8,245704.4,0,842344.8,224063.2,218767.4,-2.4
20,sgd_nesterov,early_stop,2041,0.001,2,grid_20_sgd_nesterov_early_stop_s2041,321,225.3,1446,1806,847648.9,245124.8,0,842344.8,224063.2,190921.6,-14.8
20,sgd_nesterov,early_stop,2042,0.001,2,grid_20_sgd_nesterov_early_stop_s2042,321,579.8,4508,4748,837574.2,245998.4,0,842344.8,224063.2,173715.2,-22.5
20,sgd_nesterov,early_stop,2043,0.001,2,grid_20_sgd_nesterov_early_stop_s2043,321,431.1,3100,3400,847077.8,243928.6,0,842344.8,224063.2,248047.6,10.7
20,sgd_nesterov,early_stop,2044,0.001,2,grid_20_sgd_nesterov_early_stop_s2044,321,478.2,3533,3813,838104.3,246268.7,0,842344.8,224063.2,242985.1,8.4
20,sgd_nesterov,early_stop,2045,0.001,2,grid_20_sgd_nesterov_early_stop_s2045,321,385.2,2743,3063,852448.9,244955.8,0,842344.8,224063.2,261688.3,16.8
20,adagrad,paper,2026,0.01,1,grid_20_adagrad_paper_s2026,321,236.7,1900,1900,843387.6,248448.6,0,842344.8,224063.2,264316.1,18
20,adagrad,paper,2027,0.01,1,grid_20_adagrad_paper_s2027,321,242.2,1900,1900,840701.3,248627.9,0,842344.8,224063.2,288398.1,28.7
20,adagrad,paper,2028,0.01,1,grid_20_adagrad_paper_s2028,321,238.7,1900,1900,841030.7,248510.3,0,842344.8,224063.2,248973.2,11.1
20,adagrad,paper,2029,0.01,1,grid_20_adagrad_paper_s2029,321,244.9,1900,1900,841814.2,247258,0,842344.8,224063.2,238333.4,6.4
20,adagrad,paper,2030,0.01,1,grid_20_adagrad_paper_s2030,321,234.6,1900,1900,842022.9,250217.7,0,842344.8,224063.2,280873.6,25.4
20,adagrad,paper,2031,0.01,1,grid_20_adagrad_paper_s2031,321,239.9,1900,1900,840845.9,249051,0,842344.8,224063.2,256073.4,14.3
20,adagrad,paper,2032,0.01,1,grid_20_adagrad_paper_s2032,321,243.1,1900,1900,843162.7,248182.8,0,842344.8,224063.2,253668.8,13.2
20,adagrad,paper,2033,0.01,1,grid_20_adagrad_paper_s2033,321,246.6,1900,1900,840682.3,247791.2,0,842344.8,224063.2,242672,8.3
20,adagrad,paper,2034,0.01,1,grid_20_adagrad_paper_s2034,321,239.9,1900,1900,850386.3,251659.3,0,842344.8,224063.2,655965.7,192.8
20,adagrad,paper,2035,0.01,1,grid_20_adagrad_paper_s2035,321,243.9,1900,1900,844137.4,248393.2,0,842344.8,224063.2,251095.3,12.1
20,adagrad,paper,2036,0.01,2,grid_20_adagrad_paper_s2036,321,247,1900,1900,841813.4,248304,0,842344.8,224063.2,240079.4,7.1
20,adagrad,paper,2037,0.01,2,grid_20_adagrad_paper_s2037,321,247.2,1900,1900,842212.9,248790.8,0,842344.8,224063.2,274840.6,22.7
20,adagrad,paper,2038,0.01,2,grid_20_adagrad_paper_s2038,321,252.8,1900,1900,844229.4,249718.2,0,842344.8,224063.2,271231,21.1
20,adagrad,paper,2039,0.01,2,grid_20_adagrad_paper_s2039,321,236,1900,1900,842539.4,248575.6,0,842344.8,224063.2,297157.1,32.6
20,adagrad,paper,2040,0.01,2,grid_20_adagrad_paper_s2040,321,246.7,1900,1900,845987.5,249900.4,0,842344.8,224063.2,239789.9,7
20,adagrad,paper,2041,0.01,2,grid_20_adagrad_paper_s2041,321,239.6,1900,1900,848920.2,250639.9,0,842344.8,224063.2,492043.4,119.6
20,adagrad,paper,2042,0.01,2,grid_20_adagrad_paper_s2042,321,236.8,1900,1900,842527.8,248448.6,0,842344.8,224063.2,258627.3,15.4
20,adagrad,paper,2043,0.01,2,grid_20_adagrad_paper_s2043,321,239.5,1900,1900,843329.4,247970.8,0,842344.8,224063.2,239352.1,6.8
20,adagrad,paper,2044,0.01,2,grid_20_adagrad_paper_s2044,321,246.7,1900,1900,841470.2,247959.1,0,842344.8,224063.2,286377.8,27.8
20,adagrad,paper,2045,0.01,2,grid_20_adagrad_paper_s2045,321,246.7,1900,1900,842719.1,249492.2,0,842344.8,224063.2,280390.2,25.1
20,adagrad,early_stop,2026,0.01,1,grid_20_adagrad_early_stop_s2026,321,723.3,5784,5984,840335.8,248228,0,842344.8,224063.2,213208.4,-4.8
20,adagrad,early_stop,2027,0.01,1,grid_20_adagrad_early_stop_s2027,321,785.1,6183,6363,846175.1,248555.6,0,842344.8,224063.2,214995.8,-4
20,adagrad,early_stop,2028,0.01,1,grid_20_adagrad_early_stop_s2028,321,837.8,6617,6757,840046.1,248365.5,0,842344.8,224063.2,239604.9,6.9
20,adagrad,early_stop,2029,0.01,1,grid_20_adagrad_early_stop_s2029,321,695.1,5404,5624,846905.1,247008.4,0,842344.8,224063.2,216088.3,-3.6
20,adagrad,early_stop,2030,0.01,1,grid_20_adagrad_early_stop_s2030,321,1006.1,8010,8090,838803.7,249716.5,0,842344.8,224063.2,257530.5,14.9
20,adagrad,early_stop,2031,0.01,1,grid_20_adagrad_early_stop_s2031,321,751,5676,5876,843603.8,248951.5,0,842344.8,224063.2,247195.7,10.3
20,adagrad,early_stop,2032,0.01,1,grid_20_adagrad_early_stop_s2032,321,838.2,6432,6592,839951.8,247857.7,0,842344.8,224063.2,251023.8,12
20,adagrad,early_stop,2033,0.01,1,grid_20_adagrad_early_stop_s2033,321,756.8,5957,6174,838931,247661.1,0,842344.8,224063.2,239629.5,6.9
20,adagrad,early_stop,2034,0.01,1,grid_20_adagrad_early_stop_s2034,321,989.3,8117,8210,841090.5,250046.2,0,842344.8,224063.2,278928.7,24.5
20,adagrad,early_stop,2035,0.01,1,grid_20_adagrad_early_stop_s2035,321,863.4,6778,6918,839164.2,248013,0,842344.8,224063.2,230024.3,2.7
20,adagrad,early_stop,2036,0.01,2,grid_20_adagrad_early_stop_s2036,321,851.8,6847,6987,839516.1,248135.7,0,842344.8,224063.2,220303,-1.7
20,adagrad,early_stop,2037,0.01,2,grid_20_adagrad_early_stop_s2037,321,909.6,7284,7404,840860.1,248648.9,0,842344.8,224063.2,250677.2,11.9
20,adagrad,early_stop,2038,0.01,2,grid_20_adagrad_early_stop_s2038,321,692.6,5437,5637,839685,249057.8,0,842344.8,224063.2,265903.1,18.7
20,adagrad,early_stop,2039,0.01,2,grid_20_adagrad_early_stop_s2039,321,827.4,6550,6710,837388.4,247616.9,0,842344.8,224063.2,200755.9,-10.4
20,adagrad,early_stop,2040,0.01,2,grid_20_adagrad_early_stop_s2040,321,919.2,7339,7479,853624.3,248571.6,0,842344.8,224063.2,226894.2,1.3
20,adagrad,early_stop,2041,0.01,2,grid_20_adagrad_early_stop_s2041,321,1053.5,8324,8424,839807.3,249009.4,0,842344.8,224063.2,223227,-0.4
20,adagrad,early_stop,2042,0.01,2,grid_20_adagrad_early_stop_s2042,321,938.9,7577,7697,838346.3,247933.9,0,842344.8,224063.2,247833.2,10.6
20,adagrad,early_stop,2043,0.01,2,grid_20_adagrad_early_stop_s2043,321,806.6,6417,6597,841725.1,247857.9,0,842344.8,224063.2,232651.2,3.8
20,adagrad,early_stop,2044,0.01,2,grid_20_adagrad_early_stop_s2044,321,889.2,7061,7201,844361.2,247245.1,0,842344.8,224063.2,259965,16
20,adagrad,early_stop,2045,0.01,2,grid_20_adagrad_early_stop_s2045,321,892,7101,7261,838500,248993.7,0,842344.8,224063.2,263038.5,17.4
20,adadelta,paper,2026,1,1,grid_20_adadelta_paper_s2026,321,242.3,1900,1900,850345.3,249709.4,0,842344.8,224063.2,229139.6,2.3
20,adadelta,paper,2027,1,1,grid_20_adadelta_paper_s2027,321,248.2,1900,1900,851343,250794,0,842344.8,224063.2,420325,87.6
20,adadelta,paper,2028,1,1,grid_20_adadelta_paper_s2028,321,249,1900,1900,851614.3,250123.1,0,842344.8,224063.2,247463.3,10.4
20,adadelta,paper,2029,1,1,grid_20_adadelta_paper_s2029,321,245.8,1900,1900,846623.4,248883.7,0,842344.8,224063.2,250238.1,11.7
20,adadelta,paper,2030,1,1,grid_20_adadelta_paper_s2030,321,241.9,1900,1900,845213.1,250474.1,0,842344.8,224063.2,315942.6,41
20,adadelta,paper,2031,1,1,grid_20_adadelta_paper_s2031,321,248.6,1900,1900,852652.1,251018.6,0,842344.8,224063.2,330381.3,47.5
20,adadelta,paper,2032,1,1,grid_20_adadelta_paper_s2032,321,249.8,1900,1900,852500.6,250001.6,0,842344.8,224063.2,337034.8,50.4
20,adadelta,paper,2033,1,1,grid_20_adadelta_paper_s2033,321,248.9,1900,1900,849654.1,249261.2,0,842344.8,224063.2,267904.7,19.6
20,adadelta,paper,2034,1,1,grid_20_adadelta_paper_s2034,321,245.5,1900,1900,880483.5,257411.6,0,842344.8,224063.2,9225281.3,4017.3
20,adadelta,paper,2035,1,1,grid_20_adadelta_paper_s2035,321,246.4,1900,1900,853992.9,250069.8,0,842344.8,224063.2,271865.4,21.3
20,adadelta,paper,2036,1,2,grid_20_adadelta_paper_s2036,321,245.3,1900,1900,852321.2,250198,0,842344.8,224063.2,232119.3,3.6
20,adadelta,paper,2037,1,2,grid_20_adadelta_paper_s2037,321,260.3,1900,1900,847455.2,250053.1,0,842344.8,224063.2,368654.8,64.5
20,adadelta,paper,2038,1,2,grid_20_adadelta_paper_s2038,321,249.2,1900,1900,851068.2,251315.2,0,842344.8,224063.2,384348.3,71.5
20,adadelta,paper,2039,1,2,grid_20_adadelta_paper_s2039,321,248.1,1900,1900,846763.3,249224.5,0,842344.8,224063.2,293843.9,31.1
20,adadelta,paper,2040,1,2,grid_20_adadelta_paper_s2040,321,246.2,1900,1900,849881.4,250903.7,0,842344.8,224063.2,317142.8,41.5
20,adadelta,paper,2041,1,2,grid_20_adadelta_paper_s2041,321,242.3,1900,1900,892019.3,259506.9,0,842344.8,224063.2,3733204.6,1566.1
20,adadelta,paper,2042,1,2,grid_20_adadelta_paper_s2042,321,247.9,1900,1900,860406.4,251630.9,0,842344.8,224063.2,450610.2,101.1
20,adadelta,paper,2043,1,2,grid_20_adadelta_paper_s2043,321,245,1900,1900,849607.2,249474.9,0,842344.8,224063.2,279111.8,24.6
20,adadelta,paper,2044,1,2,grid_20_adadelta_paper_s2044,321,249.7,1900,1900,840687.6,248708.7,0,842344.8,224063.2,280624.7,25.2
20,adadelta,paper,2045,1,2,grid_20_adadelta_paper_s2045,321,247.7,1900,1900,858778.4,252399.7,0,842344.8,224063.2,640193.7,185.7
20,adadelta,early_stop,2026,1,1,grid_20_adadelta_early_stop_s2026,321,336.3,2306,2666,840669.7,248458.6,0,842344.8,224063.2,223266.9,-0.4
20,adadelta,early_stop,2027,1,1,grid_20_adadelta_early_stop_s2027,321,463.1,3286,3666,837242.9,248337.4,0,842344.8,224063.2,207793.8,-7.3
20,adadelta,early_stop,2028,1,1,grid_20_adadelta_early_stop_s2028,321,412.5,2839,3219,839738.9,248755.8,0,842344.8,224063.2,199002.3,-11.2
20,adadelta,early_stop,2029,1,1,grid_20_adadelta_early_stop_s2029,321,385.1,2725,3086,851867.5,248108.9,0,842344.8,224063.2,227614.4,1.6
20,adadelta,early_stop,2030,1,1,grid_20_adadelta_early_stop_s2030,321,518.6,3851,4191,838778.9,249375.6,0,842344.8,224063.2,247694.4,10.5
20,adadelta,early_stop,2031,1,1,grid_20_adadelta_early_stop_s2031,321,487.8,3537,3898,838291,249248.6,0,842344.8,224063.2,225912,0.8
20,adadelta,early_stop,2032,1,1,grid_20_adadelta_early_stop_s2032,321,423.9,2905,3285,841996.4,248615.8,0,842344.8,224063.2,240731.3,7.4
20,adadelta,early_stop,2033,1,1,grid_20_adadelta_early_stop_s2033,321,455.2,3143,3504,839724,247982.6,0,842344.8,224063.2,230255.4,2.8
20,adadelta,early_stop,2034,1,1,grid_20_adadelta_early_stop_s2034,321,641.7,4746,5126,842203.1,250236.3,0,842344.8,224063.2,223137.6,-0.4
20,adadelta,early_stop,2035,1,1,grid_20_adadelta_early_stop_s2035,321,480.1,3459,3801,839791.8,248329.7,0,842344.8,224063.2,205099.4,-8.5
20,adadelta,early_stop,2036,1,2,grid_20_adadelta_early_stop_s2036,321,402.1,2820,3180,839298,248548.8,0,842344.8,224063.2,225542.3,0.7
20,adadelta,early_stop,2037,1,2,grid_20_adadelta_early_stop_s2037,321,576.1,4280,4621,839413.1,249102.1,0,842344.8,224063.2,219247.2,-2.1
20,adadelta,early_stop,2038,1,2,grid_20_adadelta_early_stop_s2038,321,439.1,3092,3433,841169.6,249675.9,0,842344.8,224063.2,280846.3,25.3
20,adadelta,early_stop,2039,1,2,grid_20_adadelta_early_stop_s2039,321,439.7,3145,3485,837529.1,247973.3,0,842344.8,224063.2,226383.6,1
20,adadelta,early_stop,2040,1,2,grid_20_adadelta_early_stop_s2040,321,483.6,3471,3835,857929,249953.9,0,842344.8,224063.2,195983.6,-12.5
20,adadelta,early_stop,2041,1,2,grid_20_adadelta_early_stop_s2041,321,633.7,4689,5069,839493.9,249225.4,0,842344.8,224063.2,237274.7,5.9
20,adadelta,early_stop,2042,1,2,grid_20_adadelta_early_stop_s2042,321,506.7,3643,4023,840242.5,248018.6,0,842344.8,224063.2,419724.8,87.3
20,adadelta,early_stop,2043,1,2,grid_20_adadelta_early_stop_s2043,321,401.5,2813,3174,841718.2,248554.1,0,842344.8,224063.2,253919.7,13.3
20,adadelta,early_stop,2044,1,2,grid_20_adadelta_early_stop_s2044,321,417.4,2861,3241,849595.7,247630.6,0,842344.8,224063.2,12059.2,-94.6
20,adadelta,early_stop,2045,1,2,grid_20_adadelta_early_stop_s2045,321,479.9,3470,3850,839971.8,249378.5,0,842344.8,224063.2,463172.8,106.7
20,rmsprop,paper,2026,0.001,1,grid_20_rmsprop_paper_s2026,321,235.9,1900,1900,845614.9,248640.5,0,842344.8,224063.2,290751.3,29.8
20,rmsprop,paper,2027,0.001,1,grid_20_rmsprop_paper_s2027,321,243.1,1900,1900,842846.9,247747.8,0,842344.8,224063.2,274722.5,22.6
20,rmsprop,paper,2028,0.001,1,grid_20_rmsprop_paper_s2028,321,243.6,1900,1900,842410.6,248465.2,0,842344.8,224063.2,269387.5,20.2
20,rmsprop,paper,2029,0.001,1,grid_20_rmsprop_paper_s2029,321,238.9,1900,1900,849802.2,247206.5,0,842344.8,224063.2,247104.4,10.3
20,rmsprop,paper,2030,0.001,1,grid_20_rmsprop_paper_s2030,321,239.5,1900,1900,847463.9,252065.7,0,842344.8,224063.2,335212.1,49.6
20,rmsprop,paper,2031,0.001,1,grid_20_rmsprop_paper_s2031,321,242.2,1900,1900,842545.7,248106.1,0,842344.8,224063.2,252369,12.6
20,rmsprop,paper,2032,0.001,1,grid_20_rmsprop_paper_s2032,321,244.4,1900,1900,846211.9,248599.5,0,842344.8,224063.2,252037.8,12.5
20,rmsprop,paper,2033,0.001,1,grid_20_rmsprop_paper_s2033,321,244,1900,1900,842895.9,248037.5,0,842344.8,224063.2,219032.2,-2.2
20,rmsprop,paper,2034,0.001,1,grid_20_rmsprop_paper_s2034,321,239.5,1900,1900,848136.8,251500.9,0,842344.8,224063.2,487375.7,117.5
20,rmsprop,paper,2035,0.001,1,grid_20_rmsprop_paper_s2035,321,240.8,1900,1900,847688.5,248088.9,0,842344.8,224063.2,251499.7,12.2
20,rmsprop,paper,2036,0.001,2,grid_20_rmsprop_paper_s2036,321,251.8,1900,1900,845448.5,248338.5,0,842344.8,224063.2,254902.3,13.8
20,rmsprop,paper,2037,0.001,2,grid_20_rmsprop_paper_s2037,321,243.8,1900,1900,850205.3,250970.5,0,842344.8,224063.2,275901.1,23.1
20,rmsprop,paper,2038,0.001,2,grid_20_rmsprop_paper_s2038,321,244.7,1900,1900,853343.6,251850.9,0,842344.8,224063.2,226091.8,0.9
20,rmsprop,paper,2039,0.001,2,grid_20_rmsprop_paper_s2039,321,240.9,1900,1900,873542.9,256058.9,0,842344.8,224063.2,565745.9,152.5
20,rmsprop,paper,2040,0.001,2,grid_20_rmsprop_paper_s2040,321,241.1,1900,1900,863552.5,249655.2,0,842344.8,224063.2,300285.8,34
20,rmsprop,paper,2041,0.001,2,grid_20_rmsprop_paper_s2041,321,244,1900,1900,849574.2,250314.4,0,842344.8,224063.2,382331.1,70.6
20,rmsprop,paper,2042,0.001,2,grid_20_rmsprop_paper_s2042,321,242.9,1900,1900,844189.1,248961.4,0,842344.8,224063.2,231013.3,3.1
20,rmsprop,paper,2043,0.001,2,grid_20_rmsprop_paper_s2043,321,242.6,1900,1900,851740.2,249070.9,0,842344.8,224063.2,217072.1,-3.1
20,rmsprop,paper,2044,0.001,2,grid_20_rmsprop_paper_s2044,321,244.7,1900,1900,861626.6,249170.5,0,842344.8,224063.2,299413.8,33.6
20,rmsprop,paper,2045,0.001,2,grid_20_rmsprop_paper_s2045,321,240.8,1900,1900,843490.3,249532.8,0,842344.8,224063.2,253207.8,13
20,rmsprop,early_stop,2026,0.001,1,grid_20_rmsprop_early_stop_s2026,321,720.5,5665,5892,838179.3,247890.9,0,842344.8,224063.2,215923.1,-3.6
20,rmsprop,early_stop,2027,0.001,1,grid_20_rmsprop_early_stop_s2027,321,673.5,5231,5500,841111.1,247503.9,0,842344.8,224063.2,231742.4,3.4
20,rmsprop,early_stop,2028,0.001,1,grid_20_rmsprop_early_stop_s2028,321,706.2,5446,5701,838898.5,247709.5,0,842344.8,224063.2,206371.4,-7.9
20,rmsprop,early_stop,2029,0.001,1,grid_20_rmsprop_early_stop_s2029,321,734.2,5706,5966,840201.5,246390.8,0,842344.8,224063.2,189525,-15.4
20,rmsprop,early_stop,2030,0.001,1,grid_20_rmsprop_early_stop_s2030,321,913.6,7368,7514,837480.5,249017.5,0,842344.8,224063.2,236443.5,5.5
20,rmsprop,early_stop,2031,0.001,1,grid_20_rmsprop_early_stop_s2031,321,467.7,3363,3703,841185.6,247895.7,0,842344.8,224063.2,236686.6,5.6
20,rmsprop,early_stop,2032,0.001,1,grid_20_rmsprop_early_stop_s2032,321,536,3934,4235,838417,247604.8,0,842344.8,224063.2,239884.9,7.1
20,rmsprop,early_stop,2033,0.001,1,grid_20_rmsprop_early_stop_s2033,321,558.1,4164,4465,837239.4,247275,0,842344.8,224063.2,211844.5,-5.5
20,rmsprop,early_stop,2034,0.001,1,grid_20_rmsprop_early_stop_s2034,321,699.4,5378,5662,839688.5,249926.3,0,842344.8,224063.2,287170.7,28.2
20,rmsprop,early_stop,2035,0.001,1,grid_20_rmsprop_early_stop_s2035,321,756.4,5829,6083,837266,247542.4,0,842344.8,224063.2,216591,-3.3
20,rmsprop,early_stop,2036,0.001,2,grid_20_rmsprop_early_stop_s2036,321,583.2,4442,4758,837435.8,247664.5,0,842344.8,224063.2,220957.1,-1.4
20,rmsprop,early_stop,2037,0.001,2,grid_20_rmsprop_early_stop_s2037,321,761.8,5896,6182,839601.7,248232.9,0,842344.8,224063.2,212413.7,-5.2
20,rmsprop,early_stop,2038,0.001,2,grid_20_rmsprop_early_stop_s2038,321,754,5843,6119,838697.6,248696.6,0,842344.8,224063.2,219589.3,-2
20,rmsprop,early_stop,2039,0.001,2,grid_20_rmsprop_early_stop_s2039,321,911.8,7054,7283,835844.1,247074.6,0,842344.8,224063.2,218528.2,-2.5
20,rmsprop,early_stop,2040,0.001,2,grid_20_rmsprop_early_stop_s2040,321,654.4,5085,5376,851735.8,248048.4,0,842344.8,224063.2,195273.6,-12.8
20,rmsprop,early_stop,2041,0.001,2,grid_20_rmsprop_early_stop_s2041,321,770.1,6051,6290,838292.5,248360.8,0,842344.8,224063.2,205105.5,-8.5
20,rmsprop,early_stop,2042,0.001,2,grid_20_rmsprop_early_stop_s2042,321,638.9,4885,5167,837343.5,247717.8,0,842344.8,224063.2,203505.9,-9.2
20,rmsprop,early_stop,2043,0.001,2,grid_20_rmsprop_early_stop_s2043,321,711.8,5355,5619,841127.8,247633.4,0,842344.8,224063.2,216679.5,-3.3
20,rmsprop,early_stop,2044,0.001,2,grid_20_rmsprop_early_stop_s2044,321,555,4229,4530,843511.2,246240.4,0,842344.8,224063.2,12436.5,-94.4
20,rmsprop,early_stop,2045,0.001,2,grid_20_rmsprop_early_stop_s2045,321,678,5138,5381,840090.9,248370.4,0,842344.8,224063.2,437596.3,95.3
20,adam,paper,2026,0.001,1,grid_20_adam_paper_s2026,321,244.2,1900,1900,856369.8,250573.3,0,842344.8,224063.2,261554.9,16.7
20,adam,paper,2027,0.001,1,grid_20_adam_paper_s2027,321,248.1,1900,1900,858260.4,250410.6,0,842344.8,224063.2,406151.7,81.3
20,adam,paper,2028,0.001,1,grid_20_adam_paper_s2028,321,253.8,1900,1900,855393.6,250521.7,0,842344.8,224063.2,241335.5,7.7
20,adam,paper,2029,0.001,1,grid_20_adam_paper_s2029,321,251.3,1900,1900,868443.1,250188.4,0,842344.8,224063.2,232465.8,3.8
20,adam,paper,2030,0.001,1,grid_20_adam_paper_s2030,321,245.2,1900,1900,863722.7,255041.7,0,842344.8,224063.2,477183.2,113
20,adam,paper,2031,0.001,1,grid_20_adam_paper_s2031,321,246.7,1900,1900,860061.2,251515,0,842344.8,224063.2,330236.2,47.4
20,adam,paper,2032,0.001,1,grid_20_adam_paper_s2032,321,253.2,1900,1900,860753.5,252439.2,0,842344.8,224063.2,313038.4,39.7
20,adam,paper,2033,0.001,1,grid_20_adam_paper_s2033,321,250.9,1900,1900,854844.4,250055.9,0,842344.8,224063.2,260840.6,16.4
20,adam,paper,2034,0.001,1,grid_20_adam_paper_s2034,321,248.2,1900,1900,884918.3,259381.9,0,842344.8,224063.2,8203046.4,3561
20,adam,paper,2035,0.001,1,grid_20_adam_paper_s2035,321,248.1,1900,1900,863404.6,250760.3,0,842344.8,224063.2,277550.9,23.9
20,adam,paper,2036,0.001,2,grid_20_adam_paper_s2036,321,245.1,1900,1900,859499.5,251070.6,0,842344.8,224063.2,248329.9,10.8
20,adam,paper,2037,0.001,2,grid_20_adam_paper_s2037,321,249,1900,1900,871253.1,255632,0,842344.8,224063.2,471756.1,110.5
20,adam,paper,2038,0.001,2,grid_20_adam_paper_s2038,321,247.7,1900,1900,868223.5,255803.7,0,842344.8,224063.2,365014.6,62.9
20,adam,paper,2039,0.001,2,grid_20_adam_paper_s2039,321,250.5,1900,1900,905211.2,263013.5,0,842344.8,224063.2,866879,286.9
20,adam,paper,2040,0.001,2,grid_20_adam_paper_s2040,321,246.3,1900,1900,891504.4,255267.9,0,842344.8,224063.2,559609.2,149.8
20,adam,paper,2041,0.001,2,grid_20_adam_paper_s2041,321,248.2,1900,1900,900015.3,260067.2,0,842344.8,224063.2,3762330,1579.1
20,adam,paper,2042,0.001,2,grid_20_adam_paper_s2042,321,246.1,1900,1900,864505.5,252349.6,0,842344.8,224063.2,407034.5,81.7
20,adam,paper,2043,0.001,2,grid_20_adam_paper_s2043,321,250.3,1900,1900,873781.8,254753.9,0,842344.8,224063.2,313490.9,39.9
20,adam,paper,2044,0.001,2,grid_20_adam_paper_s2044,321,253.9,1900,1900,894926.9,255928.2,0,842344.8,224063.2,715858,219.5
20,adam,paper,2045,0.001,2,grid_20_adam_paper_s2045,321,244.4,1900,1900,862610.5,252515.5,0,842344.8,224063.2,474583.4,111.8
20,adam,early_stop,2026,0.001,1,grid_20_adam_early_stop_s2026,321,723.4,5616,5836,840186.9,248199.2,0,842344.8,224063.2,247500.8,10.5
20,adam,early_stop,2027,0.001,1,grid_20_adam_early_stop_s2027,321,828.1,6466,6666,848016.1,249233,0,842344.8,224063.2,256459.3,14.5
20,adam,early_stop,2028,0.001,1,grid_20_adam_early_stop_s2028,321,684.1,5183,5403,840239.7,248442.6,0,842344.8,224063.2,228695.1,2.1
20,adam,early_stop,2029,0.001,1,grid_20_adam_early_stop_s2029,321,763.6,5964,6224,848298.7,247605.7,0,842344.8,224063.2,217800.6,-2.8
20,adam,early_stop,2030,0.001,1,grid_20_adam_early_stop_s2030,321,986.3,7924,8024,839657.5,249676.9,0,842344.8,224063.2,108215.8,-51.7
20,adam,early_stop,2031,0.001,1,grid_20_adam_early_stop_s2031,321,686.2,5245,5485,849695.5,249341.8,0,842344.8,224063.2,554039.2,147.3
20,adam,early_stop,2032,0.001,1,grid_20_adam_early_stop_s2032,321,889.8,6749,6909,840465.5,247953.5,0,842344.8,224063.2,289563.9,29.2
20,adam,early_stop,2033,0.001,1,grid_20_adam_early_stop_s2033,321,874.9,6907,7087,838862.6,247577.9,0,842344.8,224063.2,238361.1,6.4
20,adam,early_stop,2034,0.001,1,grid_20_adam_early_stop_s2034,321,1030.3,8333,8413,842516.9,250037.8,0,842344.8,224063.2,455476.2,103.3
20,adam,early_stop,2035,0.001,1,grid_20_adam_early_stop_s2035,321,848.3,6638,6818,839704.1,248103.9,0,842344.8,224063.2,227953.2,1.7
20,adam,early_stop,2036,0.001,2,grid_20_adam_early_stop_s2036,321,752.3,5851,6051,839291.7,248276.8,0,842344.8,224063.2,218037.1,-2.7
20,adam,early_stop,2037,0.001,2,grid_20_adam_early_stop_s2037,321,995.7,7904,8024,840965.8,248869.3,0,842344.8,224063.2,252041.2,12.5
20,adam,early_stop,2038,0.001,2,grid_20_adam_early_stop_s2038,321,765.9,5814,6034,839587,249041.9,0,842344.8,224063.2,263870.7,17.8
20,adam,early_stop,2039,0.001,2,grid_20_adam_early_stop_s2039,321,1018.9,8125,8238,836481.5,247549.2,0,842344.8,224063.2,260025,16
20,adam,early_stop,2040,0.001,2,grid_20_adam_early_stop_s2040,321,832.1,6544,6764,856668.1,249204.1,0,842344.8,224063.2,227869,1.7
20,adam,early_stop,2041,0.001,2,grid_20_adam_early_stop_s2041,321,1036.4,8277,8357,840477.5,248992.2,0,842344.8,224063.2,267681.8,19.5
20,adam,early_stop,2042,0.001,2,grid_20_adam_early_stop_s2042,321,925.6,7339,7479,840148.2,247858.8,0,842344.8,224063.2,443858.2,98.1
20,adam,early_stop,2043,0.001,2,grid_20_adam_early_stop_s2043,321,795.8,6222,6442,842012.5,248123.5,0,842344.8,224063.2,228339.7,1.9
20,adam,early_stop,2044,0.001,2,grid_20_adam_early_stop_s2044,321,868.9,6817,6997,847134.6,247526.4,0,842344.8,224063.2,18215.8,-91.9
20,adam,early_stop,2045,0.001,2,grid_20_adam_early_stop_s2045,321,944,7348,7528,839683.9,249047.8,0,842344.8,224063.2,545282.9,143.4
20,adamw,paper,2026,0.001,1,grid_20_adamw_paper_s2026,321,246.1,1900,1900,856371.4,250573.6,0,842344.8,224063.2,261452.6,16.7
20,adamw,paper,2027,0.001,1,grid_20_adamw_paper_s2027,321,243.6,1900,1900,858263.5,250409.4,0,842344.8,224063.2,405894.9,81.2
20,adamw,paper,2028,0.001,1,grid_20_adamw_paper_s2028,321,253.7,1900,1900,855394.5,250521.3,0,842344.8,224063.2,241244.7,7.7
20,adamw,paper,2029,0.001,1,grid_20_adamw_paper_s2029,321,245.5,1900,1900,868451,250189.6,0,842344.8,224063.2,232404.1,3.7
20,adamw,paper,2030,0.001,1,grid_20_adamw_paper_s2030,321,246.2,1900,1900,863704,255032.7,0,842344.8,224063.2,476779.1,112.8
20,adamw,paper,2031,0.001,1,grid_20_adamw_paper_s2031,321,250.4,1900,1900,860061.9,251513.8,0,842344.8,224063.2,330022.5,47.3
20,adamw,paper,2032,0.001,1,grid_20_adamw_paper_s2032,321,256,1900,1900,860756.2,252440.9,0,842344.8,224063.2,312833.4,39.6
20,adamw,paper,2033,0.001,1,grid_20_adamw_paper_s2033,321,244.4,1900,1900,854845.9,250056.3,0,842344.8,224063.2,260746.2,16.4
20,adamw,paper,2034,0.001,1,grid_20_adamw_paper_s2034,321,246.3,1900,1900,884881.1,259371.6,0,842344.8,224063.2,8164902.7,3544
20,adamw,paper,2035,0.001,1,grid_20_adamw_paper_s2035,321,250.5,1900,1900,863399,250758.2,0,842344.8,224063.2,277375.4,23.8
20,adamw,paper,2036,0.001,2,grid_20_adamw_paper_s2036,321,250.1,1900,1900,859505.5,251071.4,0,842344.8,224063.2,248260.7,10.8
20,adamw,paper,2037,0.001,2,grid_20_adamw_paper_s2037,321,250.1,1900,1900,871252.8,255630.5,0,842344.8,224063.2,471367.9,110.4
20,adamw,paper,2038,0.001,2,grid_20_adamw_paper_s2038,321,250.2,1900,1900,868219.3,255799.8,0,842344.8,224063.2,364731.8,62.8
20,adamw,paper,2039,0.001,2,grid_20_adamw_paper_s2039,321,248.1,1900,1900,905141.8,262996.4,0,842344.8,224063.2,865834,286.4
20,adamw,paper,2040,0.001,2,grid_20_adamw_paper_s2040,321,246.3,1900,1900,891460.2,255257.4,0,842344.8,224063.2,559139.8,149.5
20,adamw,paper,2041,0.001,2,grid_20_adamw_paper_s2041,321,250.1,1900,1900,899959.9,260054.5,0,842344.8,224063.2,3754033.8,1575.4
20,adamw,paper,2042,0.001,2,grid_20_adamw_paper_s2042,321,251.3,1900,1900,864494.5,252345.4,0,842344.8,224063.2,406644.5,81.5
20,adamw,paper,2043,0.001,2,grid_20_adamw_paper_s2043,321,253.5,1900,1900,873779.2,254753.5,0,842344.8,224063.2,313336.1,39.8
20,adamw,paper,2044,0.001,2,grid_20_adamw_paper_s2044,321,245,1900,1900,894893.4,255921.8,0,842344.8,224063.2,715043,219.1
20,adamw,paper,2045,0.001,2,grid_20_adamw_paper_s2045,321,244.9,1900,1900,862602.9,252511.9,0,842344.8,224063.2,474093.7,111.6
20,adamw,early_stop,2026,0.001,1,grid_20_adamw_early_stop_s2026,321,719.5,5618,5838,840195,248197.9,0,842344.8,224063.2,247367.1,10.4
20,adamw,early_stop,2027,0.001,1,grid_20_adamw_early_stop_s2027,321,838.7,6469,6669,848018.5,249230.8,0,842344.8,224063.2,256256.4,14.4
20,adamw,early_stop,2028,0.001,1,grid_20_adamw_early_stop_s2028,321,675.2,5183,5403,840244.5,248440.5,0,842344.8,224063.2,228583.4,2
20,adamw,early_stop,2029,0.001,1,grid_20_adamw_early_stop_s2029,321,776.6,5968,6228,848310.2,247606.5,0,842344.8,224063.2,217743.5,-2.8
20,adamw,early_stop,2030,0.001,1,grid_20_adamw_early_stop_s2030,321,989,7920,8020,839656,249669.3,0,842344.8,224063.2,108110.4,-51.8
20,adamw,early_stop,2031,0.001,1,grid_20_adamw_early_stop_s2031,321,682.6,5251,5491,849701.7,249339.7,0,842344.8,224063.2,553676.4,147.1
20,adamw,early_stop,2032,0.001,1,grid_20_adamw_early_stop_s2032,321,870.2,6748,6908,840423.3,247952,0,842344.8,224063.2,289361.4,29.1
20,adamw,early_stop,2033,0.001,1,grid_20_adamw_early_stop_s2033,321,880.2,6914,7094,838869.8,247577.8,0,842344.8,224063.2,238243.8,6.3
20,adamw,early_stop,2034,0.001,1,grid_20_adamw_early_stop_s2034,321,1036.5,8338,8418,842506.8,250030.7,0,842344.8,224063.2,454557.3,102.9
20,adamw,early_stop,2035,0.001,1,grid_20_adamw_early_stop_s2035,321,840.5,6643,6823,839710.3,248101.5,0,842344.8,224063.2,227802.8,1.7
20,adamw,early_stop,2036,0.001,2,grid_20_adamw_early_stop_s2036,321,741.6,5851,6051,839303.1,248275,0,842344.8,224063.2,217959.2,-2.7
20,adamw,early_stop,2037,0.001,2,grid_20_adamw_early_stop_s2037,321,997.8,7903,8023,840937.9,248867.8,0,842344.8,224063.2,251861.2,12.4
20,adamw,early_stop,2038,0.001,2,grid_20_adamw_early_stop_s2038,321,758.7,5816,6036,839589.4,249037.2,0,842344.8,224063.2,263633.7,17.7
20,adamw,early_stop,2039,0.001,2,grid_20_adamw_early_stop_s2039,321,1004.8,8133,8238,836488.2,247547.4,0,842344.8,224063.2,259801,15.9
20,adamw,early_stop,2040,0.001,2,grid_20_adamw_early_stop_s2040,321,842.2,6547,6767,856658.6,249200.4,0,842344.8,224063.2,227817.4,1.7
20,adamw,early_stop,2041,0.001,2,grid_20_adamw_early_stop_s2041,321,1052.3,8279,8359,840477.2,248988.9,0,842344.8,224063.2,267419.2,19.3
20,adamw,early_stop,2042,0.001,2,grid_20_adamw_early_stop_s2042,321,931.5,7339,7479,840147.6,247856,0,842344.8,224063.2,443570.9,98
20,adamw,early_stop,2043,0.001,2,grid_20_adamw_early_stop_s2043,321,791.7,6230,6450,842016.3,248122.4,0,842344.8,224063.2,228259.3,1.9
20,adamw,early_stop,2044,0.001,2,grid_20_adamw_early_stop_s2044,321,863.5,6822,7002,847136.4,247526.1,0,842344.8,224063.2,18080.8,-91.9
20,adamw,early_stop,2045,0.001,2,grid_20_adamw_early_stop_s2045,321,928.6,7357,7535,839653,249042.9,0,842344.8,224063.2,544755.9,143.1
20,adamax,paper,2026,0.001,1,grid_20_adamax_paper_s2026,321,245.9,1900,1900,860875.8,251659.5,0,842344.8,224063.2,277599.3,23.9
20,adamax,paper,2027,0.001,1,grid_20_adamax_paper_s2027,321,244,1900,1900,880389.8,254551.9,0,842344.8,224063.2,1174023.5,424
20,adamax,paper,2028,0.001,1,grid_20_adamax_paper_s2028,321,251.4,1900,1900,861787.3,251740.2,0,842344.8,224063.2,317332.9,41.6
20,adamax,paper,2029,0.001,1,grid_20_adamax_paper_s2029,321,243.3,1900,1900,882752.1,253159.1,0,842344.8,224063.2,284940.2,27.2
20,adamax,paper,2030,0.001,1,grid_20_adamax_paper_s2030,321,244.7,1900,1900,874698.3,256484.5,0,842344.8,224063.2,568357.5,153.7
20,adamax,paper,2031,0.001,1,grid_20_adamax_paper_s2031,321,250,1900,1900,876429,255739.3,0,842344.8,224063.2,950017.3,324
20,adamax,paper,2032,0.001,1,grid_20_adamax_paper_s2032,321,252.6,1900,1900,872754.3,256319.2,0,842344.8,224063.2,745811.2,232.9
20,adamax,paper,2033,0.001,1,grid_20_adamax_paper_s2033,321,246.4,1900,1900,864304.7,251955.1,0,842344.8,224063.2,469666.5,109.6
20,adamax,paper,2034,0.001,1,grid_20_adamax_paper_s2034,321,253.5,1900,1900,936254.7,271627,0,842344.8,224063.2,311373843.4,138867
20,adamax,paper,2035,0.001,1,grid_20_adamax_paper_s2035,321,244.2,1900,1900,875032.8,252715,0,842344.8,224063.2,443840.8,98.1
20,adamax,paper,2036,0.001,2,grid_20_adamax_paper_s2036,321,242.2,1900,1900,868485.7,253069.9,0,842344.8,224063.2,248580.2,10.9
20,adamax,paper,2037,0.001,2,grid_20_adamax_paper_s2037,321,247.2,1900,1900,890437.5,260261.3,0,842344.8,224063.2,563624.1,151.5
20,adamax,paper,2038,0.001,2,grid_20_adamax_paper_s2038,321,248,1900,1900,891922.9,261662.4,0,842344.8,224063.2,826201.9,268.7
20,adamax,paper,2039,0.001,2,grid_20_adamax_paper_s2039,321,243.8,1900,1900,937941.4,269909.6,0,842344.8,224063.2,1240229.3,453.5
20,adamax,paper,2040,0.001,2,grid_20_adamax_paper_s2040,321,251.8,1900,1900,919607.1,261005.3,0,842344.8,224063.2,715852.8,219.5
20,adamax,paper,2041,0.001,2,grid_20_adamax_paper_s2041,321,243.9,1900,1900,960456.3,273184.5,0,842344.8,224063.2,21157391.1,9342.6
20,adamax,paper,2042,0.001,2,grid_20_adamax_paper_s2042,321,244.6,1900,1900,886663,256840.7,0,842344.8,224063.2,1350791.5,502.9
20,adamax,paper,2043,0.001,2,grid_20_adamax_paper_s2043,321,249.4,1900,1900,895634.2,261110.2,0,842344.8,224063.2,539555,140.8
20,adamax,paper,2044,0.001,2,grid_20_adamax_paper_s2044,321,245.6,1900,1900,928304.2,262801.3,0,842344.8,224063.2,1115759.9,398
20,adamax,paper,2045,0.001,2,grid_20_adamax_paper_s2045,321,244.8,1900,1900,879929.5,256510.6,0,842344.8,224063.2,2946923.8,1215.2
20,adamax,early_stop,2026,0.001,1,grid_20_adamax_early_stop_s2026,321,902.8,7237,7377,840935.5,248329.3,0,842344.8,224063.2,257840.7,15.1
20,adamax,early_stop,2027,0.001,1,grid_20_adamax_early_stop_s2027,321,1082.1,8695,8775,838287.4,248533.8,0,842344.8,224063.2,286075.2,27.7
20,adamax,early_stop,2028,0.001,1,grid_20_adamax_early_stop_s2028,321,1018.7,8074,8194,839818.5,248697,0,842344.8,224063.2,241986.1,8
20,adamax,early_stop,2029,0.001,1,grid_20_adamax_early_stop_s2029,321,991.1,7921,8061,849112.6,247698.1,0,842344.8,224063.2,234577,4.7
20,adamax,early_stop,2030,0.001,1,grid_20_adamax_early_stop_s2030,321,1074.1,8602,8683,840620.3,249877.2,0,842344.8,224063.2,119858.9,-46.5
20,adamax,early_stop,2031,0.001,1,grid_20_adamax_early_stop_s2031,321,1025.6,7847,7967,839003.6,249016.7,0,842344.8,224063.2,336670.5,50.3
20,adamax,early_stop,2032,0.001,1,grid_20_adamax_early_stop_s2032,321,1031.5,7937,8037,841032.8,248149.2,0,842344.8,224063.2,302043.7,34.8
20,adamax,early_stop,2033,0.001,1,grid_20_adamax_early_stop_s2033,321,1051.3,8319,8440,840014.9,247806.9,0,842344.8,224063.2,221377.9,-1.2
20,adamax,early_stop,2034,0.001,1,grid_20_adamax_early_stop_s2034,321,1095,8681,8741,850892.4,251797.8,0,842344.8,224063.2,1023339,356.7
20,adamax,early_stop,2035,0.001,1,grid_20_adamax_early_stop_s2035,321,1093,8852,8932,839788.2,248219.3,0,842344.8,224063.2,234182,4.5
20,adamax,early_stop,2036,0.001,2,grid_20_adamax_early_stop_s2036,321,896.3,7077,7257,839926.4,248490.5,0,842344.8,224063.2,230361.1,2.8
20,adamax,early_stop,2037,0.001,2,grid_20_adamax_early_stop_s2037,321,1111.4,8702,8762,841301.8,248978,0,842344.8,224063.2,271495.2,21.2
20,adamax,early_stop,2038,0.001,2,grid_20_adamax_early_stop_s2038,321,954.5,7348,7548,839572.7,249141.9,0,842344.8,224063.2,272385.9,21.6
20,adamax,early_stop,2039,0.001,2,grid_20_adamax_early_stop_s2039,321,1039.5,8303,8423,836847.4,247660.2,0,842344.8,224063.2,265216.1,18.4
20,adamax,early_stop,2040,0.001,2,grid_20_adamax_early_stop_s2040,321,1034.1,8370,8510,856397.9,249047.1,0,842344.8,224063.2,232066.1,3.6
20,adamax,early_stop,2041,0.001,2,grid_20_adamax_early_stop_s2041,321,1106,8921,8961,846384.7,250095.6,0,842344.8,224063.2,559621.9,149.8
20,adamax,early_stop,2042,0.001,2,grid_20_adamax_early_stop_s2042,321,1065.2,8523,8594,841870.1,248221.1,0,842344.8,224063.2,544002.9,142.8
20,adamax,early_stop,2043,0.001,2,grid_20_adamax_early_stop_s2043,321,974.7,7794,7917,841883.1,248205.3,0,842344.8,224063.2,233332.5,4.1
20,adamax,early_stop,2044,0.001,2,grid_20_adamax_early_stop_s2044,321,999.3,7847,8007,848189,247353.6,0,842344.8,224063.2,24314,-89.1
20,adamax,early_stop,2045,0.001,2,grid_20_adamax_early_stop_s2045,321,1062.4,8293,8372,841873.7,249662.6,0,842344.8,224063.2,722765.9,222.6
20,nadam,paper,2026,0.001,1,grid_20_nadam_paper_s2026,321,249.5,1900,1900,857315.1,250897.3,0,842344.8,224063.2,261593.5,16.7
20,nadam,paper,2027,0.001,1,grid_20_nadam_paper_s2027,321,250.8,1900,1900,862057.2,251031.3,0,842344.8,224063.2,458422,104.6
20,nadam,paper,2028,0.001,1,grid_20_nadam_paper_s2028,321,249.2,1900,1900,856576.3,250735.6,0,842344.8,224063.2,249402.1,11.3
20,nadam,paper,2029,0.001,1,grid_20_nadam_paper_s2029,321,251.4,1900,1900,871363,250732.6,0,842344.8,224063.2,237399.9,6
20,nadam,paper,2030,0.001,1,grid_20_nadam_paper_s2030,321,250.9,1900,1900,866265.1,255390.3,0,842344.8,224063.2,505452.7,125.6
20,nadam,paper,2031,0.001,1,grid_20_nadam_paper_s2031,321,253.5,1900,1900,862706.5,252047,0,842344.8,224063.2,361550.6,61.4
20,nadam,paper,2032,0.001,1,grid_20_nadam_paper_s2032,321,261.1,1900,1900,863295.6,253386,0,842344.8,224063.2,338285.6,51
20,nadam,paper,2033,0.001,1,grid_20_nadam_paper_s2033,321,257.1,1900,1900,855973.9,250308.3,0,842344.8,224063.2,270848.8,20.9
20,nadam,paper,2034,0.001,1,grid_20_nadam_paper_s2034,321,255.8,1900,1900,891922.6,260948.3,0,842344.8,224063.2,13868234.3,6089.4
20,nadam,paper,2035,0.001,1,grid_20_nadam_paper_s2035,321,249.9,1900,1900,865410.4,251076.4,0,842344.8,224063.2,294526,31.4
20,nadam,paper,2036,0.001,2,grid_20_nadam_paper_s2036,321,249.6,1900,1900,861789.1,251622.1,0,842344.8,224063.2,244102.8,8.9
20,nadam,paper,2037,0.001,2,grid_20_nadam_paper_s2037,321,253.4,1900,1900,875243.7,256682.1,0,842344.8,224063.2,516015.2,130.3
20,nadam,paper,2038,0.001,2,grid_20_nadam_paper_s2038,321,255.5,1900,1900,870824.8,256444,0,842344.8,224063.2,406053.7,81.2
20,nadam,paper,2039,0.001,2,grid_20_nadam_paper_s2039,321,254.6,1900,1900,912910.8,264559,0,842344.8,224063.2,944828.6,321.7
20,nadam,paper,2040,0.001,2,grid_20_nadam_paper_s2040,321,252.3,1900,1900,897523.4,256559,0,842344.8,224063.2,627107.1,179.9
20,nadam,paper,2041,0.001,2,grid_20_nadam_paper_s2041,321,253,1900,1900,908311.1,261795.2,0,842344.8,224063.2,4766388.8,2027.3
20,nadam,paper,2042,0.001,2,grid_20_nadam_paper_s2042,321,252,1900,1900,867852,252905.7,0,842344.8,224063.2,468134.6,108.9
20,nadam,paper,2043,0.001,2,grid_20_nadam_paper_s2043,321,258.7,1900,1900,878256.5,255982.5,0,842344.8,224063.2,348213.8,55.4
20,nadam,paper,2044,0.001,2,grid_20_nadam_paper_s2044,321,251.2,1900,1900,900466.2,257173.7,0,842344.8,224063.2,832483.8,271.5
20,nadam,paper,2045,0.001,2,grid_20_nadam_paper_s2045,321,251.9,1900,1900,864905.7,252902.8,0,842344.8,224063.2,606165.4,170.5
20,nadam,early_stop,2026,0.001,1,grid_20_nadam_early_stop_s2026,321,800.6,6177,6397,840179.7,248220.9,0,842344.8,224063.2,249948.6,11.6
20,nadam,early_stop,2027,0.001,1,grid_20_nadam_early_stop_s2027,321,871.8,6903,7083,848138.8,249337.2,0,842344.8,224063.2,255638.9,14.1
20,nadam,early_stop,2028,0.001,1,grid_20_nadam_early_stop_s2028,321,840.3,6590,6750,839947.8,248494,0,842344.8,224063.2,232294.5,3.7
20,nadam,early_stop,2029,0.001,1,grid_20_nadam_early_stop_s2029,321,808.4,6350,6590,848549.7,247619.9,0,842344.8,224063.2,219417.1,-2.1
20,nadam,early_stop,2030,0.001,1,grid_20_nadam_early_stop_s2030,321,993.1,7948,8048,839588.5,249633.9,0,842344.8,224063.2,108690.9,-51.5
20,nadam,early_stop,2031,0.001,1,grid_20_nadam_early_stop_s2031,321,784.2,5892,6112,848420.6,249403.6,0,842344.8,224063.2,317052.1,41.5
20,nadam,early_stop,2032,0.001,1,grid_20_nadam_early_stop_s2032,321,895.4,6667,6847,840363.6,248015.5,0,842344.8,224063.2,287947.8,28.5
20,nadam,early_stop,2033,0.001,1,grid_20_nadam_early_stop_s2033,321,878.1,6910,7090,838758,247625.5,0,842344.8,224063.2,237790.5,6.1
20,nadam,early_stop,2034,0.001,1,grid_20_nadam_early_stop_s2034,321,1056,8399,8459,842791.6,250079.2,0,842344.8,224063.2,458382.3,104.6
20,nadam,early_stop,2035,0.001,1,grid_20_nadam_early_stop_s2035,321,966.3,7633,7753,839358.4,248101.3,0,842344.8,224063.2,224503,0.2
20,nadam,early_stop,2036,0.001,2,grid_20_nadam_early_stop_s2036,321,783.7,5908,6108,839278.9,248321.7,0,842344.8,224063.2,224420.7,0.2
20,nadam,early_stop,2037,0.001,2,grid_20_nadam_early_stop_s2037,321,1025.4,7998,8118,840767.2,248882,0,842344.8,224063.2,253037.5,12.9
20,nadam,early_stop,2038,0.001,2,grid_20_nadam_early_stop_s2038,321,810.9,6217,6417,839645.2,249073.1,0,842344.8,224063.2,263429,17.6
20,nadam,early_stop,2039,0.001,2,grid_20_nadam_early_stop_s2039,321,1022,8168,8268,836463.3,247539.7,0,842344.8,224063.2,257179.2,14.8
20,nadam,early_stop,2040,0.001,2,grid_20_nadam_early_stop_s2040,321,894.7,6959,7159,856763.2,249302.8,0,842344.8,224063.2,228194.2,1.8
20,nadam,early_stop,2041,0.001,2,grid_20_nadam_early_stop_s2041,321,1036.4,8282,8382,840799.2,249184.9,0,842344.8,224063.2,276736.2,23.5
20,nadam,early_stop,2042,0.001,2,grid_20_nadam_early_stop_s2042,321,945.3,7492,7632,840005.4,247899.3,0,842344.8,224063.2,459244.2,105
20,nadam,early_stop,2043,0.001,2,grid_20_nadam_early_stop_s2043,321,818.2,6267,6487,842075.4,248157.5,0,842344.8,224063.2,230281.8,2.8
20,nadam,early_stop,2044,0.001,2,grid_20_nadam_early_stop_s2044,321,940.9,7478,7638,847332,247617.5,0,842344.8,224063.2,13150.1,-94.1
20,nadam,early_stop,2045,0.001,2,grid_20_nadam_early_stop_s2045,321,944.3,7458,7619,839676.7,249091.6,0,842344.8,224063.2,566963.7,153
20-20-15,sgd,paper,2026,0.001,1,grid_20-20-15_sgd_paper_s2026,1051,238.3,1900,1900,838613.3,244906.7,0,842344.8,224063.2,307922.2,37.4
20-20-15,sgd,paper,2027,0.001,1,grid_20-20-15_sgd_paper_s2027,1051,236,1900,1900,843679.2,248422.8,0,842344.8,224063.2,327997.2,46.4
20-20-15,sgd,paper,2028,0.001,1,grid_20-20-15_sgd_paper_s2028,1051,235.3,1900,1900,841859.4,248917.9,0,842344.8,224063.2,304996.1,36.1
20-20-15,sgd,paper,2029,0.001,1,grid_20-20-15_sgd_paper_s2029,1051,235.2,1900,1900,843922.6,249274.2,0,842344.8,224063.2,378779.6,69.1
20-20-15,sgd,paper,2030,0.001,1,grid_20-20-15_sgd_paper_s2030,1051,234.1,1900,1900,840506.8,246427.6,0,842344.8,224063.2,325541,45.3
20-20-15,sgd,paper,2031,0.001,1,grid_20-20-15_sgd_paper_s2031,1051,243.2,1900,1900,841048.5,246413.7,0,842344.8,224063.2,255216.5,13.9
20-20-15,sgd,paper,2032,0.001,1,grid_20-20-15_sgd_paper_s2032,1051,246.5,1900,1900,837673.3,246277.3,0,842344.8,224063.2,276661.1,23.5
20-20-15,sgd,paper,2033,0.001,1,grid_20-20-15_sgd_paper_s2033,1051,242.4,1900,1900,839214.5,246171.2,0,842344.8,224063.2,313861.5,40.1
20-20-15,sgd,paper,2034,0.001,1,grid_20-20-15_sgd_paper_s2034,1051,240.4,1900,1900,839728.8,246494.1,0,842344.8,224063.2,332717.8,48.5
20-20-15,sgd,paper,2035,0.001,1,grid_20-20-15_sgd_paper_s2035,1051,245.5,1900,1900,840510.7,247037.9,0,842344.8,224063.2,275897.1,23.1
20-20-15,sgd,paper,2036,0.001,2,grid_20-20-15_sgd_paper_s2036,1051,238.9,1900,1900,840084.5,246390.1,0,842344.8,224063.2,337372.7,50.6
20-20-15,sgd,paper,2037,0.001,2,grid_20-20-15_sgd_paper_s2037,1051,244,1900,1900,841865.2,247161.3,0,842344.8,224063.2,442708.4,97.6
20-20-15,sgd,paper,2038,0.001,2,grid_20-20-15_sgd_paper_s2038,1051,239.1,1900,1900,838457,245826.8,0,842344.8,224063.2,296855.1,32.5
20-20-15,sgd,paper,2039,0.001,2,grid_20-20-15_sgd_paper_s2039,1051,234.6,1900,1900,840541.3,245929,0,842344.8,224063.2,323965,44.6
20-20-15,sgd,paper,2040,0.001,2,grid_20-20-15_sgd_paper_s2040,1051,236.9,1900,1900,840736.1,246915.9,0,842344.8,224063.2,296489.5,32.3
20-20-15,sgd,paper,2041,0.001,2,grid_20-20-15_sgd_paper_s2041,1051,237.9,1900,1900,844319.2,249019.2,0,842344.8,224063.2,295093.5,31.7
20-20-15,sgd,paper,2042,0.001,2,grid_20-20-15_sgd_paper_s2042,1051,233.1,1900,1900,838305.7,245845.2,0,842344.8,224063.2,278400.2,24.3
20-20-15,sgd,paper,2043,0.001,2,grid_20-20-15_sgd_paper_s2043,1051,233.2,1900,1900,842003.9,248613.3,0,842344.8,224063.2,278758.4,24.4
20-20-15,sgd,paper,2044,0.001,2,grid_20-20-15_sgd_paper_s2044,1051,233.1,1900,1900,840072.5,247277.9,0,842344.8,224063.2,331387.2,47.9
20-20-15,sgd,paper,2045,0.001,2,grid_20-20-15_sgd_paper_s2045,1051,239.2,1900,1900,839759.4,246555.7,0,842344.8,224063.2,294836.3,31.6
20-20-15,sgd,early_stop,2026,0.001,1,grid_20-20-15_sgd_early_stop_s2026,1051,860.7,6761,6941,845944.1,244635.9,0,842344.8,224063.2,245372.4,9.5
20-20-15,sgd,early_stop,2027,0.001,1,grid_20-20-15_sgd_early_stop_s2027,1051,995.2,8079,8179,837667,243433.9,0,842344.8,224063.2,236761.3,5.7
20-20-15,sgd,early_stop,2028,0.001,1,grid_20-20-15_sgd_early_stop_s2028,1051,917.5,7194,7354,849385.3,245072.3,0,842344.8,224063.2,236070.8,5.4
20-20-15,sgd,early_stop,2029,0.001,1,grid_20-20-15_sgd_early_stop_s2029,1051,1001.4,8081,8161,848367.6,247751.9,0,842344.8,224063.2,276643.9,23.5
20-20-15,sgd,early_stop,2030,0.001,1,grid_20-20-15_sgd_early_stop_s2030,1051,991.1,7920,8040,840057.7,245689.7,0,842344.8,224063.2,250982.7,12
20-20-15,sgd,early_stop,2031,0.001,1,grid_20-20-15_sgd_early_stop_s2031,1051,938.7,7359,7459,844733.2,245109.6,0,842344.8,224063.2,242773,8.4
20-20-15,sgd,early_stop,2032,0.001,1,grid_20-20-15_sgd_early_stop_s2032,1051,954,7343,7463,838668.9,244359.2,0,842344.8,224063.2,242658.2,8.3
20-20-15,sgd,early_stop,2033,0.001,1,grid_20-20-15_sgd_early_stop_s2033,1051,932.8,7487,7607,838277,245194.7,0,842344.8,224063.2,250767.1,11.9
20-20-15,sgd,early_stop,2034,0.001,1,grid_20-20-15_sgd_early_stop_s2034,1051,923.6,7390,7530,838058.4,244619,0,842344.8,224063.2,259653.9,15.9
20-20-15,sgd,early_stop,2035,0.001,1,grid_20-20-15_sgd_early_stop_s2035,1051,990.1,7981,8061,838814.2,244503.6,0,842344.8,224063.2,231651.6,3.4
20-20-15,sgd,early_stop,2036,0.001,2,grid_20-20-15_sgd_early_stop_s2036,1051,961.6,7511,7611,839764.2,244317.7,0,842344.8,224063.2,244207.6,9
20-20-15,sgd,early_stop,2037,0.001,2,grid_20-20-15_sgd_early_stop_s2037,1051,1055.4,8362,8422,841123,246278.4,0,842344.8,224063.2,249515.9,11.4
20-20-15,sgd,early_stop,2038,0.001,2,grid_20-20-15_sgd_early_stop_s2038,1051,924.6,7138,7258,838720.7,243379.4,0,842344.8,224063.2,243902.5,8.9
20-20-15,sgd,early_stop,2039,0.001,2,grid_20-20-15_sgd_early_stop_s2039,1051,1013.4,8245,8305,839196.6,244765.8,0,842344.8,224063.2,259407.6,15.8
20-20-15,sgd,early_stop,2040,0.001,2,grid_20-20-15_sgd_early_stop_s2040,1051,882.6,6960,7120,839492.4,244724.8,0,842344.8,224063.2,259786.4,15.9
20-20-15,sgd,early_stop,2041,0.001,2,grid_20-20-15_sgd_early_stop_s2041,1051,976.6,7698,7818,840693.9,244230.6,0,842344.8,224063.2,241941.6,8
20-20-15,sgd,early_stop,2042,0.001,2,grid_20-20-15_sgd_early_stop_s2042,1051,1016.1,7890,7990,838795,244346.8,0,842344.8,224063.2,251133.3,12.1
20-20-15,sgd,early_stop,2043,0.001,2,grid_20-20-15_sgd_early_stop_s2043,1051,905.8,7305,7445,842630.8,244925.3,0,842344.8,224063.2,234578.1,4.7
20-20-15,sgd,early_stop,2044,0.001,2,grid_20-20-15_sgd_early_stop_s2044,1051,942,7615,7735,839990.6,245116,0,842344.8,224063.2,244710.7,9.2
20-20-15,sgd,early_stop,2045,0.001,2,grid_20-20-15_sgd_early_stop_s2045,1051,883.5,6888,7048,839409.5,244641.1,0,842344.8,224063.2,254294.1,13.5
20-20-15,sgd_momentum,paper,2026,0.001,1,grid_20-20-15_sgd_momentum_paper_s2026,1051,247.1,1900,1900,837028.4,250481.9,0,842344.8,224063.2,229577.5,2.5
20-20-15,sgd_momentum,paper,2027,0.001,1,grid_20-20-15_sgd_momentum_paper_s2027,1051,249.8,1900,1900,1530709.1,431576.9,0,842344.8,224063.2,126739.6,-43.4
20-20-15,sgd_momentum,paper,2028,0.001,1,grid_20-20-15_sgd_momentum_paper_s2028,1051,246.5,1900,1900,836030.4,253045.7,0,842344.8,224063.2,227888.5,1.7
20-20-15,sgd_momentum,paper,2029,0.001,1,grid_20-20-15_sgd_momentum_paper_s2029,1051,245.8,1900,1900,1530172.2,431480.7,0,842344.8,224063.2,132608.6,-40.8
20-20-15,sgd_momentum,paper,2030,0.001,1,grid_20-20-15_sgd_momentum_paper_s2030,1051,247.7,1900,1900,1530407.2,431617.8,0,842344.8,224063.2,134442.4,-40
20-20-15,sgd_momentum,paper,2031,0.001,1,grid_20-20-15_sgd_momentum_paper_s2031,1051,252.3,1900,1900,1530425.4,431792.1,0,842344.8,224063.2,132600.7,-40.8
20-20-15,sgd_momentum,paper,2032,0.001,1,grid_20-20-15_sgd_momentum_paper_s2032,1051,253.2,1900,1900,836339,252684.7,0,842344.8,224063.2,235556.1,5.1
20-20-15,sgd_momentum,paper,2033,0.001,1,grid_20-20-15_sgd_momentum_paper_s2033,1051,246.5,1900,1900,836749.1,247732.4,0,842344.8,224063.2,238237.7,6.3
20-20-15,sgd_momentum,paper,2034,0.001,1,grid_20-20-15_sgd_momentum_paper_s2034,1051,242.8,1900,1900,,,1,842344.8,224063.2,,
20-20-15,sgd_momentum,paper,2035,0.001,1,grid_20-20-15_sgd_momentum_paper_s2035,1051,254.9,1900,1900,,,1,842344.8,224063.2,,
20-20-15,sgd_momentum,paper,2036,0.001,2,grid_20-20-15_sgd_momentum_paper_s2036,1051,246.9,1900,1900,1530294.6,431655,0,842344.8,224063.2,130855.1,-41.6
20-20-15,sgd_momentum,paper,2037,0.001,2,grid_20-20-15_sgd_momentum_paper_s2037,1051,250.6,1900,1900,,,1,842344.8,224063.2,,
20-20-15,sgd_momentum,paper,2038,0.001,2,grid_20-20-15_sgd_momentum_paper_s2038,1051,255.1,1900,1900,,,1,842344.8,224063.2,,
20-20-15,sgd_momentum,paper,2039,0.001,2,grid_20-20-15_sgd_momentum_paper_s2039,1051,248.3,1900,1900,837285.9,253304,0,842344.8,224063.2,215062.1,-4
20-20-15,sgd_momentum,paper,2040,0.001,2,grid_20-20-15_sgd_momentum_paper_s2040,1051,246.6,1900,1900,,,1,842344.8,224063.2,,
20-20-15,sgd_momentum,paper,2041,0.001,2,grid_20-20-15_sgd_momentum_paper_s2041,1051,246,1900,1900,837081.7,248939,0,842344.8,224063.2,236739.3,5.7
20-20-15,sgd_momentum,paper,2042,0.001,2,grid_20-20-15_sgd_momentum_paper_s2042,1051,250.3,1900,1900,837568.5,253469.1,0,842344.8,224063.2,239233.7,6.8
20-20-15,sgd_momentum,paper,2043,0.001,2,grid_20-20-15_sgd_momentum_paper_s2043,1051,244.1,1900,1900,837483.5,250465.2,0,842344.8,224063.2,238525.1,6.5
20-20-15,sgd_momentum,paper,2044,0.001,2,grid_20-20-15_sgd_momentum_paper_s2044,1051,242.8,1900,1900,836738.8,248683.4,0,842344.8,224063.2,232138.2,3.6
20-20-15,sgd_momentum,paper,2045,0.001,2,grid_20-20-15_sgd_momentum_paper_s2045,1051,245.6,1900,1900,,,1,842344.8,224063.2,,
20-20-15,sgd_momentum,early_stop,2026,0.001,1,grid_20-20-15_sgd_momentum_early_stop_s2026,1051,329.7,2214,2554,841147.6,243682.9,0,842344.8,224063.2,266741.4,19
20-20-15,sgd_momentum,early_stop,2027,0.001,1,grid_20-20-15_sgd_momentum_early_stop_s2027,1051,232.7,1425,1785,890145.9,256269.5,0,842344.8,224063.2,241111.4,7.6
20-20-15,sgd_momentum,early_stop,2028,0.001,1,grid_20-20-15_sgd_momentum_early_stop_s2028,1051,397.6,2753,3073,847827.2,243026.5,0,842344.8,224063.2,180631.2,-19.4
20-20-15,sgd_momentum,early_stop,2029,0.001,1,grid_20-20-15_sgd_momentum_early_stop_s2029,1051,534.6,4038,4298,898235.8,266133.5,0,842344.8,224063.2,187752.4,-16.2
20-20-15,sgd_momentum,early_stop,2030,0.001,1,grid_20-20-15_sgd_momentum_early_stop_s2030,1051,321.7,2196,2516,889067.7,257847.4,0,842344.8,224063.2,174690.1,-22
20-20-15,sgd_momentum,early_stop,2031,0.001,1,grid_20-20-15_sgd_momentum_early_stop_s2031,1051,486.2,3587,3847,893748.9,257748.4,0,842344.8,224063.2,219341.6,-2.1
20-20-15,sgd_momentum,early_stop,2032,0.001,1,grid_20-20-15_sgd_momentum_early_stop_s2032,1051,247,1521,1881,843934.4,243278.8,0,842344.8,224063.2,206817.9,-7.7
20-20-15,sgd_momentum,early_stop,2033,0.001,1,grid_20-20-15_sgd_momentum_early_stop_s2033,1051,271.2,1681,2041,839594.4,243494.3,0,842344.8,224063.2,161927.6,-27.7
20-20-15,sgd_momentum,early_stop,2034,0.001,1,grid_20-20-15_sgd_momentum_early_stop_s2034,1051,199.8,1104,1484,906266.2,260236,0,842344.8,224063.2,120354.5,-46.3
20-20-15,sgd_momentum,early_stop,2035,0.001,1,grid_20-20-15_sgd_momentum_early_stop_s2035,1051,168.2,830,1210,851192.2,245005.7,0,842344.8,224063.2,262356.1,17.1
20-20-15,sgd_momentum,early_stop,2036,0.001,2,grid_20-20-15_sgd_momentum_early_stop_s2036,1051,220.1,1322,1682,868252.4,248073.9,0,842344.8,224063.2,83243.3,-62.8
20-20-15,sgd_momentum,early_stop,2037,0.001,2,grid_20-20-15_sgd_momentum_early_stop_s2037,1051,343.5,2323,2663,907772.9,262809.5,0,842344.8,224063.2,189998.8,-15.2
20-20-15,sgd_momentum,early_stop,2038,0.001,2,grid_20-20-15_sgd_momentum_early_stop_s2038,1051,259.6,1618,1958,856240.1,247607.5,0,842344.8,224063.2,236705.8,5.6
20-20-15,sgd_momentum,early_stop,2039,0.001,2,grid_20-20-15_sgd_momentum_early_stop_s2039,1051,527.2,3981,4241,840410,244617.3,0,842344.8,224063.2,137003.9,-38.9
20-20-15,sgd_momentum,early_stop,2040,0.001,2,grid_20-20-15_sgd_momentum_early_stop_s2040,1051,278.4,1780,2120,848943.3,246145.3,0,842344.8,224063.2,204011.3,-8.9
20-20-15,sgd_momentum,early_stop,2041,0.001,2,grid_20-20-15_sgd_momentum_early_stop_s2041,1051,398.7,2842,3142,845102.4,244609.6,0,842344.8,224063.2,191485.6,-14.5
20-20-15,sgd_momentum,early_stop,2042,0.001,2,grid_20-20-15_sgd_momentum_early_stop_s2042,1051,397.9,2855,3155,845872.2,244566.2,0,842344.8,224063.2,178087,-20.5
20-20-15,sgd_momentum,early_stop,2043,0.001,2,grid_20-20-15_sgd_momentum_early_stop_s2043,1051,232.5,1442,1802,841333.2,243751.6,0,842344.8,224063.2,195501.2,-12.7
20-20-15,sgd_momentum,early_stop,2044,0.001,2,grid_20-20-15_sgd_momentum_early_stop_s2044,1051,326.2,2185,2525,839897.7,244628.7,0,842344.8,224063.2,199438.8,-11
20-20-15,sgd_momentum,early_stop,2045,0.001,2,grid_20-20-15_sgd_momentum_early_stop_s2045,1051,306.2,2001,2341,977293.7,275381,0,842344.8,224063.2,212199.2,-5.3
20-20-15,sgd_nesterov,paper,2026,0.001,1,grid_20-20-15_sgd_nesterov_paper_s2026,1051,250.7,1900,1900,,,1,842344.8,224063.2,,
20-20-15,sgd_nesterov,paper,2027,0.001,1,grid_20-20-15_sgd_nesterov_paper_s2027,1051,252.7,1900,1900,834536.9,248585,0,842344.8,224063.2,232972.4,4
20-20-15,sgd_nesterov,paper,2028,0.001,1,grid_20-20-15_sgd_nesterov_paper_s2028,1051,250.4,1900,1900,,,1,842344.8,224063.2,,
20-20-15,sgd_nesterov,paper,2029,0.001,1,grid_20-20-15_sgd_nesterov_paper_s2029,1051,244.1,1900,1900,1530115.1,431705.3,0,842344.8,224063.2,139301.7,-37.8
20-20-15,sgd_nesterov,paper,2030,0.001,1,grid_20-20-15_sgd_nesterov_paper_s2030,1051,246.7,1900,1900,,,1,842344.8,224063.2,,
20-20-15,sgd_nesterov,paper,2031,0.001,1,grid_20-20-15_sgd_nesterov_paper_s2031,1051,245,1900,1900,1530141.5,431755.2,0,842344.8,224063.2,133318,-40.5
20-20-15,sgd_nesterov,paper,2032,0.001,1,grid_20-20-15_sgd_nesterov_paper_s2032,1051,252.2,1900,1900,,,1,842344.8,224063.2,,
20-20-15,sgd_nesterov,paper,2033,0.001,1,grid_20-20-15_sgd_nesterov_paper_s2033,1051,253.3,1900,1900,1530275.4,431539.5,0,842344.8,224063.2,134284.7,-40.1
20-20-15,sgd_nesterov,paper,2034,0.001,1,grid_20-20-15_sgd_nesterov_paper_s2034,1051,245.9,1900,1900,839546.8,255827.2,0,842344.8,224063.2,234308.1,4.6
20-20-15,sgd_nesterov,paper,2035,0.001,1,grid_20-20-15_sgd_nesterov_paper_s2035,1051,249.1,1900,1900,834046.9,248032.8,0,842344.8,224063.2,234722.7,4.8
20-20-15,sgd_nesterov,paper,2036,0.001,2,grid_20-20-15_sgd_nesterov_paper_s2036,1051,248.3,1900,1900,,,1,842344.8,224063.2,,
20-20-15,sgd_nesterov,paper,2037,0.001,2,grid_20-20-15_sgd_nesterov_paper_s2037,1051,250.5,1900,1900,1530212.1,431598.9,0,842344.8,224063.2,131106.4,-41.5
20-20-15,sgd_nesterov,paper,2038,0.001,2,grid_20-20-15_sgd_nesterov_paper_s2038,1051,256.7,1900,1900,1530452.1,431608.3,0,842344.8,224063.2,128694.9,-42.6
20-20-15,sgd_nesterov,paper,2039,0.001,2,grid_20-20-15_sgd_nesterov_paper_s2039,1051,249.2,1900,1900,,,1,842344.8,224063.2,,
20-20-15,sgd_nesterov,paper,2040,0.001,2,grid_20-20-15_sgd_nesterov_paper_s2040,1051,248.6,1900,1900,1530049.7,431669.5,0,842344.8,224063.2,135727.5,-39.4
20-20-15,sgd_nesterov,paper,2041,0.001,2,grid_20-20-15_sgd_nesterov_paper_s2041,1051,253.1,1900,1900,836867.5,247540.5,0,842344.8,224063.2,237860.7,6.2
20-20-15,sgd_nesterov,paper,2042,0.001,2,grid_20-20-15_sgd_nesterov_paper_s2042,1051,248.1,1900,1900,,,1,842344.8,224063.2,,
20-20-15,sgd_nesterov,paper,2043,0.001,2,grid_20-20-15_sgd_nesterov_paper_s2043,1051,249.6,1900,1900,834333.2,251487.7,0,842344.8,224063.2,237216.3,5.9
20-20-15,sgd_nesterov,paper,2044,0.001,2,grid_20-20-15_sgd_nesterov_paper_s2044,1051,245.8,1900,1900,,,1,842344.8,224063.2,,
20-20-15,sgd_nesterov,paper,2045,0.001,2,grid_20-20-15_sgd_nesterov_paper_s2045,1051,248.4,1900,1900,837010.5,247829.5,0,842344.8,224063.2,239037.4,6.7
20-20-15,sgd_nesterov,early_stop,2026,0.001,1,grid_20-20-15_sgd_nesterov_early_stop_s2026,1051,465.9,3396,3696,1032042.7,294575.4,0,842344.8,224063.2,171484.6,-23.5
20-20-15,sgd_nesterov,early_stop,2027,0.001,1,grid_20-20-15_sgd_nesterov_early_stop_s2027,1051,416.1,2937,3237,838564.2,243833.1,0,842344.8,224063.2,225797.3,0.8
20-20-15,sgd_nesterov,early_stop,2028,0.001,1,grid_20-20-15_sgd_nesterov_early_stop_s2028,1051,385.9,2728,3028,930062.1,264101.4,0,842344.8,224063.2,225756.2,0.8
20-20-15,sgd_nesterov,early_stop,2029,0.001,1,grid_20-20-15_sgd_nesterov_early_stop_s2029,1051,725.1,5589,5829,1126557.9,322842.1,0,842344.8,224063.2,199524.2,-11
20-20-15,sgd_nesterov,early_stop,2030,0.001,1,grid_20-20-15_sgd_nesterov_early_stop_s2030,1051,602.8,4525,4765,886024.1,253586.5,0,842344.8,224063.2,215888.5,-3.6
20-20-15,sgd_nesterov,early_stop,2031,0.001,1,grid_20-20-15_sgd_nesterov_early_stop_s2031,1051,731.1,5544,5764,924853.1,264870.7,0,842344.8,224063.2,211715.3,-5.5
20-20-15,sgd_nesterov,early_stop,2032,0.001,1,grid_20-20-15_sgd_nesterov_early_stop_s2032,1051,283.1,1799,2139,913833.6,265169.3,0,842344.8,224063.2,204156.8,-8.9
20-20-15,sgd_nesterov,early_stop,2033,0.001,1,grid_20-20-15_sgd_nesterov_early_stop_s2033,1051,397.5,2789,3089,859401.4,248004.2,0,842344.8,224063.2,211194.5,-5.7
20-20-15,sgd_nesterov,early_stop,2034,0.001,1,grid_20-20-15_sgd_nesterov_early_stop_s2034,1051,260.1,1634,1994,849281.7,244926.8,0,842344.8,224063.2,219858.2,-1.9
20-20-15,sgd_nesterov,early_stop,2035,0.001,1,grid_20-20-15_sgd_nesterov_early_stop_s2035,1051,467.3,3350,3650,839763.7,244200.6,0,842344.8,224063.2,229600.6,2.5
20-20-15,sgd_nesterov,early_stop,2036,0.001,2,grid_20-20-15_sgd_nesterov_early_stop_s2036,1051,466.2,3344,3624,1039763.6,294631.3,0,842344.8,224063.2,74267.7,-66.9
20-20-15,sgd_nesterov,early_stop,2037,0.001,2,grid_20-20-15_sgd_nesterov_early_stop_s2037,1051,494.9,3491,3771,897445.8,262212.6,0,842344.8,224063.2,212172.8,-5.3
20-20-15,sgd_nesterov,early_stop,2038,0.001,2,grid_20-20-15_sgd_nesterov_early_stop_s2038,1051,494.5,3612,3872,920407.3,263320.3,0,842344.8,224063.2,203811.1,-9
20-20-15,sgd_nesterov,early_stop,2039,0.001,2,grid_20-20-15_sgd_nesterov_early_stop_s2039,1051,479.9,3441,3721,886607.9,251899.6,0,842344.8,224063.2,30690.2,-86.3
20-20-15,sgd_nesterov,early_stop,2040,0.001,2,grid_20-20-15_sgd_nesterov_early_stop_s2040,1051,312.1,2094,2414,883182.3,253504.5,0,842344.8,224063.2,233854.5,4.4
20-20-15,sgd_nesterov,early_stop,2041,0.001,2,grid_20-20-15_sgd_nesterov_early_stop_s2041,1051,658.2,5046,5266,840627.6,244857.7,0,842344.8,224063.2,215836.8,-3.7
20-20-15,sgd_nesterov,early_stop,2042,0.001,2,grid_20-20-15_sgd_nesterov_early_stop_s2042,1051,435.2,3016,3316,890548.7,255545.4,0,842344.8,224063.2,207593.7,-7.4
20-20-15,sgd_nesterov,early_stop,2043,0.001,2,grid_20-20-15_sgd_nesterov_early_stop_s2043,1051,525.8,3969,4209,838786.2,243883.8,0,842344.8,224063.2,260650.1,16.3
20-20-15,sgd_nesterov,early_stop,2044,0.001,2,grid_20-20-15_sgd_nesterov_early_stop_s2044,1051,423.2,2992,3297,896075.5,258311.7,0,842344.8,224063.2,219847.1,-1.9
20-20-15,sgd_nesterov,early_stop,2045,0.001,2,grid_20-20-15_sgd_nesterov_early_stop_s2045,1051,364.7,2517,2857,839732.9,244550.5,0,842344.8,224063.2,233495.1,4.2
20-20-15,adagrad,paper,2026,0.01,1,grid_20-20-15_adagrad_paper_s2026,1051,251.3,1900,1900,828579.5,253733.8,0,842344.8,224063.2,261263.2,16.6
20-20-15,adagrad,paper,2027,0.01,1,grid_20-20-15_adagrad_paper_s2027,1051,244,1900,1900,833903.1,248206.3,0,842344.8,224063.2,246922.9,10.2
20-20-15,adagrad,paper,2028,0.01,1,grid_20-20-15_adagrad_paper_s2028,1051,252,1900,1900,834433.5,250521.7,0,842344.8,224063.2,261495.6,16.7
20-20-15,adagrad,paper,2029,0.01,1,grid_20-20-15_adagrad_paper_s2029,1051,250,1900,1900,837656.9,250359.8,0,842344.8,224063.2,286993.6,28.1
20-20-15,adagrad,paper,2030,0.01,1,grid_20-20-15_adagrad_paper_s2030,1051,248.7,1900,1900,836933.4,249564.8,0,842344.8,224063.2,255585.1,14.1
20-20-15,adagrad,paper,2031,0.01,1,grid_20-20-15_adagrad_paper_s2031,1051,255,1900,1900,836911.8,251236,0,842344.8,224063.2,248066.6,10.7
20-20-15,adagrad,paper,2032,0.01,1,grid_20-20-15_adagrad_paper_s2032,1051,252.9,1900,1900,834675.9,248826.8,0,842344.8,224063.2,244967.6,9.3
20-20-15,adagrad,paper,2033,0.01,1,grid_20-20-15_adagrad_paper_s2033,1051,256.7,1900,1900,834371.7,247335.2,0,842344.8,224063.2,251307.9,12.2
20-20-15,adagrad,paper,2034,0.01,1,grid_20-20-15_adagrad_paper_s2034,1051,246.6,1900,1900,835264.8,247998.7,0,842344.8,224063.2,258560.8,15.4
20-20-15,adagrad,paper,2035,0.01,1,grid_20-20-15_adagrad_paper_s2035,1051,245.2,1900,1900,833134.1,247668.9,0,842344.8,224063.2,233925.2,4.4
20-20-15,adagrad,paper,2036,0.01,2,grid_20-20-15_adagrad_paper_s2036,1051,251.7,1900,1900,835766.8,248135.9,0,842344.8,224063.2,246775.9,10.1
20-20-15,adagrad,paper,2037,0.01,2,grid_20-20-15_adagrad_paper_s2037,1051,256.9,1900,1900,837321.1,248664.9,0,842344.8,224063.2,257235.5,14.8
20-20-15,adagrad,paper,2038,0.01,2,grid_20-20-15_adagrad_paper_s2038,1051,247.4,1900,1900,835528.4,247662.8,0,842344.8,224063.2,235755.4,5.2
20-20-15,adagrad,paper,2039,0.01,2,grid_20-20-15_adagrad_paper_s2039,1051,245.8,1900,1900,837804.8,249709.6,0,842344.8,224063.2,318098.8,42
20-20-15,adagrad,paper,2040,0.01,2,grid_20-20-15_adagrad_paper_s2040,1051,243.3,1900,1900,833593,250073.4,0,842344.8,224063.2,269369.8,20.2
20-20-15,adagrad,paper,2041,0.01,2,grid_20-20-15_adagrad_paper_s2041,1051,248.8,1900,1900,837065.2,249954.9,0,842344.8,224063.2,260964.7,16.5
20-20-15,adagrad,paper,2042,0.01,2,grid_20-20-15_adagrad_paper_s2042,1051,246.8,1900,1900,836225.8,248633.4,0,842344.8,224063.2,246556.2,10
20-20-15,adagrad,paper,2043,0.01,2,grid_20-20-15_adagrad_paper_s2043,1051,245.2,1900,1900,837064.7,251061.1,0,842344.8,224063.2,248288.3,10.8
20-20-15,adagrad,paper,2044,0.01,2,grid_20-20-15_adagrad_paper_s2044,1051,245.3,1900,1900,835952.8,249433.2,0,842344.8,224063.2,242208.1,8.1
20-20-15,adagrad,paper,2045,0.01,2,grid_20-20-15_adagrad_paper_s2045,1051,245.7,1900,1900,836330.7,250812.7,0,842344.8,224063.2,281466.1,25.6
20-20-15,adagrad,early_stop,2026,0.01,1,grid_20-20-15_adagrad_early_stop_s2026,1051,709.9,5506,5706,842927.1,246217.6,0,842344.8,224063.2,239306.9,6.8
20-20-15,adagrad,early_stop,2027,0.01,1,grid_20-20-15_adagrad_early_stop_s2027,1051,797.8,6124,6284,838983.7,244678.6,0,842344.8,224063.2,230509.9,2.9
20-20-15,adagrad,early_stop,2028,0.01,1,grid_20-20-15_adagrad_early_stop_s2028,1051,796.4,6180,6360,843807.2,246849.6,0,842344.8,224063.2,229761.6,2.5
20-20-15,adagrad,early_stop,2029,0.01,1,grid_20-20-15_adagrad_early_stop_s2029,1051,873.5,6747,6907,840678.4,248300.6,0,842344.8,224063.2,258232.3,15.2
20-20-15,adagrad,early_stop,2030,0.01,1,grid_20-20-15_adagrad_early_stop_s2030,1051,733.2,5562,5802,839770.6,247384.7,0,842344.8,224063.2,216671.6,-3.3
20-20-15,adagrad,early_stop,2031,0.01,1,grid_20-20-15_adagrad_early_stop_s2031,1051,853.2,6486,6686,842658.5,247464.8,0,842344.8,224063.2,220984,-1.4
20-20-15,adagrad,early_stop,2032,0.01,1,grid_20-20-15_adagrad_early_stop_s2032,1051,824.3,6084,6304,841175.4,246447.3,0,842344.8,224063.2,234865.3,4.8
20-20-15,adagrad,early_stop,2033,0.01,1,grid_20-20-15_adagrad_early_stop_s2033,1051,596.1,4401,4681,836576,245966.1,0,842344.8,224063.2,236613.3,5.6
20-20-15,adagrad,early_stop,2034,0.01,1,grid_20-20-15_adagrad_early_stop_s2034,1051,719.3,5523,5783,837183.6,245968.8,0,842344.8,224063.2,240352.7,7.3
20-20-15,adagrad,early_stop,2035,0.01,1,grid_20-20-15_adagrad_early_stop_s2035,1051,632.1,4807,5107,841656.9,245957.3,0,842344.8,224063.2,217925.8,-2.7
20-20-15,adagrad,early_stop,2036,0.01,2,grid_20-20-15_adagrad_early_stop_s2036,1051,777.5,5884,6064,839299.4,247190.8,0,842344.8,224063.2,149723.6,-33.2
20-20-15,adagrad,early_stop,2037,0.01,2,grid_20-20-15_adagrad_early_stop_s2037,1051,783.8,5961,6181,842650.1,248401.8,0,842344.8,224063.2,240630.4,7.4
20-20-15,adagrad,early_stop,2038,0.01,2,grid_20-20-15_adagrad_early_stop_s2038,1051,629.2,4673,4953,839862.2,246420.6,0,842344.8,224063.2,254753,13.7
20-20-15,adagrad,early_stop,2039,0.01,2,grid_20-20-15_adagrad_early_stop_s2039,1051,958.6,7583,7683,842055.5,245619.9,0,842344.8,224063.2,259197.6,15.7
20-20-15,adagrad,early_stop,2040,0.01,2,grid_20-20-15_adagrad_early_stop_s2040,1051,655.1,5014,5214,841749.3,247001.6,0,842344.8,224063.2,120104.8,-46.4
20-20-15,adagrad,early_stop,2041,0.01,2,grid_20-20-15_adagrad_early_stop_s2041,1051,889.5,6910,7062,843864.7,246642.1,0,842344.8,224063.2,232942.4,4
20-20-15,adagrad,early_stop,2042,0.01,2,grid_20-20-15_adagrad_early_stop_s2042,1051,623.1,4644,4930,841526.2,246279,0,842344.8,224063.2,191552.1,-14.5
20-20-15,adagrad,early_stop,2043,0.01,2,grid_20-20-15_adagrad_early_stop_s2043,1051,687.4,5336,5556,842788.2,247907,0,842344.8,224063.2,229401.2,2.4
20-20-15,adagrad,early_stop,2044,0.01,2,grid_20-20-15_adagrad_early_stop_s2044,1051,755.8,5734,5954,838204,247031,0,842344.8,224063.2,201431.3,-10.1
20-20-15,adagrad,early_stop,2045,0.01,2,grid_20-20-15_adagrad_early_stop_s2045,1051,815.4,6361,6521,841358.3,246295.1,0,842344.8,224063.2,255058.4,13.8
20-20-15,adadelta,paper,2026,1,1,grid_20-20-15_adadelta_paper_s2026,1051,255.8,1900,1900,835947.9,248730.6,0,842344.8,224063.2,272870.7,21.8
20-20-15,adadelta,paper,2027,1,1,grid_20-20-15_adadelta_paper_s2027,1051,256.4,1900,1900,835709.9,247901.4,0,842344.8,224063.2,202778.1,-9.5
20-20-15,adadelta,paper,2028,1,1,grid_20-20-15_adadelta_paper_s2028,1051,257.4,1900,1900,838240.2,249178.5,0,842344.8,224063.2,283335.9,26.5
20-20-15,adadelta,paper,2029,1,1,grid_20-20-15_adadelta_paper_s2029,1051,254.8,1900,1900,839001.6,249796.8,0,842344.8,224063.2,294028.4,31.2
20-20-15,adadelta,paper,2030,1,1,grid_20-20-15_adadelta_paper_s2030,1051,255.5,1900,1900,839854.1,249187.5,0,842344.8,224063.2,272057.1,21.4
20-20-15,adadelta,paper,2031,1,1,grid_20-20-15_adadelta_paper_s2031,1051,257.2,1900,1900,838519.6,250393.9,0,842344.8,224063.2,274893.8,22.7
20-20-15,adadelta,paper,2032,1,1,grid_20-20-15_adadelta_paper_s2032,1051,265.3,1900,1900,837522.2,248225,0,842344.8,224063.2,359504.7,60.4
20-20-15,adadelta,paper,2033,1,1,grid_20-20-15_adadelta_paper_s2033,1051,258.7,1900,1900,835749.7,247956.2,0,842344.8,224063.2,277890,24
20-20-15,adadelta,paper,2034,1,1,grid_20-20-15_adadelta_paper_s2034,1051,259.3,1900,1900,837349.3,247094.1,0,842344.8,224063.2,268323.2,19.8
20-20-15,adadelta,paper,2035,1,1,grid_20-20-15_adadelta_paper_s2035,1051,258.5,1900,1900,835205.5,247685.6,0,842344.8,224063.2,233007.9,4
20-20-15,adadelta,paper,2036,1,2,grid_20-20-15_adadelta_paper_s2036,1051,262.6,1900,1900,837356.8,248017.6,0,842344.8,224063.2,248773.5,11
20-20-15,adadelta,paper,2037,1,2,grid_20-20-15_adadelta_paper_s2037,1051,267.8,1900,1900,839835.5,248261.9,0,842344.8,224063.2,252262.7,12.6
20-20-15,adadelta,paper,2038,1,2,grid_20-20-15_adadelta_paper_s2038,1051,254.1,1900,1900,835952.9,247702.4,0,842344.8,224063.2,241201.5,7.6
20-20-15,adadelta,paper,2039,1,2,grid_20-20-15_adadelta_paper_s2039,1051,257.8,1900,1900,841311.1,248835.9,0,842344.8,224063.2,348902.2,55.7
20-20-15,adadelta,paper,2040,1,2,grid_20-20-15_adadelta_paper_s2040,1051,250.5,1900,1900,837276.2,251131.9,0,842344.8,224063.2,309476.7,38.1
20-20-15,adadelta,paper,2041,1,2,grid_20-20-15_adadelta_paper_s2041,1051,258.7,1900,1900,840828.5,253430.4,0,842344.8,224063.2,287864.1,28.5
20-20-15,adadelta,paper,2042,1,2,grid_20-20-15_adadelta_paper_s2042,1051,261.9,1900,1900,838527,248277,0,842344.8,224063.2,232890.5,3.9
20-20-15,adadelta,paper,2043,1,2,grid_20-20-15_adadelta_paper_s2043,1051,258.3,1900,1900,839452.5,250216.1,0,842344.8,224063.2,246874.7,10.2
20-20-15,adadelta,paper,2044,1,2,grid_20-20-15_adadelta_paper_s2044,1051,258.1,1900,1900,837694.8,248951.6,0,842344.8,224063.2,195863.6,-12.6
20-20-15,adadelta,paper,2045,1,2,grid_20-20-15_adadelta_paper_s2045,1051,255.7,1900,1900,836442.7,248786.9,0,842344.8,224063.2,288625.6,28.8
20-20-15,adadelta,early_stop,2026,1,1,grid_20-20-15_adadelta_early_stop_s2026,1051,409.6,2723,3103,839780.7,247282.5,0,842344.8,224063.2,191463.6,-14.5
20-20-15,adadelta,early_stop,2027,1,1,grid_20-20-15_adadelta_early_stop_s2027,1051,288.3,1751,2131,842640.9,245325.4,0,842344.8,224063.2,202967.3,-9.4
20-20-15,adadelta,early_stop,2028,1,1,grid_20-20-15_adadelta_early_stop_s2028,1051,367.4,2350,2730,839330.3,248781.7,0,842344.8,224063.2,214254.2,-4.4
20-20-15,adadelta,early_stop,2029,1,1,grid_20-20-15_adadelta_early_stop_s2029,1051,325.1,2075,2455,841417.3,248487.2,0,842344.8,224063.2,249784,11.5
20-20-15,adadelta,early_stop,2030,1,1,grid_20-20-15_adadelta_early_stop_s2030,1051,241.4,1380,1760,840942.6,248119.9,0,842344.8,224063.2,223782.2,-0.1
20-20-15,adadelta,early_stop,2031,1,1,grid_20-20-15_adadelta_early_stop_s2031,1051,307.8,1862,2242,840206.4,249310,0,842344.8,224063.2,256713.3,14.6
20-20-15,adadelta,early_stop,2032,1,1,grid_20-20-15_adadelta_early_stop_s2032,1051,344.1,1972,2352,839932.5,247638.8,0,842344.8,224063.2,203931.4,-9
20-20-15,adadelta,early_stop,2033,1,1,grid_20-20-15_adadelta_early_stop_s2033,1051,267.5,1594,1974,838338.4,246335.4,0,842344.8,224063.2,207588.3,-7.4
20-20-15,adadelta,early_stop,2034,1,1,grid_20-20-15_adadelta_early_stop_s2034,1051,353.4,2250,2630,837754.3,246607.8,0,842344.8,224063.2,215289.4,-3.9
20-20-15,adadelta,early_stop,2035,1,1,grid_20-20-15_adadelta_early_stop_s2035,1051,241.8,1353,1733,845579.5,247072.1,0,842344.8,224063.2,229259.1,2.3
20-20-15,adadelta,early_stop,2036,1,2,grid_20-20-15_adadelta_early_stop_s2036,1051,350.5,2243,2623,836799.2,246740.9,0,842344.8,224063.2,205389.8,-8.3
20-20-15,adadelta,early_stop,2037,1,2,grid_20-20-15_adadelta_early_stop_s2037,1051,317.5,1931,2311,838992.6,247988.5,0,842344.8,224063.2,238127.2,6.3
20-20-15,adadelta,early_stop,2038,1,2,grid_20-20-15_adadelta_early_stop_s2038,1051,225.3,1244,1624,843080.9,247167.4,0,842344.8,224063.2,216364.3,-3.4
20-20-15,adadelta,early_stop,2039,1,2,grid_20-20-15_adadelta_early_stop_s2039,1051,442.6,3000,3380,846007.8,246455.2,0,842344.8,224063.2,255340,14
20-20-15,adadelta,early_stop,2040,1,2,grid_20-20-15_adadelta_early_stop_s2040,1051,227.6,1292,1672,845393.2,249073.9,0,842344.8,224063.2,274963.7,22.7
20-20-15,adadelta,early_stop,2041,1,2,grid_20-20-15_adadelta_early_stop_s2041,1051,384.8,2548,2928,846921.8,248070,0,842344.8,224063.2,236956.7,5.8
20-20-15,adadelta,early_stop,2042,1,2,grid_20-20-15_adadelta_early_stop_s2042,1051,340.2,2153,2533,846015.6,247229.5,0,842344.8,224063.2,212595.1,-5.1
20-20-15,adadelta,early_stop,2043,1,2,grid_20-20-15_adadelta_early_stop_s2043,1051,343.3,2158,2538,844129.1,249437.8,0,842344.8,224063.2,226846.6,1.2
20-20-15,adadelta,early_stop,2044,1,2,grid_20-20-15_adadelta_early_stop_s2044,1051,264.5,1559,1939,839065.2,247698.6,0,842344.8,224063.2,243421,8.6
20-20-15,adadelta,early_stop,2045,1,2,grid_20-20-15_adadelta_early_stop_s2045,1051,295.9,1817,2197,841765.8,247391.5,0,842344.8,224063.2,250815.5,11.9
20-20-15,rmsprop,paper,2026,0.001,1,grid_20-20-15_rmsprop_paper_s2026,1051,250.1,1900,1900,835446.3,251576.5,0,842344.8,224063.2,148301.8,-33.8
20-20-15,rmsprop,paper,2027,0.001,1,grid_20-20-15_rmsprop_paper_s2027,1051,245.5,1900,1900,836182.9,248126.1,0,842344.8,224063.2,188992.4,-15.7
20-20-15,rmsprop,paper,2028,0.001,1,grid_20-20-15_rmsprop_paper_s2028,1051,248.4,1900,1900,836607.8,249112.7,0,842344.8,224063.2,263153.5,17.4
20-20-15,rmsprop,paper,2029,0.001,1,grid_20-20-15_rmsprop_paper_s2029,1051,248.6,1900,1900,837886.1,248699,0,842344.8,224063.2,280043.9,25
20-20-15,rmsprop,paper,2030,0.001,1,grid_20-20-15_rmsprop_paper_s2030,1051,255.9,1900,1900,837631.1,248692.8,0,842344.8,224063.2,304119.2,35.7
20-20-15,rmsprop,paper,2031,0.001,1,grid_20-20-15_rmsprop_paper_s2031,1051,256.3,1900,1900,839044.8,251258.9,0,842344.8,224063.2,439316.4,96.1
20-20-15,rmsprop,paper,2032,0.001,1,grid_20-20-15_rmsprop_paper_s2032,1051,259.7,1900,1900,835767,247819.5,0,842344.8,224063.2,359416.7,60.4
20-20-15,rmsprop,paper,2033,0.001,1,grid_20-20-15_rmsprop_paper_s2033,1051,252,1900,1900,836062.5,247776.7,0,842344.8,224063.2,293596.3,31
20-20-15,rmsprop,paper,2034,0.001,1,grid_20-20-15_rmsprop_paper_s2034,1051,248.4,1900,1900,836018.7,247175.2,0,842344.8,224063.2,248336.6,10.8
20-20-15,rmsprop,paper,2035,0.001,1,grid_20-20-15_rmsprop_paper_s2035,1051,248.2,1900,1900,835183.4,248335.4,0,842344.8,224063.2,337409.5,50.6
20-20-15,rmsprop,paper,2036,0.001,2,grid_20-20-15_rmsprop_paper_s2036,1051,249.6,1900,1900,836111.4,247291,0,842344.8,224063.2,318670.7,42.2
20-20-15,rmsprop,paper,2037,0.001,2,grid_20-20-15_rmsprop_paper_s2037,1051,255.7,1900,1900,838430.9,248342.1,0,842344.8,224063.2,227422.1,1.5
20-20-15,rmsprop,paper,2038,0.001,2,grid_20-20-15_rmsprop_paper_s2038,1051,247.6,1900,1900,837217.5,248311.1,0,842344.8,224063.2,128236.6,-42.8
20-20-15,rmsprop,paper,2039,0.001,2,grid_20-20-15_rmsprop_paper_s2039,1051,245.7,1900,1900,837092.5,248198.9,0,842344.8,224063.2,288585.6,28.8
20-20-15,rmsprop,paper,2040,0.001,2,grid_20-20-15_rmsprop_paper_s2040,1051,247.7,1900,1900,836556.6,250694.2,0,842344.8,224063.2,317087.3,41.5
20-20-15,rmsprop,paper,2041,0.001,2,grid_20-20-15_rmsprop_paper_s2041,1051,250.2,1900,1900,836751.3,248222.8,0,842344.8,224063.2,279778.5,24.9
20-20-15,rmsprop,paper,2042,0.001,2,grid_20-20-15_rmsprop_paper_s2042,1051,245.7,1900,1900,836083.4,247550.3,0,842344.8,224063.2,255595.2,14.1
20-20-15,rmsprop,paper,2043,0.001,2,grid_20-20-15_rmsprop_paper_s2043,1051,247.8,1900,1900,838423.3,250615.2,0,842344.8,224063.2,193053.2,-13.8
20-20-15,rmsprop,paper,2044,0.001,2,grid_20-20-15_rmsprop_paper_s2044,1051,252.8,1900,1900,838148.2,249616,0,842344.8,224063.2,237043.4,5.8
20-20-15,rmsprop,paper,2045,0.001,2,grid_20-20-15_rmsprop_paper_s2045,1051,253.1,1900,1900,836387.5,248195.5,0,842344.8,224063.2,311107.3,38.8
20-20-15,rmsprop,early_stop,2026,0.001,1,grid_20-20-15_rmsprop_early_stop_s2026,1051,358.1,2421,2791,836808.6,245634.6,0,842344.8,224063.2,156743.2,-30
20-20-15,rmsprop,early_stop,2027,0.001,1,grid_20-20-15_rmsprop_early_stop_s2027,1051,553.3,4015,4395,838949.7,244688.1,0,842344.8,224063.2,185703.6,-17.1
20-20-15,rmsprop,early_stop,2028,0.001,1,grid_20-20-15_rmsprop_early_stop_s2028,1051,348.9,2359,2733,839667.9,247156.4,0,842344.8,224063.2,167563.5,-25.2
20-20-15,rmsprop,early_stop,2029,0.001,1,grid_20-20-15_rmsprop_early_stop_s2029,1051,483.7,3431,3811,842346.9,247190.4,0,842344.8,224063.2,184215.6,-17.8
20-20-15,rmsprop,early_stop,2030,0.001,1,grid_20-20-15_rmsprop_early_stop_s2030,1051,338.5,2287,2644,841593.9,247467.4,0,842344.8,224063.2,169863.4,-24.2
20-20-15,rmsprop,early_stop,2031,0.001,1,grid_20-20-15_rmsprop_early_stop_s2031,1051,705.4,5240,5551,840436.7,247803.8,0,842344.8,224063.2,129796.8,-42.1
20-20-15,rmsprop,early_stop,2032,0.001,1,grid_20-20-15_rmsprop_early_stop_s2032,1051,504.6,3407,3772,837611.5,246390.7,0,842344.8,224063.2,202264.3,-9.7
20-20-15,rmsprop,early_stop,2033,0.001,1,grid_20-20-15_rmsprop_early_stop_s2033,1051,264.9,1618,1998,836998.3,245622.9,0,842344.8,224063.2,217362.7,-3
20-20-15,rmsprop,early_stop,2034,0.001,1,grid_20-20-15_rmsprop_early_stop_s2034,1051,277.8,1711,2091,838981.1,245814.6,0,842344.8,224063.2,163592.4,-27
20-20-15,rmsprop,early_stop,2035,0.001,1,grid_20-20-15_rmsprop_early_stop_s2035,1051,285,1811,2191,842718.7,246414.8,0,842344.8,224063.2,192934.5,-13.9
20-20-15,rmsprop,early_stop,2036,0.001,2,grid_20-20-15_rmsprop_early_stop_s2036,1051,302.8,1961,2341,841666.1,246354.6,0,842344.8,224063.2,193152.5,-13.8
20-20-15,rmsprop,early_stop,2037,0.001,2,grid_20-20-15_rmsprop_early_stop_s2037,1051,378.5,2447,2807,839849.6,247570.6,0,842344.8,224063.2,156044.4,-30.4
20-20-15,rmsprop,early_stop,2038,0.001,2,grid_20-20-15_rmsprop_early_stop_s2038,1051,488.3,3412,3762,837973.9,245733.7,0,842344.8,224063.2,195145.3,-12.9
20-20-15,rmsprop,early_stop,2039,0.001,2,grid_20-20-15_rmsprop_early_stop_s2039,1051,764.2,5761,6107,840358.5,245226,0,842344.8,224063.2,184654.7,-17.6
20-20-15,rmsprop,early_stop,2040,0.001,2,grid_20-20-15_rmsprop_early_stop_s2040,1051,250.5,1521,1901,838269.9,247307.3,0,842344.8,224063.2,205055.4,-8.5
20-20-15,rmsprop,early_stop,2041,0.001,2,grid_20-20-15_rmsprop_early_stop_s2041,1051,379.7,2544,2924,839871.9,246516.1,0,842344.8,224063.2,204713.7,-8.6
20-20-15,rmsprop,early_stop,2042,0.001,2,grid_20-20-15_rmsprop_early_stop_s2042,1051,360,2406,2786,838989.9,246018.4,0,842344.8,224063.2,189536.2,-15.4
20-20-15,rmsprop,early_stop,2043,0.001,2,grid_20-20-15_rmsprop_early_stop_s2043,1051,276,1711,2091,839633.5,247556.4,0,842344.8,224063.2,209678.9,-6.4
20-20-15,rmsprop,early_stop,2044,0.001,2,grid_20-20-15_rmsprop_early_stop_s2044,1051,253.9,1489,1869,839911.4,246795.6,0,842344.8,224063.2,207619.5,-7.3
20-20-15,rmsprop,early_stop,2045,0.001,2,grid_20-20-15_rmsprop_early_stop_s2045,1051,440,3073,3435,838909,246240.3,0,842344.8,224063.2,188902.2,-15.7
20-20-15,adam,paper,2026,0.001,1,grid_20-20-15_adam_paper_s2026,1051,256.9,1900,1900,839613.6,246852.9,0,842344.8,224063.2,295959.9,32.1
20-20-15,adam,paper,2027,0.001,1,grid_20-20-15_adam_paper_s2027,1051,253.8,1900,1900,838676.4,246048,0,842344.8,224063.2,254715.5,13.7
20-20-15,adam,paper,2028,0.001,1,grid_20-20-15_adam_paper_s2028,1051,260.7,1900,1900,840346,248322.4,0,842344.8,224063.2,318002.8,41.9
20-20-15,adam,paper,2029,0.001,1,grid_20-20-15_adam_paper_s2029,1051,257.7,1900,1900,843306.5,248518.3,0,842344.8,224063.2,320178.8,42.9
20-20-15,adam,paper,2030,0.001,1,grid_20-20-15_adam_paper_s2030,1051,256.2,1900,1900,839553.5,247847,0,842344.8,224063.2,253259,13
20-20-15,adam,paper,2031,0.001,1,grid_20-20-15_adam_paper_s2031,1051,265.7,1900,1900,839003.6,248450.2,0,842344.8,224063.2,243901.7,8.9
20-20-15,adam,paper,2032,0.001,1,grid_20-20-15_adam_paper_s2032,1051,276.3,1900,1900,841894.7,246996.3,0,842344.8,224063.2,245849.2,9.7
20-20-15,adam,paper,2033,0.001,1,grid_20-20-15_adam_paper_s2033,1051,258.9,1900,1900,838832,246121.4,0,842344.8,224063.2,251608.6,12.3
20-20-15,adam,paper,2034,0.001,1,grid_20-20-15_adam_paper_s2034,1051,259.5,1900,1900,839733.4,246490.7,0,842344.8,224063.2,258502.8,15.4
20-20-15,adam,paper,2035,0.001,1,grid_20-20-15_adam_paper_s2035,1051,265.5,1900,1900,838216.9,247042.9,0,842344.8,224063.2,232155.4,3.6
20-20-15,adam,paper,2036,0.001,2,grid_20-20-15_adam_paper_s2036,1051,257.9,1900,1900,841534.1,247333.1,0,842344.8,224063.2,241241.3,7.7
20-20-15,adam,paper,2037,0.001,2,grid_20-20-15_adam_paper_s2037,1051,268.1,1900,1900,840961.8,248797.8,0,842344.8,224063.2,273680.8,22.1
20-20-15,adam,paper,2038,0.001,2,grid_20-20-15_adam_paper_s2038,1051,259.3,1900,1900,839940.3,246984,0,842344.8,224063.2,234234,4.5
20-20-15,adam,paper,2039,0.001,2,grid_20-20-15_adam_paper_s2039,1051,257.1,1900,1900,842591.1,248007.2,0,842344.8,224063.2,374297.6,67.1
20-20-15,adam,paper,2040,0.001,2,grid_20-20-15_adam_paper_s2040,1051,253.5,1900,1900,839014.9,247440.6,0,842344.8,224063.2,272581.1,21.7
20-20-15,adam,paper,2041,0.001,2,grid_20-20-15_adam_paper_s2041,1051,256.2,1900,1900,840611,247579.3,0,842344.8,224063.2,268145.2,19.7
20-20-15,adam,paper,2042,0.001,2,grid_20-20-15_adam_paper_s2042,1051,261.6,1900,1900,840505.6,246375.2,0,842344.8,224063.2,246657.3,10.1
20-20-15,adam,paper,2043,0.001,2,grid_20-20-15_adam_paper_s2043,1051,259,1900,1900,842402.6,248769.8,0,842344.8,224063.2,242261,8.1
20-20-15,adam,paper,2044,0.001,2,grid_20-20-15_adam_paper_s2044,1051,259.5,1900,1900,840388,247366.9,0,842344.8,224063.2,241881.7,8
20-20-15,adam,paper,2045,0.001,2,grid_20-20-15_adam_paper_s2045,1051,260.1,1900,1900,839199.6,246921.8,0,842344.8,224063.2,290300.5,29.6
20-20-15,adam,early_stop,2026,0.001,1,grid_20-20-15_adam_early_stop_s2026,1051,799.6,6114,6314,851647.3,246802,0,842344.8,224063.2,236635.5,5.6
20-20-15,adam,early_stop,2027,0.001,1,grid_20-20-15_adam_early_stop_s2027,1051,810,6040,6256,839101.9,244623.8,0,842344.8,224063.2,229690.2,2.5
20-20-15,adam,early_stop,2028,0.001,1,grid_20-20-15_adam_early_stop_s2028,1051,741.9,5644,5864,840575.6,246929.7,0,842344.8,224063.2,272279.8,21.5
20-20-15,adam,early_stop,2029,0.001,1,grid_20-20-15_adam_early_stop_s2029,1051,795.4,6141,6341,843112.1,247849.2,0,842344.8,224063.2,244719,9.2
20-20-15,adam,early_stop,2030,0.001,1,grid_20-20-15_adam_early_stop_s2030,1051,550.7,3988,4268,842709.8,247419,0,842344.8,224063.2,254288.4,13.5
20-20-15,adam,early_stop,2031,0.001,1,grid_20-20-15_adam_early_stop_s2031,1051,661.3,4865,5145,843985.6,247623.5,0,842344.8,224063.2,229330.5,2.4
20-20-15,adam,early_stop,2032,0.001,1,grid_20-20-15_adam_early_stop_s2032,1051,524.4,3510,3830,844975.9,246854.5,0,842344.8,224063.2,236216,5.4
20-20-15,adam,early_stop,2033,0.001,1,grid_20-20-15_adam_early_stop_s2033,1051,565.4,4174,4454,837918,245991.7,0,842344.8,224063.2,222325.9,-0.8
20-20-15,adam,early_stop,2034,0.001,1,grid_20-20-15_adam_early_stop_s2034,1051,690.4,5100,5360,838608.9,246146.1,0,842344.8,224063.2,229920.3,2.6
20-20-15,adam,early_stop,2035,0.001,1,grid_20-20-15_adam_early_stop_s2035,1051,466.5,3209,3529,841691,246290.6,0,842344.8,224063.2,221611.6,-1.1
20-20-15,adam,early_stop,2036,0.001,2,grid_20-20-15_adam_early_stop_s2036,1051,713.3,5294,5534,856636,248009,0,842344.8,224063.2,168774.3,-24.7
20-20-15,adam,early_stop,2037,0.001,2,grid_20-20-15_adam_early_stop_s2037,1051,759.4,5754,5994,842589.5,248140.8,0,842344.8,224063.2,238482.3,6.4
20-20-15,adam,early_stop,2038,0.001,2,grid_20-20-15_adam_early_stop_s2038,1051,310.3,1970,2310,848105.6,247076,0,842344.8,224063.2,233906.2,4.4
20-20-15,adam,early_stop,2039,0.001,2,grid_20-20-15_adam_early_stop_s2039,1051,1004.1,7804,7904,843518,245564.5,0,842344.8,224063.2,134232.4,-40.1
20-20-15,adam,early_stop,2040,0.001,2,grid_20-20-15_adam_early_stop_s2040,1051,568.5,4120,4400,842146.6,246813.3,0,842344.8,224063.2,242160.5,8.1
20-20-15,adam,early_stop,2041,0.001,2,grid_20-20-15_adam_early_stop_s2041,1051,843.7,6440,6640,846166.1,246457.7,0,842344.8,224063.2,246677.3,10.1
20-20-15,adam,early_stop,2042,0.001,2,grid_20-20-15_adam_early_stop_s2042,1051,538.7,3744,4064,841802.5,246027.3,0,842344.8,224063.2,234172.3,4.5
20-20-15,adam,early_stop,2043,0.001,2,grid_20-20-15_adam_early_stop_s2043,1051,682.5,5124,5384,842087,248484.2,0,842344.8,224063.2,229127.1,2.3
20-20-15,adam,early_stop,2044,0.001,2,grid_20-20-15_adam_early_stop_s2044,1051,437.1,3068,3368,841958.6,247347.2,0,842344.8,224063.2,202914.3,-9.4
20-20-15,adam,early_stop,2045,0.001,2,grid_20-20-15_adam_early_stop_s2045,1051,713.1,5315,5556,839846.4,246299.2,0,842344.8,224063.2,263451.3,17.6
20-20-15,adamw,paper,2026,0.001,1,grid_20-20-15_adamw_paper_s2026,1051,266.5,1900,1900,839614.7,246852.4,0,842344.8,224063.2,295796.4,32
20-20-15,adamw,paper,2027,0.001,1,grid_20-20-15_adamw_paper_s2027,1051,257.2,1900,1900,838675.2,246046.7,0,842344.8,224063.2,254559.4,13.6
20-20-15,adamw,paper,2028,0.001,1,grid_20-20-15_adamw_paper_s2028,1051,258.3,1900,1900,840344.3,248320.9,0,842344.8,224063.2,317655.4,41.8
20-20-15,adamw,paper,2029,0.001,1,grid_20-20-15_adamw_paper_s2029,1051,258.7,1900,1900,843300.6,248515.3,0,842344.8,224063.2,319918.7,42.8
20-20-15,adamw,paper,2030,0.001,1,grid_20-20-15_adamw_paper_s2030,1051,256.8,1900,1900,839556,247844.9,0,842344.8,224063.2,253152.7,13
20-20-15,adamw,paper,2031,0.001,1,grid_20-20-15_adamw_paper_s2031,1051,274.3,1900,1900,839002.1,248446.3,0,842344.8,224063.2,243836.5,8.8
20-20-15,adamw,paper,2032,0.001,1,grid_20-20-15_adamw_paper_s2032,1051,275,1900,1900,841896.8,246997.2,0,842344.8,224063.2,245788.8,9.7
20-20-15,adamw,paper,2033,0.001,1,grid_20-20-15_adamw_paper_s2033,1051,259.9,1900,1900,838835.2,246122.4,0,842344.8,224063.2,251516.1,12.3
20-20-15,adamw,paper,2034,0.001,1,grid_20-20-15_adamw_paper_s2034,1051,259.3,1900,1900,839736.6,246491.6,0,842344.8,224063.2,258398.2,15.3
20-20-15,adamw,paper,2035,0.001,1,grid_20-20-15_adamw_paper_s2035,1051,260.8,1900,1900,838220.2,247041.9,0,842344.8,224063.2,232140.2,3.6
20-20-15,adamw,paper,2036,0.001,2,grid_20-20-15_adamw_paper_s2036,1051,262,1900,1900,841533.7,247332.4,0,842344.8,224063.2,241155,7.6
20-20-15,adamw,paper,2037,0.001,2,grid_20-20-15_adamw_paper_s2037,1051,265.2,1900,1900,840959.7,248798.1,0,842344.8,224063.2,273584,22.1
20-20-15,adamw,paper,2038,0.001,2,grid_20-20-15_adamw_paper_s2038,1051,263,1900,1900,839943.6,246984,0,842344.8,224063.2,234212.8,4.5
20-20-15,adamw,paper,2039,0.001,2,grid_20-20-15_adamw_paper_s2039,1051,259.4,1900,1900,842576,248000.7,0,842344.8,224063.2,373869.6,66.9
20-20-15,adamw,paper,2040,0.001,2,grid_20-20-15_adamw_paper_s2040,1051,262.2,1900,1900,839016.3,247438.2,0,842344.8,224063.2,272455.9,21.6
20-20-15,adamw,paper,2041,0.001,2,grid_20-20-15_adamw_paper_s2041,1051,261,1900,1900,840605.1,247576.6,0,842344.8,224063.2,267960.3,19.6
20-20-15,adamw,paper,2042,0.001,2,grid_20-20-15_adamw_paper_s2042,1051,269.2,1900,1900,840507.3,246373.6,0,842344.8,224063.2,246619.9,10.1
20-20-15,adamw,paper,2043,0.001,2,grid_20-20-15_adamw_paper_s2043,1051,260.5,1900,1900,842401.8,248766.4,0,842344.8,224063.2,242180.4,8.1
20-20-15,adamw,paper,2044,0.001,2,grid_20-20-15_adamw_paper_s2044,1051,264.3,1900,1900,840393.6,247367.2,0,842344.8,224063.2,241846.3,7.9
20-20-15,adamw,paper,2045,0.001,2,grid_20-20-15_adamw_paper_s2045,1051,263.3,1900,1900,839197.5,246920.3,0,842344.8,224063.2,290115.3,29.5
20-20-15,adamw,early_stop,2026,0.001,1,grid_20-20-15_adamw_early_stop_s2026,1051,813.9,6117,6317,851640.2,246799.6,0,842344.8,224063.2,236407.7,5.5
20-20-15,adamw,early_stop,2027,0.001,1,grid_20-20-15_adamw_early_stop_s2027,1051,789.6,6053,6261,839101.1,244624.1,0,842344.8,224063.2,229609.5,2.5
20-20-15,adamw,early_stop,2028,0.001,1,grid_20-20-15_adamw_early_stop_s2028,1051,748.4,5646,5866,840575.3,246930.3,0,842344.8,224063.2,272099.4,21.4
20-20-15,adamw,early_stop,2029,0.001,1,grid_20-20-15_adamw_early_stop_s2029,1051,806.9,6147,6347,843108.7,247847.4,0,842344.8,224063.2,244497.5,9.1
20-20-15,adamw,early_stop,2030,0.001,1,grid_20-20-15_adamw_early_stop_s2030,1051,547.5,3995,4275,842713.4,247418.9,0,842344.8,224063.2,254188.5,13.4
20-20-15,adamw,early_stop,2031,0.001,1,grid_20-20-15_adamw_early_stop_s2031,1051,673.8,4877,5157,843984.2,247621.8,0,842344.8,224063.2,229280.5,2.3
20-20-15,adamw,early_stop,2032,0.001,1,grid_20-20-15_adamw_early_stop_s2032,1051,519.5,3517,3837,844973.4,246854.5,0,842344.8,224063.2,236158.7,5.4
20-20-15,adamw,early_stop,2033,0.001,1,grid_20-20-15_adamw_early_stop_s2033,1051,575.3,4176,4456,837924.2,245992.7,0,842344.8,224063.2,222285.2,-0.8
20-20-15,adamw,early_stop,2034,0.001,1,grid_20-20-15_adamw_early_stop_s2034,1051,682.6,5107,5367,838611.5,246146.5,0,842344.8,224063.2,229797.4,2.6
20-20-15,adamw,early_stop,2035,0.001,1,grid_20-20-15_adamw_early_stop_s2035,1051,460.4,3227,3538,841693.1,246290.4,0,842344.8,224063.2,221589.4,-1.1
20-20-15,adamw,early_stop,2036,0.001,2,grid_20-20-15_adamw_early_stop_s2036,1051,713.3,5307,5547,856631.6,248008.3,0,842344.8,224063.2,168669.4,-24.7
20-20-15,adamw,early_stop,2037,0.001,2,grid_20-20-15_adamw_early_stop_s2037,1051,772,5761,6001,842591.9,248140.2,0,842344.8,224063.2,238360.6,6.4
20-20-15,adamw,early_stop,2038,0.001,2,grid_20-20-15_adamw_early_stop_s2038,1051,315.3,1971,2311,848106.5,247076.1,0,842344.8,224063.2,233884.9,4.4
20-20-15,adamw,early_stop,2039,0.001,2,grid_20-20-15_adamw_early_stop_s2039,1051,1003.9,7810,7910,843496.8,245557.1,0,842344.8,224063.2,133814.2,-40.3
20-20-15,adamw,early_stop,2040,0.001,2,grid_20-20-15_adamw_early_stop_s2040,1051,563,4122,4402,842150.7,246813.1,0,842344.8,224063.2,242090.5,8
20-20-15,adamw,early_stop,2041,0.001,2,grid_20-20-15_adamw_early_stop_s2041,1051,851.2,6439,6639,846165.1,246456.4,0,842344.8,224063.2,246560,10
20-20-15,adamw,early_stop,2042,0.001,2,grid_20-20-15_adamw_early_stop_s2042,1051,533.2,3746,4066,841804.9,246026,0,842344.8,224063.2,234145.7,4.5
20-20-15,adamw,early_stop,2043,0.001,2,grid_20-20-15_adamw_early_stop_s2043,1051,688.3,5130,5390,842088.8,248481.3,0,842344.8,224063.2,229059.2,2.2
20-20-15,adamw,early_stop,2044,0.001,2,grid_20-20-15_adamw_early_stop_s2044,1051,437.6,3068,3368,841963.8,247347.7,0,842344.8,224063.2,202886.8,-9.5
20-20-15,adamw,early_stop,2045,0.001,2,grid_20-20-15_adamw_early_stop_s2045,1051,722.9,5327,5567,839845.8,246298.7,0,842344.8,224063.2,263305.3,17.5
20-20-15,adamax,paper,2026,0.001,1,grid_20-20-15_adamax_paper_s2026,1051,256.9,1900,1900,861872.6,250736.6,0,842344.8,224063.2,1052603.7,369.8
20-20-15,adamax,paper,2027,0.001,1,grid_20-20-15_adamax_paper_s2027,1051,257.6,1900,1900,843366.2,245534.3,0,842344.8,224063.2,277479.9,23.8
20-20-15,adamax,paper,2028,0.001,1,grid_20-20-15_adamax_paper_s2028,1051,258,1900,1900,856512.3,250385.7,0,842344.8,224063.2,1029673,359.5
20-20-15,adamax,paper,2029,0.001,1,grid_20-20-15_adamax_paper_s2029,1051,255.8,1900,1900,852463.3,250031.5,0,842344.8,224063.2,459646.1,105.1
20-20-15,adamax,paper,2030,0.001,1,grid_20-20-15_adamax_paper_s2030,1051,258.7,1900,1900,844211.2,248218.5,0,842344.8,224063.2,264696.1,18.1
20-20-15,adamax,paper,2031,0.001,1,grid_20-20-15_adamax_paper_s2031,1051,264,1900,1900,843928.8,248705.8,0,842344.8,224063.2,252522.2,12.7
20-20-15,adamax,paper,2032,0.001,1,grid_20-20-15_adamax_paper_s2032,1051,272.5,1900,1900,846018.2,247064.8,0,842344.8,224063.2,248267.5,10.8
20-20-15,adamax,paper,2033,0.001,1,grid_20-20-15_adamax_paper_s2033,1051,253.7,1900,1900,845393.2,247542.3,0,842344.8,224063.2,262804.5,17.3
20-20-15,adamax,paper,2034,0.001,1,grid_20-20-15_adamax_paper_s2034,1051,256.3,1900,1900,848241,248357.9,0,842344.8,224063.2,379908.7,69.6
20-20-15,adamax,paper,2035,0.001,1,grid_20-20-15_adamax_paper_s2035,1051,257.4,1900,1900,841624,246694.2,0,842344.8,224063.2,233588,4.3
20-20-15,adamax,paper,2036,0.001,2,grid_20-20-15_adamax_paper_s2036,1051,257.6,1900,1900,850968,248629.9,0,842344.8,224063.2,296513,32.3
20-20-15,adamax,paper,2037,0.001,2,grid_20-20-15_adamax_paper_s2037,1051,260.7,1900,1900,846678.9,249784.5,0,842344.8,224063.2,476631.3,112.7
20-20-15,adamax,paper,2038,0.001,2,grid_20-20-15_adamax_paper_s2038,1051,259.5,1900,1900,844172.9,247211.6,0,842344.8,224063.2,243041.1,8.5
20-20-15,adamax,paper,2039,0.001,2,grid_20-20-15_adamax_paper_s2039,1051,258.5,1900,1900,877461.8,254806.1,0,842344.8,224063.2,3363279.7,1401
20-20-15,adamax,paper,2040,0.001,2,grid_20-20-15_adamax_paper_s2040,1051,253.8,1900,1900,843326.9,247247.8,0,842344.8,224063.2,290732.7,29.8
20-20-15,adamax,paper,2041,0.001,2,grid_20-20-15_adamax_paper_s2041,1051,253.3,1900,1900,847829.8,247486.3,0,842344.8,224063.2,337036.7,50.4
20-20-15,adamax,paper,2042,0.001,2,grid_20-20-15_adamax_paper_s2042,1051,263.4,1900,1900,844206.7,246606.4,0,842344.8,224063.2,248545.9,10.9
20-20-15,adamax,paper,2043,0.001,2,grid_20-20-15_adamax_paper_s2043,1051,255.4,1900,1900,849211.4,249359.2,0,842344.8,224063.2,262965.9,17.4
20-20-15,adamax,paper,2044,0.001,2,grid_20-20-15_adamax_paper_s2044,1051,254.6,1900,1900,845782.6,248568.8,0,842344.8,224063.2,257082.5,14.7
20-20-15,adamax,paper,2045,0.001,2,grid_20-20-15_adamax_paper_s2045,1051,262.8,1900,1900,844295,247273.3,0,842344.8,224063.2,332521.4,48.4
20-20-15,adamax,early_stop,2026,0.001,1,grid_20-20-15_adamax_early_stop_s2026,1051,1042.6,8222,8327,849461.2,247419.8,0,842344.8,224063.2,244627.8,9.2
20-20-15,adamax,early_stop,2027,0.001,1,grid_20-20-15_adamax_early_stop_s2027,1051,902.4,7069,7209,839912.1,244896,0,842344.8,224063.2,241106.2,7.6
20-20-15,adamax,early_stop,2028,0.001,1,grid_20-20-15_adamax_early_stop_s2028,1051,1067.2,8375,8475,841568.7,246823.4,0,842344.8,224063.2,244562.8,9.1
20-20-15,adamax,early_stop,2029,0.001,1,grid_20-20-15_adamax_early_stop_s2029,1051,981,7562,7662,842083.8,248207.8,0,842344.8,224063.2,291779.7,30.2
20-20-15,adamax,early_stop,2030,0.001,1,grid_20-20-15_adamax_early_stop_s2030,1051,859.8,6627,6807,841187.6,247860.4,0,842344.8,224063.2,239269.5,6.8
20-20-15,adamax,early_stop,2031,0.001,1,grid_20-20-15_adamax_early_stop_s2031,1051,886.6,6837,6977,845614.8,248117.9,0,842344.8,224063.2,234468.6,4.6
20-20-15,adamax,early_stop,2032,0.001,1,grid_20-20-15_adamax_early_stop_s2032,1051,810.7,6074,6274,846625.8,247007.5,0,842344.8,224063.2,233247.9,4.1
20-20-15,adamax,early_stop,2033,0.001,1,grid_20-20-15_adamax_early_stop_s2033,1051,813,6240,6440,837522.1,246220.5,0,842344.8,224063.2,235546.9,5.1
20-20-15,adamax,early_stop,2034,0.001,1,grid_20-20-15_adamax_early_stop_s2034,1051,1002.7,7717,7857,838179.5,246346.1,0,842344.8,224063.2,248014.9,10.7
20-20-15,adamax,early_stop,2035,0.001,1,grid_20-20-15_adamax_early_stop_s2035,1051,768,5812,6032,842100.3,246223,0,842344.8,224063.2,205507.3,-8.3
20-20-15,adamax,early_stop,2036,0.001,2,grid_20-20-15_adamax_early_stop_s2036,1051,867.7,6719,6879,859099.6,248044.2,0,842344.8,224063.2,329101.9,46.9
20-20-15,adamax,early_stop,2037,0.001,2,grid_20-20-15_adamax_early_stop_s2037,1051,1022.5,8013,8133,842550.6,248936.2,0,842344.8,224063.2,256364.5,14.4
20-20-15,adamax,early_stop,2038,0.001,2,grid_20-20-15_adamax_early_stop_s2038,1051,823.8,6291,6533,839861.8,246729.9,0,842344.8,224063.2,231066.2,3.1
20-20-15,adamax,early_stop,2039,0.001,2,grid_20-20-15_adamax_early_stop_s2039,1051,1063.9,8509,8569,844275.8,245821.5,0,842344.8,224063.2,308895.6,37.9
20-20-15,adamax,early_stop,2040,0.001,2,grid_20-20-15_adamax_early_stop_s2040,1051,818.4,6168,6368,843125,247110.7,0,842344.8,224063.2,260314.7,16.2
20-20-15,adamax,early_stop,2041,0.001,2,grid_20-20-15_adamax_early_stop_s2041,1051,1056.8,8324,8404,847229.1,246743.2,0,842344.8,224063.2,248814.6,11
20-20-15,adamax,early_stop,2042,0.001,2,grid_20-20-15_adamax_early_stop_s2042,1051,795.9,6042,6282,842690,246312.5,0,842344.8,224063.2,239146.6,6.7
20-20-15,adamax,early_stop,2043,0.001,2,grid_20-20-15_adamax_early_stop_s2043,1051,935.6,7294,7417,843414.7,248555.7,0,842344.8,224063.2,236773,5.7
20-20-15,adamax,early_stop,2044,0.001,2,grid_20-20-15_adamax_early_stop_s2044,1051,784.2,6088,6288,840088.2,247582.7,0,842344.8,224063.2,204751,-8.6
20-20-15,adamax,early_stop,2045,0.001,2,grid_20-20-15_adamax_early_stop_s2045,1051,910.6,7002,7142,840936.8,246598.8,0,842344.8,224063.2,273287.5,22
20-20-15,nadam,paper,2026,0.001,1,grid_20-20-15_nadam_paper_s2026,1051,271.6,1900,1900,839972.4,247080.2,0,842344.8,224063.2,300373.6,34.1
20-20-15,nadam,paper,2027,0.001,1,grid_20-20-15_nadam_paper_s2027,1051,263.8,1900,1900,838753.3,246065.7,0,842344.8,224063.2,253255.8,13
20-20-15,nadam,paper,2028,0.001,1,grid_20-20-15_nadam_paper_s2028,1051,271.2,1900,1900,840975.5,248802.8,0,842344.8,224063.2,323483.4,44.4
20-20-15,nadam,paper,2029,0.001,1,grid_20-20-15_nadam_paper_s2029,1051,268.6,1900,1900,843298.4,248625.9,0,842344.8,224063.2,326559.6,45.7
20-20-15,nadam,paper,2030,0.001,1,grid_20-20-15_nadam_paper_s2030,1051,266.5,1900,1900,839648.7,248009.5,0,842344.8,224063.2,256839.7,14.6
20-20-15,nadam,paper,2031,0.001,1,grid_20-20-15_nadam_paper_s2031,1051,270.8,1900,1900,839000.5,248829.6,0,842344.8,224063.2,243678.7,8.8
20-20-15,nadam,paper,2032,0.001,1,grid_20-20-15_nadam_paper_s2032,1051,278.6,1900,1900,842042.1,247071.7,0,842344.8,224063.2,246408.4,10
20-20-15,nadam,paper,2033,0.001,1,grid_20-20-15_nadam_paper_s2033,1051,266.4,1900,1900,838943.3,246246.9,0,842344.8,224063.2,251113,12.1
20-20-15,nadam,paper,2034,0.001,1,grid_20-20-15_nadam_paper_s2034,1051,268.2,1900,1900,839979,246692.5,0,842344.8,224063.2,261486.7,16.7
20-20-15,nadam,paper,2035,0.001,1,grid_20-20-15_nadam_paper_s2035,1051,269.8,1900,1900,838234.6,247245.3,0,842344.8,224063.2,232408.1,3.7
20-20-15,nadam,paper,2036,0.001,2,grid_20-20-15_nadam_paper_s2036,1051,269.9,1900,1900,841192.1,247433.5,0,842344.8,224063.2,245280.1,9.5
20-20-15,nadam,paper,2037,0.001,2,grid_20-20-15_nadam_paper_s2037,1051,276.5,1900,1900,841293.2,249054.5,0,842344.8,224063.2,275195.9,22.8
20-20-15,nadam,paper,2038,0.001,2,grid_20-20-15_nadam_paper_s2038,1051,275.3,1900,1900,839781,246995.8,0,842344.8,224063.2,233505.5,4.2
20-20-15,nadam,paper,2039,0.001,2,grid_20-20-15_nadam_paper_s2039,1051,270.2,1900,1900,843418.6,248133.8,0,842344.8,224063.2,391635.9,74.8
20-20-15,nadam,paper,2040,0.001,2,grid_20-20-15_nadam_paper_s2040,1051,270.3,1900,1900,838900,247806.2,0,842344.8,224063.2,273701.6,22.2
20-20-15,nadam,paper,2041,0.001,2,grid_20-20-15_nadam_paper_s2041,1051,267.3,1900,1900,841049.4,248047.2,0,842344.8,224063.2,269835.8,20.4
20-20-15,nadam,paper,2042,0.001,2,grid_20-20-15_nadam_paper_s2042,1051,276,1900,1900,840631.3,246483.9,0,842344.8,224063.2,245681.5,9.6
20-20-15,nadam,paper,2043,0.001,2,grid_20-20-15_nadam_paper_s2043,1051,268.7,1900,1900,843075.8,249056.4,0,842344.8,224063.2,247683.9,10.5
20-20-15,nadam,paper,2044,0.001,2,grid_20-20-15_nadam_paper_s2044,1051,267.8,1900,1900,840222.4,247487.6,0,842344.8,224063.2,242361.6,8.2
20-20-15,nadam,paper,2045,0.001,2,grid_20-20-15_nadam_paper_s2045,1051,272.7,1900,1900,839405.6,247121.9,0,842344.8,224063.2,289533.6,29.2
20-20-15,nadam,early_stop,2026,0.001,1,grid_20-20-15_nadam_early_stop_s2026,1051,826.7,6166,6366,850100.6,247001.2,0,842344.8,224063.2,235531.4,5.1
20-20-15,nadam,early_stop,2027,0.001,1,grid_20-20-15_nadam_early_stop_s2027,1051,791.6,5978,6207,839368,244712.7,0,842344.8,224063.2,226722.4,1.2
20-20-15,nadam,early_stop,2028,0.001,1,grid_20-20-15_nadam_early_stop_s2028,1051,780.7,5912,6132,840790.6,247950.6,0,842344.8,224063.2,245148.5,9.4
20-20-15,nadam,early_stop,2029,0.001,1,grid_20-20-15_nadam_early_stop_s2029,1051,813.5,6131,6331,843039.1,248115.7,0,842344.8,224063.2,252876.9,12.9
20-20-15,nadam,early_stop,2030,0.001,1,grid_20-20-15_nadam_early_stop_s2030,1051,588.1,4283,4583,841510.3,247764.2,0,842344.8,224063.2,243061.2,8.5
20-20-15,nadam,early_stop,2031,0.001,1,grid_20-20-15_nadam_early_stop_s2031,1051,740.2,5466,5726,844721.1,248109.6,0,842344.8,224063.2,234137.7,4.5
20-20-15,nadam,early_stop,2032,0.001,1,grid_20-20-15_nadam_early_stop_s2032,1051,537.4,3650,3970,845808.5,246891.3,0,842344.8,224063.2,236923.1,5.7
20-20-15,nadam,early_stop,2033,0.001,1,grid_20-20-15_nadam_early_stop_s2033,1051,632.8,4516,4799,837337,246086.1,0,842344.8,224063.2,233168.1,4.1
20-20-15,nadam,early_stop,2034,0.001,1,grid_20-20-15_nadam_early_stop_s2034,1051,735.4,5428,5688,838307.3,246275.5,0,842344.8,224063.2,232506,3.8
20-20-15,nadam,early_stop,2035,0.001,1,grid_20-20-15_nadam_early_stop_s2035,1051,492.7,3400,3720,842238.9,246634.8,0,842344.8,224063.2,227671,1.6
20-20-15,nadam,early_stop,2036,0.001,2,grid_20-20-15_nadam_early_stop_s2036,1051,735.6,5440,5680,839665.8,247116.4,0,842344.8,224063.2,320654.6,43.1
20-20-15,nadam,early_stop,2037,0.001,2,grid_20-20-15_nadam_early_stop_s2037,1051,783.4,5765,6005,842295.8,248904.7,0,842344.8,224063.2,245100.1,9.4
20-20-15,nadam,early_stop,2038,0.001,2,grid_20-20-15_nadam_early_stop_s2038,1051,399.4,2543,2883,839576.4,246872.2,0,842344.8,224063.2,241023.9,7.6
20-20-15,nadam,early_stop,2039,0.001,2,grid_20-20-15_nadam_early_stop_s2039,1051,1011.7,7884,7984,843153.1,245726.8,0,842344.8,224063.2,264587.6,18.1
20-20-15,nadam,early_stop,2040,0.001,2,grid_20-20-15_nadam_early_stop_s2040,1051,700.4,5077,5317,841437,247361.7,0,842344.8,224063.2,251733.8,12.3
20-20-15,nadam,early_stop,2041,0.001,2,grid_20-20-15_nadam_early_stop_s2041,1051,846.4,6413,6613,846141.5,247105.6,0,842344.8,224063.2,244700.3,9.2
20-20-15,nadam,early_stop,2042,0.001,2,grid_20-20-15_nadam_early_stop_s2042,1051,525.9,3634,3954,842064.4,246295,0,842344.8,224063.2,231463.9,3.3
20-20-15,nadam,early_stop,2043,0.001,2,grid_20-20-15_nadam_early_stop_s2043,1051,746.4,5581,5821,842086.9,248825.7,0,842344.8,224063.2,227914.4,1.7
20-20-15,nadam,early_stop,2044,0.001,2,grid_20-20-15_nadam_early_stop_s2044,1051,525,3754,4054,840491.7,247423.8,0,842344.8,224063.2,238830.5,6.6
20-20-15,nadam,early_stop,2045,0.001,2,grid_20-20-15_nadam_early_stop_s2045,1051,785.9,5805,6025,840042.3,246533.4,0,842344.8,224063.2,259937.2,16
20-15-10,sgd,paper,2026,0.001,1,grid_20-15-10_sgd_paper_s2026,786,246.6,1900,1900,844617.8,249464.1,0,842344.8,224063.2,545339,143.4
20-15-10,sgd,paper,2027,0.001,1,grid_20-15-10_sgd_paper_s2027,786,235.1,1900,1900,840115,247254.4,0,842344.8,224063.2,431811.1,92.7
20-15-10,sgd,paper,2028,0.001,1,grid_20-15-10_sgd_paper_s2028,786,238.9,1900,1900,840050,245792,0,842344.8,224063.2,319397.4,42.5
20-15-10,sgd,paper,2029,0.001,1,grid_20-15-10_sgd_paper_s2029,786,244.1,1900,1900,842672,249652,0,842344.8,224063.2,514593.5,129.7
20-15-10,sgd,paper,2030,0.001,1,grid_20-15-10_sgd_paper_s2030,786,236.6,1900,1900,846108.2,246732.3,0,842344.8,224063.2,314457,40.3
20-15-10,sgd,paper,2031,0.001,1,grid_20-15-10_sgd_paper_s2031,786,242.9,1900,1900,841376.4,247305.2,0,842344.8,224063.2,359035.8,60.2
20-15-10,sgd,paper,2032,0.001,1,grid_20-15-10_sgd_paper_s2032,786,244.9,1900,1900,838950.3,246690.2,0,842344.8,224063.2,312220.1,39.3
20-15-10,sgd,paper,2033,0.001,1,grid_20-15-10_sgd_paper_s2033,786,237.7,1900,1900,839910.7,245122.9,0,842344.8,224063.2,307023.2,37
20-15-10,sgd,paper,2034,0.001,1,grid_20-15-10_sgd_paper_s2034,786,240.3,1900,1900,841801,247434.4,0,842344.8,224063.2,358120.2,59.8
20-15-10,sgd,paper,2035,0.001,1,grid_20-15-10_sgd_paper_s2035,786,234.8,1900,1900,841904.7,246122.5,0,842344.8,224063.2,370115.3,65.2
20-15-10,sgd,paper,2036,0.001,2,grid_20-15-10_sgd_paper_s2036,786,236.1,1900,1900,840656.4,246023.1,0,842344.8,224063.2,350649.8,56.5
20-15-10,sgd,paper,2037,0.001,2,grid_20-15-10_sgd_paper_s2037,786,245.4,1900,1900,843593.4,247240.3,0,842344.8,224063.2,371562.8,65.8
20-15-10,sgd,paper,2038,0.001,2,grid_20-15-10_sgd_paper_s2038,786,244.9,1900,1900,840867.4,247479.7,0,842344.8,224063.2,312659.2,39.5
20-15-10,sgd,paper,2039,0.001,2,grid_20-15-10_sgd_paper_s2039,786,245,1900,1900,841191.3,246813.4,0,842344.8,224063.2,548830.1,144.9
20-15-10,sgd,paper,2040,0.001,2,grid_20-15-10_sgd_paper_s2040,786,237.9,1900,1900,839884.8,245028.1,0,842344.8,224063.2,333161.5,48.7
20-15-10,sgd,paper,2041,0.001,2,grid_20-15-10_sgd_paper_s2041,786,244.4,1900,1900,840614.4,247558.7,0,842344.8,224063.2,332846.9,48.6
20-15-10,sgd,paper,2042,0.001,2,grid_20-15-10_sgd_paper_s2042,786,241.7,1900,1900,840888.4,246722,0,842344.8,224063.2,327887.9,46.3
20-15-10,sgd,paper,2043,0.001,2,grid_20-15-10_sgd_paper_s2043,786,233,1900,1900,844964.5,249732.7,0,842344.8,224063.2,642845.3,186.9
20-15-10,sgd,paper,2044,0.001,2,grid_20-15-10_sgd_paper_s2044,786,233.9,1900,1900,842706,246031.3,0,842344.8,224063.2,656052.3,192.8
20-15-10,sgd,paper,2045,0.001,2,grid_20-15-10_sgd_paper_s2045,786,237.1,1900,1900,840442.5,247023.1,0,842344.8,224063.2,297742.7,32.9
20-15-10,sgd,early_stop,2026,0.001,1,grid_20-15-10_sgd_early_stop_s2026,786,1020.8,8092,8172,841711.7,245909.2,0,842344.8,224063.2,278484.5,24.3
20-15-10,sgd,early_stop,2027,0.001,1,grid_20-15-10_sgd_early_stop_s2027,786,1010.7,8155,8235,839392.1,246176.7,0,842344.8,224063.2,288610.3,28.8
20-15-10,sgd,early_stop,2028,0.001,1,grid_20-15-10_sgd_early_stop_s2028,786,822.2,6509,6669,841129.1,245112.7,0,842344.8,224063.2,278188,24.2
20-15-10,sgd,early_stop,2029,0.001,1,grid_20-15-10_sgd_early_stop_s2029,786,863.5,6909,7029,849595.3,247229.4,0,842344.8,224063.2,299581.2,33.7
20-15-10,sgd,early_stop,2030,0.001,1,grid_20-15-10_sgd_early_stop_s2030,786,1012.2,7939,8019,838127.6,245050.3,0,842344.8,224063.2,195950.5,-12.5
20-15-10,sgd,early_stop,2031,0.001,1,grid_20-15-10_sgd_early_stop_s2031,786,880.2,6889,7049,839601.4,243693.3,0,842344.8,224063.2,262503,17.2
20-15-10,sgd,early_stop,2032,0.001,1,grid_20-15-10_sgd_early_stop_s2032,786,956.7,7561,7661,840682.3,244358.1,0,842344.8,224063.2,303032.3,35.2
20-15-10,sgd,early_stop,2033,0.001,1,grid_20-15-10_sgd_early_stop_s2033,786,998.9,7968,8048,839748.7,243448.6,0,842344.8,224063.2,263877.4,17.8
20-15-10,sgd,early_stop,2034,0.001,1,grid_20-15-10_sgd_early_stop_s2034,786,884.4,6848,6968,842141.1,245860.2,0,842344.8,224063.2,291157.9,29.9
20-15-10,sgd,early_stop,2035,0.001,1,grid_20-15-10_sgd_early_stop_s2035,786,1084.3,8727,8767,839034.4,244388.2,0,842344.8,224063.2,241711.3,7.9
20-15-10,sgd,early_stop,2036,0.001,2,grid_20-15-10_sgd_early_stop_s2036,786,926.5,7312,7432,839465.8,244604.6,0,842344.8,224063.2,228230.6,1.9
20-15-10,sgd,early_stop,2037,0.001,2,grid_20-15-10_sgd_early_stop_s2037,786,1029.3,7944,8044,841226.7,245645.5,0,842344.8,224063.2,273675.9,22.1
20-15-10,sgd,early_stop,2038,0.001,2,grid_20-15-10_sgd_early_stop_s2038,786,955.7,7380,7500,839370.1,245175.4,0,842344.8,224063.2,239997.3,7.1
20-15-10,sgd,early_stop,2039,0.001,2,grid_20-15-10_sgd_early_stop_s2039,786,1026.7,8179,8259,839687.8,246032.6,0,842344.8,224063.2,265113.1,18.3
20-15-10,sgd,early_stop,2040,0.001,2,grid_20-15-10_sgd_early_stop_s2040,786,978.6,7743,7843,838421.8,243620.6,0,842344.8,224063.2,271074,21
20-15-10,sgd,early_stop,2041,0.001,2,grid_20-15-10_sgd_early_stop_s2041,786,952.4,7512,7652,842843.5,245297.5,0,842344.8,224063.2,273270.6,22
20-15-10,sgd,early_stop,2042,0.001,2,grid_20-15-10_sgd_early_stop_s2042,786,1055.3,8508,8568,839155.6,245359.6,0,842344.8,224063.2,241820.8,7.9
20-15-10,sgd,early_stop,2043,0.001,2,grid_20-15-10_sgd_early_stop_s2043,786,894.9,7019,7154,843168,246109.1,0,842344.8,224063.2,295465.2,31.9
20-15-10,sgd,early_stop,2044,0.001,2,grid_20-15-10_sgd_early_stop_s2044,786,1020.6,8328,8388,841149.9,243756.2,0,842344.8,224063.2,298665.5,33.3
20-15-10,sgd,early_stop,2045,0.001,2,grid_20-15-10_sgd_early_stop_s2045,786,914.8,7252,7388,842709.1,243243.7,0,842344.8,224063.2,256962.7,14.7
20-15-10,sgd_momentum,paper,2026,0.001,1,grid_20-15-10_sgd_momentum_paper_s2026,786,248.6,1900,1900,1530306.5,431768,0,842344.8,224063.2,139425.3,-37.8
20-15-10,sgd_momentum,paper,2027,0.001,1,grid_20-15-10_sgd_momentum_paper_s2027,786,249,1900,1900,835354.9,248134.2,0,842344.8,224063.2,226661.6,1.2
20-15-10,sgd_momentum,paper,2028,0.001,1,grid_20-15-10_sgd_momentum_paper_s2028,786,248.1,1900,1900,,,1,842344.8,224063.2,,
20-15-10,sgd_momentum,paper,2029,0.001,1,grid_20-15-10_sgd_momentum_paper_s2029,786,249.3,1900,1900,1530444.6,431604.2,0,842344.8,224063.2,140547.8,-37.3
20-15-10,sgd_momentum,paper,2030,0.001,1,grid_20-15-10_sgd_momentum_paper_s2030,786,244.6,1900,1900,836596.7,249870.7,0,842344.8,224063.2,251676,12.3
20-15-10,sgd_momentum,paper,2031,0.001,1,grid_20-15-10_sgd_momentum_paper_s2031,786,242.8,1900,1900,1530287.6,431627.4,0,842344.8,224063.2,130567.2,-41.7
20-15-10,sgd_momentum,paper,2032,0.001,1,grid_20-15-10_sgd_momentum_paper_s2032,786,249.2,1900,1900,835579.9,249907.7,0,842344.8,224063.2,237095.2,5.8
20-15-10,sgd_momentum,paper,2033,0.001,1,grid_20-15-10_sgd_momentum_paper_s2033,786,246.6,1900,1900,837167.4,246657,0,842344.8,224063.2,242636.3,8.3
20-15-10,sgd_momentum,paper,2034,0.001,1,grid_20-15-10_sgd_momentum_paper_s2034,786,243.9,1900,1900,837566.6,248737.2,0,842344.8,224063.2,228104.5,1.8
20-15-10,sgd_momentum,paper,2035,0.001,1,grid_20-15-10_sgd_momentum_paper_s2035,786,246.1,1900,1900,1383698.2,365723,0,842344.8,224063.2,-214104.8,-195.6
20-15-10,sgd_momentum,paper,2036,0.001,2,grid_20-15-10_sgd_momentum_paper_s2036,786,251.2,1900,1900,836939.5,246930.8,0,842344.8,224063.2,227379.2,1.5
20-15-10,sgd_momentum,paper,2037,0.001,2,grid_20-15-10_sgd_momentum_paper_s2037,786,251.4,1900,1900,,,1,842344.8,224063.2,,
20-15-10,sgd_momentum,paper,2038,0.001,2,grid_20-15-10_sgd_momentum_paper_s2038,786,252.3,1900,1900,835954.6,247462.4,0,842344.8,224063.2,234149.8,4.5
20-15-10,sgd_momentum,paper,2039,0.001,2,grid_20-15-10_sgd_momentum_paper_s2039,786,244.4,1900,1900,1531037.2,431745.3,0,842344.8,224063.2,121424.1,-45.8
20-15-10,sgd_momentum,paper,2040,0.001,2,grid_20-15-10_sgd_momentum_paper_s2040,786,242.7,1900,1900,1530141.9,431582.1,0,842344.8,224063.2,137879.8,-38.5
20-15-10,sgd_momentum,paper,2041,0.001,2,grid_20-15-10_sgd_momentum_paper_s2041,786,249.4,1900,1900,836142.4,247147.3,0,842344.8,224063.2,250748.8,11.9
20-15-10,sgd_momentum,paper,2042,0.001,2,grid_20-15-10_sgd_momentum_paper_s2042,786,248.4,1900,1900,837165.9,250711.3,0,842344.8,224063.2,230089.3,2.7
20-15-10,sgd_momentum,paper,2043,0.001,2,grid_20-15-10_sgd_momentum_paper_s2043,786,245,1900,1900,1530620.6,431707.4,0,842344.8,224063.2,130686.2,-41.7
20-15-10,sgd_momentum,paper,2044,0.001,2,grid_20-15-10_sgd_momentum_paper_s2044,786,247.9,1900,1900,1530795.6,431532.6,0,842344.8,224063.2,132813,-40.7
20-15-10,sgd_momentum,paper,2045,0.001,2,grid_20-15-10_sgd_momentum_paper_s2045,786,248.2,1900,1900,836968.8,247083.5,0,842344.8,224063.2,241637.1,7.8
20-15-10,sgd_momentum,early_stop,2026,0.001,1,grid_20-15-10_sgd_momentum_early_stop_s2026,786,426,2977,3317,871890.6,251846.2,0,842344.8,224063.2,194274.4,-13.3
20-15-10,sgd_momentum,early_stop,2027,0.001,1,grid_20-15-10_sgd_momentum_early_stop_s2027,786,487.8,3556,3836,845317.7,244027.8,0,842344.8,224063.2,265706,18.6
20-15-10,sgd_momentum,early_stop,2028,0.001,1,grid_20-15-10_sgd_momentum_early_stop_s2028,786,631.1,4830,5047,915036.3,263002.4,0,842344.8,224063.2,188489,-15.9
20-15-10,sgd_momentum,early_stop,2029,0.001,1,grid_20-15-10_sgd_momentum_early_stop_s2029,786,325.6,2180,2500,880168.1,258157.8,0,842344.8,224063.2,160058,-28.6
20-15-10,sgd_momentum,early_stop,2030,0.001,1,grid_20-15-10_sgd_momentum_early_stop_s2030,786,383.6,2739,3039,840335.2,243151.5,0,842344.8,224063.2,224967.9,0.4
20-15-10,sgd_momentum,early_stop,2031,0.001,1,grid_20-15-10_sgd_momentum_early_stop_s2031,786,246,1510,1870,900836.2,260544.4,0,842344.8,224063.2,121706.1,-45.7
20-15-10,sgd_momentum,early_stop,2032,0.001,1,grid_20-15-10_sgd_momentum_early_stop_s2032,786,174.9,903,1283,839545.1,243349.6,0,842344.8,224063.2,234402.6,4.6
20-15-10,sgd_momentum,early_stop,2033,0.001,1,grid_20-15-10_sgd_momentum_early_stop_s2033,786,494.1,3629,3909,841593.9,243109.8,0,842344.8,224063.2,216944.1,-3.2
20-15-10,sgd_momentum,early_stop,2034,0.001,1,grid_20-15-10_sgd_momentum_early_stop_s2034,786,296.6,1972,2332,839327,243903.8,0,842344.8,224063.2,261301.6,16.6
20-15-10,sgd_momentum,early_stop,2035,0.001,1,grid_20-15-10_sgd_momentum_early_stop_s2035,786,437.2,3174,3454,844615.1,244953.7,0,842344.8,224063.2,164435.3,-26.6
20-15-10,sgd_momentum,early_stop,2036,0.001,2,grid_20-15-10_sgd_momentum_early_stop_s2036,786,443.8,3135,3455,839637.2,243363.2,0,842344.8,224063.2,252262.6,12.6
20-15-10,sgd_momentum,early_stop,2037,0.001,2,grid_20-15-10_sgd_momentum_early_stop_s2037,786,536,3916,4176,883439.4,255826.6,0,842344.8,224063.2,225033.2,0.4
20-15-10,sgd_momentum,early_stop,2038,0.001,2,grid_20-15-10_sgd_momentum_early_stop_s2038,786,468.9,3351,3650,841441.6,243079.6,0,842344.8,224063.2,278144.5,24.1
20-15-10,sgd_momentum,early_stop,2039,0.001,2,grid_20-15-10_sgd_momentum_early_stop_s2039,786,392,2797,3117,862407.1,244462.7,0,842344.8,224063.2,246133.6,9.9
20-15-10,sgd_momentum,early_stop,2040,0.001,2,grid_20-15-10_sgd_momentum_early_stop_s2040,786,438.6,3224,3504,927877.5,263607.3,0,842344.8,224063.2,188867.8,-15.7
20-15-10,sgd_momentum,early_stop,2041,0.001,2,grid_20-15-10_sgd_momentum_early_stop_s2041,786,345,2352,2672,838883.9,243937,0,842344.8,224063.2,256084,14.3
20-15-10,sgd_momentum,early_stop,2042,0.001,2,grid_20-15-10_sgd_momentum_early_stop_s2042,786,266.2,1720,2060,842269.3,243779.8,0,842344.8,224063.2,202004.1,-9.8
20-15-10,sgd_momentum,early_stop,2043,0.001,2,grid_20-15-10_sgd_momentum_early_stop_s2043,786,282.5,1815,2155,953429.7,272830.8,0,842344.8,224063.2,170796.2,-23.8
20-15-10,sgd_momentum,early_stop,2044,0.001,2,grid_20-15-10_sgd_momentum_early_stop_s2044,786,460.2,3321,3601,875232.4,251189.8,0,842344.8,224063.2,218892,-2.3
20-15-10,sgd_momentum,early_stop,2045,0.001,2,grid_20-15-10_sgd_momentum_early_stop_s2045,786,243.1,1520,1880,841039.4,243203.7,0,842344.8,224063.2,202371.1,-9.7
20-15-10,sgd_nesterov,paper,2026,0.001,1,grid_20-15-10_sgd_nesterov_paper_s2026,786,248,1900,1900,,,1,842344.8,224063.2,,
20-15-10,sgd_nesterov,paper,2027,0.001,1,grid_20-15-10_sgd_nesterov_paper_s2027,786,245.2,1900,1900,1530696.2,431537.2,0,842344.8,224063.2,127237.6,-43.2
20-15-10,sgd_nesterov,paper,2028,0.001,1,grid_20-15-10_sgd_nesterov_paper_s2028,786,247.6,1900,1900,1493067.9,421215.5,0,842344.8,224063.2,146689.5,-34.5
20-15-10,sgd_nesterov,paper,2029,0.001,1,grid_20-15-10_sgd_nesterov_paper_s2029,786,249,1900,1900,1530774.2,431622.2,0,842344.8,224063.2,144656.5,-35.4
20-15-10,sgd_nesterov,paper,2030,0.001,1,grid_20-15-10_sgd_nesterov_paper_s2030,786,244.6,1900,1900,1530348.5,431621.4,0,842344.8,224063.2,139484.8,-37.7
20-15-10,sgd_nesterov,paper,2031,0.001,1,grid_20-15-10_sgd_nesterov_paper_s2031,786,250.4,1900,1900,848116.2,248098.5,0,842344.8,224063.2,223305,-0.3
20-15-10,sgd_nesterov,paper,2032,0.001,1,grid_20-15-10_sgd_nesterov_paper_s2032,786,249.9,1900,1900,835778,245835.9,0,842344.8,224063.2,237082.2,5.8
20-15-10,sgd_nesterov,paper,2033,0.001,1,grid_20-15-10_sgd_nesterov_paper_s2033,786,245.9,1900,1900,,,1,842344.8,224063.2,,
20-15-10,sgd_nesterov,paper,2034,0.001,1,grid_20-15-10_sgd_nesterov_paper_s2034,786,247.6,1900,1900,,,1,842344.8,224063.2,,
20-15-10,sgd_nesterov,paper,2035,0.001,1,grid_20-15-10_sgd_nesterov_paper_s2035,786,245.3,1900,1900,1781201.1,472900.5,0,842344.8,224063.2,-168551.3,-175.2
20-15-10,sgd_nesterov,paper,2036,0.001,2,grid_20-15-10_sgd_nesterov_paper_s2036,786,250.5,1900,1900,,,1,842344.8,224063.2,,
20-15-10,sgd_nesterov,paper,2037,0.001,2,grid_20-15-10_sgd_nesterov_paper_s2037,786,245.3,1900,1900,,,1,842344.8,224063.2,,
20-15-10,sgd_nesterov,paper,2038,0.001,2,grid_20-15-10_sgd_nesterov_paper_s2038,786,251.8,1900,1900,836599.2,248424.2,0,842344.8,224063.2,236375.4,5.5
20-15-10,sgd_nesterov,paper,2039,0.001,2,grid_20-15-10_sgd_nesterov_paper_s2039,786,247.8,1900,1900,,,1,842344.8,224063.2,,
20-15-10,sgd_nesterov,paper,2040,0.001,2,grid_20-15-10_sgd_nesterov_paper_s2040,786,243.7,1900,1900,829365.8,249223.3,0,842344.8,224063.2,249785.7,11.5
20-15-10,sgd_nesterov,paper,2041,0.001,2,grid_20-15-10_sgd_nesterov_paper_s2041,786,253.6,1900,1900,,,1,842344.8,224063.2,,
20-15-10,sgd_nesterov,paper,2042,0.001,2,grid_20-15-10_sgd_nesterov_paper_s2042,786,245.2,1900,1900,836961,248402.7,0,842344.8,224063.2,231232.7,3.2
20-15-10,sgd_nesterov,paper,2043,0.001,2,grid_20-15-10_sgd_nesterov_paper_s2043,786,243.6,1900,1900,1530409.2,431746.8,0,842344.8,224063.2,136502.7,-39.1
20-15-10,sgd_nesterov,paper,2044,0.001,2,grid_20-15-10_sgd_nesterov_paper_s2044,786,243.1,1900,1900,1530638.8,431587.1,0,842344.8,224063.2,136437.7,-39.1
20-15-10,sgd_nesterov,paper,2045,0.001,2,grid_20-15-10_sgd_nesterov_paper_s2045,786,249.9,1900,1900,836585.5,247434,0,842344.8,224063.2,247465.5,10.4
20-15-10,sgd_nesterov,early_stop,2026,0.001,1,grid_20-15-10_sgd_nesterov_early_stop_s2026,786,555.2,4148,4448,890482,257504.6,0,842344.8,224063.2,175940.5,-21.5
20-15-10,sgd_nesterov,early_stop,2027,0.001,1,grid_20-15-10_sgd_nesterov_early_stop_s2027,786,558.9,4190,4430,1012698.9,286730.8,0,842344.8,224063.2,175877.4,-21.5
20-15-10,sgd_nesterov,early_stop,2028,0.001,1,grid_20-15-10_sgd_nesterov_early_stop_s2028,786,675,5220,5420,840026.2,244291.1,0,842344.8,224063.2,233621.8,4.3
20-15-10,sgd_nesterov,early_stop,2029,0.001,1,grid_20-15-10_sgd_nesterov_early_stop_s2029,786,595.1,4526,4746,882619,256836.8,0,842344.8,224063.2,149791.4,-33.1
20-15-10,sgd_nesterov,early_stop,2030,0.001,1,grid_20-15-10_sgd_nesterov_early_stop_s2030,786,430.3,3081,3381,911148.7,265268.9,0,842344.8,224063.2,213092,-4.9
20-15-10,sgd_nesterov,early_stop,2031,0.001,1,grid_20-15-10_sgd_nesterov_early_stop_s2031,786,298.6,1953,2293,839180.3,243560.8,0,842344.8,224063.2,144913.3,-35.3
20-15-10,sgd_nesterov,early_stop,2032,0.001,1,grid_20-15-10_sgd_nesterov_early_stop_s2032,786,297.7,1946,2286,838456,246485.5,0,842344.8,224063.2,230399.5,2.8
20-15-10,sgd_nesterov,early_stop,2033,0.001,1,grid_20-15-10_sgd_nesterov_early_stop_s2033,786,603,4517,4797,894855.5,256347,0,842344.8,224063.2,209045.1,-6.7
20-15-10,sgd_nesterov,early_stop,2034,0.001,1,grid_20-15-10_sgd_nesterov_early_stop_s2034,786,542.8,4035,4295,1316908.4,374316.2,0,842344.8,224063.2,149493.4,-33.3
20-15-10,sgd_nesterov,early_stop,2035,0.001,1,grid_20-15-10_sgd_nesterov_early_stop_s2035,786,513.2,3821,4061,904423.3,258531.3,0,842344.8,224063.2,106388.2,-52.5
20-15-10,sgd_nesterov,early_stop,2036,0.001,2,grid_20-15-10_sgd_nesterov_early_stop_s2036,786,443.4,3059,3379,914790.2,262329.3,0,842344.8,224063.2,191774.2,-14.4
20-15-10,sgd_nesterov,early_stop,2037,0.001,2,grid_20-15-10_sgd_nesterov_early_stop_s2037,786,616.3,4657,4897,994277.5,288261.8,0,842344.8,224063.2,282121.4,25.9
20-15-10,sgd_nesterov,early_stop,2038,0.001,2,grid_20-15-10_sgd_nesterov_early_stop_s2038,786,592.2,4398,4658,837991.8,243904.6,0,842344.8,224063.2,226948.3,1.3
20-15-10,sgd_nesterov,early_stop,2039,0.001,2,grid_20-15-10_sgd_nesterov_early_stop_s2039,786,677.7,5188,5408,863638.1,246400.6,0,842344.8,224063.2,207361.9,-7.5
20-15-10,sgd_nesterov,early_stop,2040,0.001,2,grid_20-15-10_sgd_nesterov_early_stop_s2040,786,644.6,4857,5097,836894,244425.5,0,842344.8,224063.2,248186.5,10.8
20-15-10,sgd_nesterov,early_stop,2041,0.001,2,grid_20-15-10_sgd_nesterov_early_stop_s2041,786,561,4182,4442,866418.9,249791.1,0,842344.8,224063.2,234652,4.7
20-15-10,sgd_nesterov,early_stop,2042,0.001,2,grid_20-15-10_sgd_nesterov_early_stop_s2042,786,355.1,2437,2757,837741.5,243742.1,0,842344.8,224063.2,228711.1,2.1
20-15-10,sgd_nesterov,early_stop,2043,0.001,2,grid_20-15-10_sgd_nesterov_early_stop_s2043,786,504.9,3711,3971,878781.6,252423.8,0,842344.8,224063.2,248103.8,10.7
20-15-10,sgd_nesterov,early_stop,2044,0.001,2,grid_20-15-10_sgd_nesterov_early_stop_s2044,786,687.5,5324,5524,845312.6,244282.8,0,842344.8,224063.2,224021.6,0
20-15-10,sgd_nesterov,early_stop,2045,0.001,2,grid_20-15-10_sgd_nesterov_early_stop_s2045,786,346.2,2346,2706,840496,242926,0,842344.8,224063.2,233956.8,4.4
20-15-10,adagrad,paper,2026,0.01,1,grid_20-15-10_adagrad_paper_s2026,786,249.8,1900,1900,831535.5,254051.3,0,842344.8,224063.2,259926,16
20-15-10,adagrad,paper,2027,0.01,1,grid_20-15-10_adagrad_paper_s2027,786,245.3,1900,1900,838691.5,249221.1,0,842344.8,224063.2,482965.5,115.5
20-15-10,adagrad,paper,2028,0.01,1,grid_20-15-10_adagrad_paper_s2028,786,248.5,1900,1900,834734.8,248195,0,842344.8,224063.2,264693.4,18.1
20-15-10,adagrad,paper,2029,0.01,1,grid_20-15-10_adagrad_paper_s2029,786,251.3,1900,1900,835179.7,250183,0,842344.8,224063.2,267168,19.2
20-15-10,adagrad,paper,2030,0.01,1,grid_20-15-10_adagrad_paper_s2030,786,248.7,1900,1900,835721.7,248302.1,0,842344.8,224063.2,256741.5,14.6
20-15-10,adagrad,paper,2031,0.01,1,grid_20-15-10_adagrad_paper_s2031,786,246.9,1900,1900,834000,247748.6,0,842344.8,224063.2,254536.5,13.6
20-15-10,adagrad,paper,2032,0.01,1,grid_20-15-10_adagrad_paper_s2032,786,248.6,1900,1900,834542.9,248834.4,0,842344.8,224063.2,255379.4,14
20-15-10,adagrad,paper,2033,0.01,1,grid_20-15-10_adagrad_paper_s2033,786,250,1900,1900,835142.7,246926.5,0,842344.8,224063.2,253014.8,12.9
20-15-10,adagrad,paper,2034,0.01,1,grid_20-15-10_adagrad_paper_s2034,786,248.6,1900,1900,838162,248272.8,0,842344.8,224063.2,321885.8,43.7
20-15-10,adagrad,paper,2035,0.01,1,grid_20-15-10_adagrad_paper_s2035,786,246.2,1900,1900,840081.3,248855,0,842344.8,224063.2,310181.9,38.4
20-15-10,adagrad,paper,2036,0.01,2,grid_20-15-10_adagrad_paper_s2036,786,250.7,1900,1900,835450.3,246747,0,842344.8,224063.2,235447.6,5.1
20-15-10,adagrad,paper,2037,0.01,2,grid_20-15-10_adagrad_paper_s2037,786,252.1,1900,1900,836175.4,250488.3,0,842344.8,224063.2,273944.7,22.3
20-15-10,adagrad,paper,2038,0.01,2,grid_20-15-10_adagrad_paper_s2038,786,257,1900,1900,835713.9,248249.1,0,842344.8,224063.2,243592.7,8.7
20-15-10,adagrad,paper,2039,0.01,2,grid_20-15-10_adagrad_paper_s2039,786,249.7,1900,1900,837063.6,249262.8,0,842344.8,224063.2,290889.8,29.8
20-15-10,adagrad,paper,2040,0.01,2,grid_20-15-10_adagrad_paper_s2040,786,249.3,1900,1900,829473.5,247997.2,0,842344.8,224063.2,257151.4,14.8
20-15-10,adagrad,paper,2041,0.01,2,grid_20-15-10_adagrad_paper_s2041,786,256.1,1900,1900,835955.5,250013.3,0,842344.8,224063.2,263893.4,17.8
20-15-10,adagrad,paper,2042,0.01,2,grid_20-15-10_adagrad_paper_s2042,786,249,1900,1900,836360.9,249343,0,842344.8,224063.2,236285.1,5.5
20-15-10,adagrad,paper,2043,0.01,2,grid_20-15-10_adagrad_paper_s2043,786,245.8,1900,1900,839097.6,251456.8,0,842344.8,224063.2,283797.8,26.7
20-15-10,adagrad,paper,2044,0.01,2,grid_20-15-10_adagrad_paper_s2044,786,245,1900,1900,838162.2,247559.2,0,842344.8,224063.2,263525.5,17.6
20-15-10,adagrad,paper,2045,0.01,2,grid_20-15-10_adagrad_paper_s2045,786,241.5,1900,1900,835505.1,248291,0,842344.8,224063.2,257975.6,15.1
20-15-10,adagrad,early_stop,2026,0.01,1,grid_20-15-10_adagrad_early_stop_s2026,786,704.9,5319,5548,844471.9,248629.2,0,842344.8,224063.2,207152.9,-7.5
20-15-10,adagrad,early_stop,2027,0.01,1,grid_20-15-10_adagrad_early_stop_s2027,786,1038.5,8381,8461,837532,247840.5,0,842344.8,224063.2,320740.7,43.1
20-15-10,adagrad,early_stop,2028,0.01,1,grid_20-15-10_adagrad_early_stop_s2028,786,730,5651,5871,840888.4,247039.5,0,842344.8,224063.2,298426.5,33.2
20-15-10,adagrad,early_stop,2029,0.01,1,grid_20-15-10_adagrad_early_stop_s2029,786,743,5636,5836,838899.4,247322.2,0,842344.8,224063.2,57407.1,-74.4
20-15-10,adagrad,early_stop,2030,0.01,1,grid_20-15-10_adagrad_early_stop_s2030,786,727.2,5467,5707,838387.6,246648.7,0,842344.8,224063.2,185137.6,-17.4
20-15-10,adagrad,early_stop,2031,0.01,1,grid_20-15-10_adagrad_early_stop_s2031,786,739.3,5542,5742,840268.5,246215.3,0,842344.8,224063.2,225618.4,0.7
20-15-10,adagrad,early_stop,2032,0.01,1,grid_20-15-10_adagrad_early_stop_s2032,786,730.8,5445,5685,846119.3,246552.6,0,842344.8,224063.2,238722,6.5
20-15-10,adagrad,early_stop,2033,0.01,1,grid_20-15-10_adagrad_early_stop_s2033,786,747.6,5612,5872,839568.2,245214.4,0,842344.8,224063.2,241042.1,7.6
20-15-10,adagrad,early_stop,2034,0.01,1,grid_20-15-10_adagrad_early_stop_s2034,786,980.7,7774,7902,838448.7,247209,0,842344.8,224063.2,277448.5,23.8
20-15-10,adagrad,early_stop,2035,0.01,1,grid_20-15-10_adagrad_early_stop_s2035,786,996.6,8007,8087,840182.5,245858.7,0,842344.8,224063.2,238247.9,6.3
20-15-10,adagrad,early_stop,2036,0.01,2,grid_20-15-10_adagrad_early_stop_s2036,786,711.2,5439,5694,838239.6,245348.1,0,842344.8,224063.2,227990.2,1.8
20-15-10,adagrad,early_stop,2037,0.01,2,grid_20-15-10_adagrad_early_stop_s2037,786,766.2,5866,6086,850639.6,248652.7,0,842344.8,224063.2,245896.9,9.7
20-15-10,adagrad,early_stop,2038,0.01,2,grid_20-15-10_adagrad_early_stop_s2038,786,831.3,6345,6525,838324.4,247504.5,0,842344.8,224063.2,235621.8,5.2
20-15-10,adagrad,early_stop,2039,0.01,2,grid_20-15-10_adagrad_early_stop_s2039,786,884.1,7029,7164,838932.8,248036.2,0,842344.8,224063.2,244254.5,9
20-15-10,adagrad,early_stop,2040,0.01,2,grid_20-15-10_adagrad_early_stop_s2040,786,737.6,5522,5762,838515.8,244539.2,0,842344.8,224063.2,241770.2,7.9
20-15-10,adagrad,early_stop,2041,0.01,2,grid_20-15-10_adagrad_early_stop_s2041,786,693.2,5290,5510,839072.6,248510.9,0,842344.8,224063.2,257692.9,15
20-15-10,adagrad,early_stop,2042,0.01,2,grid_20-15-10_adagrad_early_stop_s2042,786,681.6,5294,5534,841510,246993.2,0,842344.8,224063.2,224030.2,0
20-15-10,adagrad,early_stop,2043,0.01,2,grid_20-15-10_adagrad_early_stop_s2043,786,791.6,6163,6363,841476.5,249124.6,0,842344.8,224063.2,244234.5,9
20-15-10,adagrad,early_stop,2044,0.01,2,grid_20-15-10_adagrad_early_stop_s2044,786,868.7,6960,7081,843911.1,246307.1,0,842344.8,224063.2,241586.1,7.8
20-15-10,adagrad,early_stop,2045,0.01,2,grid_20-15-10_adagrad_early_stop_s2045,786,623.1,4710,4990,842097.8,247191.7,0,842344.8,224063.2,251259.8,12.1
20-15-10,adadelta,paper,2026,1,1,grid_20-15-10_adadelta_paper_s2026,786,255.3,1900,1900,837445.7,251579.9,0,842344.8,224063.2,298780,33.3
20-15-10,adadelta,paper,2027,1,1,grid_20-15-10_adadelta_paper_s2027,786,260.3,1900,1900,844692.9,249413,0,842344.8,224063.2,866590.3,286.8
20-15-10,adadelta,paper,2028,1,1,grid_20-15-10_adadelta_paper_s2028,786,253.2,1900,1900,838021.7,248266.3,0,842344.8,224063.2,138889.8,-38
20-15-10,adadelta,paper,2029,1,1,grid_20-15-10_adadelta_paper_s2029,786,262.1,1900,1900,839848.7,248296.4,0,842344.8,224063.2,276369.2,23.3
20-15-10,adadelta,paper,2030,1,1,grid_20-15-10_adadelta_paper_s2030,786,252.2,1900,1900,837105.4,247015.4,0,842344.8,224063.2,242656.7,8.3
20-15-10,adadelta,paper,2031,1,1,grid_20-15-10_adadelta_paper_s2031,786,259.7,1900,1900,837389.2,248335.3,0,842344.8,224063.2,253308.4,13.1
20-15-10,adadelta,paper,2032,1,1,grid_20-15-10_adadelta_paper_s2032,786,260.8,1900,1900,837706.8,248667.8,0,842344.8,224063.2,256815.2,14.6
20-15-10,adadelta,paper,2033,1,1,grid_20-15-10_adadelta_paper_s2033,786,254.6,1900,1900,837123.9,247308.5,0,842344.8,224063.2,219606.9,-2
20-15-10,adadelta,paper,2034,1,1,grid_20-15-10_adadelta_paper_s2034,786,260.1,1900,1900,840409.1,247994.7,0,842344.8,224063.2,357660.5,59.6
20-15-10,adadelta,paper,2035,1,1,grid_20-15-10_adadelta_paper_s2035,786,262,1900,1900,860798.1,251698.5,0,842344.8,224063.2,1499221,569.1
20-15-10,adadelta,paper,2036,1,2,grid_20-15-10_adadelta_paper_s2036,786,262.6,1900,1900,836940.4,246542.1,0,842344.8,224063.2,257884.4,15.1
20-15-10,adadelta,paper,2037,1,2,grid_20-15-10_adadelta_paper_s2037,786,254,1900,1900,839234,251595.2,0,842344.8,224063.2,443277.8,97.8
20-15-10,adadelta,paper,2038,1,2,grid_20-15-10_adadelta_paper_s2038,786,268.7,1900,1900,837385.7,247809.8,0,842344.8,224063.2,246977.6,10.2
20-15-10,adadelta,paper,2039,1,2,grid_20-15-10_adadelta_paper_s2039,786,256,1900,1900,840998.9,249417.9,0,842344.8,224063.2,378171.8,68.8
20-15-10,adadelta,paper,2040,1,2,grid_20-15-10_adadelta_paper_s2040,786,255.5,1900,1900,833381.5,248575.6,0,842344.8,224063.2,284574.7,27
20-15-10,adadelta,paper,2041,1,2,grid_20-15-10_adadelta_paper_s2041,786,259.9,1900,1900,836897.5,249126.3,0,842344.8,224063.2,268532,19.8
20-15-10,adadelta,paper,2042,1,2,grid_20-15-10_adadelta_paper_s2042,786,257.7,1900,1900,836726.7,248014.3,0,842344.8,224063.2,244756.7,9.2
20-15-10,adadelta,paper,2043,1,2,grid_20-15-10_adadelta_paper_s2043,786,255.8,1900,1900,840747.7,251036.8,0,842344.8,224063.2,290758.1,29.8
20-15-10,adadelta,paper,2044,1,2,grid_20-15-10_adadelta_paper_s2044,786,255.7,1900,1900,839000.1,246786.8,0,842344.8,224063.2,256750.4,14.6
20-15-10,adadelta,paper,2045,1,2,grid_20-15-10_adadelta_paper_s2045,786,260.9,1900,1900,837663.8,248335,0,842344.8,224063.2,285691.9,27.5
20-15-10,adadelta,early_stop,2026,1,1,grid_20-15-10_adadelta_early_stop_s2026,786,289.8,1779,2159,842659.2,250068.9,0,842344.8,224063.2,250014.6,11.6
20-15-10,adadelta,early_stop,2027,1,1,grid_20-15-10_adadelta_early_stop_s2027,786,534.4,3790,4170,839267.8,248012.8,0,842344.8,224063.2,321688.3,43.6
20-15-10,adadelta,early_stop,2028,1,1,grid_20-15-10_adadelta_early_stop_s2028,786,307.8,1935,2315,843064.1,247855.5,0,842344.8,224063.2,211425.8,-5.6
20-15-10,adadelta,early_stop,2029,1,1,grid_20-15-10_adadelta_early_stop_s2029,786,281.1,1699,2079,840144.5,247712.7,0,842344.8,224063.2,221786,-1
20-15-10,adadelta,early_stop,2030,1,1,grid_20-15-10_adadelta_early_stop_s2030,786,269.4,1601,1981,838283,246589.2,0,842344.8,224063.2,175221.2,-21.8
20-15-10,adadelta,early_stop,2031,1,1,grid_20-15-10_adadelta_early_stop_s2031,786,344.5,2201,2581,838723.5,248144.2,0,842344.8,224063.2,216248,-3.5
20-15-10,adadelta,early_stop,2032,1,1,grid_20-15-10_adadelta_early_stop_s2032,786,352.9,2293,2673,847974.9,247051.7,0,842344.8,224063.2,224077.8,0
20-15-10,adadelta,early_stop,2033,1,1,grid_20-15-10_adadelta_early_stop_s2033,786,303.5,1879,2259,838916.4,246711,0,842344.8,224063.2,244381.6,9.1
20-15-10,adadelta,early_stop,2034,1,1,grid_20-15-10_adadelta_early_stop_s2034,786,391.3,2653,3033,840769.5,247729.8,0,842344.8,224063.2,301127.8,34.4
20-15-10,adadelta,early_stop,2035,1,1,grid_20-15-10_adadelta_early_stop_s2035,786,543.8,3876,4256,845244.4,247120,0,842344.8,224063.2,221996,-0.9
20-15-10,adadelta,early_stop,2036,1,2,grid_20-15-10_adadelta_early_stop_s2036,786,305.4,1894,2274,838053.3,246335.4,0,842344.8,224063.2,233504,4.2
20-15-10,adadelta,early_stop,2037,1,2,grid_20-15-10_adadelta_early_stop_s2037,786,345.4,2159,2539,852807.5,249157.9,0,842344.8,224063.2,160174,-28.5
20-15-10,adadelta,early_stop,2038,1,2,grid_20-15-10_adadelta_early_stop_s2038,786,429.1,2876,3256,837806,247559.3,0,842344.8,224063.2,230661.3,2.9
20-15-10,adadelta,early_stop,2039,1,2,grid_20-15-10_adadelta_early_stop_s2039,786,458.4,3119,3499,840514.7,248531.9,0,842344.8,224063.2,272537.7,21.6
20-15-10,adadelta,early_stop,2040,1,2,grid_20-15-10_adadelta_early_stop_s2040,786,282.6,1742,2122,843047.9,245514.8,0,842344.8,224063.2,222753.5,-0.6
20-15-10,adadelta,early_stop,2041,1,2,grid_20-15-10_adadelta_early_stop_s2041,786,325.5,2023,2403,838612.6,248700.8,0,842344.8,224063.2,236768,5.7
20-15-10,adadelta,early_stop,2042,1,2,grid_20-15-10_adadelta_early_stop_s2042,786,330,2038,2418,840823.6,247051.7,0,842344.8,224063.2,227352.6,1.5
20-15-10,adadelta,early_stop,2043,1,2,grid_20-15-10_adadelta_early_stop_s2043,786,363.4,2353,2733,842533.3,250716.1,0,842344.8,224063.2,261107.5,16.5
20-15-10,adadelta,early_stop,2044,1,2,grid_20-15-10_adadelta_early_stop_s2044,786,384.3,2506,2886,839310.3,246618.4,0,842344.8,224063.2,213611.4,-4.7
20-15-10,adadelta,early_stop,2045,1,2,grid_20-15-10_adadelta_early_stop_s2045,786,306.4,1904,2284,839403.5,248006,0,842344.8,224063.2,252662.8,12.8
20-15-10,rmsprop,paper,2026,0.001,1,grid_20-15-10_rmsprop_paper_s2026,786,255.1,1900,1900,835249,250881.3,0,842344.8,224063.2,309455.3,38.1
20-15-10,rmsprop,paper,2027,0.001,1,grid_20-15-10_rmsprop_paper_s2027,786,249.5,1900,1900,837986,248350.5,0,842344.8,224063.2,371263.7,65.7
20-15-10,rmsprop,paper,2028,0.001,1,grid_20-15-10_rmsprop_paper_s2028,786,247.9,1900,1900,837547.6,249028.5,0,842344.8,224063.2,133031,-40.6
20-15-10,rmsprop,paper,2029,0.001,1,grid_20-15-10_rmsprop_paper_s2029,786,251.3,1900,1900,838247.4,249858.9,0,842344.8,224063.2,188835.7,-15.7
20-15-10,rmsprop,paper,2030,0.001,1,grid_20-15-10_rmsprop_paper_s2030,786,246.7,1900,1900,836925.9,248453.2,0,842344.8,224063.2,188425.7,-15.9
20-15-10,rmsprop,paper,2031,0.001,1,grid_20-15-10_rmsprop_paper_s2031,786,249.8,1900,1900,836204.4,248426.4,0,842344.8,224063.2,275710.1,23.1
20-15-10,rmsprop,paper,2032,0.001,1,grid_20-15-10_rmsprop_paper_s2032,786,245.5,1900,1900,836612.6,249292.4,0,842344.8,224063.2,231481.9,3.3
20-15-10,rmsprop,paper,2033,0.001,1,grid_20-15-10_rmsprop_paper_s2033,786,249.1,1900,1900,835604.1,246095.6,0,842344.8,224063.2,234270.5,4.6
20-15-10,rmsprop,paper,2034,0.001,1,grid_20-15-10_rmsprop_paper_s2034,786,251.9,1900,1900,840455.7,248926,0,842344.8,224063.2,180429.4,-19.5
20-15-10,rmsprop,paper,2035,0.001,1,grid_20-15-10_rmsprop_paper_s2035,786,251.3,1900,1900,839749.4,248713.3,0,842344.8,224063.2,113781,-49.2
20-15-10,rmsprop,paper,2036,0.001,2,grid_20-15-10_rmsprop_paper_s2036,786,254.7,1900,1900,836374.2,246688.9,0,842344.8,224063.2,226948.9,1.3
20-15-10,rmsprop,paper,2037,0.001,2,grid_20-15-10_rmsprop_paper_s2037,786,248.9,1900,1900,838019.4,249491.2,0,842344.8,224063.2,341282.4,52.3
20-15-10,rmsprop,paper,2038,0.001,2,grid_20-15-10_rmsprop_paper_s2038,786,255.6,1900,1900,836956.2,248822.9,0,842344.8,224063.2,277082.8,23.7
20-15-10,rmsprop,paper,2039,0.001,2,grid_20-15-10_rmsprop_paper_s2039,786,246.3,1900,1900,837995.2,249305,0,842344.8,224063.2,300718.8,34.2
20-15-10,rmsprop,paper,2040,0.001,2,grid_20-15-10_rmsprop_paper_s2040,786,246.2,1900,1900,831911.6,245972.4,0,842344.8,224063.2,251506.3,12.2
20-15-10,rmsprop,paper,2041,0.001,2,grid_20-15-10_rmsprop_paper_s2041,786,252.4,1900,1900,837271.4,249721.1,0,842344.8,224063.2,239742.9,7
20-15-10,rmsprop,paper,2042,0.001,2,grid_20-15-10_rmsprop_paper_s2042,786,246.8,1900,1900,838138.9,249358,0,842344.8,224063.2,236399.2,5.5
20-15-10,rmsprop,paper,2043,0.001,2,grid_20-15-10_rmsprop_paper_s2043,786,250.9,1900,1900,839390.7,250100.7,0,842344.8,224063.2,213712.9,-4.6
20-15-10,rmsprop,paper,2044,0.001,2,grid_20-15-10_rmsprop_paper_s2044,786,250.6,1900,1900,838164.8,247170.5,0,842344.8,224063.2,209005.8,-6.7
20-15-10,rmsprop,paper,2045,0.001,2,grid_20-15-10_rmsprop_paper_s2045,786,250.1,1900,1900,835778.7,247770.6,0,842344.8,224063.2,254466.9,13.6
20-15-10,rmsprop,early_stop,2026,0.001,1,grid_20-15-10_rmsprop_early_stop_s2026,786,443,3076,3450,843001.5,248799.7,0,842344.8,224063.2,208907.8,-6.8
20-15-10,rmsprop,early_stop,2027,0.001,1,grid_20-15-10_rmsprop_early_stop_s2027,786,763.8,5855,6151,836297.6,246943.6,0,842344.8,224063.2,179670,-19.8
20-15-10,rmsprop,early_stop,2028,0.001,1,grid_20-15-10_rmsprop_early_stop_s2028,786,530.7,3819,4199,838485.4,246637.2,0,842344.8,224063.2,171456.8,-23.5
20-15-10,rmsprop,early_stop,2029,0.001,1,grid_20-15-10_rmsprop_early_stop_s2029,786,401.8,2712,3080,839628.7,247122.8,0,842344.8,224063.2,151190.2,-32.5
20-15-10,rmsprop,early_stop,2030,0.001,1,grid_20-15-10_rmsprop_early_stop_s2030,786,506.8,3476,3856,836697.6,246034.6,0,842344.8,224063.2,185985.1,-17
20-15-10,rmsprop,early_stop,2031,0.001,1,grid_20-15-10_rmsprop_early_stop_s2031,786,340.5,2172,2552,839842.3,245951.7,0,842344.8,224063.2,197522.6,-11.8
20-15-10,rmsprop,early_stop,2032,0.001,1,grid_20-15-10_rmsprop_early_stop_s2032,786,430.5,2993,3356,845058.8,246408.9,0,842344.8,224063.2,213045.3,-4.9
20-15-10,rmsprop,early_stop,2033,0.001,1,grid_20-15-10_rmsprop_early_stop_s2033,786,514.9,3710,4063,838894.1,244892.1,0,842344.8,224063.2,205936.4,-8.1
20-15-10,rmsprop,early_stop,2034,0.001,1,grid_20-15-10_rmsprop_early_stop_s2034,786,749.2,5724,6006,839617.6,246397.8,0,842344.8,224063.2,181248,-19.1
20-15-10,rmsprop,early_stop,2035,0.001,1,grid_20-15-10_rmsprop_early_stop_s2035,786,654.6,4873,5175,839753.6,246006,0,842344.8,224063.2,175636.8,-21.6
20-15-10,rmsprop,early_stop,2036,0.001,2,grid_20-15-10_rmsprop_early_stop_s2036,786,404.2,2762,3133,837425.4,244991.6,0,842344.8,224063.2,180559.3,-19.4
20-15-10,rmsprop,early_stop,2037,0.001,2,grid_20-15-10_rmsprop_early_stop_s2037,786,640.7,4551,4911,850179.6,248805.8,0,842344.8,224063.2,154490.9,-31.1
20-15-10,rmsprop,early_stop,2038,0.001,2,grid_20-15-10_rmsprop_early_stop_s2038,786,482,3312,3677,837903,246909,0,842344.8,224063.2,206868.5,-7.7
20-15-10,rmsprop,early_stop,2039,0.001,2,grid_20-15-10_rmsprop_early_stop_s2039,786,706.5,5311,5635,838061.2,246990.8,0,842344.8,224063.2,189243.6,-15.5
20-15-10,rmsprop,early_stop,2040,0.001,2,grid_20-15-10_rmsprop_early_stop_s2040,786,328.5,2191,2571,837907.2,244152,0,842344.8,224063.2,178053,-20.5
20-15-10,rmsprop,early_stop,2041,0.001,2,grid_20-15-10_rmsprop_early_stop_s2041,786,468.6,3371,3708,838893.1,247492.5,0,842344.8,224063.2,227376.2,1.5
20-15-10,rmsprop,early_stop,2042,0.001,2,grid_20-15-10_rmsprop_early_stop_s2042,786,479.6,3455,3801,840503.6,246828,0,842344.8,224063.2,203167.5,-9.3
20-15-10,rmsprop,early_stop,2043,0.001,2,grid_20-15-10_rmsprop_early_stop_s2043,786,457,3153,3512,842763.2,248762.6,0,842344.8,224063.2,217308.4,-3
20-15-10,rmsprop,early_stop,2044,0.001,2,grid_20-15-10_rmsprop_early_stop_s2044,786,655.2,4812,5164,842932.3,246017.4,0,842344.8,224063.2,202837,-9.5
20-15-10,rmsprop,early_stop,2045,0.001,2,grid_20-15-10_rmsprop_early_stop_s2045,786,346.7,2332,2699,838298.1,246903.2,0,842344.8,224063.2,194968.5,-13
20-15-10,adam,paper,2026,0.001,1,grid_20-15-10_adam_paper_s2026,786,264.1,1900,1900,840703.8,248762.4,0,842344.8,224063.2,268999.6,20.1
20-15-10,adam,paper,2027,0.001,1,grid_20-15-10_adam_paper_s2027,786,254.2,1900,1900,845854.2,248918.1,0,842344.8,224063.2,893796.9,298.9
20-15-10,adam,paper,2028,0.001,1,grid_20-15-10_adam_paper_s2028,786,258,1900,1900,840694.5,247127.1,0,842344.8,224063.2,258821.8,15.5
20-15-10,adam,paper,2029,0.001,1,grid_20-15-10_adam_paper_s2029,786,261.8,1900,1900,839313.5,247427,0,842344.8,224063.2,256676.9,14.6
20-15-10,adam,paper,2030,0.001,1,grid_20-15-10_adam_paper_s2030,786,254.7,1900,1900,839896.8,246252.9,0,842344.8,224063.2,259576.4,15.8
20-15-10,adam,paper,2031,0.001,1,grid_20-15-10_adam_paper_s2031,786,260.7,1900,1900,841124.4,246641.4,0,842344.8,224063.2,249651,11.4
20-15-10,adam,paper,2032,0.001,1,grid_20-15-10_adam_paper_s2032,786,261.8,1900,1900,840431.5,247296.5,0,842344.8,224063.2,253344.4,13.1
20-15-10,adam,paper,2033,0.001,1,grid_20-15-10_adam_paper_s2033,786,262.7,1900,1900,840949.4,245892.9,0,842344.8,224063.2,251175.9,12.1
20-15-10,adam,paper,2034,0.001,1,grid_20-15-10_adam_paper_s2034,786,256.7,1900,1900,841122,247421.9,0,842344.8,224063.2,339740.8,51.6
20-15-10,adam,paper,2035,0.001,1,grid_20-15-10_adam_paper_s2035,786,257,1900,1900,864669.4,251642.6,0,842344.8,224063.2,1564587.1,598.3
20-15-10,adam,paper,2036,0.001,2,grid_20-15-10_adam_paper_s2036,786,261.3,1900,1900,841634.9,245602.2,0,842344.8,224063.2,234257.4,4.5
20-15-10,adam,paper,2037,0.001,2,grid_20-15-10_adam_paper_s2037,786,261.9,1900,1900,843155.4,249054.2,0,842344.8,224063.2,267506,19.4
20-15-10,adam,paper,2038,0.001,2,grid_20-15-10_adam_paper_s2038,786,256.4,1900,1900,840242.7,247399.2,0,842344.8,224063.2,236808.2,5.7
20-15-10,adam,paper,2039,0.001,2,grid_20-15-10_adam_paper_s2039,786,256.2,1900,1900,844575.4,248519.1,0,842344.8,224063.2,341210.8,52.3
20-15-10,adam,paper,2040,0.001,2,grid_20-15-10_adam_paper_s2040,786,259.1,1900,1900,837604.4,245052.9,0,842344.8,224063.2,265011.8,18.3
20-15-10,adam,paper,2041,0.001,2,grid_20-15-10_adam_paper_s2041,786,255.7,1900,1900,842644.6,248624,0,842344.8,224063.2,262582.1,17.2
20-15-10,adam,paper,2042,0.001,2,grid_20-15-10_adam_paper_s2042,786,260.1,1900,1900,841314,246915.1,0,842344.8,224063.2,237776.9,6.1
20-15-10,adam,paper,2043,0.001,2,grid_20-15-10_adam_paper_s2043,786,260.2,1900,1900,846759.5,249880.1,0,842344.8,224063.2,356557.3,59.1
20-15-10,adam,paper,2044,0.001,2,grid_20-15-10_adam_paper_s2044,786,254.4,1900,1900,845514,246856.8,0,842344.8,224063.2,260891.6,16.4
20-15-10,adam,paper,2045,0.001,2,grid_20-15-10_adam_paper_s2045,786,257,1900,1900,841396.5,247320.8,0,842344.8,224063.2,263989.3,17.8
20-15-10,adam,early_stop,2026,0.001,1,grid_20-15-10_adam_early_stop_s2026,786,668.3,4903,5163,842731.7,248089.5,0,842344.8,224063.2,227270.1,1.4
20-15-10,adam,early_stop,2027,0.001,1,grid_20-15-10_adam_early_stop_s2027,786,1045.6,8261,8359,838112.1,247438.5,0,842344.8,224063.2,320749.8,43.2
20-15-10,adam,early_stop,2028,0.001,1,grid_20-15-10_adam_early_stop_s2028,786,535.9,3770,4070,843358,246542.5,0,842344.8,224063.2,242395.5,8.2
20-15-10,adam,early_stop,2029,0.001,1,grid_20-15-10_adam_early_stop_s2029,786,617.5,4663,4883,840102.8,247309.8,0,842344.8,224063.2,237759.4,6.1
20-15-10,adam,early_stop,2030,0.001,1,grid_20-15-10_adam_early_stop_s2030,786,604.1,4326,4606,839397.2,245994.9,0,842344.8,224063.2,171380.6,-23.5
20-15-10,adam,early_stop,2031,0.001,1,grid_20-15-10_adam_early_stop_s2031,786,670.6,4869,5149,842342.7,246611.3,0,842344.8,224063.2,247078.8,10.3
20-15-10,adam,early_stop,2032,0.001,1,grid_20-15-10_adam_early_stop_s2032,786,535.1,3856,4156,848246.4,246339.2,0,842344.8,224063.2,221505.9,-1.1
20-15-10,adam,early_stop,2033,0.001,1,grid_20-15-10_adam_early_stop_s2033,786,623.2,4603,4863,838162.3,245628.7,0,842344.8,224063.2,238424.6,6.4
20-15-10,adam,early_stop,2034,0.001,1,grid_20-15-10_adam_early_stop_s2034,786,950.6,7297,7437,840608.4,247041.3,0,842344.8,224063.2,267179.1,19.2
20-15-10,adam,early_stop,2035,0.001,1,grid_20-15-10_adam_early_stop_s2035,786,988.7,7656,7776,854773.3,246224.5,0,842344.8,224063.2,657799.4,193.6
20-15-10,adam,early_stop,2036,0.001,2,grid_20-15-10_adam_early_stop_s2036,786,612.3,4473,4773,839562.5,245261.5,0,842344.8,224063.2,221272.4,-1.2
20-15-10,adam,early_stop,2037,0.001,2,grid_20-15-10_adam_early_stop_s2037,786,685.7,5030,5290,851705.8,247685.8,0,842344.8,224063.2,242705.6,8.3
20-15-10,adam,early_stop,2038,0.001,2,grid_20-15-10_adam_early_stop_s2038,786,805.8,6170,6390,838262.4,247067.1,0,842344.8,224063.2,232040.9,3.6
20-15-10,adam,early_stop,2039,0.001,2,grid_20-15-10_adam_early_stop_s2039,786,997.2,7876,7978,841145.3,247709.3,0,842344.8,224063.2,198383.4,-11.5
20-15-10,adam,early_stop,2040,0.001,2,grid_20-15-10_adam_early_stop_s2040,786,627.1,4657,4957,839225.6,244554,0,842344.8,224063.2,203141.5,-9.3
20-15-10,adam,early_stop,2041,0.001,2,grid_20-15-10_adam_early_stop_s2041,786,620.1,4611,4911,848997.7,248339.1,0,842344.8,224063.2,256507.5,14.5
20-15-10,adam,early_stop,2042,0.001,2,grid_20-15-10_adam_early_stop_s2042,786,635.8,4778,5058,841255.2,246636.6,0,842344.8,224063.2,221744.6,-1
20-15-10,adam,early_stop,2043,0.001,2,grid_20-15-10_adam_early_stop_s2043,786,853.3,6483,6703,845361.6,249431.5,0,842344.8,224063.2,254760.6,13.7
20-15-10,adam,early_stop,2044,0.001,2,grid_20-15-10_adam_early_stop_s2044,786,858.7,6524,6740,842635.6,246614.9,0,842344.8,224063.2,237317.6,5.9
20-15-10,adam,early_stop,2045,0.001,2,grid_20-15-10_adam_early_stop_s2045,786,504,3539,3879,842418.1,247058,0,842344.8,224063.2,258385.2,15.3
20-15-10,adamw,paper,2026,0.001,1,grid_20-15-10_adamw_paper_s2026,786,261.4,1900,1900,840702.1,248759,0,842344.8,224063.2,268848.7,20
20-15-10,adamw,paper,2027,0.001,1,grid_20-15-10_adamw_paper_s2027,786,258.7,1900,1900,845842.8,248912.7,0,842344.8,224063.2,890899.1,297.6
20-15-10,adamw,paper,2028,0.001,1,grid_20-15-10_adamw_paper_s2028,786,260.2,1900,1900,840695.6,247125.9,0,842344.8,224063.2,258714.9,15.5
20-15-10,adamw,paper,2029,0.001,1,grid_20-15-10_adamw_paper_s2029,786,264.1,1900,1900,839314.1,247424.1,0,842344.8,224063.2,256559.8,14.5
20-15-10,adamw,paper,2030,0.001,1,grid_20-15-10_adamw_paper_s2030,786,260.3,1900,1900,839900.9,246253,0,842344.8,224063.2,259458,15.8
20-15-10,adamw,paper,2031,0.001,1,grid_20-15-10_adamw_paper_s2031,786,264.5,1900,1900,841127.2,246639.8,0,842344.8,224063.2,249565.9,11.4
20-15-10,adamw,paper,2032,0.001,1,grid_20-15-10_adamw_paper_s2032,786,265.1,1900,1900,840433.1,247292.7,0,842344.8,224063.2,253260.7,13
20-15-10,adamw,paper,2033,0.001,1,grid_20-15-10_adamw_paper_s2033,786,258.6,1900,1900,840953,245893.8,0,842344.8,224063.2,251112.4,12.1
20-15-10,adamw,paper,2034,0.001,1,grid_20-15-10_adamw_paper_s2034,786,256.6,1900,1900,841113.5,247419.3,0,842344.8,224063.2,339381.7,51.5
20-15-10,adamw,paper,2035,0.001,1,grid_20-15-10_adamw_paper_s2035,786,262.7,1900,1900,864633.1,251635,0,842344.8,224063.2,1560584.6,596.5
20-15-10,adamw,paper,2036,0.001,2,grid_20-15-10_adamw_paper_s2036,786,264.2,1900,1900,841639.4,245602.9,0,842344.8,224063.2,234215.5,4.5
20-15-10,adamw,paper,2037,0.001,2,grid_20-15-10_adamw_paper_s2037,786,264.8,1900,1900,843153.1,249050.7,0,842344.8,224063.2,267424.3,19.4
20-15-10,adamw,paper,2038,0.001,2,grid_20-15-10_adamw_paper_s2038,786,258.2,1900,1900,840245.2,247398.4,0,842344.8,224063.2,236711.5,5.6
20-15-10,adamw,paper,2039,0.001,2,grid_20-15-10_adamw_paper_s2039,786,260.2,1900,1900,844561.7,248514.2,0,842344.8,224063.2,340640.7,52
20-15-10,adamw,paper,2040,0.001,2,grid_20-15-10_adamw_paper_s2040,786,259.2,1900,1900,837606.9,245053.8,0,842344.8,224063.2,264889.8,18.2
20-15-10,adamw,paper,2041,0.001,2,grid_20-15-10_adamw_paper_s2041,786,260.4,1900,1900,842645.7,248622,0,842344.8,224063.2,262480.1,17.1
20-15-10,adamw,paper,2042,0.001,2,grid_20-15-10_adamw_paper_s2042,786,265.8,1900,1900,841314.4,246912,0,842344.8,224063.2,237713.5,6.1
20-15-10,adamw,paper,2043,0.001,2,grid_20-15-10_adamw_paper_s2043,786,260,1900,1900,846754,249874.5,0,842344.8,224063.2,356148.3,58.9
20-15-10,adamw,paper,2044,0.001,2,grid_20-15-10_adamw_paper_s2044,786,261.1,1900,1900,845512.1,246855.2,0,842344.8,224063.2,260760.8,16.4
20-15-10,adamw,paper,2045,0.001,2,grid_20-15-10_adamw_paper_s2045,786,261.6,1900,1900,841396.9,247318.8,0,842344.8,224063.2,263868.8,17.8
20-15-10,adamw,early_stop,2026,0.001,1,grid_20-15-10_adamw_early_stop_s2026,786,659.9,4909,5169,842730.8,248086.4,0,842344.8,224063.2,227174.5,1.4
20-15-10,adamw,early_stop,2027,0.001,1,grid_20-15-10_adamw_early_stop_s2027,786,1050.4,8262,8359,838118.2,247433.7,0,842344.8,224063.2,319770.1,42.7
20-15-10,adamw,early_stop,2028,0.001,1,grid_20-15-10_adamw_early_stop_s2028,786,531.7,3773,4073,843358.5,246541.3,0,842344.8,224063.2,242310.5,8.1
20-15-10,adamw,early_stop,2029,0.001,1,grid_20-15-10_adamw_early_stop_s2029,786,621,4663,4883,840104.6,247307.8,0,842344.8,224063.2,237641.4,6.1
20-15-10,adamw,early_stop,2030,0.001,1,grid_20-15-10_adamw_early_stop_s2030,786,599.7,4327,4607,839403.3,245996.4,0,842344.8,224063.2,171348.6,-23.5
20-15-10,adamw,early_stop,2031,0.001,1,grid_20-15-10_adamw_early_stop_s2031,786,671.7,4884,5164,842344.6,246609.9,0,842344.8,224063.2,246973.4,10.2
20-15-10,adamw,early_stop,2032,0.001,1,grid_20-15-10_adamw_early_stop_s2032,786,550.1,3861,4161,848254.3,246338.7,0,842344.8,224063.2,221390,-1.2
20-15-10,adamw,early_stop,2033,0.001,1,grid_20-15-10_adamw_early_stop_s2033,786,625.8,4600,4860,838172,245630.9,0,842344.8,224063.2,238397.9,6.4
20-15-10,adamw,early_stop,2034,0.001,1,grid_20-15-10_adamw_early_stop_s2034,786,933.9,7306,7446,840598.9,247038.6,0,842344.8,224063.2,266747.5,19.1
20-15-10,adamw,early_stop,2035,0.001,1,grid_20-15-10_adamw_early_stop_s2035,786,981,7660,7780,854764.4,246220.7,0,842344.8,224063.2,656562.3,193
20-15-10,adamw,early_stop,2036,0.001,2,grid_20-15-10_adamw_early_stop_s2036,786,624.4,4488,4788,839567.2,245262.5,0,842344.8,224063.2,221214.7,-1.3
20-15-10,adamw,early_stop,2037,0.001,2,grid_20-15-10_adamw_early_stop_s2037,786,688.9,5038,5298,851705.6,247684,0,842344.8,224063.2,242622.8,8.3
20-15-10,adamw,early_stop,2038,0.001,2,grid_20-15-10_adamw_early_stop_s2038,786,820.3,6182,6402,838262.6,247065.6,0,842344.8,224063.2,231935.7,3.5
20-15-10,adamw,early_stop,2039,0.001,2,grid_20-15-10_adamw_early_stop_s2039,786,997.8,7880,7980,841139.1,247704.1,0,842344.8,224063.2,197991.6,-11.6
20-15-10,adamw,early_stop,2040,0.001,2,grid_20-15-10_adamw_early_stop_s2040,786,638.5,4673,4973,839227.1,244555,0,842344.8,224063.2,203041.8,-9.4
20-15-10,adamw,early_stop,2041,0.001,2,grid_20-15-10_adamw_early_stop_s2041,786,631.9,4644,4926,848999.3,248337.3,0,842344.8,224063.2,256346,14.4
20-15-10,adamw,early_stop,2042,0.001,2,grid_20-15-10_adamw_early_stop_s2042,786,654.3,4790,5070,841257.7,246633.8,0,842344.8,224063.2,221697.1,-1.1
20-15-10,adamw,early_stop,2043,0.001,2,grid_20-15-10_adamw_early_stop_s2043,786,865.8,6500,6720,845196.9,249425.6,0,842344.8,224063.2,254482.9,13.6
20-15-10,adamw,early_stop,2044,0.001,2,grid_20-15-10_adamw_early_stop_s2044,786,843.8,6522,6737,842637.7,246612.9,0,842344.8,224063.2,237257.3,5.9
20-15-10,adamw,early_stop,2045,0.001,2,grid_20-15-10_adamw_early_stop_s2045,786,507.1,3548,3888,842414,247056,0,842344.8,224063.2,258243.3,15.3
20-15-10,adamax,paper,2026,0.001,1,grid_20-15-10_adamax_paper_s2026,786,259.4,1900,1900,844946.4,248714.6,0,842344.8,224063.2,304474.7,35.9
20-15-10,adamax,paper,2027,0.001,1,grid_20-15-10_adamax_paper_s2027,786,257.1,1900,1900,888490.2,258334.1,0,842344.8,224063.2,6853664.4,2958.8
20-15-10,adamax,paper,2028,0.001,1,grid_20-15-10_adamax_paper_s2028,786,254.9,1900,1900,844177.8,247082.4,0,842344.8,224063.2,280383.5,25.1
20-15-10,adamax,paper,2029,0.001,1,grid_20-15-10_adamax_paper_s2029,786,256.6,1900,1900,843807.8,248171.6,0,842344.8,224063.2,268229,19.7
20-15-10,adamax,paper,2030,0.001,1,grid_20-15-10_adamax_paper_s2030,786,267.9,1900,1900,844011.1,247227.7,0,842344.8,224063.2,280722.4,25.3
20-15-10,adamax,paper,2031,0.001,1,grid_20-15-10_adamax_paper_s2031,786,260.2,1900,1900,848823.6,247711.4,0,842344.8,224063.2,276080.2,23.2
20-15-10,adamax,paper,2032,0.001,1,grid_20-15-10_adamax_paper_s2032,786,264.5,1900,1900,844947.4,246631.8,0,842344.8,224063.2,265479.5,18.5
20-15-10,adamax,paper,2033,0.001,1,grid_20-15-10_adamax_paper_s2033,786,255.4,1900,1900,845143.1,245926,0,842344.8,224063.2,255197.4,13.9
20-15-10,adamax,paper,2034,0.001,1,grid_20-15-10_adamax_paper_s2034,786,258.7,1900,1900,846950.4,248797.2,0,842344.8,224063.2,650411.1,190.3
20-15-10,adamax,paper,2035,0.001,1,grid_20-15-10_adamax_paper_s2035,786,252.8,1900,1900,931492.9,264702.8,0,842344.8,224063.2,33382602.2,14798.7
20-15-10,adamax,paper,2036,0.001,2,grid_20-15-10_adamax_paper_s2036,786,255.7,1900,1900,849203.8,247025.1,0,842344.8,224063.2,279746.6,24.9
20-15-10,adamax,paper,2037,0.001,2,grid_20-15-10_adamax_paper_s2037,786,256.8,1900,1900,849205.9,249512.4,0,842344.8,224063.2,318038.5,41.9
20-15-10,adamax,paper,2038,0.001,2,grid_20-15-10_adamax_paper_s2038,786,262.6,1900,1900,849222.5,248817.3,0,842344.8,224063.2,413127,84.4
20-15-10,adamax,paper,2039,0.001,2,grid_20-15-10_adamax_paper_s2039,786,257.9,1900,1900,857655.6,251106.2,0,842344.8,224063.2,1064818.6,375.2
20-15-10,adamax,paper,2040,0.001,2,grid_20-15-10_adamax_paper_s2040,786,254.3,1900,1900,842326.1,245178.4,0,842344.8,224063.2,294700.1,31.5
20-15-10,adamax,paper,2041,0.001,2,grid_20-15-10_adamax_paper_s2041,786,254.2,1900,1900,846529.8,248931.9,0,842344.8,224063.2,285265.8,27.3
20-15-10,adamax,paper,2042,0.001,2,grid_20-15-10_adamax_paper_s2042,786,257,1900,1900,847026.5,247632.4,0,842344.8,224063.2,246633.3,10.1
20-15-10,adamax,paper,2043,0.001,2,grid_20-15-10_adamax_paper_s2043,786,256.5,1900,1900,862437.6,252905.6,0,842344.8,224063.2,910150.8,306.2
20-15-10,adamax,paper,2044,0.001,2,grid_20-15-10_adamax_paper_s2044,786,259.6,1900,1900,851456.4,247554.1,0,842344.8,224063.2,314140.2,40.2
20-15-10,adamax,paper,2045,0.001,2,grid_20-15-10_adamax_paper_s2045,786,259,1900,1900,845471.1,247591.4,0,842344.8,224063.2,291864.1,30.3
20-15-10,adamax,early_stop,2026,0.001,1,grid_20-15-10_adamax_early_stop_s2026,786,873.3,6730,6890,843893.4,248257.8,0,842344.8,224063.2,241602.2,7.8
20-15-10,adamax,early_stop,2027,0.001,1,grid_20-15-10_adamax_early_stop_s2027,786,1107.7,8814,8874,841323.9,248470.1,0,842344.8,224063.2,630596,181.4
20-15-10,adamax,early_stop,2028,0.001,1,grid_20-15-10_adamax_early_stop_s2028,786,801.6,6108,6288,843271.2,246895.3,0,842344.8,224063.2,254893.6,13.8
20-15-10,adamax,early_stop,2029,0.001,1,grid_20-15-10_adamax_early_stop_s2029,786,908.8,6998,7138,840540.9,247695.5,0,842344.8,224063.2,248640,11
20-15-10,adamax,early_stop,2030,0.001,1,grid_20-15-10_adamax_early_stop_s2030,786,947.1,7268,7440,840135.7,246450.8,0,842344.8,224063.2,177715,-20.7
20-15-10,adamax,early_stop,2031,0.001,1,grid_20-15-10_adamax_early_stop_s2031,786,940.5,7244,7384,842737,247071,0,842344.8,224063.2,239548.8,6.9
20-15-10,adamax,early_stop,2032,0.001,1,grid_20-15-10_adamax_early_stop_s2032,786,854.1,6555,6715,845586.5,246404.8,0,842344.8,224063.2,236991.5,5.8
20-15-10,adamax,early_stop,2033,0.001,1,grid_20-15-10_adamax_early_stop_s2033,786,837.2,6451,6631,841789.3,245569.5,0,842344.8,224063.2,240960.3,7.5
20-15-10,adamax,early_stop,2034,0.001,1,grid_20-15-10_adamax_early_stop_s2034,786,1054.2,8366,8426,840521.4,247634,0,842344.8,224063.2,330373,47.4
20-15-10,adamax,early_stop,2035,0.001,1,grid_20-15-10_adamax_early_stop_s2035,786,1031.6,8192,8252,857975.3,246933.2,0,842344.8,224063.2,1193077.7,432.5
20-15-10,adamax,early_stop,2036,0.001,2,grid_20-15-10_adamax_early_stop_s2036,786,862.4,6663,6843,839690.1,245448.4,0,842344.8,224063.2,224119.7,0
20-15-10,adamax,early_stop,2037,0.001,2,grid_20-15-10_adamax_early_stop_s2037,786,861.4,6566,6706,853151.5,248406.2,0,842344.8,224063.2,260378.9,16.2
20-15-10,adamax,early_stop,2038,0.001,2,grid_20-15-10_adamax_early_stop_s2038,786,1016.5,7835,7955,838230,247229.1,0,842344.8,224063.2,235963.3,5.3
20-15-10,adamax,early_stop,2039,0.001,2,grid_20-15-10_adamax_early_stop_s2039,786,1164,9099,9139,840737.4,248359.7,0,842344.8,224063.2,286431.8,27.8
20-15-10,adamax,early_stop,2040,0.001,2,grid_20-15-10_adamax_early_stop_s2040,786,898.6,7039,7159,840076.9,244810.4,0,842344.8,224063.2,237156.7,5.8
20-15-10,adamax,early_stop,2041,0.001,2,grid_20-15-10_adamax_early_stop_s2041,786,646.6,4831,5051,850164.5,248738,0,842344.8,224063.2,262885.9,17.3
20-15-10,adamax,early_stop,2042,0.001,2,grid_20-15-10_adamax_early_stop_s2042,786,843.6,6460,6680,842447.7,246974.7,0,842344.8,224063.2,224849.7,0.4
20-15-10,adamax,early_stop,2043,0.001,2,grid_20-15-10_adamax_early_stop_s2043,786,1043.2,8126,8206,844727.7,249971.7,0,842344.8,224063.2,275396.3,22.9
20-15-10,adamax,early_stop,2044,0.001,2,grid_20-15-10_adamax_early_stop_s2044,786,1008.4,8068,8148,844037.9,246770,0,842344.8,224063.2,243795.7,8.8
20-15-10,adamax,early_stop,2045,0.001,2,grid_20-15-10_adamax_early_stop_s2045,786,795.1,6010,6210,842294.7,247168.3,0,842344.8,224063.2,276920.4,23.6
20-15-10,nadam,paper,2026,0.001,1,grid_20-15-10_nadam_paper_s2026,786,268.4,1900,1900,840916.8,249158.7,0,842344.8,224063.2,268752.9,19.9
20-15-10,nadam,paper,2027,0.001,1,grid_20-15-10_nadam_paper_s2027,786,269.5,1900,1900,847879.3,249432,0,842344.8,224063.2,1154873.3,415.4
20-15-10,nadam,paper,2028,0.001,1,grid_20-15-10_nadam_paper_s2028,786,265.8,1900,1900,840668,247227.1,0,842344.8,224063.2,255950.2,14.2
20-15-10,nadam,paper,2029,0.001,1,grid_20-15-10_nadam_paper_s2029,786,274.7,1900,1900,839449.7,247628.3,0,842344.8,224063.2,257297.7,14.8
20-15-10,nadam,paper,2030,0.001,1,grid_20-15-10_nadam_paper_s2030,786,276.3,1900,1900,840152.2,246411.5,0,842344.8,224063.2,261285.4,16.6
20-15-10,nadam,paper,2031,0.001,1,grid_20-15-10_nadam_paper_s2031,786,271.7,1900,1900,841389.8,246916.5,0,842344.8,224063.2,248423.4,10.9
20-15-10,nadam,paper,2032,0.001,1,grid_20-15-10_nadam_paper_s2032,786,268.7,1900,1900,840695.7,247459.3,0,842344.8,224063.2,254313.2,13.5
20-15-10,nadam,paper,2033,0.001,1,grid_20-15-10_nadam_paper_s2033,786,265.7,1900,1900,841325,246099,0,842344.8,224063.2,251098.5,12.1
20-15-10,nadam,paper,2034,0.001,1,grid_20-15-10_nadam_paper_s2034,786,266.6,1900,1900,841780.2,247543.4,0,842344.8,224063.2,365774.6,63.2
20-15-10,nadam,paper,2035,0.001,1,grid_20-15-10_nadam_paper_s2035,786,268.6,1900,1900,869591.1,252684.8,0,842344.8,224063.2,2225623.9,893.3
20-15-10,nadam,paper,2036,0.001,2,grid_20-15-10_nadam_paper_s2036,786,270.1,1900,1900,842076.3,245808.8,0,842344.8,224063.2,235584.2,5.1
20-15-10,nadam,paper,2037,0.001,2,grid_20-15-10_nadam_paper_s2037,786,269.2,1900,1900,843292.5,249453.7,0,842344.8,224063.2,266946.1,19.1
20-15-10,nadam,paper,2038,0.001,2,grid_20-15-10_nadam_paper_s2038,786,277.8,1900,1900,840806.2,247645.1,0,842344.8,224063.2,242863,8.4
20-15-10,nadam,paper,2039,0.001,2,grid_20-15-10_nadam_paper_s2039,786,268.3,1900,1900,845469.4,248699.2,0,842344.8,224063.2,387167.5,72.8
20-15-10,nadam,paper,2040,0.001,2,grid_20-15-10_nadam_paper_s2040,786,270.4,1900,1900,837474.3,245113.6,0,842344.8,224063.2,266842.5,19.1
20-15-10,nadam,paper,2041,0.001,2,grid_20-15-10_nadam_paper_s2041,786,262.4,1900,1900,842768.6,248787.1,0,842344.8,224063.2,265349.5,18.4
20-15-10,nadam,paper,2042,0.001,2,grid_20-15-10_nadam_paper_s2042,786,268.8,1900,1900,841734.6,246973.7,0,842344.8,224063.2,236958.2,5.8
20-15-10,nadam,paper,2043,0.001,2,grid_20-15-10_nadam_paper_s2043,786,271.6,1900,1900,847395.4,250278.8,0,842344.8,224063.2,376864.1,68.2
20-15-10,nadam,paper,2044,0.001,2,grid_20-15-10_nadam_paper_s2044,786,264.1,1900,1900,845666.7,246828.7,0,842344.8,224063.2,265043.9,18.3
20-15-10,nadam,paper,2045,0.001,2,grid_20-15-10_nadam_paper_s2045,786,266.6,1900,1900,842022.9,247604.7,0,842344.8,224063.2,266759.5,19.1
20-15-10,nadam,early_stop,2026,0.001,1,grid_20-15-10_nadam_early_stop_s2026,786,665.7,4870,5135,844364.5,248591.1,0,842344.8,224063.2,240865.3,7.5
20-15-10,nadam,early_stop,2027,0.001,1,grid_20-15-10_nadam_early_stop_s2027,786,1075.5,8289,8386,838196.5,247544.8,0,842344.8,224063.2,332658.9,48.5
20-15-10,nadam,early_stop,2028,0.001,1,grid_20-15-10_nadam_early_stop_s2028,786,569.7,4147,4427,843693.1,246853.2,0,842344.8,224063.2,253073.6,12.9
20-15-10,nadam,early_stop,2029,0.001,1,grid_20-15-10_nadam_early_stop_s2029,786,611.9,4483,4743,839472.4,247452.2,0,842344.8,224063.2,248277.6,10.8
20-15-10,nadam,early_stop,2030,0.001,1,grid_20-15-10_nadam_early_stop_s2030,786,732,5268,5545,839362.6,246179,0,842344.8,224063.2,171851.7,-23.3
20-15-10,nadam,early_stop,2031,0.001,1,grid_20-15-10_nadam_early_stop_s2031,786,729.6,5346,5606,842139.2,246805.8,0,842344.8,224063.2,233166.5,4.1
20-15-10,nadam,early_stop,2032,0.001,1,grid_20-15-10_nadam_early_stop_s2032,786,651.6,4554,4854,847264.6,246479,0,842344.8,224063.2,232114.2,3.6
20-15-10,nadam,early_stop,2033,0.001,1,grid_20-15-10_nadam_early_stop_s2033,786,626.6,4510,4790,838108.2,245788.6,0,842344.8,224063.2,241497.2,7.8
20-15-10,nadam,early_stop,2034,0.001,1,grid_20-15-10_nadam_early_stop_s2034,786,965.6,7489,7629,839331.6,247025.1,0,842344.8,224063.2,282721,26.2
20-15-10,nadam,early_stop,2035,0.001,1,grid_20-15-10_nadam_early_stop_s2035,786,990.4,7747,7858,854969.2,246532.6,0,842344.8,224063.2,676436.6,201.9
20-15-10,nadam,early_stop,2036,0.001,2,grid_20-15-10_nadam_early_stop_s2036,786,648.2,4637,4956,838916.4,245407.9,0,842344.8,224063.2,226477.4,1.1
20-15-10,nadam,early_stop,2037,0.001,2,grid_20-15-10_nadam_early_stop_s2037,786,644.3,4614,4914,851415.7,248105.3,0,842344.8,224063.2,246005.9,9.8
20-15-10,nadam,early_stop,2038,0.001,2,grid_20-15-10_nadam_early_stop_s2038,786,837.4,6242,6468,838157,247239.1,0,842344.8,224063.2,233885.7,4.4
20-15-10,nadam,early_stop,2039,0.001,2,grid_20-15-10_nadam_early_stop_s2039,786,1005.1,7903,8017,840106.4,247851.2,0,842344.8,224063.2,225037,0.4
20-15-10,nadam,early_stop,2040,0.001,2,grid_20-15-10_nadam_early_stop_s2040,786,686.7,5072,5352,838920.2,244759.2,0,842344.8,224063.2,225582.9,0.7
20-15-10,nadam,early_stop,2041,0.001,2,grid_20-15-10_nadam_early_stop_s2041,786,627.8,4513,4833,837749.4,247932.7,0,842344.8,224063.2,253402.5,13.1
20-15-10,nadam,early_stop,2042,0.001,2,grid_20-15-10_nadam_early_stop_s2042,786,649.7,4718,4998,841015,246787.5,0,842344.8,224063.2,226239,1
20-15-10,nadam,early_stop,2043,0.001,2,grid_20-15-10_nadam_early_stop_s2043,786,864.9,6557,6772,844925.9,249791.4,0,842344.8,224063.2,259017.8,15.6
20-15-10,nadam,early_stop,2044,0.001,2,grid_20-15-10_nadam_early_stop_s2044,786,913.3,6951,7161,843271.7,246547,0,842344.8,224063.2,237897,6.2
20-15-10,nadam,early_stop,2045,0.001,2,grid_20-15-10_nadam_early_stop_s2045,786,619.8,4426,4746,842631.3,247363.8,0,842344.8,224063.2,260755.3,16.4
