hidden,optimizer,training,seed,learning_rate,block,run,parameters,run_time,epochs_used,epochs_run,loss,loss_vali,diverged,loss_hom,true,reserve,bias_pct
20,sgd,cl_paper,2026,0.001,1,clgrid_20_sgd_cl_paper_s2026,321,236.2,1900,1900,836778.5,245034.6,0,842344.8,224063.2,230079.8,2.7
20,sgd,cl_paper,2027,0.001,1,clgrid_20_sgd_cl_paper_s2027,321,238.9,1900,1900,837446,245650.6,0,842344.8,224063.2,226368,1
20,sgd,cl_paper,2028,0.001,1,clgrid_20_sgd_cl_paper_s2028,321,238.3,1900,1900,837340.2,245905.6,0,842344.8,224063.2,228399.6,1.9
20,sgd,cl_paper,2029,0.001,1,clgrid_20_sgd_cl_paper_s2029,321,230.5,1900,1900,838107,246713,0,842344.8,224063.2,230122.6,2.7
20,sgd,cl_paper,2030,0.001,1,clgrid_20_sgd_cl_paper_s2030,321,240.2,1900,1900,837759.8,245666.2,0,842344.8,224063.2,227833.5,1.7
20,sgd,cl_paper,2031,0.001,1,clgrid_20_sgd_cl_paper_s2031,321,234.1,1900,1900,837807.8,245530,0,842344.8,224063.2,230289.8,2.8
20,sgd,cl_paper,2032,0.001,1,clgrid_20_sgd_cl_paper_s2032,321,233.3,1900,1900,837557.6,245945.6,0,842344.8,224063.2,229985.7,2.6
20,sgd,cl_paper,2033,0.001,1,clgrid_20_sgd_cl_paper_s2033,321,236.4,1900,1900,837509.6,245612.1,0,842344.8,224063.2,227792,1.7
20,sgd,cl_paper,2034,0.001,1,clgrid_20_sgd_cl_paper_s2034,321,243.8,1900,1900,837231.5,245502.5,0,842344.8,224063.2,227610.3,1.6
20,sgd,cl_paper,2035,0.001,1,clgrid_20_sgd_cl_paper_s2035,321,235.2,1900,1900,837963.4,245370.7,0,842344.8,224063.2,226620,1.1
20,sgd,cl_paper,2036,0.001,2,clgrid_20_sgd_cl_paper_s2036,321,235.8,1900,1900,836862.6,245651.9,0,842344.8,224063.2,227346.9,1.5
20,sgd,cl_paper,2037,0.001,2,clgrid_20_sgd_cl_paper_s2037,321,239.8,1900,1900,837631,245628.9,0,842344.8,224063.2,226983.4,1.3
20,sgd,cl_paper,2038,0.001,2,clgrid_20_sgd_cl_paper_s2038,321,233.5,1900,1900,837062,246260.6,0,842344.8,224063.2,230139.9,2.7
20,sgd,cl_paper,2039,0.001,2,clgrid_20_sgd_cl_paper_s2039,321,237,1900,1900,837311.4,245863.9,0,842344.8,224063.2,228498.3,2
20,sgd,cl_paper,2040,0.001,2,clgrid_20_sgd_cl_paper_s2040,321,239.5,1900,1900,838190.6,245563.8,0,842344.8,224063.2,229001.7,2.2
20,sgd,cl_paper,2041,0.001,2,clgrid_20_sgd_cl_paper_s2041,321,242.8,1900,1900,837491.7,245118.9,0,842344.8,224063.2,228789,2.1
20,sgd,cl_paper,2042,0.001,2,clgrid_20_sgd_cl_paper_s2042,321,234.4,1900,1900,837320.8,245113.4,0,842344.8,224063.2,229921.8,2.6
20,sgd,cl_paper,2043,0.001,2,clgrid_20_sgd_cl_paper_s2043,321,233.8,1900,1900,836894.2,245390.2,0,842344.8,224063.2,229783.3,2.6
20,sgd,cl_paper,2044,0.001,2,clgrid_20_sgd_cl_paper_s2044,321,229.7,1900,1900,837723.2,245913.1,0,842344.8,224063.2,229233.3,2.3
20,sgd,cl_paper,2045,0.001,2,clgrid_20_sgd_cl_paper_s2045,321,236.5,1900,1900,837971.5,245292,0,842344.8,224063.2,228126.2,1.8
20,sgd,cl_start,2026,0.001,1,clgrid_20_sgd_cl_start_s2026,321,485.6,3714,3999,839599.9,243523.8,0,842344.8,224063.2,225044.1,0.4
20,sgd,cl_start,2027,0.001,1,clgrid_20_sgd_cl_start_s2027,321,471.4,3495,3784,839830.9,243545.4,0,842344.8,224063.2,222963,-0.5
20,sgd,cl_start,2028,0.001,1,clgrid_20_sgd_cl_start_s2028,321,442,3351,3657,839685.7,243595.1,0,842344.8,224063.2,225611.1,0.7
20,sgd,cl_start,2029,0.001,1,clgrid_20_sgd_cl_start_s2029,321,378.4,2626,2971,839838.1,243573.5,0,842344.8,224063.2,225269.8,0.5
20,sgd,cl_start,2030,0.001,1,clgrid_20_sgd_cl_start_s2030,321,443.4,3351,3645,839749.3,243538.9,0,842344.8,224063.2,224958.5,0.4
20,sgd,cl_start,2031,0.001,1,clgrid_20_sgd_cl_start_s2031,321,509.8,3762,4028,839992,243634.2,0,842344.8,224063.2,225389.6,0.6
20,sgd,cl_start,2032,0.001,1,clgrid_20_sgd_cl_start_s2032,321,461.5,3488,3756,839826.1,243590.6,0,842344.8,224063.2,225241.9,0.5
20,sgd,cl_start,2033,0.001,1,clgrid_20_sgd_cl_start_s2033,321,439.1,3350,3636,839862,243523.1,0,842344.8,224063.2,223544.2,-0.2
20,sgd,cl_start,2034,0.001,1,clgrid_20_sgd_cl_start_s2034,321,531.8,3832,4101,839652.7,243569.2,0,842344.8,224063.2,224040.5,0
20,sgd,cl_start,2035,0.001,1,clgrid_20_sgd_cl_start_s2035,321,414.8,3105,3389,839875.9,243550.6,0,842344.8,224063.2,224142.5,0
20,sgd,cl_start,2036,0.001,2,clgrid_20_sgd_cl_start_s2036,321,425,3145,3432,839218.3,243589.8,0,842344.8,224063.2,225070.4,0.4
20,sgd,cl_start,2037,0.001,2,clgrid_20_sgd_cl_start_s2037,321,411.1,3025,3332,839766.1,243605.7,0,842344.8,224063.2,223967.9,0
20,sgd,cl_start,2038,0.001,2,clgrid_20_sgd_cl_start_s2038,321,301.2,2124,2454,839942.7,243575.9,0,842344.8,224063.2,225008,0.4
20,sgd,cl_start,2039,0.001,2,clgrid_20_sgd_cl_start_s2039,321,469.8,3629,3914,839623,243518.9,0,842344.8,224063.2,225387.5,0.6
20,sgd,cl_start,2040,0.001,2,clgrid_20_sgd_cl_start_s2040,321,505.6,3880,4125,839799.3,243540.7,0,842344.8,224063.2,224147.2,0
20,sgd,cl_start,2041,0.001,2,clgrid_20_sgd_cl_start_s2041,321,404.4,2994,3280,838555.7,243470,0,842344.8,224063.2,225771.2,0.8
20,sgd,cl_start,2042,0.001,2,clgrid_20_sgd_cl_start_s2042,321,439.9,3240,3546,839948.8,243669.9,0,842344.8,224063.2,224341.9,0.1
20,sgd,cl_start,2043,0.001,2,clgrid_20_sgd_cl_start_s2043,321,392,2783,3089,840166.6,243582.1,0,842344.8,224063.2,224696.6,0.3
20,sgd,cl_start,2044,0.001,2,clgrid_20_sgd_cl_start_s2044,321,458.5,3382,3649,839833.7,243564.6,0,842344.8,224063.2,224511.7,0.2
20,sgd,cl_start,2045,0.001,2,clgrid_20_sgd_cl_start_s2045,321,404.8,3024,3311,840337.4,243721.2,0,842344.8,224063.2,224732.9,0.3
20,sgd_momentum,cl_paper,2026,0.001,1,clgrid_20_sgd_momentum_cl_paper_s2026,321,237.1,1900,1900,835635.2,248183.2,0,842344.8,224063.2,231432,3.3
20,sgd_momentum,cl_paper,2027,0.001,1,clgrid_20_sgd_momentum_cl_paper_s2027,321,242,1900,1900,835539.7,247948.1,0,842344.8,224063.2,228577.6,2
20,sgd_momentum,cl_paper,2028,0.001,1,clgrid_20_sgd_momentum_cl_paper_s2028,321,237.3,1900,1900,836896.4,248894.2,0,842344.8,224063.2,232684.2,3.8
20,sgd_momentum,cl_paper,2029,0.001,1,clgrid_20_sgd_momentum_cl_paper_s2029,321,232.9,1900,1900,837041,248097.9,0,842344.8,224063.2,230620.1,2.9
20,sgd_momentum,cl_paper,2030,0.001,1,clgrid_20_sgd_momentum_cl_paper_s2030,321,237.8,1900,1900,837403.5,248652,0,842344.8,224063.2,231859.2,3.5
20,sgd_momentum,cl_paper,2031,0.001,1,clgrid_20_sgd_momentum_cl_paper_s2031,321,238.7,1900,1900,837572.7,248827,0,842344.8,224063.2,230074.3,2.7
20,sgd_momentum,cl_paper,2032,0.001,1,clgrid_20_sgd_momentum_cl_paper_s2032,321,238.8,1900,1900,836737.3,248435.7,0,842344.8,224063.2,231249.1,3.2
20,sgd_momentum,cl_paper,2033,0.001,1,clgrid_20_sgd_momentum_cl_paper_s2033,321,248.6,1900,1900,837059,247929.5,0,842344.8,224063.2,229255.7,2.3
20,sgd_momentum,cl_paper,2034,0.001,1,clgrid_20_sgd_momentum_cl_paper_s2034,321,255.8,1900,1900,836543.4,247924.5,0,842344.8,224063.2,229952.5,2.6
20,sgd_momentum,cl_paper,2035,0.001,1,clgrid_20_sgd_momentum_cl_paper_s2035,321,241.5,1900,1900,836870.9,248155.3,0,842344.8,224063.2,231761.6,3.4
20,sgd_momentum,cl_paper,2036,0.001,2,clgrid_20_sgd_momentum_cl_paper_s2036,321,237.3,1900,1900,836621.4,248657.3,0,842344.8,224063.2,230345.4,2.8
20,sgd_momentum,cl_paper,2037,0.001,2,clgrid_20_sgd_momentum_cl_paper_s2037,321,241,1900,1900,835796.3,249610.7,0,842344.8,224063.2,232314.9,3.7
20,sgd_momentum,cl_paper,2038,0.001,2,clgrid_20_sgd_momentum_cl_paper_s2038,321,240.9,1900,1900,836991,248261.3,0,842344.8,224063.2,230535.6,2.9
20,sgd_momentum,cl_paper,2039,0.001,2,clgrid_20_sgd_momentum_cl_paper_s2039,321,237.6,1900,1900,836950.3,247983.1,0,842344.8,224063.2,231493.7,3.3
20,sgd_momentum,cl_paper,2040,0.001,2,clgrid_20_sgd_momentum_cl_paper_s2040,321,243.6,1900,1900,835645.1,248972.1,0,842344.8,224063.2,230130.6,2.7
20,sgd_momentum,cl_paper,2041,0.001,2,clgrid_20_sgd_momentum_cl_paper_s2041,321,244.7,1900,1900,836590.3,247714,0,842344.8,224063.2,230611.6,2.9
20,sgd_momentum,cl_paper,2042,0.001,2,clgrid_20_sgd_momentum_cl_paper_s2042,321,244.9,1900,1900,836955.9,247440.5,0,842344.8,224063.2,229053.8,2.2
20,sgd_momentum,cl_paper,2043,0.001,2,clgrid_20_sgd_momentum_cl_paper_s2043,321,250.1,1900,1900,837069.2,248158.6,0,842344.8,224063.2,231528.5,3.3
20,sgd_momentum,cl_paper,2044,0.001,2,clgrid_20_sgd_momentum_cl_paper_s2044,321,242.4,1900,1900,837067.8,248141,0,842344.8,224063.2,229692.5,2.5
20,sgd_momentum,cl_paper,2045,0.001,2,clgrid_20_sgd_momentum_cl_paper_s2045,321,240.1,1900,1900,836598.5,248169.2,0,842344.8,224063.2,231008.5,3.1
20,sgd_momentum,cl_start,2026,0.001,1,clgrid_20_sgd_momentum_cl_start_s2026,321,152.6,811,1176,839486.4,243526.5,0,842344.8,224063.2,224799.8,0.3
20,sgd_momentum,cl_start,2027,0.001,1,clgrid_20_sgd_momentum_cl_start_s2027,321,146.9,726,1111,839837.2,243498.1,0,842344.8,224063.2,222687.3,-0.6
20,sgd_momentum,cl_start,2028,0.001,1,clgrid_20_sgd_momentum_cl_start_s2028,321,173.7,967,1334,839580.6,243515.4,0,842344.8,224063.2,225495.6,0.6
20,sgd_momentum,cl_start,2029,0.001,1,clgrid_20_sgd_momentum_cl_start_s2029,321,90.3,261,647,839909.3,243544.2,0,842344.8,224063.2,225718,0.7
20,sgd_momentum,cl_start,2030,0.001,1,clgrid_20_sgd_momentum_cl_start_s2030,321,150.5,794,1159,839846.7,243536.3,0,842344.8,224063.2,224857.7,0.4
20,sgd_momentum,cl_start,2031,0.001,1,clgrid_20_sgd_momentum_cl_start_s2031,321,154.9,829,1196,840283,243613.1,0,842344.8,224063.2,225772,0.8
20,sgd_momentum,cl_start,2032,0.001,1,clgrid_20_sgd_momentum_cl_start_s2032,321,160.2,902,1267,839779.3,243577,0,842344.8,224063.2,225225.7,0.5
20,sgd_momentum,cl_start,2033,0.001,1,clgrid_20_sgd_momentum_cl_start_s2033,321,112.8,439,825,839768.3,243466.7,0,842344.8,224063.2,223934.9,-0.1
20,sgd_momentum,cl_start,2034,0.001,1,clgrid_20_sgd_momentum_cl_start_s2034,321,129.2,529,917,839604.9,243529.5,0,842344.8,224063.2,223453.4,-0.3
20,sgd_momentum,cl_start,2035,0.001,1,clgrid_20_sgd_momentum_cl_start_s2035,321,158.6,861,1225,839863.9,243478.6,0,842344.8,224063.2,223645.8,-0.2
20,sgd_momentum,cl_start,2036,0.001,2,clgrid_20_sgd_momentum_cl_start_s2036,321,149.5,763,1130,839363.2,243565.6,0,842344.8,224063.2,224800,0.3
20,sgd_momentum,cl_start,2037,0.001,2,clgrid_20_sgd_momentum_cl_start_s2037,321,163.4,868,1234,839811.4,243584.2,0,842344.8,224063.2,223925.5,-0.1
20,sgd_momentum,cl_start,2038,0.001,2,clgrid_20_sgd_momentum_cl_start_s2038,321,139.7,693,1061,839996.3,243570.9,0,842344.8,224063.2,223678.4,-0.2
20,sgd_momentum,cl_start,2039,0.001,2,clgrid_20_sgd_momentum_cl_start_s2039,321,96.6,317,702,839627.7,243475.5,0,842344.8,224063.2,226216.4,1
20,sgd_momentum,cl_start,2040,0.001,2,clgrid_20_sgd_momentum_cl_start_s2040,321,205.9,1203,1588,839659.2,243488.1,0,842344.8,224063.2,224360,0.1
20,sgd_momentum,cl_start,2041,0.001,2,clgrid_20_sgd_momentum_cl_start_s2041,321,115.6,418,804,838418.4,243463.9,0,842344.8,224063.2,226783,1.2
20,sgd_momentum,cl_start,2042,0.001,2,clgrid_20_sgd_momentum_cl_start_s2042,321,110.6,417,803,840456.5,243678.6,0,842344.8,224063.2,225012.8,0.4
20,sgd_momentum,cl_start,2043,0.001,2,clgrid_20_sgd_momentum_cl_start_s2043,321,114.4,419,805,840152.4,243542.7,0,842344.8,224063.2,224867.6,0.4
20,sgd_momentum,cl_start,2044,0.001,2,clgrid_20_sgd_momentum_cl_start_s2044,321,197.9,1217,1564,840046.7,243552.6,0,842344.8,224063.2,224410.6,0.2
20,sgd_momentum,cl_start,2045,0.001,2,clgrid_20_sgd_momentum_cl_start_s2045,321,245.4,1522,1869,840122.8,243624.5,0,842344.8,224063.2,225121.3,0.5
20,sgd_nesterov,cl_paper,2026,0.001,1,clgrid_20_sgd_nesterov_cl_paper_s2026,321,238.8,1900,1900,835545.3,248245.7,0,842344.8,224063.2,231436.2,3.3
20,sgd_nesterov,cl_paper,2027,0.001,1,clgrid_20_sgd_nesterov_cl_paper_s2027,321,240.5,1900,1900,835493.4,247972.9,0,842344.8,224063.2,228587.6,2
20,sgd_nesterov,cl_paper,2028,0.001,1,clgrid_20_sgd_nesterov_cl_paper_s2028,321,236.3,1900,1900,836882.9,248939.8,0,842344.8,224063.2,232703.1,3.9
20,sgd_nesterov,cl_paper,2029,0.001,1,clgrid_20_sgd_nesterov_cl_paper_s2029,321,236.7,1900,1900,837043.2,248130.5,0,842344.8,224063.2,230639.9,2.9
20,sgd_nesterov,cl_paper,2030,0.001,1,clgrid_20_sgd_nesterov_cl_paper_s2030,321,241.3,1900,1900,837374.9,248662.4,0,842344.8,224063.2,231839.8,3.5
20,sgd_nesterov,cl_paper,2031,0.001,1,clgrid_20_sgd_nesterov_cl_paper_s2031,321,234.2,1900,1900,837564.6,248845.1,0,842344.8,224063.2,230096.9,2.7
20,sgd_nesterov,cl_paper,2032,0.001,1,clgrid_20_sgd_nesterov_cl_paper_s2032,321,234.5,1900,1900,836722.2,248467.7,0,842344.8,224063.2,231245.1,3.2
20,sgd_nesterov,cl_paper,2033,0.001,1,clgrid_20_sgd_nesterov_cl_paper_s2033,321,241,1900,1900,837036.5,247925.2,0,842344.8,224063.2,229236.7,2.3
20,sgd_nesterov,cl_paper,2034,0.001,1,clgrid_20_sgd_nesterov_cl_paper_s2034,321,253.9,1900,1900,836526.7,247936.2,0,842344.8,224063.2,229921.8,2.6
20,sgd_nesterov,cl_paper,2035,0.001,1,clgrid_20_sgd_nesterov_cl_paper_s2035,321,238,1900,1900,836842.4,248152.5,0,842344.8,224063.2,231753.3,3.4
20,sgd_nesterov,cl_paper,2036,0.001,2,clgrid_20_sgd_nesterov_cl_paper_s2036,321,240.3,1900,1900,836585.6,248667.2,0,842344.8,224063.2,230343.4,2.8
20,sgd_nesterov,cl_paper,2037,0.001,2,clgrid_20_sgd_nesterov_cl_paper_s2037,321,239,1900,1900,835740.6,249677.4,0,842344.8,224063.2,232329.6,3.7
20,sgd_nesterov,cl_paper,2038,0.001,2,clgrid_20_sgd_nesterov_cl_paper_s2038,321,236.8,1900,1900,836976.6,248304.7,0,842344.8,224063.2,230577.7,2.9
20,sgd_nesterov,cl_paper,2039,0.001,2,clgrid_20_sgd_nesterov_cl_paper_s2039,321,233.2,1900,1900,836941.5,248003.2,0,842344.8,224063.2,231490.4,3.3
20,sgd_nesterov,cl_paper,2040,0.001,2,clgrid_20_sgd_nesterov_cl_paper_s2040,321,237.5,1900,1900,835565.1,248998.9,0,842344.8,224063.2,230160.9,2.7
20,sgd_nesterov,cl_paper,2041,0.001,2,clgrid_20_sgd_nesterov_cl_paper_s2041,321,244.2,1900,1900,836562.3,247730.1,0,842344.8,224063.2,230638.3,2.9
20,sgd_nesterov,cl_paper,2042,0.001,2,clgrid_20_sgd_nesterov_cl_paper_s2042,321,249.9,1900,1900,836939.5,247444.6,0,842344.8,224063.2,229073.6,2.2
20,sgd_nesterov,cl_paper,2043,0.001,2,clgrid_20_sgd_nesterov_cl_paper_s2043,321,252.4,1900,1900,837041.9,248163,0,842344.8,224063.2,231497.8,3.3
20,sgd_nesterov,cl_paper,2044,0.001,2,clgrid_20_sgd_nesterov_cl_paper_s2044,321,239.7,1900,1900,837050.8,248159.6,0,842344.8,224063.2,229682.8,2.5
20,sgd_nesterov,cl_paper,2045,0.001,2,clgrid_20_sgd_nesterov_cl_paper_s2045,321,238.9,1900,1900,836544,248187.8,0,842344.8,224063.2,231002.9,3.1
20,sgd_nesterov,cl_start,2026,0.001,1,clgrid_20_sgd_nesterov_cl_start_s2026,321,153.2,814,1179,839602.7,243524.9,0,842344.8,224063.2,225259.7,0.5
20,sgd_nesterov,cl_start,2027,0.001,1,clgrid_20_sgd_nesterov_cl_start_s2027,321,173.2,937,1324,839836.8,243506.3,0,842344.8,224063.2,223057.2,-0.4
20,sgd_nesterov,cl_start,2028,0.001,1,clgrid_20_sgd_nesterov_cl_start_s2028,321,213,1336,1683,839594.2,243531,0,842344.8,224063.2,225764.9,0.8
20,sgd_nesterov,cl_start,2029,0.001,1,clgrid_20_sgd_nesterov_cl_start_s2029,321,99.8,331,717,839893.9,243550,0,842344.8,224063.2,225685.5,0.7
20,sgd_nesterov,cl_start,2030,0.001,1,clgrid_20_sgd_nesterov_cl_start_s2030,321,164.4,858,1223,839798.2,243539,0,842344.8,224063.2,225161.8,0.5
20,sgd_nesterov,cl_start,2031,0.001,1,clgrid_20_sgd_nesterov_cl_start_s2031,321,220.3,1382,1729,840194.1,243607,0,842344.8,224063.2,224932.9,0.4
20,sgd_nesterov,cl_start,2032,0.001,1,clgrid_20_sgd_nesterov_cl_start_s2032,321,189.1,1119,1484,839777.2,243577.8,0,842344.8,224063.2,225401.5,0.6
20,sgd_nesterov,cl_start,2033,0.001,1,clgrid_20_sgd_nesterov_cl_start_s2033,321,166.6,874,1261,839728.5,243470.8,0,842344.8,224063.2,224047.8,0
20,sgd_nesterov,cl_start,2034,0.001,1,clgrid_20_sgd_nesterov_cl_start_s2034,321,164.3,838,1226,839601.8,243533.9,0,842344.8,224063.2,223858.3,-0.1
20,sgd_nesterov,cl_start,2035,0.001,1,clgrid_20_sgd_nesterov_cl_start_s2035,321,175.8,997,1361,839861,243491.1,0,842344.8,224063.2,223920.6,-0.1
20,sgd_nesterov,cl_start,2036,0.001,2,clgrid_20_sgd_nesterov_cl_start_s2036,321,151.9,784,1151,839520.2,243577.4,0,842344.8,224063.2,225219.8,0.5
20,sgd_nesterov,cl_start,2037,0.001,2,clgrid_20_sgd_nesterov_cl_start_s2037,321,173.7,976,1342,839770.1,243586.5,0,842344.8,224063.2,224142.8,0
20,sgd_nesterov,cl_start,2038,0.001,2,clgrid_20_sgd_nesterov_cl_start_s2038,321,138.7,686,1054,840004.7,243573,0,842344.8,224063.2,224555.7,0.2
20,sgd_nesterov,cl_start,2039,0.001,2,clgrid_20_sgd_nesterov_cl_start_s2039,321,109.2,393,779,839605.7,243493.5,0,842344.8,224063.2,225786.3,0.8
20,sgd_nesterov,cl_start,2040,0.001,2,clgrid_20_sgd_nesterov_cl_start_s2040,321,214.3,1249,1634,839622.4,243494.6,0,842344.8,224063.2,223946.6,-0.1
20,sgd_nesterov,cl_start,2041,0.001,2,clgrid_20_sgd_nesterov_cl_start_s2041,321,118.6,479,865,838534.1,243463.2,0,842344.8,224063.2,226505.9,1.1
20,sgd_nesterov,cl_start,2042,0.001,2,clgrid_20_sgd_nesterov_cl_start_s2042,321,124.4,510,896,840410.4,243678.2,0,842344.8,224063.2,224642.6,0.3
20,sgd_nesterov,cl_start,2043,0.001,2,clgrid_20_sgd_nesterov_cl_start_s2043,321,110.9,409,795,840136,243545.9,0,842344.8,224063.2,224920.7,0.4
20,sgd_nesterov,cl_start,2044,0.001,2,clgrid_20_sgd_nesterov_cl_start_s2044,321,205.2,1219,1566,840024.5,243555.2,0,842344.8,224063.2,224719.9,0.3
20,sgd_nesterov,cl_start,2045,0.001,2,clgrid_20_sgd_nesterov_cl_start_s2045,321,245.2,1563,1910,840097.5,243633.2,0,842344.8,224063.2,225018.9,0.4
20,adagrad,cl_paper,2026,0.01,1,clgrid_20_adagrad_cl_paper_s2026,321,237.1,1900,1900,835519.2,247122.6,0,842344.8,224063.2,231883.4,3.5
20,adagrad,cl_paper,2027,0.01,1,clgrid_20_adagrad_cl_paper_s2027,321,244,1900,1900,836483.6,247540.8,0,842344.8,224063.2,229778.2,2.6
20,adagrad,cl_paper,2028,0.01,1,clgrid_20_adagrad_cl_paper_s2028,321,237.7,1900,1900,836720.6,247781.5,0,842344.8,224063.2,232623.7,3.8
20,adagrad,cl_paper,2029,0.01,1,clgrid_20_adagrad_cl_paper_s2029,321,245.7,1900,1900,837028.9,247690.1,0,842344.8,224063.2,231659.1,3.4
20,adagrad,cl_paper,2030,0.01,1,clgrid_20_adagrad_cl_paper_s2030,321,240.4,1900,1900,837027.2,247739.3,0,842344.8,224063.2,232656.8,3.8
20,adagrad,cl_paper,2031,0.01,1,clgrid_20_adagrad_cl_paper_s2031,321,237.8,1900,1900,836771.8,247686,0,842344.8,224063.2,231027.3,3.1
20,adagrad,cl_paper,2032,0.01,1,clgrid_20_adagrad_cl_paper_s2032,321,242.3,1900,1900,836734.7,247655.8,0,842344.8,224063.2,232160.3,3.6
20,adagrad,cl_paper,2033,0.01,1,clgrid_20_adagrad_cl_paper_s2033,321,239.3,1900,1900,836732.3,247346.8,0,842344.8,224063.2,230993.5,3.1
20,adagrad,cl_paper,2034,0.01,1,clgrid_20_adagrad_cl_paper_s2034,321,251.2,1900,1900,836760.6,247973.8,0,842344.8,224063.2,230455.5,2.9
20,adagrad,cl_paper,2035,0.01,1,clgrid_20_adagrad_cl_paper_s2035,321,241.5,1900,1900,836621.5,247616.8,0,842344.8,224063.2,232551.3,3.8
20,adagrad,cl_paper,2036,0.01,2,clgrid_20_adagrad_cl_paper_s2036,321,239.4,1900,1900,836499,247272.3,0,842344.8,224063.2,231076.5,3.1
20,adagrad,cl_paper,2037,0.01,2,clgrid_20_adagrad_cl_paper_s2037,321,239.4,1900,1900,836513.1,247964.4,0,842344.8,224063.2,232358.1,3.7
20,adagrad,cl_paper,2038,0.01,2,clgrid_20_adagrad_cl_paper_s2038,321,233.4,1900,1900,836500,247499.8,0,842344.8,224063.2,231201.8,3.2
20,adagrad,cl_paper,2039,0.01,2,clgrid_20_adagrad_cl_paper_s2039,321,244.1,1900,1900,836406.4,247287,0,842344.8,224063.2,232066.1,3.6
20,adagrad,cl_paper,2040,0.01,2,clgrid_20_adagrad_cl_paper_s2040,321,244.5,1900,1900,835724.9,247159.1,0,842344.8,224063.2,230759.8,3
20,adagrad,cl_paper,2041,0.01,2,clgrid_20_adagrad_cl_paper_s2041,321,241.4,1900,1900,836496.3,247261.1,0,842344.8,224063.2,231594.1,3.4
20,adagrad,cl_paper,2042,0.01,2,clgrid_20_adagrad_cl_paper_s2042,321,239.5,1900,1900,836139.5,246382.4,0,842344.8,224063.2,230316.3,2.8
20,adagrad,cl_paper,2043,0.01,2,clgrid_20_adagrad_cl_paper_s2043,321,256.7,1900,1900,836710.2,247694.6,0,842344.8,224063.2,232253,3.7
20,adagrad,cl_paper,2044,0.01,2,clgrid_20_adagrad_cl_paper_s2044,321,243.6,1900,1900,836770.1,247355,0,842344.8,224063.2,230447.8,2.8
20,adagrad,cl_paper,2045,0.01,2,clgrid_20_adagrad_cl_paper_s2045,321,242.8,1900,1900,836922.5,247370.7,0,842344.8,224063.2,232015.9,3.5
20,adagrad,cl_start,2026,0.01,1,clgrid_20_adagrad_cl_start_s2026,321,215.1,1339,1686,838433.4,243450.4,0,842344.8,224063.2,223180.2,-0.4
20,adagrad,cl_start,2027,0.01,1,clgrid_20_adagrad_cl_start_s2027,321,149.9,733,1123,839707,243531.3,0,842344.8,224063.2,217819.1,-2.8
20,adagrad,cl_start,2028,0.01,1,clgrid_20_adagrad_cl_start_s2028,321,295.9,2019,2346,839540.7,243532.4,0,842344.8,224063.2,216761.3,-3.3
20,adagrad,cl_start,2029,0.01,1,clgrid_20_adagrad_cl_start_s2029,321,147.1,760,1130,839750.2,243514.2,0,842344.8,224063.2,227346.4,1.5
20,adagrad,cl_start,2030,0.01,1,clgrid_20_adagrad_cl_start_s2030,321,221,1348,1715,839685.2,243512.5,0,842344.8,224063.2,224074.3,0
20,adagrad,cl_start,2031,0.01,1,clgrid_20_adagrad_cl_start_s2031,321,226.1,1417,1770,839718.1,243570.7,0,842344.8,224063.2,223722.1,-0.2
20,adagrad,cl_start,2032,0.01,1,clgrid_20_adagrad_cl_start_s2032,321,237.4,1497,1872,839799.7,243535.9,0,842344.8,224063.2,215776.8,-3.7
20,adagrad,cl_start,2033,0.01,1,clgrid_20_adagrad_cl_start_s2033,321,100.6,304,702,839861.5,243516.8,0,842344.8,224063.2,228724,2.1
20,adagrad,cl_start,2034,0.01,1,clgrid_20_adagrad_cl_start_s2034,321,160.4,772,1161,839643.6,243582.4,0,842344.8,224063.2,225867.3,0.8
20,adagrad,cl_start,2035,0.01,1,clgrid_20_adagrad_cl_start_s2035,321,273.7,1750,2100,839677.7,243488.2,0,842344.8,224063.2,224702.7,0.3
20,adagrad,cl_start,2036,0.01,2,clgrid_20_adagrad_cl_start_s2036,321,145.1,743,1130,838298.7,243496.3,0,842344.8,224063.2,229843,2.6
20,adagrad,cl_start,2037,0.01,2,clgrid_20_adagrad_cl_start_s2037,321,233.3,1479,1830,839658,243551.6,0,842344.8,224063.2,221931.4,-1
20,adagrad,cl_start,2038,0.01,2,clgrid_20_adagrad_cl_start_s2038,321,189.8,1079,1457,839806,243535.6,0,842344.8,224063.2,226959.8,1.3
20,adagrad,cl_start,2039,0.01,2,clgrid_20_adagrad_cl_start_s2039,321,167.2,903,1294,839554.5,243510.4,0,842344.8,224063.2,228387.5,1.9
20,adagrad,cl_start,2040,0.01,2,clgrid_20_adagrad_cl_start_s2040,321,224.2,1331,1715,839549.8,243501.1,0,842344.8,224063.2,222892.4,-0.5
20,adagrad,cl_start,2041,0.01,2,clgrid_20_adagrad_cl_start_s2041,321,203.2,1166,1577,838233.6,243335.6,0,842344.8,224063.2,222023.6,-0.9
20,adagrad,cl_start,2042,0.01,2,clgrid_20_adagrad_cl_start_s2042,321,157.1,786,1181,839762.6,243582.5,0,842344.8,224063.2,220240.8,-1.7
20,adagrad,cl_start,2043,0.01,2,clgrid_20_adagrad_cl_start_s2043,321,177.9,894,1267,840081.1,243567.3,0,842344.8,224063.2,222282.7,-0.8
20,adagrad,cl_start,2044,0.01,2,clgrid_20_adagrad_cl_start_s2044,321,300.8,1972,2320,839751.1,243511,0,842344.8,224063.2,213142.3,-4.9
20,adagrad,cl_start,2045,0.01,2,clgrid_20_adagrad_cl_start_s2045,321,246.4,1535,1924,839791.5,243574.6,0,842344.8,224063.2,228108.7,1.8
20,adadelta,cl_paper,2026,1,1,clgrid_20_adadelta_cl_paper_s2026,321,245.8,1900,1900,837570.1,246535,0,842344.8,224063.2,223417.4,-0.3
20,adadelta,cl_paper,2027,1,1,clgrid_20_adadelta_cl_paper_s2027,321,242.1,1900,1900,836867.4,246755.1,0,842344.8,224063.2,186855,-16.6
20,adadelta,cl_paper,2028,1,1,clgrid_20_adadelta_cl_paper_s2028,321,243,1900,1900,836786.5,246743.6,0,842344.8,224063.2,209352,-6.6
20,adadelta,cl_paper,2029,1,1,clgrid_20_adadelta_cl_paper_s2029,321,251,1900,1900,836954.2,246493.1,0,842344.8,224063.2,178226.1,-20.5
20,adadelta,cl_paper,2030,1,1,clgrid_20_adadelta_cl_paper_s2030,321,246.7,1900,1900,837190,246571.2,0,842344.8,224063.2,182288.8,-18.6
20,adadelta,cl_paper,2031,1,1,clgrid_20_adadelta_cl_paper_s2031,321,244.1,1900,1900,837637.4,247441.7,0,842344.8,224063.2,217343.7,-3
20,adadelta,cl_paper,2032,1,1,clgrid_20_adadelta_cl_paper_s2032,321,240.5,1900,1900,837628.7,246745.6,0,842344.8,224063.2,227123.4,1.4
20,adadelta,cl_paper,2033,1,1,clgrid_20_adadelta_cl_paper_s2033,321,241.5,1900,1900,838627.9,248237,0,842344.8,224063.2,238415.3,6.4
20,adadelta,cl_paper,2034,1,1,clgrid_20_adadelta_cl_paper_s2034,321,257.6,1900,1900,838637.9,249038,0,842344.8,224063.2,224066.3,0
20,adadelta,cl_paper,2035,1,1,clgrid_20_adadelta_cl_paper_s2035,321,244.7,1900,1900,839112.9,249009.5,0,842344.8,224063.2,282822.4,26.2
20,adadelta,cl_paper,2036,1,2,clgrid_20_adadelta_cl_paper_s2036,321,244.6,1900,1900,836715.1,246772.2,0,842344.8,224063.2,192023.7,-14.3
20,adadelta,cl_paper,2037,1,2,clgrid_20_adadelta_cl_paper_s2037,321,247.1,1900,1900,839337,249141,0,842344.8,224063.2,245886.3,9.7
20,adadelta,cl_paper,2038,1,2,clgrid_20_adadelta_cl_paper_s2038,321,240.5,1900,1900,836971.9,247044.2,0,842344.8,224063.2,227579.4,1.6
20,adadelta,cl_paper,2039,1,2,clgrid_20_adadelta_cl_paper_s2039,321,239.1,1900,1900,837441.5,246817.7,0,842344.8,224063.2,186758,-16.6
20,adadelta,cl_paper,2040,1,2,clgrid_20_adadelta_cl_paper_s2040,321,247.9,1900,1900,839327.8,248831.8,0,842344.8,224063.2,253828.7,13.3
20,adadelta,cl_paper,2041,1,2,clgrid_20_adadelta_cl_paper_s2041,321,248.7,1900,1900,837302.2,246421.2,0,842344.8,224063.2,210819,-5.9
20,adadelta,cl_paper,2042,1,2,clgrid_20_adadelta_cl_paper_s2042,321,243.9,1900,1900,837432,246623.6,0,842344.8,224063.2,211983.9,-5.4
20,adadelta,cl_paper,2043,1,2,clgrid_20_adadelta_cl_paper_s2043,321,260.8,1900,1900,837199.4,247028.5,0,842344.8,224063.2,200734.6,-10.4
20,adadelta,cl_paper,2044,1,2,clgrid_20_adadelta_cl_paper_s2044,321,248.5,1900,1900,836860.8,246755.2,0,842344.8,224063.2,211718.6,-5.5
20,adadelta,cl_paper,2045,1,2,clgrid_20_adadelta_cl_paper_s2045,321,242.4,1900,1900,838924.8,248329,0,842344.8,224063.2,216220.5,-3.5
20,adadelta,cl_start,2026,1,1,clgrid_20_adadelta_cl_start_s2026,321,148,695,1085,839521.6,243457.9,0,842344.8,224063.2,225164.4,0.5
20,adadelta,cl_start,2027,1,1,clgrid_20_adadelta_cl_start_s2027,321,130.1,546,939,839697.5,243525,0,842344.8,224063.2,219255.5,-2.1
20,adadelta,cl_start,2028,1,1,clgrid_20_adadelta_cl_start_s2028,321,133.5,563,952,839598.1,243529.3,0,842344.8,224063.2,221097.7,-1.3
20,adadelta,cl_start,2029,1,1,clgrid_20_adadelta_cl_start_s2029,321,186.5,962,1352,839482.7,243515.9,0,842344.8,224063.2,232180.3,3.6
20,adadelta,cl_start,2030,1,1,clgrid_20_adadelta_cl_start_s2030,321,184.5,965,1403,839606.5,243471.9,0,842344.8,224063.2,219612.3,-2
20,adadelta,cl_start,2031,1,1,clgrid_20_adadelta_cl_start_s2031,321,156.6,744,1134,839775.4,243577.2,0,842344.8,224063.2,224195.7,0.1
20,adadelta,cl_start,2032,1,1,clgrid_20_adadelta_cl_start_s2032,321,152.3,770,1139,839262.6,243450.3,0,842344.8,224063.2,226574.7,1.1
20,adadelta,cl_start,2033,1,1,clgrid_20_adadelta_cl_start_s2033,321,133.5,573,968,839757,243476.4,0,842344.8,224063.2,218640.9,-2.4
20,adadelta,cl_start,2034,1,1,clgrid_20_adadelta_cl_start_s2034,321,136.3,496,935,839572,243537.3,0,842344.8,224063.2,217254.9,-3
20,adadelta,cl_start,2035,1,1,clgrid_20_adadelta_cl_start_s2035,321,123.6,476,864,839706.4,243523.6,0,842344.8,224063.2,224611.6,0.2
20,adadelta,cl_start,2036,1,2,clgrid_20_adadelta_cl_start_s2036,321,117.6,452,841,839013.6,243497.8,0,842344.8,224063.2,222520.7,-0.7
20,adadelta,cl_start,2037,1,2,clgrid_20_adadelta_cl_start_s2037,321,133,557,946,839756.9,243544.4,0,842344.8,224063.2,214628.1,-4.2
20,adadelta,cl_start,2038,1,2,clgrid_20_adadelta_cl_start_s2038,321,123.7,500,893,838890.5,243532.9,0,842344.8,224063.2,222571.8,-0.7
20,adadelta,cl_start,2039,1,2,clgrid_20_adadelta_cl_start_s2039,321,118.8,452,839,839601.6,243511.4,0,842344.8,224063.2,220364.2,-1.7
20,adadelta,cl_start,2040,1,2,clgrid_20_adadelta_cl_start_s2040,321,146.5,655,1047,839244.3,243511.1,0,842344.8,224063.2,216883.4,-3.2
20,adadelta,cl_start,2041,1,2,clgrid_20_adadelta_cl_start_s2041,321,146.2,671,1057,838628.4,243410.2,0,842344.8,224063.2,214737,-4.2
20,adadelta,cl_start,2042,1,2,clgrid_20_adadelta_cl_start_s2042,321,119.9,449,845,839752.7,243552.8,0,842344.8,224063.2,217732.3,-2.8
20,adadelta,cl_start,2043,1,2,clgrid_20_adadelta_cl_start_s2043,321,151,600,991,839689.8,243556.5,0,842344.8,224063.2,221143.4,-1.3
20,adadelta,cl_start,2044,1,2,clgrid_20_adadelta_cl_start_s2044,321,154.2,740,1130,839445.7,243506.6,0,842344.8,224063.2,223202.7,-0.4
20,adadelta,cl_start,2045,1,2,clgrid_20_adadelta_cl_start_s2045,321,189.3,920,1367,839762.2,243540.4,0,842344.8,224063.2,222105.4,-0.9
20,rmsprop,cl_paper,2026,0.001,1,clgrid_20_rmsprop_cl_paper_s2026,321,240.2,1900,1900,835423.7,246393.3,0,842344.8,224063.2,228508.8,2
20,rmsprop,cl_paper,2027,0.001,1,clgrid_20_rmsprop_cl_paper_s2027,321,238.2,1900,1900,836461.8,247140.6,0,842344.8,224063.2,219567.1,-2
20,rmsprop,cl_paper,2028,0.001,1,clgrid_20_rmsprop_cl_paper_s2028,321,241.6,1900,1900,836679.2,247393.8,0,842344.8,224063.2,220957.9,-1.4
20,rmsprop,cl_paper,2029,0.001,1,clgrid_20_rmsprop_cl_paper_s2029,321,244.9,1900,1900,837008.6,247444.4,0,842344.8,224063.2,212801.4,-5
20,rmsprop,cl_paper,2030,0.001,1,clgrid_20_rmsprop_cl_paper_s2030,321,248,1900,1900,836884.6,247341.1,0,842344.8,224063.2,217287.5,-3
20,rmsprop,cl_paper,2031,0.001,1,clgrid_20_rmsprop_cl_paper_s2031,321,240.7,1900,1900,836687.5,247184.8,0,842344.8,224063.2,219698.3,-1.9
20,rmsprop,cl_paper,2032,0.001,1,clgrid_20_rmsprop_cl_paper_s2032,321,236.8,1900,1900,836702.7,247071.8,0,842344.8,224063.2,224794,0.3
20,rmsprop,cl_paper,2033,0.001,1,clgrid_20_rmsprop_cl_paper_s2033,321,237.9,1900,1900,836585.1,247076.5,0,842344.8,224063.2,232602.6,3.8
20,rmsprop,cl_paper,2034,0.001,1,clgrid_20_rmsprop_cl_paper_s2034,321,249.9,1900,1900,836696.8,247520.8,0,842344.8,224063.2,220492.7,-1.6
20,rmsprop,cl_paper,2035,0.001,1,clgrid_20_rmsprop_cl_paper_s2035,321,248.6,1900,1900,836626.1,247230.8,0,842344.8,224063.2,244395.3,9.1
20,rmsprop,cl_paper,2036,0.001,2,clgrid_20_rmsprop_cl_paper_s2036,321,238.1,1900,1900,836215.4,246764.5,0,842344.8,224063.2,217746.9,-2.8
20,rmsprop,cl_paper,2037,0.001,2,clgrid_20_rmsprop_cl_paper_s2037,321,236.8,1900,1900,836621.6,247594,0,842344.8,224063.2,231489.1,3.3
20,rmsprop,cl_paper,2038,0.001,2,clgrid_20_rmsprop_cl_paper_s2038,321,235.8,1900,1900,836615.7,247443,0,842344.8,224063.2,223795,-0.1
20,rmsprop,cl_paper,2039,0.001,2,clgrid_20_rmsprop_cl_paper_s2039,321,236.3,1900,1900,836680.1,247088.6,0,842344.8,224063.2,216789,-3.2
20,rmsprop,cl_paper,2040,0.001,2,clgrid_20_rmsprop_cl_paper_s2040,321,241.9,1900,1900,836147.8,247025,0,842344.8,224063.2,245186.7,9.4
20,rmsprop,cl_paper,2041,0.001,2,clgrid_20_rmsprop_cl_paper_s2041,321,248.2,1900,1900,836503.4,247135.4,0,842344.8,224063.2,225682.6,0.7
20,rmsprop,cl_paper,2042,0.001,2,clgrid_20_rmsprop_cl_paper_s2042,321,242.3,1900,1900,836307.3,246623.2,0,842344.8,224063.2,220174,-1.7
20,rmsprop,cl_paper,2043,0.001,2,clgrid_20_rmsprop_cl_paper_s2043,321,254.7,1900,1900,836542.3,247451.2,0,842344.8,224063.2,227112.8,1.4
20,rmsprop,cl_paper,2044,0.001,2,clgrid_20_rmsprop_cl_paper_s2044,321,245.5,1900,1900,837001.2,247425.6,0,842344.8,224063.2,222429.9,-0.7
20,rmsprop,cl_paper,2045,0.001,2,clgrid_20_rmsprop_cl_paper_s2045,321,243.8,1900,1900,837199.4,247387.3,0,842344.8,224063.2,223076.4,-0.4
20,rmsprop,cl_start,2026,0.001,1,clgrid_20_rmsprop_cl_start_s2026,321,184.9,912,1402,838731.4,243380.5,0,842344.8,224063.2,227537.9,1.6
20,rmsprop,cl_start,2027,0.001,1,clgrid_20_rmsprop_cl_start_s2027,321,120.7,454,881,839551.2,243531.6,0,842344.8,224063.2,225575.2,0.7
20,rmsprop,cl_start,2028,0.001,1,clgrid_20_rmsprop_cl_start_s2028,321,152.5,743,1164,839617.4,243535.3,0,842344.8,224063.2,223140.4,-0.4
20,rmsprop,cl_start,2029,0.001,1,clgrid_20_rmsprop_cl_start_s2029,321,181.6,947,1365,839305.6,243488.8,0,842344.8,224063.2,227945.3,1.7
20,rmsprop,cl_start,2030,0.001,1,clgrid_20_rmsprop_cl_start_s2030,321,189.1,883,1459,839377.9,243446.7,0,842344.8,224063.2,218446.3,-2.5
20,rmsprop,cl_start,2031,0.001,1,clgrid_20_rmsprop_cl_start_s2031,321,125.1,488,924,839847.7,243580.1,0,842344.8,224063.2,220468.5,-1.6
20,rmsprop,cl_start,2032,0.001,1,clgrid_20_rmsprop_cl_start_s2032,321,163,829,1242,838986.7,243472.4,0,842344.8,224063.2,226247.9,1
20,rmsprop,cl_start,2033,0.001,1,clgrid_20_rmsprop_cl_start_s2033,321,106,345,788,839695.3,243490,0,842344.8,224063.2,227683.4,1.6
20,rmsprop,cl_start,2034,0.001,1,clgrid_20_rmsprop_cl_start_s2034,321,142.1,516,992,839661.9,243543.5,0,842344.8,224063.2,219301.4,-2.1
20,rmsprop,cl_start,2035,0.001,1,clgrid_20_rmsprop_cl_start_s2035,321,173.8,916,1308,839487,243451.6,0,842344.8,224063.2,227545.5,1.6
20,rmsprop,cl_start,2036,0.001,2,clgrid_20_rmsprop_cl_start_s2036,321,159.9,721,1220,839125.4,243511.7,0,842344.8,224063.2,222791.7,-0.6
20,rmsprop,cl_start,2037,0.001,2,clgrid_20_rmsprop_cl_start_s2037,321,121.4,470,889,839734.9,243551.9,0,842344.8,224063.2,222106.3,-0.9
20,rmsprop,cl_start,2038,0.001,2,clgrid_20_rmsprop_cl_start_s2038,321,167.6,822,1273,839685.7,243523.6,0,842344.8,224063.2,222822,-0.6
20,rmsprop,cl_start,2039,0.001,2,clgrid_20_rmsprop_cl_start_s2039,321,124.9,463,923,839580.2,243518.1,0,842344.8,224063.2,223412.2,-0.3
20,rmsprop,cl_start,2040,0.001,2,clgrid_20_rmsprop_cl_start_s2040,321,134.5,496,989,839132.9,243537.4,0,842344.8,224063.2,224767,0.3
20,rmsprop,cl_start,2041,0.001,2,clgrid_20_rmsprop_cl_start_s2041,321,124.9,497,929,838516.4,243417.7,0,842344.8,224063.2,227830.6,1.7
20,rmsprop,cl_start,2042,0.001,2,clgrid_20_rmsprop_cl_start_s2042,321,134.3,338,956,839854.1,243574.9,0,842344.8,224063.2,227773.9,1.7
20,rmsprop,cl_start,2043,0.001,2,clgrid_20_rmsprop_cl_start_s2043,321,149.8,553,1005,839510.4,243585.5,0,842344.8,224063.2,225182.3,0.5
20,rmsprop,cl_start,2044,0.001,2,clgrid_20_rmsprop_cl_start_s2044,321,214.1,1200,1650,839299.7,243472.2,0,842344.8,224063.2,227794.1,1.7
20,rmsprop,cl_start,2045,0.001,2,clgrid_20_rmsprop_cl_start_s2045,321,233.9,1249,1803,839605.8,243540.7,0,842344.8,224063.2,225934.2,0.8
20,adam,cl_paper,2026,0.001,1,clgrid_20_adam_cl_paper_s2026,321,247.5,1900,1900,835486.4,246000.7,0,842344.8,224063.2,233527.2,4.2
20,adam,cl_paper,2027,0.001,1,clgrid_20_adam_cl_paper_s2027,321,244,1900,1900,836781.3,247261.1,0,842344.8,224063.2,232613.3,3.8
20,adam,cl_paper,2028,0.001,1,clgrid_20_adam_cl_paper_s2028,321,247.6,1900,1900,836446.7,246639.1,0,842344.8,224063.2,233186.1,4.1
20,adam,cl_paper,2029,0.001,1,clgrid_20_adam_cl_paper_s2029,321,247.7,1900,1900,837220,247193.6,0,842344.8,224063.2,233013,4
20,adam,cl_paper,2030,0.001,1,clgrid_20_adam_cl_paper_s2030,321,246.8,1900,1900,836937.5,246999.1,0,842344.8,224063.2,234229.2,4.5
20,adam,cl_paper,2031,0.001,1,clgrid_20_adam_cl_paper_s2031,321,244.1,1900,1900,836732.4,246752.8,0,842344.8,224063.2,232645.4,3.8
20,adam,cl_paper,2032,0.001,1,clgrid_20_adam_cl_paper_s2032,321,242.8,1900,1900,836688.2,246361,0,842344.8,224063.2,233705.9,4.3
20,adam,cl_paper,2033,0.001,1,clgrid_20_adam_cl_paper_s2033,321,248,1900,1900,836420.1,246551.2,0,842344.8,224063.2,233561.9,4.2
20,adam,cl_paper,2034,0.001,1,clgrid_20_adam_cl_paper_s2034,321,260.6,1900,1900,836484.3,246906.8,0,842344.8,224063.2,231994.3,3.5
20,adam,cl_paper,2035,0.001,1,clgrid_20_adam_cl_paper_s2035,321,244.9,1900,1900,836458.7,246770.1,0,842344.8,224063.2,233756.8,4.3
20,adam,cl_paper,2036,0.001,2,clgrid_20_adam_cl_paper_s2036,321,242.6,1900,1900,836438.7,246631.2,0,842344.8,224063.2,232913.6,3.9
20,adam,cl_paper,2037,0.001,2,clgrid_20_adam_cl_paper_s2037,321,242.9,1900,1900,836328.2,247001.9,0,842344.8,224063.2,234310.6,4.6
20,adam,cl_paper,2038,0.001,2,clgrid_20_adam_cl_paper_s2038,321,241.9,1900,1900,836545,246993,0,842344.8,224063.2,233440,4.2
20,adam,cl_paper,2039,0.001,2,clgrid_20_adam_cl_paper_s2039,321,243.6,1900,1900,836515.9,246566.3,0,842344.8,224063.2,233928.8,4.4
20,adam,cl_paper,2040,0.001,2,clgrid_20_adam_cl_paper_s2040,321,248.6,1900,1900,835819.2,245977.6,0,842344.8,224063.2,232924.2,4
20,adam,cl_paper,2041,0.001,2,clgrid_20_adam_cl_paper_s2041,321,249.9,1900,1900,836542.2,246600.9,0,842344.8,224063.2,232901,3.9
20,adam,cl_paper,2042,0.001,2,clgrid_20_adam_cl_paper_s2042,321,245.7,1900,1900,836245.4,246052.1,0,842344.8,224063.2,233173.4,4.1
20,adam,cl_paper,2043,0.001,2,clgrid_20_adam_cl_paper_s2043,321,259,1900,1900,836566.8,247262.9,0,842344.8,224063.2,233231.6,4.1
20,adam,cl_paper,2044,0.001,2,clgrid_20_adam_cl_paper_s2044,321,247.5,1900,1900,836925.7,247029.7,0,842344.8,224063.2,232281.1,3.7
20,adam,cl_paper,2045,0.001,2,clgrid_20_adam_cl_paper_s2045,321,249.2,1900,1900,837283.1,247197.7,0,842344.8,224063.2,233833.6,4.4
20,adam,cl_start,2026,0.001,1,clgrid_20_adam_cl_start_s2026,321,111.8,307,765,839607.9,243492,0,842344.8,224063.2,224121.3,0
20,adam,cl_start,2027,0.001,1,clgrid_20_adam_cl_start_s2027,321,125.4,408,884,839637.6,243533.9,0,842344.8,224063.2,223865.8,-0.1
20,adam,cl_start,2028,0.001,1,clgrid_20_adam_cl_start_s2028,321,116.8,374,817,839571.9,243547.4,0,842344.8,224063.2,226392.7,1
20,adam,cl_start,2029,0.001,1,clgrid_20_adam_cl_start_s2029,321,109.1,298,731,839711.9,243560.3,0,842344.8,224063.2,225958.2,0.8
20,adam,cl_start,2030,0.001,1,clgrid_20_adam_cl_start_s2030,321,118.6,384,830,839632.7,243514.5,0,842344.8,224063.2,224036.7,0
20,adam,cl_start,2031,0.001,1,clgrid_20_adam_cl_start_s2031,321,123.7,423,883,839873.9,243576.4,0,842344.8,224063.2,224949.6,0.4
20,adam,cl_start,2032,0.001,1,clgrid_20_adam_cl_start_s2032,321,133,494,953,838918.8,243503.3,0,842344.8,224063.2,225939,0.8
20,adam,cl_start,2033,0.001,1,clgrid_20_adam_cl_start_s2033,321,108.4,300,761,840032.8,243498.6,0,842344.8,224063.2,221935.5,-0.9
20,adam,cl_start,2034,0.001,1,clgrid_20_adam_cl_start_s2034,321,131.3,425,877,839639.3,243556.9,0,842344.8,224063.2,224016.6,0
20,adam,cl_start,2035,0.001,1,clgrid_20_adam_cl_start_s2035,321,121.4,403,832,839695.5,243492.7,0,842344.8,224063.2,223570.9,-0.2
20,adam,cl_start,2036,0.001,2,clgrid_20_adam_cl_start_s2036,321,122,405,882,839077.5,243511.1,0,842344.8,224063.2,225614.6,0.7
20,adam,cl_start,2037,0.001,2,clgrid_20_adam_cl_start_s2037,321,128.4,412,912,839706.9,243575.3,0,842344.8,224063.2,223360.9,-0.3
20,adam,cl_start,2038,0.001,2,clgrid_20_adam_cl_start_s2038,321,122.1,351,850,839276.6,243541.3,0,842344.8,224063.2,225166.9,0.5
20,adam,cl_start,2039,0.001,2,clgrid_20_adam_cl_start_s2039,321,127.6,427,890,839590.1,243522.9,0,842344.8,224063.2,225241.6,0.5
20,adam,cl_start,2040,0.001,2,clgrid_20_adam_cl_start_s2040,321,125.8,413,878,839558,243551.4,0,842344.8,224063.2,224495.8,0.2
20,adam,cl_start,2041,0.001,2,clgrid_20_adam_cl_start_s2041,321,125.3,464,857,838279,243425.3,0,842344.8,224063.2,225082.7,0.5
20,adam,cl_start,2042,0.001,2,clgrid_20_adam_cl_start_s2042,321,114.3,375,791,839753.4,243567.4,0,842344.8,224063.2,223005.2,-0.5
20,adam,cl_start,2043,0.001,2,clgrid_20_adam_cl_start_s2043,321,138.7,350,889,839936.7,243604.2,0,842344.8,224063.2,223446.2,-0.3
20,adam,cl_start,2044,0.001,2,clgrid_20_adam_cl_start_s2044,321,113.4,344,790,839590.4,243530.6,0,842344.8,224063.2,224253.4,0.1
20,adam,cl_start,2045,0.001,2,clgrid_20_adam_cl_start_s2045,321,142.4,522,1024,840047.3,243579.7,0,842344.8,224063.2,223947.3,-0.1
20,adamw,cl_paper,2026,0.001,1,clgrid_20_adamw_cl_paper_s2026,321,245.9,1900,1900,835486.9,246000.3,0,842344.8,224063.2,233525.8,4.2
20,adamw,cl_paper,2027,0.001,1,clgrid_20_adamw_cl_paper_s2027,321,245.1,1900,1900,836781.4,247260.8,0,842344.8,224063.2,232611.2,3.8
20,adamw,cl_paper,2028,0.001,1,clgrid_20_adamw_cl_paper_s2028,321,246.6,1900,1900,836445.5,246635.6,0,842344.8,224063.2,233185.7,4.1
20,adamw,cl_paper,2029,0.001,1,clgrid_20_adamw_cl_paper_s2029,321,247.8,1900,1900,837219.9,247193,0,842344.8,224063.2,233012.4,4
20,adamw,cl_paper,2030,0.001,1,clgrid_20_adamw_cl_paper_s2030,321,246.2,1900,1900,836937.2,246998.2,0,842344.8,224063.2,234229.4,4.5
20,adamw,cl_paper,2031,0.001,1,clgrid_20_adamw_cl_paper_s2031,321,242.5,1900,1900,836732.5,246752.4,0,842344.8,224063.2,232644.7,3.8
20,adamw,cl_paper,2032,0.001,1,clgrid_20_adamw_cl_paper_s2032,321,245.4,1900,1900,836688.2,246360.5,0,842344.8,224063.2,233704.1,4.3
20,adamw,cl_paper,2033,0.001,1,clgrid_20_adamw_cl_paper_s2033,321,248.3,1900,1900,836420.3,246551,0,842344.8,224063.2,233560.2,4.2
20,adamw,cl_paper,2034,0.001,1,clgrid_20_adamw_cl_paper_s2034,321,259.1,1900,1900,836484.1,246905.8,0,842344.8,224063.2,231993.7,3.5
20,adamw,cl_paper,2035,0.001,1,clgrid_20_adamw_cl_paper_s2035,321,249.1,1900,1900,836458.6,246769.4,0,842344.8,224063.2,233754.8,4.3
20,adamw,cl_paper,2036,0.001,2,clgrid_20_adamw_cl_paper_s2036,321,243.4,1900,1900,836438.6,246630.8,0,842344.8,224063.2,232911.8,3.9
20,adamw,cl_paper,2037,0.001,2,clgrid_20_adamw_cl_paper_s2037,321,241.9,1900,1900,836328.2,247001,0,842344.8,224063.2,234307.6,4.6
20,adamw,cl_paper,2038,0.001,2,clgrid_20_adamw_cl_paper_s2038,321,248.9,1900,1900,836544.4,246992,0,842344.8,224063.2,233450.7,4.2
20,adamw,cl_paper,2039,0.001,2,clgrid_20_adamw_cl_paper_s2039,321,246.7,1900,1900,836515.7,246565.6,0,842344.8,224063.2,233926.8,4.4
20,adamw,cl_paper,2040,0.001,2,clgrid_20_adamw_cl_paper_s2040,321,246.4,1900,1900,835820.1,245977.6,0,842344.8,224063.2,232922.5,4
20,adamw,cl_paper,2041,0.001,2,clgrid_20_adamw_cl_paper_s2041,321,249,1900,1900,836542.3,246598.7,0,842344.8,224063.2,232898.4,3.9
20,adamw,cl_paper,2042,0.001,2,clgrid_20_adamw_cl_paper_s2042,321,250.4,1900,1900,836245.6,246051.9,0,842344.8,224063.2,233049,4
20,adamw,cl_paper,2043,0.001,2,clgrid_20_adamw_cl_paper_s2043,321,262.7,1900,1900,836566.6,247262.2,0,842344.8,224063.2,233229.9,4.1
20,adamw,cl_paper,2044,0.001,2,clgrid_20_adamw_cl_paper_s2044,321,252.6,1900,1900,836925.3,247029.2,0,842344.8,224063.2,232280.3,3.7
20,adamw,cl_paper,2045,0.001,2,clgrid_20_adamw_cl_paper_s2045,321,248.4,1900,1900,837282.7,247196.9,0,842344.8,224063.2,233831.6,4.4
20,adamw,cl_start,2026,0.001,1,clgrid_20_adamw_cl_start_s2026,321,114.1,307,765,839607.9,243492,0,842344.8,224063.2,224120.7,0
20,adamw,cl_start,2027,0.001,1,clgrid_20_adamw_cl_start_s2027,321,124.8,407,883,839643.2,243533.9,0,842344.8,224063.2,223855.4,-0.1
20,adamw,cl_start,2028,0.001,1,clgrid_20_adamw_cl_start_s2028,321,117.9,374,817,839571.9,243547.5,0,842344.8,224063.2,226391.9,1
20,adamw,cl_start,2029,0.001,1,clgrid_20_adamw_cl_start_s2029,321,111.7,298,731,839712,243560.4,0,842344.8,224063.2,225957,0.8
20,adamw,cl_start,2030,0.001,1,clgrid_20_adamw_cl_start_s2030,321,118.5,384,830,839632.8,243514.5,0,842344.8,224063.2,224035.4,0
20,adamw,cl_start,2031,0.001,1,clgrid_20_adamw_cl_start_s2031,321,125.1,423,883,839874,243576.5,0,842344.8,224063.2,224948,0.4
20,adamw,cl_start,2032,0.001,1,clgrid_20_adamw_cl_start_s2032,321,135.7,494,953,838918.9,243503.3,0,842344.8,224063.2,225938.5,0.8
20,adamw,cl_start,2033,0.001,1,clgrid_20_adamw_cl_start_s2033,321,111.1,300,761,840032.9,243498.6,0,842344.8,224063.2,221935.1,-0.9
20,adamw,cl_start,2034,0.001,1,clgrid_20_adamw_cl_start_s2034,321,133.9,425,877,839639.4,243556.9,0,842344.8,224063.2,224016.4,0
20,adamw,cl_start,2035,0.001,1,clgrid_20_adamw_cl_start_s2035,321,121,403,832,839695.6,243492.7,0,842344.8,224063.2,223570.1,-0.2
20,adamw,cl_start,2036,0.001,2,clgrid_20_adamw_cl_start_s2036,321,124,406,883,838971.2,243510.8,0,842344.8,224063.2,225658.1,0.7
20,adamw,cl_start,2037,0.001,2,clgrid_20_adamw_cl_start_s2037,321,130.2,412,912,839707,243575.3,0,842344.8,224063.2,223359.3,-0.3
20,adamw,cl_start,2038,0.001,2,clgrid_20_adamw_cl_start_s2038,321,121,351,850,839276.4,243541.1,0,842344.8,224063.2,225162.4,0.5
20,adamw,cl_start,2039,0.001,2,clgrid_20_adamw_cl_start_s2039,321,125.8,427,890,839590.2,243522.9,0,842344.8,224063.2,225240.7,0.5
20,adamw,cl_start,2040,0.001,2,clgrid_20_adamw_cl_start_s2040,321,123.3,413,878,839558.1,243551.4,0,842344.8,224063.2,224495.5,0.2
20,adamw,cl_start,2041,0.001,2,clgrid_20_adamw_cl_start_s2041,321,165,758,1151,837771,243342.8,0,842344.8,224063.2,225185,0.5
20,adamw,cl_start,2042,0.001,2,clgrid_20_adamw_cl_start_s2042,321,114.1,375,791,839753.3,243567.2,0,842344.8,224063.2,223002.8,-0.5
20,adamw,cl_start,2043,0.001,2,clgrid_20_adamw_cl_start_s2043,321,136.8,350,889,839936.8,243604.2,0,842344.8,224063.2,223445.2,-0.3
20,adamw,cl_start,2044,0.001,2,clgrid_20_adamw_cl_start_s2044,321,119.7,344,790,839590.5,243530.6,0,842344.8,224063.2,224252.6,0.1
20,adamw,cl_start,2045,0.001,2,clgrid_20_adamw_cl_start_s2045,321,141.2,522,1024,840047.4,243579.8,0,842344.8,224063.2,223946.1,-0.1
20,adamax,cl_paper,2026,0.001,1,clgrid_20_adamax_cl_paper_s2026,321,243,1900,1900,835921.4,245309.1,0,842344.8,224063.2,232889.4,3.9
20,adamax,cl_paper,2027,0.001,1,clgrid_20_adamax_cl_paper_s2027,321,246.7,1900,1900,836602.1,246209.9,0,842344.8,224063.2,231353.7,3.3
20,adamax,cl_paper,2028,0.001,1,clgrid_20_adamax_cl_paper_s2028,321,241.1,1900,1900,836446.4,245769.8,0,842344.8,224063.2,233011.7,4
20,adamax,cl_paper,2029,0.001,1,clgrid_20_adamax_cl_paper_s2029,321,248.5,1900,1900,837478.3,246739.7,0,842344.8,224063.2,232292.4,3.7
20,adamax,cl_paper,2030,0.001,1,clgrid_20_adamax_cl_paper_s2030,321,243.6,1900,1900,837002.8,246360.2,0,842344.8,224063.2,233383.2,4.2
20,adamax,cl_paper,2031,0.001,1,clgrid_20_adamax_cl_paper_s2031,321,240.6,1900,1900,836798,246050,0,842344.8,224063.2,231826.5,3.5
20,adamax,cl_paper,2032,0.001,1,clgrid_20_adamax_cl_paper_s2032,321,241.9,1900,1900,836675.6,245644.8,0,842344.8,224063.2,233129.4,4
20,adamax,cl_paper,2033,0.001,1,clgrid_20_adamax_cl_paper_s2033,321,245.9,1900,1900,836599.4,245859.9,0,842344.8,224063.2,232048.6,3.6
20,adamax,cl_paper,2034,0.001,1,clgrid_20_adamax_cl_paper_s2034,321,259,1900,1900,836474.9,246046,0,842344.8,224063.2,231326.9,3.2
20,adamax,cl_paper,2035,0.001,1,clgrid_20_adamax_cl_paper_s2035,321,245.9,1900,1900,836464.8,246019.9,0,842344.8,224063.2,233073.2,4
20,adamax,cl_paper,2036,0.001,2,clgrid_20_adamax_cl_paper_s2036,321,241.4,1900,1900,836398.4,245975.1,0,842344.8,224063.2,231884.4,3.5
20,adamax,cl_paper,2037,0.001,2,clgrid_20_adamax_cl_paper_s2037,321,237.5,1900,1900,836479.8,246227,0,842344.8,224063.2,232960.9,4
20,adamax,cl_paper,2038,0.001,2,clgrid_20_adamax_cl_paper_s2038,321,239.2,1900,1900,836418.9,246270.6,0,842344.8,224063.2,232296.8,3.7
20,adamax,cl_paper,2039,0.001,2,clgrid_20_adamax_cl_paper_s2039,321,244.5,1900,1900,836661.1,245862.9,0,842344.8,224063.2,232805.1,3.9
20,adamax,cl_paper,2040,0.001,2,clgrid_20_adamax_cl_paper_s2040,321,250.2,1900,1900,836495.4,245462.4,0,842344.8,224063.2,230967.5,3.1
20,adamax,cl_paper,2041,0.001,2,clgrid_20_adamax_cl_paper_s2041,321,246.7,1900,1900,836719.5,245815.8,0,842344.8,224063.2,232408.6,3.7
20,adamax,cl_paper,2042,0.001,2,clgrid_20_adamax_cl_paper_s2042,321,246.1,1900,1900,836357.6,245354.6,0,842344.8,224063.2,231390.8,3.3
20,adamax,cl_paper,2043,0.001,2,clgrid_20_adamax_cl_paper_s2043,321,249,1900,1900,836509.1,246495.3,0,842344.8,224063.2,232504.4,3.8
20,adamax,cl_paper,2044,0.001,2,clgrid_20_adamax_cl_paper_s2044,321,245.5,1900,1900,836927.3,246328.3,0,842344.8,224063.2,231519.2,3.3
20,adamax,cl_paper,2045,0.001,2,clgrid_20_adamax_cl_paper_s2045,321,241.5,1900,1900,837225,246269.7,0,842344.8,224063.2,232449.1,3.7
20,adamax,cl_start,2026,0.001,1,clgrid_20_adamax_cl_start_s2026,321,127.9,407,888,839551.2,243496.5,0,842344.8,224063.2,224216.7,0.1
20,adamax,cl_start,2027,0.001,1,clgrid_20_adamax_cl_start_s2027,321,153.2,719,1138,839671.2,243531.4,0,842344.8,224063.2,224193.5,0.1
20,adamax,cl_start,2028,0.001,1,clgrid_20_adamax_cl_start_s2028,321,135.5,534,1000,839544.5,243544.6,0,842344.8,224063.2,226666,1.2
20,adamax,cl_start,2029,0.001,1,clgrid_20_adamax_cl_start_s2029,321,134,420,913,839739.2,243559.1,0,842344.8,224063.2,226672,1.2
20,adamax,cl_start,2030,0.001,1,clgrid_20_adamax_cl_start_s2030,321,155.9,655,1139,839651.2,243524.4,0,842344.8,224063.2,224528.7,0.2
20,adamax,cl_start,2031,0.001,1,clgrid_20_adamax_cl_start_s2031,321,129.4,435,897,840123.4,243613.6,0,842344.8,224063.2,224926.8,0.4
20,adamax,cl_start,2032,0.001,1,clgrid_20_adamax_cl_start_s2032,321,173.3,869,1296,839441.6,243501.4,0,842344.8,224063.2,224817,0.3
20,adamax,cl_start,2033,0.001,1,clgrid_20_adamax_cl_start_s2033,321,131.9,477,959,839767.9,243500.3,0,842344.8,224063.2,222045.8,-0.9
20,adamax,cl_start,2034,0.001,1,clgrid_20_adamax_cl_start_s2034,321,176.8,780,1227,839683.1,243560.8,0,842344.8,224063.2,223652.7,-0.2
20,adamax,cl_start,2035,0.001,1,clgrid_20_adamax_cl_start_s2035,321,133.9,549,949,839814.8,243510.2,0,842344.8,224063.2,221965.7,-0.9
20,adamax,cl_start,2036,0.001,2,clgrid_20_adamax_cl_start_s2036,321,140.6,581,1035,839538.8,243528.4,0,842344.8,224063.2,224498.8,0.2
20,adamax,cl_start,2037,0.001,2,clgrid_20_adamax_cl_start_s2037,321,148.5,597,1104,839754.5,243582,0,842344.8,224063.2,222740.5,-0.6
20,adamax,cl_start,2038,0.001,2,clgrid_20_adamax_cl_start_s2038,321,158.4,684,1203,839628.6,243519.2,0,842344.8,224063.2,225034.9,0.4
20,adamax,cl_start,2039,0.001,2,clgrid_20_adamax_cl_start_s2039,321,164.6,805,1248,839609.8,243527.9,0,842344.8,224063.2,225073.9,0.5
20,adamax,cl_start,2040,0.001,2,clgrid_20_adamax_cl_start_s2040,321,181,937,1363,839459.2,243544.1,0,842344.8,224063.2,224670.7,0.3
20,adamax,cl_start,2041,0.001,2,clgrid_20_adamax_cl_start_s2041,321,144,548,1007,838385,243424.4,0,842344.8,224063.2,224455.9,0.2
20,adamax,cl_start,2042,0.001,2,clgrid_20_adamax_cl_start_s2042,321,143.1,584,1039,840285.5,243650,0,842344.8,224063.2,222971.9,-0.5
20,adamax,cl_start,2043,0.001,2,clgrid_20_adamax_cl_start_s2043,321,123.9,426,834,839908.7,243606.1,0,842344.8,224063.2,224041.5,0
20,adamax,cl_start,2044,0.001,2,clgrid_20_adamax_cl_start_s2044,321,160.5,697,1156,839536.2,243540.2,0,842344.8,224063.2,225299.9,0.6
20,adamax,cl_start,2045,0.001,2,clgrid_20_adamax_cl_start_s2045,321,223.8,1266,1736,839901.4,243560.9,0,842344.8,224063.2,224339,0.1
20,nadam,cl_paper,2026,0.001,1,clgrid_20_nadam_cl_paper_s2026,321,251.5,1900,1900,835420.2,245974.8,0,842344.8,224063.2,232261.1,3.7
20,nadam,cl_paper,2027,0.001,1,clgrid_20_nadam_cl_paper_s2027,321,249.5,1900,1900,836746.8,247237.8,0,842344.8,224063.2,232293.3,3.7
20,nadam,cl_paper,2028,0.001,1,clgrid_20_nadam_cl_paper_s2028,321,246.5,1900,1900,836404.4,246497.1,0,842344.8,224063.2,233372.1,4.2
20,nadam,cl_paper,2029,0.001,1,clgrid_20_nadam_cl_paper_s2029,321,249.7,1900,1900,837187.5,247135,0,842344.8,224063.2,232326.2,3.7
20,nadam,cl_paper,2030,0.001,1,clgrid_20_nadam_cl_paper_s2030,321,250,1900,1900,836867.6,246933.4,0,842344.8,224063.2,232897,3.9
20,nadam,cl_paper,2031,0.001,1,clgrid_20_nadam_cl_paper_s2031,321,252.9,1900,1900,836714.2,246724.1,0,842344.8,224063.2,231878.4,3.5
20,nadam,cl_paper,2032,0.001,1,clgrid_20_nadam_cl_paper_s2032,321,248.8,1900,1900,836717.9,246384.8,0,842344.8,224063.2,235721.9,5.2
20,nadam,cl_paper,2033,0.001,1,clgrid_20_nadam_cl_paper_s2033,321,247.2,1900,1900,836431.5,246592.6,0,842344.8,224063.2,234104.3,4.5
20,nadam,cl_paper,2034,0.001,1,clgrid_20_nadam_cl_paper_s2034,321,263.2,1900,1900,836466.9,246873.8,0,842344.8,224063.2,232024.7,3.6
20,nadam,cl_paper,2035,0.001,1,clgrid_20_nadam_cl_paper_s2035,321,253.2,1900,1900,836426.8,246759.7,0,842344.8,224063.2,233420.6,4.2
20,nadam,cl_paper,2036,0.001,2,clgrid_20_nadam_cl_paper_s2036,321,247.5,1900,1900,836414.3,246628.8,0,842344.8,224063.2,232751.3,3.9
20,nadam,cl_paper,2037,0.001,2,clgrid_20_nadam_cl_paper_s2037,321,247.1,1900,1900,836273.5,246946,0,842344.8,224063.2,235173.1,5
20,nadam,cl_paper,2038,0.001,2,clgrid_20_nadam_cl_paper_s2038,321,247.5,1900,1900,836454.2,246876.5,0,842344.8,224063.2,233660.7,4.3
20,nadam,cl_paper,2039,0.001,2,clgrid_20_nadam_cl_paper_s2039,321,247.2,1900,1900,836555.5,246556.9,0,842344.8,224063.2,234933,4.9
20,nadam,cl_paper,2040,0.001,2,clgrid_20_nadam_cl_paper_s2040,321,252.7,1900,1900,835911.2,246149,0,842344.8,224063.2,233523.8,4.2
20,nadam,cl_paper,2041,0.001,2,clgrid_20_nadam_cl_paper_s2041,321,256.2,1900,1900,836487.5,246593.1,0,842344.8,224063.2,231897.4,3.5
20,nadam,cl_paper,2042,0.001,2,clgrid_20_nadam_cl_paper_s2042,321,253,1900,1900,836360.4,246190.1,0,842344.8,224063.2,233492.9,4.2
20,nadam,cl_paper,2043,0.001,2,clgrid_20_nadam_cl_paper_s2043,321,260.1,1900,1900,836531.3,247244.1,0,842344.8,224063.2,233120.7,4
20,nadam,cl_paper,2044,0.001,2,clgrid_20_nadam_cl_paper_s2044,321,254.1,1900,1900,836847.9,246973,0,842344.8,224063.2,230706.4,3
20,nadam,cl_paper,2045,0.001,2,clgrid_20_nadam_cl_paper_s2045,321,251.4,1900,1900,837250,247195.2,0,842344.8,224063.2,232167.1,3.6
20,nadam,cl_start,2026,0.001,1,clgrid_20_nadam_cl_start_s2026,321,115.9,359,770,839513.9,243490,0,842344.8,224063.2,223551.6,-0.2
20,nadam,cl_start,2027,0.001,1,clgrid_20_nadam_cl_start_s2027,321,137.4,490,957,839620.6,243542.3,0,842344.8,224063.2,222826.1,-0.6
20,nadam,cl_start,2028,0.001,1,clgrid_20_nadam_cl_start_s2028,321,138.4,372,943,839698.4,243549.2,0,842344.8,224063.2,226219.2,1
20,nadam,cl_start,2029,0.001,1,clgrid_20_nadam_cl_start_s2029,321,116,349,778,839776.7,243573.7,0,842344.8,224063.2,225564.2,0.7
20,nadam,cl_start,2030,0.001,1,clgrid_20_nadam_cl_start_s2030,321,125.6,413,852,839629,243519.4,0,842344.8,224063.2,223079.4,-0.4
20,nadam,cl_start,2031,0.001,1,clgrid_20_nadam_cl_start_s2031,321,141.1,431,960,839876.5,243587.4,0,842344.8,224063.2,225035.5,0.4
20,nadam,cl_start,2032,0.001,1,clgrid_20_nadam_cl_start_s2032,321,131.9,489,884,839023.4,243509.6,0,842344.8,224063.2,224711.8,0.3
20,nadam,cl_start,2033,0.001,1,clgrid_20_nadam_cl_start_s2033,321,134.4,399,919,839935.9,243506.5,0,842344.8,224063.2,220894.2,-1.4
20,nadam,cl_start,2034,0.001,1,clgrid_20_nadam_cl_start_s2034,321,160.8,445,1091,839632.4,243559.5,0,842344.8,224063.2,223278.9,-0.4
20,nadam,cl_start,2035,0.001,1,clgrid_20_nadam_cl_start_s2035,321,131.5,437,860,839674.1,243505.5,0,842344.8,224063.2,221846.3,-1
20,nadam,cl_start,2036,0.001,2,clgrid_20_nadam_cl_start_s2036,321,125.8,414,844,838969.5,243504.3,0,842344.8,224063.2,224829.5,0.3
20,nadam,cl_start,2037,0.001,2,clgrid_20_nadam_cl_start_s2037,321,131.2,434,910,839814.6,243581.9,0,842344.8,224063.2,221496.7,-1.1
20,nadam,cl_start,2038,0.001,2,clgrid_20_nadam_cl_start_s2038,321,133.7,411,911,838840,243503.5,0,842344.8,224063.2,223984.8,0
20,nadam,cl_start,2039,0.001,2,clgrid_20_nadam_cl_start_s2039,321,132.7,499,913,839553.7,243521,0,842344.8,224063.2,224847.2,0.3
20,nadam,cl_start,2040,0.001,2,clgrid_20_nadam_cl_start_s2040,321,138.2,506,940,839526.8,243546.9,0,842344.8,224063.2,223362.1,-0.3
20,nadam,cl_start,2041,0.001,2,clgrid_20_nadam_cl_start_s2041,321,166.1,717,1164,838016.2,243351.6,0,842344.8,224063.2,223391.4,-0.3
20,nadam,cl_start,2042,0.001,2,clgrid_20_nadam_cl_start_s2042,321,135.9,462,903,839956.6,243570.8,0,842344.8,224063.2,223729.5,-0.1
20,nadam,cl_start,2043,0.001,2,clgrid_20_nadam_cl_start_s2043,321,135.7,492,900,839791.7,243614,0,842344.8,224063.2,223610.2,-0.2
20,nadam,cl_start,2044,0.001,2,clgrid_20_nadam_cl_start_s2044,321,144.9,559,976,839585.5,243541.8,0,842344.8,224063.2,224994.4,0.4
20,nadam,cl_start,2045,0.001,2,clgrid_20_nadam_cl_start_s2045,321,155.8,647,1058,839908.9,243568.3,0,842344.8,224063.2,223296.5,-0.3
20-20-15,sgd,cl_paper,2026,0.001,1,clgrid_20-20-15_sgd_cl_paper_s2026,1051,237.6,1900,1900,837414.1,244056.6,0,842344.8,224063.2,225497.9,0.6
20-20-15,sgd,cl_paper,2027,0.001,1,clgrid_20-20-15_sgd_cl_paper_s2027,1051,233.5,1900,1900,838080.3,244067.7,0,842344.8,224063.2,224259.6,0.1
20-20-15,sgd,cl_paper,2028,0.001,1,clgrid_20-20-15_sgd_cl_paper_s2028,1051,234.8,1900,1900,839060.3,245693.4,0,842344.8,224063.2,225080.5,0.5
20-20-15,sgd,cl_paper,2029,0.001,1,clgrid_20-20-15_sgd_cl_paper_s2029,1051,236.6,1900,1900,838228.8,246042.4,0,842344.8,224063.2,227941.9,1.7
20-20-15,sgd,cl_paper,2030,0.001,1,clgrid_20-20-15_sgd_cl_paper_s2030,1051,239.2,1900,1900,839631.2,244924.6,0,842344.8,224063.2,226751,1.2
20-20-15,sgd,cl_paper,2031,0.001,1,clgrid_20-20-15_sgd_cl_paper_s2031,1051,232.9,1900,1900,838448.6,244921.1,0,842344.8,224063.2,227787.9,1.7
20-20-15,sgd,cl_paper,2032,0.001,1,clgrid_20-20-15_sgd_cl_paper_s2032,1051,242.2,1900,1900,837884.4,244868,0,842344.8,224063.2,227377.7,1.5
20-20-15,sgd,cl_paper,2033,0.001,1,clgrid_20-20-15_sgd_cl_paper_s2033,1051,235.1,1900,1900,838759.6,245310.2,0,842344.8,224063.2,223659.4,-0.2
20-20-15,sgd,cl_paper,2034,0.001,1,clgrid_20-20-15_sgd_cl_paper_s2034,1051,249.2,1900,1900,838279.5,245164.4,0,842344.8,224063.2,228043.9,1.8
20-20-15,sgd,cl_paper,2035,0.001,1,clgrid_20-20-15_sgd_cl_paper_s2035,1051,238,1900,1900,839817.3,244834.9,0,842344.8,224063.2,226237.2,1
20-20-15,sgd,cl_paper,2036,0.001,2,clgrid_20-20-15_sgd_cl_paper_s2036,1051,238,1900,1900,836772.1,245107.6,0,842344.8,224063.2,224888.6,0.4
20-20-15,sgd,cl_paper,2037,0.001,2,clgrid_20-20-15_sgd_cl_paper_s2037,1051,236.6,1900,1900,839408.6,245447.7,0,842344.8,224063.2,223585.6,-0.2
20-20-15,sgd,cl_paper,2038,0.001,2,clgrid_20-20-15_sgd_cl_paper_s2038,1051,237.6,1900,1900,837738.9,245277.9,0,842344.8,224063.2,225379,0.6
20-20-15,sgd,cl_paper,2039,0.001,2,clgrid_20-20-15_sgd_cl_paper_s2039,1051,239.6,1900,1900,838392.9,245187.6,0,842344.8,224063.2,224703,0.3
20-20-15,sgd,cl_paper,2040,0.001,2,clgrid_20-20-15_sgd_cl_paper_s2040,1051,245.4,1900,1900,839365.2,244992.5,0,842344.8,224063.2,227423.3,1.5
20-20-15,sgd,cl_paper,2041,0.001,2,clgrid_20-20-15_sgd_cl_paper_s2041,1051,240.3,1900,1900,838170,244577.9,0,842344.8,224063.2,226245.7,1
20-20-15,sgd,cl_paper,2042,0.001,2,clgrid_20-20-15_sgd_cl_paper_s2042,1051,245.3,1900,1900,839179.3,245050.5,0,842344.8,224063.2,226171.2,0.9
20-20-15,sgd,cl_paper,2043,0.001,2,clgrid_20-20-15_sgd_cl_paper_s2043,1051,247.3,1900,1900,839664.2,244597.8,0,842344.8,224063.2,224501.8,0.2
20-20-15,sgd,cl_paper,2044,0.001,2,clgrid_20-20-15_sgd_cl_paper_s2044,1051,236.4,1900,1900,838057.4,245026,0,842344.8,224063.2,228921.3,2.2
20-20-15,sgd,cl_paper,2045,0.001,2,clgrid_20-20-15_sgd_cl_paper_s2045,1051,235.2,1900,1900,839222.5,244931.3,0,842344.8,224063.2,227754.9,1.6
20-20-15,sgd,cl_start,2026,0.001,1,clgrid_20-20-15_sgd_cl_start_s2026,1051,617.1,4717,4975,838312.4,243343.3,0,842344.8,224063.2,224648.1,0.3
20-20-15,sgd,cl_start,2027,0.001,1,clgrid_20-20-15_sgd_cl_start_s2027,1051,414.8,3066,3351,838696.4,243440.7,0,842344.8,224063.2,223188.5,-0.4
20-20-15,sgd,cl_start,2028,0.001,1,clgrid_20-20-15_sgd_cl_start_s2028,1051,445.3,3325,3593,840393.5,243741.8,0,842344.8,224063.2,223571.1,-0.2
20-20-15,sgd,cl_start,2029,0.001,1,clgrid_20-20-15_sgd_cl_start_s2029,1051,510.2,3936,4201,840022.3,243550.3,0,842344.8,224063.2,223260.7,-0.4
20-20-15,sgd,cl_start,2030,0.001,1,clgrid_20-20-15_sgd_cl_start_s2030,1051,511.6,3898,4145,840116.8,243624.2,0,842344.8,224063.2,224767.4,0.3
20-20-15,sgd,cl_start,2031,0.001,1,clgrid_20-20-15_sgd_cl_start_s2031,1051,413.3,3009,3315,840483.4,243682.6,0,842344.8,224063.2,224442.3,0.2
20-20-15,sgd,cl_start,2032,0.001,1,clgrid_20-20-15_sgd_cl_start_s2032,1051,481.4,3506,3792,840047.4,243607.8,0,842344.8,224063.2,224042.8,0
20-20-15,sgd,cl_start,2033,0.001,1,clgrid_20-20-15_sgd_cl_start_s2033,1051,427.7,3161,3447,840597,243653.5,0,842344.8,224063.2,222051.9,-0.9
20-20-15,sgd,cl_start,2034,0.001,1,clgrid_20-20-15_sgd_cl_start_s2034,1051,550.1,4033,4319,839847.2,243563.5,0,842344.8,224063.2,224941,0.4
20-20-15,sgd,cl_start,2035,0.001,1,clgrid_20-20-15_sgd_cl_start_s2035,1051,364.4,2562,2866,841117.5,243778,0,842344.8,224063.2,223310.4,-0.3
20-20-15,sgd,cl_start,2036,0.001,2,clgrid_20-20-15_sgd_cl_start_s2036,1051,426.9,3160,3446,838490.6,243522.7,0,842344.8,224063.2,223329.4,-0.3
20-20-15,sgd,cl_start,2037,0.001,2,clgrid_20-20-15_sgd_cl_start_s2037,1051,472.9,3637,3882,840518.4,243753.4,0,842344.8,224063.2,221852.6,-1
20-20-15,sgd,cl_start,2038,0.001,2,clgrid_20-20-15_sgd_cl_start_s2038,1051,536.9,4029,4292,839389.8,243497.4,0,842344.8,224063.2,223886.9,-0.1
20-20-15,sgd,cl_start,2039,0.001,2,clgrid_20-20-15_sgd_cl_start_s2039,1051,496.9,3748,4025,839841,243522.5,0,842344.8,224063.2,223802.3,-0.1
20-20-15,sgd,cl_start,2040,0.001,2,clgrid_20-20-15_sgd_cl_start_s2040,1051,438.4,3108,3394,840477.1,243635.5,0,842344.8,224063.2,224340,0.1
20-20-15,sgd,cl_start,2041,0.001,2,clgrid_20-20-15_sgd_cl_start_s2041,1051,437.4,3222,3519,839921.1,243581.4,0,842344.8,224063.2,223842.9,-0.1
20-20-15,sgd,cl_start,2042,0.001,2,clgrid_20-20-15_sgd_cl_start_s2042,1051,388.3,2775,3081,841220.8,243826.8,0,842344.8,224063.2,222983.9,-0.5
20-20-15,sgd,cl_start,2043,0.001,2,clgrid_20-20-15_sgd_cl_start_s2043,1051,573.8,4319,4564,840126.5,243540.8,0,842344.8,224063.2,223785.9,-0.1
20-20-15,sgd,cl_start,2044,0.001,2,clgrid_20-20-15_sgd_cl_start_s2044,1051,524.5,3905,4194,839913.2,243485.8,0,842344.8,224063.2,224303.8,0.1
20-20-15,sgd,cl_start,2045,0.001,2,clgrid_20-20-15_sgd_cl_start_s2045,1051,261,1695,2022,841068.9,243836.8,0,842344.8,224063.2,223980,0
20-20-15,sgd_momentum,cl_paper,2026,0.001,1,clgrid_20-20-15_sgd_momentum_cl_paper_s2026,1051,243.6,1900,1900,829821.1,254426.9,0,842344.8,224063.2,230841.1,3
20-20-15,sgd_momentum,cl_paper,2027,0.001,1,clgrid_20-20-15_sgd_momentum_cl_paper_s2027,1051,240.4,1900,1900,835728.9,250462.7,0,842344.8,224063.2,225207.8,0.5
20-20-15,sgd_momentum,cl_paper,2028,0.001,1,clgrid_20-20-15_sgd_momentum_cl_paper_s2028,1051,245.4,1900,1900,1530643,431542.5,0,842344.8,224063.2,124805.3,-44.3
20-20-15,sgd_momentum,cl_paper,2029,0.001,1,clgrid_20-20-15_sgd_momentum_cl_paper_s2029,1051,241.6,1900,1900,829896.1,254175.7,0,842344.8,224063.2,229706.2,2.5
20-20-15,sgd_momentum,cl_paper,2030,0.001,1,clgrid_20-20-15_sgd_momentum_cl_paper_s2030,1051,246.6,1900,1900,837052.4,249362.7,0,842344.8,224063.2,228210,1.9
20-20-15,sgd_momentum,cl_paper,2031,0.001,1,clgrid_20-20-15_sgd_momentum_cl_paper_s2031,1051,240.3,1900,1900,836663.9,250998.9,0,842344.8,224063.2,230021.5,2.7
20-20-15,sgd_momentum,cl_paper,2032,0.001,1,clgrid_20-20-15_sgd_momentum_cl_paper_s2032,1051,244.2,1900,1900,836292,254904.1,0,842344.8,224063.2,230109.7,2.7
20-20-15,sgd_momentum,cl_paper,2033,0.001,1,clgrid_20-20-15_sgd_momentum_cl_paper_s2033,1051,245.1,1900,1900,836280,249971.2,0,842344.8,224063.2,228290,1.9
20-20-15,sgd_momentum,cl_paper,2034,0.001,1,clgrid_20-20-15_sgd_momentum_cl_paper_s2034,1051,261.8,1900,1900,836395.8,248691.4,0,842344.8,224063.2,231577.3,3.4
20-20-15,sgd_momentum,cl_paper,2035,0.001,1,clgrid_20-20-15_sgd_momentum_cl_paper_s2035,1051,245.8,1900,1900,836791,248903.3,0,842344.8,224063.2,230913.5,3.1
20-20-15,sgd_momentum,cl_paper,2036,0.001,2,clgrid_20-20-15_sgd_momentum_cl_paper_s2036,1051,247.3,1900,1900,830494,254322,0,842344.8,224063.2,226880.6,1.3
20-20-15,sgd_momentum,cl_paper,2037,0.001,2,clgrid_20-20-15_sgd_momentum_cl_paper_s2037,1051,245.3,1900,1900,827348.6,264500.9,0,842344.8,224063.2,227638.5,1.6
20-20-15,sgd_momentum,cl_paper,2038,0.001,2,clgrid_20-20-15_sgd_momentum_cl_paper_s2038,1051,242.7,1900,1900,836681.1,248009.2,0,842344.8,224063.2,229664.5,2.5
20-20-15,sgd_momentum,cl_paper,2039,0.001,2,clgrid_20-20-15_sgd_momentum_cl_paper_s2039,1051,243.1,1900,1900,836044.3,248837.5,0,842344.8,224063.2,226985.9,1.3
20-20-15,sgd_momentum,cl_paper,2040,0.001,2,clgrid_20-20-15_sgd_momentum_cl_paper_s2040,1051,253.3,1900,1900,832941.4,250484.3,0,842344.8,224063.2,230292.2,2.8
20-20-15,sgd_momentum,cl_paper,2041,0.001,2,clgrid_20-20-15_sgd_momentum_cl_paper_s2041,1051,242.5,1900,1900,835983.8,250132.6,0,842344.8,224063.2,229252,2.3
20-20-15,sgd_momentum,cl_paper,2042,0.001,2,clgrid_20-20-15_sgd_momentum_cl_paper_s2042,1051,252.8,1900,1900,837678.1,250370.1,0,842344.8,224063.2,228175.1,1.8
20-20-15,sgd_momentum,cl_paper,2043,0.001,2,clgrid_20-20-15_sgd_momentum_cl_paper_s2043,1051,245.3,1900,1900,836250.3,250416,0,842344.8,224063.2,228870.3,2.1
20-20-15,sgd_momentum,cl_paper,2044,0.001,2,clgrid_20-20-15_sgd_momentum_cl_paper_s2044,1051,249,1900,1900,837132.5,250538,0,842344.8,224063.2,229669.5,2.5
20-20-15,sgd_momentum,cl_paper,2045,0.001,2,clgrid_20-20-15_sgd_momentum_cl_paper_s2045,1051,250.8,1900,1900,837168.5,249857.1,0,842344.8,224063.2,230996.9,3.1
20-20-15,sgd_momentum,cl_start,2026,0.001,1,clgrid_20-20-15_sgd_momentum_cl_start_s2026,1051,175.3,910,1292,838154.3,243297.1,0,842344.8,224063.2,224495.5,0.2
20-20-15,sgd_momentum,cl_start,2027,0.001,1,clgrid_20-20-15_sgd_momentum_cl_start_s2027,1051,333.5,2334,2655,838514.9,243320.6,0,842344.8,224063.2,222321.6,-0.8
20-20-15,sgd_momentum,cl_start,2028,0.001,1,clgrid_20-20-15_sgd_momentum_cl_start_s2028,1051,337.6,2318,2626,839290.4,243534.7,0,842344.8,224063.2,223588.9,-0.2
20-20-15,sgd_momentum,cl_start,2029,0.001,1,clgrid_20-20-15_sgd_momentum_cl_start_s2029,1051,101.1,294,679,840470.6,243579.9,0,842344.8,224063.2,222933,-0.5
20-20-15,sgd_momentum,cl_start,2030,0.001,1,clgrid_20-20-15_sgd_momentum_cl_start_s2030,1051,324.7,2171,2500,839583.1,243523.3,0,842344.8,224063.2,225023.6,0.4
20-20-15,sgd_momentum,cl_start,2031,0.001,1,clgrid_20-20-15_sgd_momentum_cl_start_s2031,1051,185.7,1025,1391,840413.8,243613.1,0,842344.8,224063.2,223928,-0.1
20-20-15,sgd_momentum,cl_start,2032,0.001,1,clgrid_20-20-15_sgd_momentum_cl_start_s2032,1051,232.6,1425,1771,839826.5,243566.4,0,842344.8,224063.2,223991.9,0
20-20-15,sgd_momentum,cl_start,2033,0.001,1,clgrid_20-20-15_sgd_momentum_cl_start_s2033,1051,198,1085,1470,840078.1,243509.4,0,842344.8,224063.2,222819.5,-0.6
20-20-15,sgd_momentum,cl_start,2034,0.001,1,clgrid_20-20-15_sgd_momentum_cl_start_s2034,1051,178.4,881,1248,840034.6,243552.5,0,842344.8,224063.2,224118.9,0
20-20-15,sgd_momentum,cl_start,2035,0.001,1,clgrid_20-20-15_sgd_momentum_cl_start_s2035,1051,264.9,1694,2038,840386.3,243565.1,0,842344.8,224063.2,223092.6,-0.4
20-20-15,sgd_momentum,cl_start,2036,0.001,2,clgrid_20-20-15_sgd_momentum_cl_start_s2036,1051,214,1275,1622,837896.5,243495.1,0,842344.8,224063.2,222915.2,-0.5
20-20-15,sgd_momentum,cl_start,2037,0.001,2,clgrid_20-20-15_sgd_momentum_cl_start_s2037,1051,263,1667,2013,840317.7,243718.8,0,842344.8,224063.2,221218.1,-1.3
20-20-15,sgd_momentum,cl_start,2038,0.001,2,clgrid_20-20-15_sgd_momentum_cl_start_s2038,1051,222.9,1372,1716,839154.8,243469.2,0,842344.8,224063.2,223550.5,-0.2
20-20-15,sgd_momentum,cl_start,2039,0.001,2,clgrid_20-20-15_sgd_momentum_cl_start_s2039,1051,178.6,953,1338,839729.6,243484.1,0,842344.8,224063.2,223734,-0.1
20-20-15,sgd_momentum,cl_start,2040,0.001,2,clgrid_20-20-15_sgd_momentum_cl_start_s2040,1051,286.8,1846,2192,840007,243540.9,0,842344.8,224063.2,223618.1,-0.2
20-20-15,sgd_momentum,cl_start,2041,0.001,2,clgrid_20-20-15_sgd_momentum_cl_start_s2041,1051,160.4,817,1183,839960.4,243529.9,0,842344.8,224063.2,223684,-0.2
20-20-15,sgd_momentum,cl_start,2042,0.001,2,clgrid_20-20-15_sgd_momentum_cl_start_s2042,1051,125.9,453,837,841176.3,243769.2,0,842344.8,224063.2,223326.3,-0.3
20-20-15,sgd_momentum,cl_start,2043,0.001,2,clgrid_20-20-15_sgd_momentum_cl_start_s2043,1051,219.6,1252,1617,839902.7,243364.8,0,842344.8,224063.2,222448.8,-0.7
20-20-15,sgd_momentum,cl_start,2044,0.001,2,clgrid_20-20-15_sgd_momentum_cl_start_s2044,1051,146.9,699,1068,840323.8,243486.1,0,842344.8,224063.2,224245.6,0.1
20-20-15,sgd_momentum,cl_start,2045,0.001,2,clgrid_20-20-15_sgd_momentum_cl_start_s2045,1051,119.3,431,818,840635,243774,0,842344.8,224063.2,223819.3,-0.1
20-20-15,sgd_nesterov,cl_paper,2026,0.001,1,clgrid_20-20-15_sgd_nesterov_cl_paper_s2026,1051,243.1,1900,1900,839319.5,244207.7,0,842344.8,224063.2,228823.4,2.1
20-20-15,sgd_nesterov,cl_paper,2027,0.001,1,clgrid_20-20-15_sgd_nesterov_cl_paper_s2027,1051,248.1,1900,1900,1151236.7,327456,0,842344.8,224063.2,154139.2,-31.2
20-20-15,sgd_nesterov,cl_paper,2028,0.001,1,clgrid_20-20-15_sgd_nesterov_cl_paper_s2028,1051,251.3,1900,1900,,,1,842344.8,224063.2,,
20-20-15,sgd_nesterov,cl_paper,2029,0.001,1,clgrid_20-20-15_sgd_nesterov_cl_paper_s2029,1051,243.3,1900,1900,1365766.6,387440.5,0,842344.8,224063.2,140072.2,-37.5
20-20-15,sgd_nesterov,cl_paper,2030,0.001,1,clgrid_20-20-15_sgd_nesterov_cl_paper_s2030,1051,248.1,1900,1900,836932.6,249619.7,0,842344.8,224063.2,228279.5,1.9
20-20-15,sgd_nesterov,cl_paper,2031,0.001,1,clgrid_20-20-15_sgd_nesterov_cl_paper_s2031,1051,245.9,1900,1900,844407.4,255153.3,0,842344.8,224063.2,239314.8,6.8
20-20-15,sgd_nesterov,cl_paper,2032,0.001,1,clgrid_20-20-15_sgd_nesterov_cl_paper_s2032,1051,243.7,1900,1900,844851.5,247468.3,0,842344.8,224063.2,230114.6,2.7
20-20-15,sgd_nesterov,cl_paper,2033,0.001,1,clgrid_20-20-15_sgd_nesterov_cl_paper_s2033,1051,247.2,1900,1900,836170.5,250099.7,0,842344.8,224063.2,228123.9,1.8
20-20-15,sgd_nesterov,cl_paper,2034,0.001,1,clgrid_20-20-15_sgd_nesterov_cl_paper_s2034,1051,259.3,1900,1900,836338.5,248829.2,0,842344.8,224063.2,231531.9,3.3
20-20-15,sgd_nesterov,cl_paper,2035,0.001,1,clgrid_20-20-15_sgd_nesterov_cl_paper_s2035,1051,249.8,1900,1900,836654.1,249015.8,0,842344.8,224063.2,230917.6,3.1
20-20-15,sgd_nesterov,cl_paper,2036,0.001,2,clgrid_20-20-15_sgd_nesterov_cl_paper_s2036,1051,247.6,1900,1900,833311.6,245326.3,0,842344.8,224063.2,226398.3,1
20-20-15,sgd_nesterov,cl_paper,2037,0.001,2,clgrid_20-20-15_sgd_nesterov_cl_paper_s2037,1051,244.3,1900,1900,1530899.3,431633.1,0,842344.8,224063.2,122094.2,-45.5
20-20-15,sgd_nesterov,cl_paper,2038,0.001,2,clgrid_20-20-15_sgd_nesterov_cl_paper_s2038,1051,248,1900,1900,836679.2,248091.6,0,842344.8,224063.2,229689.4,2.5
20-20-15,sgd_nesterov,cl_paper,2039,0.001,2,clgrid_20-20-15_sgd_nesterov_cl_paper_s2039,1051,249.6,1900,1900,836022.6,248994.1,0,842344.8,224063.2,227010.2,1.3
20-20-15,sgd_nesterov,cl_paper,2040,0.001,2,clgrid_20-20-15_sgd_nesterov_cl_paper_s2040,1051,251.5,1900,1900,851714.6,247206.8,0,842344.8,224063.2,216348.6,-3.4
20-20-15,sgd_nesterov,cl_paper,2041,0.001,2,clgrid_20-20-15_sgd_nesterov_cl_paper_s2041,1051,249.9,1900,1900,835694.6,250264.9,0,842344.8,224063.2,228807.5,2.1
20-20-15,sgd_nesterov,cl_paper,2042,0.001,2,clgrid_20-20-15_sgd_nesterov_cl_paper_s2042,1051,253,1900,1900,837619.9,250734.2,0,842344.8,224063.2,228193.7,1.8
20-20-15,sgd_nesterov,cl_paper,2043,0.001,2,clgrid_20-20-15_sgd_nesterov_cl_paper_s2043,1051,246.6,1900,1900,835993.8,250783.8,0,842344.8,224063.2,228928.5,2.2
20-20-15,sgd_nesterov,cl_paper,2044,0.001,2,clgrid_20-20-15_sgd_nesterov_cl_paper_s2044,1051,250.5,1900,1900,839400.1,249355.2,0,842344.8,224063.2,220606,-1.5
20-20-15,sgd_nesterov,cl_paper,2045,0.001,2,clgrid_20-20-15_sgd_nesterov_cl_paper_s2045,1051,251,1900,1900,934792,283858,0,842344.8,224063.2,269199.7,20.1
20-20-15,sgd_nesterov,cl_start,2026,0.001,1,clgrid_20-20-15_sgd_nesterov_cl_start_s2026,1051,232.3,1381,1743,838167,243306.7,0,842344.8,224063.2,224433.8,0.2
20-20-15,sgd_nesterov,cl_start,2027,0.001,1,clgrid_20-20-15_sgd_nesterov_cl_start_s2027,1051,342.6,2318,2643,838573.5,243356,0,842344.8,224063.2,222455.8,-0.7
20-20-15,sgd_nesterov,cl_start,2028,0.001,1,clgrid_20-20-15_sgd_nesterov_cl_start_s2028,1051,401.8,2805,3093,839240.6,243530.6,0,842344.8,224063.2,223982.8,0
20-20-15,sgd_nesterov,cl_start,2029,0.001,1,clgrid_20-20-15_sgd_nesterov_cl_start_s2029,1051,157.3,792,1157,840326.4,243556,0,842344.8,224063.2,223260.8,-0.4
20-20-15,sgd_nesterov,cl_start,2030,0.001,1,clgrid_20-20-15_sgd_nesterov_cl_start_s2030,1051,370.9,2555,2864,839520.8,243514.6,0,842344.8,224063.2,224996.7,0.4
20-20-15,sgd_nesterov,cl_start,2031,0.001,1,clgrid_20-20-15_sgd_nesterov_cl_start_s2031,1051,189.4,1023,1389,840357,243615.6,0,842344.8,224063.2,223929,-0.1
20-20-15,sgd_nesterov,cl_start,2032,0.001,1,clgrid_20-20-15_sgd_nesterov_cl_start_s2032,1051,231.9,1393,1739,839920.6,243571.4,0,842344.8,224063.2,223848.7,-0.1
20-20-15,sgd_nesterov,cl_start,2033,0.001,1,clgrid_20-20-15_sgd_nesterov_cl_start_s2033,1051,193.3,1078,1463,840076.9,243510.3,0,842344.8,224063.2,222884.6,-0.5
20-20-15,sgd_nesterov,cl_start,2034,0.001,1,clgrid_20-20-15_sgd_nesterov_cl_start_s2034,1051,196.5,977,1342,839957.6,243553.7,0,842344.8,224063.2,224158.7,0
20-20-15,sgd_nesterov,cl_start,2035,0.001,1,clgrid_20-20-15_sgd_nesterov_cl_start_s2035,1051,262.9,1681,2025,840404.6,243569.4,0,842344.8,224063.2,222696.2,-0.6
20-20-15,sgd_nesterov,cl_start,2036,0.001,2,clgrid_20-20-15_sgd_nesterov_cl_start_s2036,1051,264.5,1725,2051,838446.3,243492.4,0,842344.8,224063.2,223323.5,-0.3
20-20-15,sgd_nesterov,cl_start,2037,0.001,2,clgrid_20-20-15_sgd_nesterov_cl_start_s2037,1051,260.6,1664,2010,840166.6,243717.5,0,842344.8,224063.2,221344.1,-1.2
20-20-15,sgd_nesterov,cl_start,2038,0.001,2,clgrid_20-20-15_sgd_nesterov_cl_start_s2038,1051,232.2,1413,1756,839266.9,243468.2,0,842344.8,224063.2,223771.2,-0.1
20-20-15,sgd_nesterov,cl_start,2039,0.001,2,clgrid_20-20-15_sgd_nesterov_cl_start_s2039,1051,182.1,947,1333,839923.4,243490.1,0,842344.8,224063.2,223622.4,-0.2
20-20-15,sgd_nesterov,cl_start,2040,0.001,2,clgrid_20-20-15_sgd_nesterov_cl_start_s2040,1051,294.1,1849,2196,839989.8,243550.3,0,842344.8,224063.2,223466,-0.3
20-20-15,sgd_nesterov,cl_start,2041,0.001,2,clgrid_20-20-15_sgd_nesterov_cl_start_s2041,1051,159.1,806,1172,839770.6,243544.3,0,842344.8,224063.2,223377.7,-0.3
20-20-15,sgd_nesterov,cl_start,2042,0.001,2,clgrid_20-20-15_sgd_nesterov_cl_start_s2042,1051,130.8,453,837,841129.2,243778.9,0,842344.8,224063.2,223190.8,-0.4
20-20-15,sgd_nesterov,cl_start,2043,0.001,2,clgrid_20-20-15_sgd_nesterov_cl_start_s2043,1051,214,1242,1608,839963.8,243404.1,0,842344.8,224063.2,222497.8,-0.7
20-20-15,sgd_nesterov,cl_start,2044,0.001,2,clgrid_20-20-15_sgd_nesterov_cl_start_s2044,1051,151.5,697,1066,840273,243494.6,0,842344.8,224063.2,224311.7,0.1
20-20-15,sgd_nesterov,cl_start,2045,0.001,2,clgrid_20-20-15_sgd_nesterov_cl_start_s2045,1051,122,425,812,840625,243774.9,0,842344.8,224063.2,223596.5,-0.2
20-20-15,adagrad,cl_paper,2026,0.01,1,clgrid_20-20-15_adagrad_cl_paper_s2026,1051,244.1,1900,1900,833778.1,247891.2,0,842344.8,224063.2,229929.2,2.6
20-20-15,adagrad,cl_paper,2027,0.01,1,clgrid_20-20-15_adagrad_cl_paper_s2027,1051,243,1900,1900,835583.9,248311.7,0,842344.8,224063.2,234246.9,4.5
20-20-15,adagrad,cl_paper,2028,0.01,1,clgrid_20-20-15_adagrad_cl_paper_s2028,1051,246.8,1900,1900,833205.2,248204.1,0,842344.8,224063.2,228848.1,2.1
20-20-15,adagrad,cl_paper,2029,0.01,1,clgrid_20-20-15_adagrad_cl_paper_s2029,1051,243.1,1900,1900,834496.8,248248.9,0,842344.8,224063.2,228158.7,1.8
20-20-15,adagrad,cl_paper,2030,0.01,1,clgrid_20-20-15_adagrad_cl_paper_s2030,1051,245.5,1900,1900,837066.5,247940.8,0,842344.8,224063.2,228626.2,2
20-20-15,adagrad,cl_paper,2031,0.01,1,clgrid_20-20-15_adagrad_cl_paper_s2031,1051,238.3,1900,1900,835668.9,248279.6,0,842344.8,224063.2,224873.6,0.4
20-20-15,adagrad,cl_paper,2032,0.01,1,clgrid_20-20-15_adagrad_cl_paper_s2032,1051,242.9,1900,1900,836249.3,250340,0,842344.8,224063.2,233869.9,4.4
20-20-15,adagrad,cl_paper,2033,0.01,1,clgrid_20-20-15_adagrad_cl_paper_s2033,1051,242,1900,1900,835373.5,249206.9,0,842344.8,224063.2,232507.2,3.8
20-20-15,adagrad,cl_paper,2034,0.01,1,clgrid_20-20-15_adagrad_cl_paper_s2034,1051,259.5,1900,1900,835301.8,247739,0,842344.8,224063.2,230348.3,2.8
20-20-15,adagrad,cl_paper,2035,0.01,1,clgrid_20-20-15_adagrad_cl_paper_s2035,1051,248.2,1900,1900,835820.9,247701.6,0,842344.8,224063.2,231187.5,3.2
20-20-15,adagrad,cl_paper,2036,0.01,2,clgrid_20-20-15_adagrad_cl_paper_s2036,1051,244.8,1900,1900,833789.7,247388.2,0,842344.8,224063.2,224291.3,0.1
20-20-15,adagrad,cl_paper,2037,0.01,2,clgrid_20-20-15_adagrad_cl_paper_s2037,1051,250.7,1900,1900,836537.5,250473.8,0,842344.8,224063.2,231733.2,3.4
20-20-15,adagrad,cl_paper,2038,0.01,2,clgrid_20-20-15_adagrad_cl_paper_s2038,1051,244,1900,1900,836848.4,248119.9,0,842344.8,224063.2,231810.1,3.5
20-20-15,adagrad,cl_paper,2039,0.01,2,clgrid_20-20-15_adagrad_cl_paper_s2039,1051,248.4,1900,1900,834936.8,247596.8,0,842344.8,224063.2,228043.1,1.8
20-20-15,adagrad,cl_paper,2040,0.01,2,clgrid_20-20-15_adagrad_cl_paper_s2040,1051,253.6,1900,1900,836126.2,248172.9,0,842344.8,224063.2,232654.9,3.8
20-20-15,adagrad,cl_paper,2041,0.01,2,clgrid_20-20-15_adagrad_cl_paper_s2041,1051,245.7,1900,1900,835914.5,249110.4,0,842344.8,224063.2,227480.7,1.5
20-20-15,adagrad,cl_paper,2042,0.01,2,clgrid_20-20-15_adagrad_cl_paper_s2042,1051,257,1900,1900,836143.8,247528.1,0,842344.8,224063.2,226805.2,1.2
20-20-15,adagrad,cl_paper,2043,0.01,2,clgrid_20-20-15_adagrad_cl_paper_s2043,1051,245.7,1900,1900,835073.5,250622.9,0,842344.8,224063.2,228847.1,2.1
20-20-15,adagrad,cl_paper,2044,0.01,2,clgrid_20-20-15_adagrad_cl_paper_s2044,1051,247.4,1900,1900,836406.6,248292.6,0,842344.8,224063.2,226050.5,0.9
20-20-15,adagrad,cl_paper,2045,0.01,2,clgrid_20-20-15_adagrad_cl_paper_s2045,1051,252.6,1900,1900,836150.6,248677.4,0,842344.8,224063.2,230721.8,3
20-20-15,adagrad,cl_start,2026,0.01,1,clgrid_20-20-15_adagrad_cl_start_s2026,1051,172.9,923,1295,837957.2,243240.8,0,842344.8,224063.2,216303.7,-3.5
20-20-15,adagrad,cl_start,2027,0.01,1,clgrid_20-20-15_adagrad_cl_start_s2027,1051,291.5,1965,2310,838538.9,243284.3,0,842344.8,224063.2,217356,-3
20-20-15,adagrad,cl_start,2028,0.01,1,clgrid_20-20-15_adagrad_cl_start_s2028,1051,378.5,2622,2930,839322.1,243478.2,0,842344.8,224063.2,219393.6,-2.1
20-20-15,adagrad,cl_start,2029,0.01,1,clgrid_20-20-15_adagrad_cl_start_s2029,1051,206.6,1218,1585,839488.4,243413.9,0,842344.8,224063.2,223912,-0.1
20-20-15,adagrad,cl_start,2030,0.01,1,clgrid_20-20-15_adagrad_cl_start_s2030,1051,369.4,2520,2855,839527.8,243507.3,0,842344.8,224063.2,227304.5,1.4
20-20-15,adagrad,cl_start,2031,0.01,1,clgrid_20-20-15_adagrad_cl_start_s2031,1051,185.3,958,1349,839446.4,243564,0,842344.8,224063.2,214079.2,-4.5
20-20-15,adagrad,cl_start,2032,0.01,1,clgrid_20-20-15_adagrad_cl_start_s2032,1051,218.2,1277,1674,839746.9,243537.5,0,842344.8,224063.2,220025.2,-1.8
20-20-15,adagrad,cl_start,2033,0.01,1,clgrid_20-20-15_adagrad_cl_start_s2033,1051,195.4,1106,1473,839664.7,243434.6,0,842344.8,224063.2,215522.2,-3.8
20-20-15,adagrad,cl_start,2034,0.01,1,clgrid_20-20-15_adagrad_cl_start_s2034,1051,188.4,954,1327,839734.6,243514.4,0,842344.8,224063.2,228075.5,1.8
20-20-15,adagrad,cl_start,2035,0.01,1,clgrid_20-20-15_adagrad_cl_start_s2035,1051,222.6,1292,1658,839855.2,243529.1,0,842344.8,224063.2,231263.7,3.2
20-20-15,adagrad,cl_start,2036,0.01,2,clgrid_20-20-15_adagrad_cl_start_s2036,1051,237.8,1406,1789,838938,243485.3,0,842344.8,224063.2,217638.9,-2.9
20-20-15,adagrad,cl_start,2037,0.01,2,clgrid_20-20-15_adagrad_cl_start_s2037,1051,246.7,1555,1902,839141.8,243562.4,0,842344.8,224063.2,221262.4,-1.3
20-20-15,adagrad,cl_start,2038,0.01,2,clgrid_20-20-15_adagrad_cl_start_s2038,1051,260.7,1683,2008,838468.8,243435.8,0,842344.8,224063.2,218146.4,-2.6
20-20-15,adagrad,cl_start,2039,0.01,2,clgrid_20-20-15_adagrad_cl_start_s2039,1051,181.9,915,1322,839791,243485.8,0,842344.8,224063.2,226737.5,1.2
20-20-15,adagrad,cl_start,2040,0.01,2,clgrid_20-20-15_adagrad_cl_start_s2040,1051,260.5,1565,1941,839899,243523.8,0,842344.8,224063.2,220002.5,-1.8
20-20-15,adagrad,cl_start,2041,0.01,2,clgrid_20-20-15_adagrad_cl_start_s2041,1051,130.9,542,959,838679,243366.4,0,842344.8,224063.2,224570.3,0.2
20-20-15,adagrad,cl_start,2042,0.01,2,clgrid_20-20-15_adagrad_cl_start_s2042,1051,197.6,982,1375,839880.1,243625.6,0,842344.8,224063.2,222913.2,-0.5
20-20-15,adagrad,cl_start,2043,0.01,2,clgrid_20-20-15_adagrad_cl_start_s2043,1051,196.4,1075,1447,839802,243307,0,842344.8,224063.2,219712.6,-1.9
20-20-15,adagrad,cl_start,2044,0.01,2,clgrid_20-20-15_adagrad_cl_start_s2044,1051,239.8,1425,1796,839755.2,243470,0,842344.8,224063.2,214573.7,-4.2
20-20-15,adagrad,cl_start,2045,0.01,2,clgrid_20-20-15_adagrad_cl_start_s2045,1051,203.7,1151,1524,840536.1,243739.7,0,842344.8,224063.2,220183.8,-1.7
20-20-15,adadelta,cl_paper,2026,1,1,clgrid_20-20-15_adadelta_cl_paper_s2026,1051,252.1,1900,1900,836653.7,247452.2,0,842344.8,224063.2,255482.5,14
20-20-15,adadelta,cl_paper,2027,1,1,clgrid_20-20-15_adadelta_cl_paper_s2027,1051,251.6,1900,1900,841345.7,251680.3,0,842344.8,224063.2,141583.8,-36.8
20-20-15,adadelta,cl_paper,2028,1,1,clgrid_20-20-15_adadelta_cl_paper_s2028,1051,258.2,1900,1900,840621.7,251070.1,0,842344.8,224063.2,213958.1,-4.5
20-20-15,adadelta,cl_paper,2029,1,1,clgrid_20-20-15_adadelta_cl_paper_s2029,1051,251.6,1900,1900,835596.5,250300.7,0,842344.8,224063.2,225616.3,0.7
20-20-15,adadelta,cl_paper,2030,1,1,clgrid_20-20-15_adadelta_cl_paper_s2030,1051,257.6,1900,1900,833310.8,246880.5,0,842344.8,224063.2,204659.4,-8.7
20-20-15,adadelta,cl_paper,2031,1,1,clgrid_20-20-15_adadelta_cl_paper_s2031,1051,252,1900,1900,832938.2,246557.4,0,842344.8,224063.2,211264,-5.7
20-20-15,adadelta,cl_paper,2032,1,1,clgrid_20-20-15_adadelta_cl_paper_s2032,1051,254.4,1900,1900,838042.2,250827.9,0,842344.8,224063.2,232765,3.9
20-20-15,adadelta,cl_paper,2033,1,1,clgrid_20-20-15_adadelta_cl_paper_s2033,1051,254,1900,1900,843644.7,249588.4,0,842344.8,224063.2,223004.9,-0.5
20-20-15,adadelta,cl_paper,2034,1,1,clgrid_20-20-15_adadelta_cl_paper_s2034,1051,261.9,1900,1900,838287.9,254166.3,0,842344.8,224063.2,195838.1,-12.6
20-20-15,adadelta,cl_paper,2035,1,1,clgrid_20-20-15_adadelta_cl_paper_s2035,1051,257.3,1900,1900,835907.4,248184.7,0,842344.8,224063.2,247106.8,10.3
20-20-15,adadelta,cl_paper,2036,1,2,clgrid_20-20-15_adadelta_cl_paper_s2036,1051,253.5,1900,1900,837209.2,250424.9,0,842344.8,224063.2,224027.1,0
20-20-15,adadelta,cl_paper,2037,1,2,clgrid_20-20-15_adadelta_cl_paper_s2037,1051,258.9,1900,1900,839188.9,250803.6,0,842344.8,224063.2,272511.1,21.6
20-20-15,adadelta,cl_paper,2038,1,2,clgrid_20-20-15_adadelta_cl_paper_s2038,1051,254.6,1900,1900,835419,247315.7,0,842344.8,224063.2,256715.7,14.6
20-20-15,adadelta,cl_paper,2039,1,2,clgrid_20-20-15_adadelta_cl_paper_s2039,1051,258.4,1900,1900,837432.5,250900.8,0,842344.8,224063.2,174611.8,-22.1
20-20-15,adadelta,cl_paper,2040,1,2,clgrid_20-20-15_adadelta_cl_paper_s2040,1051,260.9,1900,1900,839111.8,250570.2,0,842344.8,224063.2,312047.4,39.3
20-20-15,adadelta,cl_paper,2041,1,2,clgrid_20-20-15_adadelta_cl_paper_s2041,1051,255.6,1900,1900,837627.2,252076,0,842344.8,224063.2,189204,-15.6
20-20-15,adadelta,cl_paper,2042,1,2,clgrid_20-20-15_adadelta_cl_paper_s2042,1051,263,1900,1900,834324.9,246902,0,842344.8,224063.2,205735,-8.2
20-20-15,adadelta,cl_paper,2043,1,2,clgrid_20-20-15_adadelta_cl_paper_s2043,1051,255.3,1900,1900,839268.2,251672.5,0,842344.8,224063.2,283234,26.4
20-20-15,adadelta,cl_paper,2044,1,2,clgrid_20-20-15_adadelta_cl_paper_s2044,1051,255.7,1900,1900,836248,247267.2,0,842344.8,224063.2,224934.5,0.4
20-20-15,adadelta,cl_paper,2045,1,2,clgrid_20-20-15_adadelta_cl_paper_s2045,1051,256.3,1900,1900,837967,248448.9,0,842344.8,224063.2,162496.5,-27.5
20-20-15,adadelta,cl_start,2026,1,1,clgrid_20-20-15_adadelta_cl_start_s2026,1051,134.1,489,890,838648.2,243344.8,0,842344.8,224063.2,216977.5,-3.2
20-20-15,adadelta,cl_start,2027,1,1,clgrid_20-20-15_adadelta_cl_start_s2027,1051,146.2,580,998,839421.9,243435.7,0,842344.8,224063.2,222134.8,-0.9
20-20-15,adadelta,cl_start,2028,1,1,clgrid_20-20-15_adadelta_cl_start_s2028,1051,192.6,886,1332,839037.4,243475,0,842344.8,224063.2,211219.2,-5.7
20-20-15,adadelta,cl_start,2029,1,1,clgrid_20-20-15_adadelta_cl_start_s2029,1051,155.8,652,1085,839203,243429.9,0,842344.8,224063.2,218941.4,-2.3
20-20-15,adadelta,cl_start,2030,1,1,clgrid_20-20-15_adadelta_cl_start_s2030,1051,193.9,968,1399,839407.6,243501,0,842344.8,224063.2,212582.6,-5.1
20-20-15,adadelta,cl_start,2031,1,1,clgrid_20-20-15_adadelta_cl_start_s2031,1051,165.4,760,1156,839887.9,243521.6,0,842344.8,224063.2,227276.1,1.4
20-20-15,adadelta,cl_start,2032,1,1,clgrid_20-20-15_adadelta_cl_start_s2032,1051,125.9,424,812,839910.3,243507.1,0,842344.8,224063.2,215496.5,-3.8
20-20-15,adadelta,cl_start,2033,1,1,clgrid_20-20-15_adadelta_cl_start_s2033,1051,145.8,532,976,839768.7,243458.4,0,842344.8,224063.2,224368.1,0.1
20-20-15,adadelta,cl_start,2034,1,1,clgrid_20-20-15_adadelta_cl_start_s2034,1051,144.9,468,886,839552.6,243480.3,0,842344.8,224063.2,217259.3,-3
20-20-15,adadelta,cl_start,2035,1,1,clgrid_20-20-15_adadelta_cl_start_s2035,1051,213,1066,1537,839696.8,243472.2,0,842344.8,224063.2,218496.2,-2.5
20-20-15,adadelta,cl_start,2036,1,2,clgrid_20-20-15_adadelta_cl_start_s2036,1051,140.5,530,942,838680.9,243455.2,0,842344.8,224063.2,220621.9,-1.5
20-20-15,adadelta,cl_start,2037,1,2,clgrid_20-20-15_adadelta_cl_start_s2037,1051,182.6,848,1281,839381.9,243527,0,842344.8,224063.2,209370,-6.6
20-20-15,adadelta,cl_start,2038,1,2,clgrid_20-20-15_adadelta_cl_start_s2038,1051,158.9,662,1076,839285.4,243411.9,0,842344.8,224063.2,226124.3,0.9
20-20-15,adadelta,cl_start,2039,1,2,clgrid_20-20-15_adadelta_cl_start_s2039,1051,136.5,425,864,839552.3,243462.7,0,842344.8,224063.2,223648.9,-0.2
20-20-15,adadelta,cl_start,2040,1,2,clgrid_20-20-15_adadelta_cl_start_s2040,1051,172,735,1144,839782.6,243495,0,842344.8,224063.2,222107.3,-0.9
20-20-15,adadelta,cl_start,2041,1,2,clgrid_20-20-15_adadelta_cl_start_s2041,1051,122.8,402,795,838677.4,243388.9,0,842344.8,224063.2,221147.9,-1.3
20-20-15,adadelta,cl_start,2042,1,2,clgrid_20-20-15_adadelta_cl_start_s2042,1051,184.3,819,1234,839400.6,243528.9,0,842344.8,224063.2,222658.2,-0.6
20-20-15,adadelta,cl_start,2043,1,2,clgrid_20-20-15_adadelta_cl_start_s2043,1051,130.7,447,850,839324.3,243352.2,0,842344.8,224063.2,225489.4,0.6
20-20-15,adadelta,cl_start,2044,1,2,clgrid_20-20-15_adadelta_cl_start_s2044,1051,172.8,746,1186,839627.5,243449.7,0,842344.8,224063.2,221548.7,-1.1
20-20-15,adadelta,cl_start,2045,1,2,clgrid_20-20-15_adadelta_cl_start_s2045,1051,178.6,781,1216,839205.9,243544.1,0,842344.8,224063.2,215990.4,-3.6
20-20-15,rmsprop,cl_paper,2026,0.001,1,clgrid_20-20-15_rmsprop_cl_paper_s2026,1051,244,1900,1900,833223.7,247929.5,0,842344.8,224063.2,225066.5,0.4
20-20-15,rmsprop,cl_paper,2027,0.001,1,clgrid_20-20-15_rmsprop_cl_paper_s2027,1051,245,1900,1900,834965,248154.7,0,842344.8,224063.2,229355.2,2.4
20-20-15,rmsprop,cl_paper,2028,0.001,1,clgrid_20-20-15_rmsprop_cl_paper_s2028,1051,247.4,1900,1900,833875.7,248252.1,0,842344.8,224063.2,215694.3,-3.7
20-20-15,rmsprop,cl_paper,2029,0.001,1,clgrid_20-20-15_rmsprop_cl_paper_s2029,1051,244.1,1900,1900,835083.5,248505.7,0,842344.8,224063.2,225002.3,0.4
20-20-15,rmsprop,cl_paper,2030,0.001,1,clgrid_20-20-15_rmsprop_cl_paper_s2030,1051,244.5,1900,1900,836481.8,248255.9,0,842344.8,224063.2,217824.5,-2.8
20-20-15,rmsprop,cl_paper,2031,0.001,1,clgrid_20-20-15_rmsprop_cl_paper_s2031,1051,248.8,1900,1900,834926.5,248492.2,0,842344.8,224063.2,229476.1,2.4
20-20-15,rmsprop,cl_paper,2032,0.001,1,clgrid_20-20-15_rmsprop_cl_paper_s2032,1051,245.3,1900,1900,835835.8,248857.2,0,842344.8,224063.2,239837.6,7
20-20-15,rmsprop,cl_paper,2033,0.001,1,clgrid_20-20-15_rmsprop_cl_paper_s2033,1051,243.7,1900,1900,834824,248861.6,0,842344.8,224063.2,256874.5,14.6
20-20-15,rmsprop,cl_paper,2034,0.001,1,clgrid_20-20-15_rmsprop_cl_paper_s2034,1051,258.8,1900,1900,834869.4,248126.3,0,842344.8,224063.2,219289.2,-2.1
20-20-15,rmsprop,cl_paper,2035,0.001,1,clgrid_20-20-15_rmsprop_cl_paper_s2035,1051,247.2,1900,1900,834824.4,247193.4,0,842344.8,224063.2,250825.7,11.9
20-20-15,rmsprop,cl_paper,2036,0.001,2,clgrid_20-20-15_rmsprop_cl_paper_s2036,1051,244.9,1900,1900,833880.5,247350.3,0,842344.8,224063.2,233671,4.3
20-20-15,rmsprop,cl_paper,2037,0.001,2,clgrid_20-20-15_rmsprop_cl_paper_s2037,1051,246.3,1900,1900,834963.2,249525.1,0,842344.8,224063.2,257386.9,14.9
20-20-15,rmsprop,cl_paper,2038,0.001,2,clgrid_20-20-15_rmsprop_cl_paper_s2038,1051,244.3,1900,1900,835505.4,248153.8,0,842344.8,224063.2,239267.9,6.8
20-20-15,rmsprop,cl_paper,2039,0.001,2,clgrid_20-20-15_rmsprop_cl_paper_s2039,1051,254.3,1900,1900,834795.1,247878.1,0,842344.8,224063.2,220068.7,-1.8
20-20-15,rmsprop,cl_paper,2040,0.001,2,clgrid_20-20-15_rmsprop_cl_paper_s2040,1051,260.1,1900,1900,835742.1,248401.7,0,842344.8,224063.2,247727.1,10.6
20-20-15,rmsprop,cl_paper,2041,0.001,2,clgrid_20-20-15_rmsprop_cl_paper_s2041,1051,250.6,1900,1900,834955.5,248930.5,0,842344.8,224063.2,232795.3,3.9
20-20-15,rmsprop,cl_paper,2042,0.001,2,clgrid_20-20-15_rmsprop_cl_paper_s2042,1051,249.5,1900,1900,834683.8,247160.1,0,842344.8,224063.2,225563.4,0.7
20-20-15,rmsprop,cl_paper,2043,0.001,2,clgrid_20-20-15_rmsprop_cl_paper_s2043,1051,250.5,1900,1900,835279.1,249929.1,0,842344.8,224063.2,236853.6,5.7
20-20-15,rmsprop,cl_paper,2044,0.001,2,clgrid_20-20-15_rmsprop_cl_paper_s2044,1051,251.2,1900,1900,836151.4,248846.9,0,842344.8,224063.2,230222.2,2.7
20-20-15,rmsprop,cl_paper,2045,0.001,2,clgrid_20-20-15_rmsprop_cl_paper_s2045,1051,255.2,1900,1900,835566.2,248771.8,0,842344.8,224063.2,217411.8,-3
20-20-15,rmsprop,cl_start,2026,0.001,1,clgrid_20-20-15_rmsprop_cl_start_s2026,1051,127.6,467,915,838103.5,243325.4,0,842344.8,224063.2,223670.3,-0.2
20-20-15,rmsprop,cl_start,2027,0.001,1,clgrid_20-20-15_rmsprop_cl_start_s2027,1051,151.9,662,1096,838612.2,243344.1,0,842344.8,224063.2,219230.7,-2.2
20-20-15,rmsprop,cl_start,2028,0.001,1,clgrid_20-20-15_rmsprop_cl_start_s2028,1051,164.2,761,1180,839020.4,243407.7,0,842344.8,224063.2,220900.1,-1.4
20-20-15,rmsprop,cl_start,2029,0.001,1,clgrid_20-20-15_rmsprop_cl_start_s2029,1051,143.2,611,1027,838756.2,243337.6,0,842344.8,224063.2,224032,0
20-20-15,rmsprop,cl_start,2030,0.001,1,clgrid_20-20-15_rmsprop_cl_start_s2030,1051,166.4,738,1213,839419.1,243505.3,0,842344.8,224063.2,217912.2,-2.7
20-20-15,rmsprop,cl_start,2031,0.001,1,clgrid_20-20-15_rmsprop_cl_start_s2031,1051,144.8,624,1059,839624.7,243519.9,0,842344.8,224063.2,223893.5,-0.1
20-20-15,rmsprop,cl_start,2032,0.001,1,clgrid_20-20-15_rmsprop_cl_start_s2032,1051,109.8,335,744,839601.1,243493.3,0,842344.8,224063.2,219587.3,-2
20-20-15,rmsprop,cl_start,2033,0.001,1,clgrid_20-20-15_rmsprop_cl_start_s2033,1051,148.9,661,1088,839342,243376,0,842344.8,224063.2,221391.4,-1.2
20-20-15,rmsprop,cl_start,2034,0.001,1,clgrid_20-20-15_rmsprop_cl_start_s2034,1051,142.8,508,953,839424.2,243460.6,0,842344.8,224063.2,222842.6,-0.5
20-20-15,rmsprop,cl_start,2035,0.001,1,clgrid_20-20-15_rmsprop_cl_start_s2035,1051,157.5,749,1182,839599.6,243488.3,0,842344.8,224063.2,223474.9,-0.3
20-20-15,rmsprop,cl_start,2036,0.001,2,clgrid_20-20-15_rmsprop_cl_start_s2036,1051,141.7,585,999,838848,243401.5,0,842344.8,224063.2,217680,-2.8
20-20-15,rmsprop,cl_start,2037,0.001,2,clgrid_20-20-15_rmsprop_cl_start_s2037,1051,148.1,560,1035,839239.9,243553.6,0,842344.8,224063.2,218548.5,-2.5
20-20-15,rmsprop,cl_start,2038,0.001,2,clgrid_20-20-15_rmsprop_cl_start_s2038,1051,144.2,563,1010,838882.9,243411.5,0,842344.8,224063.2,216173.8,-3.5
20-20-15,rmsprop,cl_start,2039,0.001,2,clgrid_20-20-15_rmsprop_cl_start_s2039,1051,129.8,461,877,839053.8,243444.3,0,842344.8,224063.2,222558.1,-0.7
20-20-15,rmsprop,cl_start,2040,0.001,2,clgrid_20-20-15_rmsprop_cl_start_s2040,1051,185.4,916,1315,839124.9,243377,0,842344.8,224063.2,225652.2,0.7
20-20-15,rmsprop,cl_start,2041,0.001,2,clgrid_20-20-15_rmsprop_cl_start_s2041,1051,114.1,295,755,838517.7,243392.5,0,842344.8,224063.2,222268.7,-0.8
20-20-15,rmsprop,cl_start,2042,0.001,2,clgrid_20-20-15_rmsprop_cl_start_s2042,1051,116.4,350,762,839854.8,243585.8,0,842344.8,224063.2,220346.9,-1.7
20-20-15,rmsprop,cl_start,2043,0.001,2,clgrid_20-20-15_rmsprop_cl_start_s2043,1051,115.8,325,777,839110.9,243307.8,0,842344.8,224063.2,224667.7,0.3
20-20-15,rmsprop,cl_start,2044,0.001,2,clgrid_20-20-15_rmsprop_cl_start_s2044,1051,143.7,584,998,839182.4,243401.2,0,842344.8,224063.2,221987.7,-0.9
20-20-15,rmsprop,cl_start,2045,0.001,2,clgrid_20-20-15_rmsprop_cl_start_s2045,1051,153.3,624,1082,839184,243577.9,0,842344.8,224063.2,220487.8,-1.6
20-20-15,adam,cl_paper,2026,0.001,1,clgrid_20-20-15_adam_cl_paper_s2026,1051,254.6,1900,1900,833995.8,247594.9,0,842344.8,224063.2,237732.6,6.1
20-20-15,adam,cl_paper,2027,0.001,1,clgrid_20-20-15_adam_cl_paper_s2027,1051,253.9,1900,1900,835230.9,248247.6,0,842344.8,224063.2,235652.3,5.2
20-20-15,adam,cl_paper,2028,0.001,1,clgrid_20-20-15_adam_cl_paper_s2028,1051,256.3,1900,1900,834860.7,248018,0,842344.8,224063.2,233064.6,4
20-20-15,adam,cl_paper,2029,0.001,1,clgrid_20-20-15_adam_cl_paper_s2029,1051,252,1900,1900,835290.8,248163,0,842344.8,224063.2,235050.1,4.9
20-20-15,adam,cl_paper,2030,0.001,1,clgrid_20-20-15_adam_cl_paper_s2030,1051,251.9,1900,1900,836438.5,248429.6,0,842344.8,224063.2,236594.1,5.6
20-20-15,adam,cl_paper,2031,0.001,1,clgrid_20-20-15_adam_cl_paper_s2031,1051,252.6,1900,1900,835358.1,248255.9,0,842344.8,224063.2,236051.1,5.4
20-20-15,adam,cl_paper,2032,0.001,1,clgrid_20-20-15_adam_cl_paper_s2032,1051,258,1900,1900,835514.1,248036,0,842344.8,224063.2,237510.3,6
20-20-15,adam,cl_paper,2033,0.001,1,clgrid_20-20-15_adam_cl_paper_s2033,1051,250.6,1900,1900,834661.9,248246.3,0,842344.8,224063.2,237822.4,6.1
20-20-15,adam,cl_paper,2034,0.001,1,clgrid_20-20-15_adam_cl_paper_s2034,1051,258.2,1900,1900,835370.6,248133.7,0,842344.8,224063.2,231444.3,3.3
20-20-15,adam,cl_paper,2035,0.001,1,clgrid_20-20-15_adam_cl_paper_s2035,1051,252.2,1900,1900,835037.7,247261.9,0,842344.8,224063.2,234731.8,4.8
20-20-15,adam,cl_paper,2036,0.001,2,clgrid_20-20-15_adam_cl_paper_s2036,1051,258.8,1900,1900,834881.1,247862,0,842344.8,224063.2,237178.9,5.9
20-20-15,adam,cl_paper,2037,0.001,2,clgrid_20-20-15_adam_cl_paper_s2037,1051,253.1,1900,1900,835092.2,250097.4,0,842344.8,224063.2,237521.2,6
20-20-15,adam,cl_paper,2038,0.001,2,clgrid_20-20-15_adam_cl_paper_s2038,1051,258,1900,1900,835293.7,247929.3,0,842344.8,224063.2,239067.4,6.7
20-20-15,adam,cl_paper,2039,0.001,2,clgrid_20-20-15_adam_cl_paper_s2039,1051,259.6,1900,1900,835178.6,247540.3,0,842344.8,224063.2,238252.5,6.3
20-20-15,adam,cl_paper,2040,0.001,2,clgrid_20-20-15_adam_cl_paper_s2040,1051,260.4,1900,1900,835675,247988,0,842344.8,224063.2,235483.3,5.1
20-20-15,adam,cl_paper,2041,0.001,2,clgrid_20-20-15_adam_cl_paper_s2041,1051,260.3,1900,1900,835071.8,247839.6,0,842344.8,224063.2,242969.5,8.4
20-20-15,adam,cl_paper,2042,0.001,2,clgrid_20-20-15_adam_cl_paper_s2042,1051,254.2,1900,1900,835063.2,247359,0,842344.8,224063.2,235694,5.2
20-20-15,adam,cl_paper,2043,0.001,2,clgrid_20-20-15_adam_cl_paper_s2043,1051,257.5,1900,1900,834972.1,248965.8,0,842344.8,224063.2,240224.9,7.2
20-20-15,adam,cl_paper,2044,0.001,2,clgrid_20-20-15_adam_cl_paper_s2044,1051,258.5,1900,1900,836112.3,248493.4,0,842344.8,224063.2,233287.5,4.1
20-20-15,adam,cl_paper,2045,0.001,2,clgrid_20-20-15_adam_cl_paper_s2045,1051,258.4,1900,1900,835390.9,249390.7,0,842344.8,224063.2,236428,5.5
20-20-15,adam,cl_start,2026,0.001,1,clgrid_20-20-15_adam_cl_start_s2026,1051,129.5,364,838,837968.6,243313.8,0,842344.8,224063.2,224109.9,0
20-20-15,adam,cl_start,2027,0.001,1,clgrid_20-20-15_adam_cl_start_s2027,1051,140.9,533,943,838802.8,243398.8,0,842344.8,224063.2,224590.7,0.2
20-20-15,adam,cl_start,2028,0.001,1,clgrid_20-20-15_adam_cl_start_s2028,1051,137.1,409,861,839430.1,243522.1,0,842344.8,224063.2,224172.3,0
20-20-15,adam,cl_start,2029,0.001,1,clgrid_20-20-15_adam_cl_start_s2029,1051,124.8,335,815,839070.1,243419.9,0,842344.8,224063.2,223001.5,-0.5
20-20-15,adam,cl_start,2030,0.001,1,clgrid_20-20-15_adam_cl_start_s2030,1051,146.2,528,987,839333.8,243517.9,0,842344.8,224063.2,224339.4,0.1
20-20-15,adam,cl_start,2031,0.001,1,clgrid_20-20-15_adam_cl_start_s2031,1051,141,488,929,839840.8,243529,0,842344.8,224063.2,225396.9,0.6
20-20-15,adam,cl_start,2032,0.001,1,clgrid_20-20-15_adam_cl_start_s2032,1051,127.4,398,820,839583.7,243515.4,0,842344.8,224063.2,224018,0
20-20-15,adam,cl_start,2033,0.001,1,clgrid_20-20-15_adam_cl_start_s2033,1051,127,371,826,839759.9,243444.9,0,842344.8,224063.2,222410.3,-0.7
20-20-15,adam,cl_start,2034,0.001,1,clgrid_20-20-15_adam_cl_start_s2034,1051,130.1,336,790,839540.4,243463,0,842344.8,224063.2,222396.7,-0.7
20-20-15,adam,cl_start,2035,0.001,1,clgrid_20-20-15_adam_cl_start_s2035,1051,141.2,495,945,840005.4,243478,0,842344.8,224063.2,221414.1,-1.2
20-20-15,adam,cl_start,2036,0.001,2,clgrid_20-20-15_adam_cl_start_s2036,1051,127,363,824,838903.2,243500.5,0,842344.8,224063.2,223997.4,0
20-20-15,adam,cl_start,2037,0.001,2,clgrid_20-20-15_adam_cl_start_s2037,1051,128.2,353,809,839860.8,243680.2,0,842344.8,224063.2,221303.2,-1.2
20-20-15,adam,cl_start,2038,0.001,2,clgrid_20-20-15_adam_cl_start_s2038,1051,121.8,315,759,839167,243452.5,0,842344.8,224063.2,223459.3,-0.3
20-20-15,adam,cl_start,2039,0.001,2,clgrid_20-20-15_adam_cl_start_s2039,1051,156.7,547,991,839360,243443.9,0,842344.8,224063.2,224455.2,0.2
20-20-15,adam,cl_start,2040,0.001,2,clgrid_20-20-15_adam_cl_start_s2040,1051,152.1,540,986,839315,243457.3,0,842344.8,224063.2,223915.7,-0.1
20-20-15,adam,cl_start,2041,0.001,2,clgrid_20-20-15_adam_cl_start_s2041,1051,129.8,397,835,838516.8,243399.7,0,842344.8,224063.2,224778.7,0.3
20-20-15,adam,cl_start,2042,0.001,2,clgrid_20-20-15_adam_cl_start_s2042,1051,131.3,372,834,839942.8,243568.5,0,842344.8,224063.2,223617.3,-0.2
20-20-15,adam,cl_start,2043,0.001,2,clgrid_20-20-15_adam_cl_start_s2043,1051,130.7,359,838,839070.6,243335,0,842344.8,224063.2,223600.9,-0.2
20-20-15,adam,cl_start,2044,0.001,2,clgrid_20-20-15_adam_cl_start_s2044,1051,122.9,322,791,839432.1,243459,0,842344.8,224063.2,223905.7,-0.1
20-20-15,adam,cl_start,2045,0.001,2,clgrid_20-20-15_adam_cl_start_s2045,1051,134.7,471,877,839712.7,243652.8,0,842344.8,224063.2,224126.7,0
20-20-15,adamw,cl_paper,2026,0.001,1,clgrid_20-20-15_adamw_cl_paper_s2026,1051,257.9,1900,1900,833998.8,247592.9,0,842344.8,224063.2,237761.2,6.1
20-20-15,adamw,cl_paper,2027,0.001,1,clgrid_20-20-15_adamw_cl_paper_s2027,1051,253.3,1900,1900,835232.4,248245.3,0,842344.8,224063.2,235705.5,5.2
20-20-15,adamw,cl_paper,2028,0.001,1,clgrid_20-20-15_adamw_cl_paper_s2028,1051,257.3,1900,1900,834863.7,248015.8,0,842344.8,224063.2,232934,4
20-20-15,adamw,cl_paper,2029,0.001,1,clgrid_20-20-15_adamw_cl_paper_s2029,1051,254.1,1900,1900,835292.9,248161.2,0,842344.8,224063.2,235057.4,4.9
20-20-15,adamw,cl_paper,2030,0.001,1,clgrid_20-20-15_adamw_cl_paper_s2030,1051,255,1900,1900,836439.9,248430.2,0,842344.8,224063.2,236568.4,5.6
20-20-15,adamw,cl_paper,2031,0.001,1,clgrid_20-20-15_adamw_cl_paper_s2031,1051,254.4,1900,1900,835358.8,248252.9,0,842344.8,224063.2,236059.5,5.4
20-20-15,adamw,cl_paper,2032,0.001,1,clgrid_20-20-15_adamw_cl_paper_s2032,1051,256.2,1900,1900,835515.6,248033.6,0,842344.8,224063.2,237508,6
20-20-15,adamw,cl_paper,2033,0.001,1,clgrid_20-20-15_adamw_cl_paper_s2033,1051,258.9,1900,1900,834664.4,248244,0,842344.8,224063.2,237835.7,6.1
20-20-15,adamw,cl_paper,2034,0.001,1,clgrid_20-20-15_adamw_cl_paper_s2034,1051,260.7,1900,1900,835372,248131.3,0,842344.8,224063.2,231458.7,3.3
20-20-15,adamw,cl_paper,2035,0.001,1,clgrid_20-20-15_adamw_cl_paper_s2035,1051,255.7,1900,1900,835039,247257,0,842344.8,224063.2,234712.2,4.8
20-20-15,adamw,cl_paper,2036,0.001,2,clgrid_20-20-15_adamw_cl_paper_s2036,1051,259.3,1900,1900,834883.4,247859.6,0,842344.8,224063.2,236991,5.8
20-20-15,adamw,cl_paper,2037,0.001,2,clgrid_20-20-15_adamw_cl_paper_s2037,1051,257.2,1900,1900,835095,250093.6,0,842344.8,224063.2,237508.5,6
20-20-15,adamw,cl_paper,2038,0.001,2,clgrid_20-20-15_adamw_cl_paper_s2038,1051,256.5,1900,1900,835295,247926.4,0,842344.8,224063.2,239112.5,6.7
20-20-15,adamw,cl_paper,2039,0.001,2,clgrid_20-20-15_adamw_cl_paper_s2039,1051,263.9,1900,1900,835180.7,247538.7,0,842344.8,224063.2,238242.9,6.3
20-20-15,adamw,cl_paper,2040,0.001,2,clgrid_20-20-15_adamw_cl_paper_s2040,1051,263.2,1900,1900,835676.5,247985.5,0,842344.8,224063.2,235467.4,5.1
20-20-15,adamw,cl_paper,2041,0.001,2,clgrid_20-20-15_adamw_cl_paper_s2041,1051,259.1,1900,1900,835073.7,247836.7,0,842344.8,224063.2,242959.4,8.4
20-20-15,adamw,cl_paper,2042,0.001,2,clgrid_20-20-15_adamw_cl_paper_s2042,1051,262.5,1900,1900,835064.6,247356.5,0,842344.8,224063.2,236010.6,5.3
20-20-15,adamw,cl_paper,2043,0.001,2,clgrid_20-20-15_adamw_cl_paper_s2043,1051,260.5,1900,1900,834974.3,248962.6,0,842344.8,224063.2,240215.6,7.2
20-20-15,adamw,cl_paper,2044,0.001,2,clgrid_20-20-15_adamw_cl_paper_s2044,1051,263.5,1900,1900,836113,248490.7,0,842344.8,224063.2,233309.1,4.1
20-20-15,adamw,cl_paper,2045,0.001,2,clgrid_20-20-15_adamw_cl_paper_s2045,1051,263.8,1900,1900,835392.5,249387.1,0,842344.8,224063.2,236409,5.5
20-20-15,adamw,cl_start,2026,0.001,1,clgrid_20-20-15_adamw_cl_start_s2026,1051,133.4,364,838,837968.8,243313.8,0,842344.8,224063.2,224107,0
20-20-15,adamw,cl_start,2027,0.001,1,clgrid_20-20-15_adamw_cl_start_s2027,1051,142.4,533,943,838803.1,243398.9,0,842344.8,224063.2,224587.6,0.2
20-20-15,adamw,cl_start,2028,0.001,1,clgrid_20-20-15_adamw_cl_start_s2028,1051,135.2,409,861,839430.2,243522.1,0,842344.8,224063.2,224172,0
20-20-15,adamw,cl_start,2029,0.001,1,clgrid_20-20-15_adamw_cl_start_s2029,1051,128.6,335,815,839070.7,243420,0,842344.8,224063.2,223000.8,-0.5
20-20-15,adamw,cl_start,2030,0.001,1,clgrid_20-20-15_adamw_cl_start_s2030,1051,148.3,528,987,839333.9,243517.9,0,842344.8,224063.2,224339,0.1
20-20-15,adamw,cl_start,2031,0.001,1,clgrid_20-20-15_adamw_cl_start_s2031,1051,141,488,929,839841,243529,0,842344.8,224063.2,225395.3,0.6
20-20-15,adamw,cl_start,2032,0.001,1,clgrid_20-20-15_adamw_cl_start_s2032,1051,129,398,820,839583.9,243515.4,0,842344.8,224063.2,224017.5,0
20-20-15,adamw,cl_start,2033,0.001,1,clgrid_20-20-15_adamw_cl_start_s2033,1051,129.9,371,826,839760,243444.9,0,842344.8,224063.2,222409.5,-0.7
20-20-15,adamw,cl_start,2034,0.001,1,clgrid_20-20-15_adamw_cl_start_s2034,1051,127.6,336,790,839540.6,243463,0,842344.8,224063.2,222396.1,-0.7
20-20-15,adamw,cl_start,2035,0.001,1,clgrid_20-20-15_adamw_cl_start_s2035,1051,142.6,495,945,840005.5,243478,0,842344.8,224063.2,221412.8,-1.2
20-20-15,adamw,cl_start,2036,0.001,2,clgrid_20-20-15_adamw_cl_start_s2036,1051,128.5,364,825,838903,243500.6,0,842344.8,224063.2,224039.4,0
20-20-15,adamw,cl_start,2037,0.001,2,clgrid_20-20-15_adamw_cl_start_s2037,1051,129.3,353,809,839860.9,243680.2,0,842344.8,224063.2,221302.9,-1.2
20-20-15,adamw,cl_start,2038,0.001,2,clgrid_20-20-15_adamw_cl_start_s2038,1051,125.6,315,759,839167.2,243452.5,0,842344.8,224063.2,223459,-0.3
20-20-15,adamw,cl_start,2039,0.001,2,clgrid_20-20-15_adamw_cl_start_s2039,1051,155.4,549,993,839359.1,243443.9,0,842344.8,224063.2,224549.1,0.2
20-20-15,adamw,cl_start,2040,0.001,2,clgrid_20-20-15_adamw_cl_start_s2040,1051,150.8,541,987,839312,243457.3,0,842344.8,224063.2,223910.6,-0.1
20-20-15,adamw,cl_start,2041,0.001,2,clgrid_20-20-15_adamw_cl_start_s2041,1051,133.6,398,836,838516.7,243399.8,0,842344.8,224063.2,224777.4,0.3
20-20-15,adamw,cl_start,2042,0.001,2,clgrid_20-20-15_adamw_cl_start_s2042,1051,130.3,372,834,839942.9,243568.5,0,842344.8,224063.2,223616.5,-0.2
20-20-15,adamw,cl_start,2043,0.001,2,clgrid_20-20-15_adamw_cl_start_s2043,1051,134.4,359,838,839070.8,243335,0,842344.8,224063.2,223600,-0.2
20-20-15,adamw,cl_start,2044,0.001,2,clgrid_20-20-15_adamw_cl_start_s2044,1051,126.8,322,791,839432.3,243459,0,842344.8,224063.2,223906.1,-0.1
20-20-15,adamw,cl_start,2045,0.001,2,clgrid_20-20-15_adamw_cl_start_s2045,1051,134.9,471,877,839712.8,243652.7,0,842344.8,224063.2,224125.8,0
20-20-15,adamax,cl_paper,2026,0.001,1,clgrid_20-20-15_adamax_cl_paper_s2026,1051,255,1900,1900,835201,245539.8,0,842344.8,224063.2,232132,3.6
20-20-15,adamax,cl_paper,2027,0.001,1,clgrid_20-20-15_adamax_cl_paper_s2027,1051,253.6,1900,1900,836526.3,246855.3,0,842344.8,224063.2,232323.5,3.7
20-20-15,adamax,cl_paper,2028,0.001,1,clgrid_20-20-15_adamax_cl_paper_s2028,1051,251.6,1900,1900,835973.7,246374,0,842344.8,224063.2,233089.6,4
20-20-15,adamax,cl_paper,2029,0.001,1,clgrid_20-20-15_adamax_cl_paper_s2029,1051,250.4,1900,1900,836495.6,246929,0,842344.8,224063.2,231424.7,3.3
20-20-15,adamax,cl_paper,2030,0.001,1,clgrid_20-20-15_adamax_cl_paper_s2030,1051,253.6,1900,1900,837258.9,246869.4,0,842344.8,224063.2,233519.2,4.2
20-20-15,adamax,cl_paper,2031,0.001,1,clgrid_20-20-15_adamax_cl_paper_s2031,1051,254.4,1900,1900,836117.1,246736,0,842344.8,224063.2,232081,3.6
20-20-15,adamax,cl_paper,2032,0.001,1,clgrid_20-20-15_adamax_cl_paper_s2032,1051,248.8,1900,1900,836652.6,246744.7,0,842344.8,224063.2,234097.9,4.5
20-20-15,adamax,cl_paper,2033,0.001,1,clgrid_20-20-15_adamax_cl_paper_s2033,1051,250.2,1900,1900,836232.4,246833.4,0,842344.8,224063.2,234073.9,4.5
20-20-15,adamax,cl_paper,2034,0.001,1,clgrid_20-20-15_adamax_cl_paper_s2034,1051,257,1900,1900,836033.9,246200.6,0,842344.8,224063.2,233486.8,4.2
20-20-15,adamax,cl_paper,2035,0.001,1,clgrid_20-20-15_adamax_cl_paper_s2035,1051,250.5,1900,1900,835970.4,245908.6,0,842344.8,224063.2,232927.5,4
20-20-15,adamax,cl_paper,2036,0.001,2,clgrid_20-20-15_adamax_cl_paper_s2036,1051,253.9,1900,1900,835666.1,246359.4,0,842344.8,224063.2,231396.7,3.3
20-20-15,adamax,cl_paper,2037,0.001,2,clgrid_20-20-15_adamax_cl_paper_s2037,1051,252.6,1900,1900,836497.2,247579.3,0,842344.8,224063.2,234439.1,4.6
20-20-15,adamax,cl_paper,2038,0.001,2,clgrid_20-20-15_adamax_cl_paper_s2038,1051,255.1,1900,1900,836181.3,246440,0,842344.8,224063.2,232308.2,3.7
20-20-15,adamax,cl_paper,2039,0.001,2,clgrid_20-20-15_adamax_cl_paper_s2039,1051,258.5,1900,1900,836319.3,246505.2,0,842344.8,224063.2,232654.3,3.8
20-20-15,adamax,cl_paper,2040,0.001,2,clgrid_20-20-15_adamax_cl_paper_s2040,1051,255.3,1900,1900,837033.3,246470.7,0,842344.8,224063.2,231325.4,3.2
20-20-15,adamax,cl_paper,2041,0.001,2,clgrid_20-20-15_adamax_cl_paper_s2041,1051,254,1900,1900,836074.8,246094.1,0,842344.8,224063.2,235728.2,5.2
20-20-15,adamax,cl_paper,2042,0.001,2,clgrid_20-20-15_adamax_cl_paper_s2042,1051,256.1,1900,1900,835908.7,245329.1,0,842344.8,224063.2,232322.3,3.7
20-20-15,adamax,cl_paper,2043,0.001,2,clgrid_20-20-15_adamax_cl_paper_s2043,1051,257.5,1900,1900,835752.7,246402.2,0,842344.8,224063.2,234878.6,4.8
20-20-15,adamax,cl_paper,2044,0.001,2,clgrid_20-20-15_adamax_cl_paper_s2044,1051,255.8,1900,1900,837255.5,247217.3,0,842344.8,224063.2,231539.3,3.3
20-20-15,adamax,cl_paper,2045,0.001,2,clgrid_20-20-15_adamax_cl_paper_s2045,1051,255.6,1900,1900,836450.9,246649.4,0,842344.8,224063.2,231128.2,3.2
20-20-15,adamax,cl_start,2026,0.001,1,clgrid_20-20-15_adamax_cl_start_s2026,1051,130.3,364,849,838180.7,243302.7,0,842344.8,224063.2,222955.8,-0.5
20-20-15,adamax,cl_start,2027,0.001,1,clgrid_20-20-15_adamax_cl_start_s2027,1051,165.4,685,1154,838817.1,243378.9,0,842344.8,224063.2,224535.5,0.2
20-20-15,adamax,cl_start,2028,0.001,1,clgrid_20-20-15_adamax_cl_start_s2028,1051,155.5,619,1058,839417.4,243543.9,0,842344.8,224063.2,224546.1,0.2
20-20-15,adamax,cl_start,2029,0.001,1,clgrid_20-20-15_adamax_cl_start_s2029,1051,134.8,495,902,838919.4,243434.4,0,842344.8,224063.2,221854.6,-1
20-20-15,adamax,cl_start,2030,0.001,1,clgrid_20-20-15_adamax_cl_start_s2030,1051,171.8,763,1229,839479.5,243530.6,0,842344.8,224063.2,222878,-0.5
20-20-15,adamax,cl_start,2031,0.001,1,clgrid_20-20-15_adamax_cl_start_s2031,1051,132.6,455,897,840358.6,243610.5,0,842344.8,224063.2,223945.6,-0.1
20-20-15,adamax,cl_start,2032,0.001,1,clgrid_20-20-15_adamax_cl_start_s2032,1051,137.7,506,913,839661,243519.9,0,842344.8,224063.2,223572.5,-0.2
20-20-15,adamax,cl_start,2033,0.001,1,clgrid_20-20-15_adamax_cl_start_s2033,1051,135.8,460,895,839874.6,243458.5,0,842344.8,224063.2,220468.3,-1.6
20-20-15,adamax,cl_start,2034,0.001,1,clgrid_20-20-15_adamax_cl_start_s2034,1051,141.5,496,961,839568.2,243473,0,842344.8,224063.2,221833,-1
20-20-15,adamax,cl_start,2035,0.001,1,clgrid_20-20-15_adamax_cl_start_s2035,1051,134.2,458,895,840058.1,243512.8,0,842344.8,224063.2,220038.2,-1.8
20-20-15,adamax,cl_start,2036,0.001,2,clgrid_20-20-15_adamax_cl_start_s2036,1051,137.3,459,931,839068.8,243549.3,0,842344.8,224063.2,223123,-0.4
20-20-15,adamax,cl_start,2037,0.001,2,clgrid_20-20-15_adamax_cl_start_s2037,1051,137.9,477,924,840094.8,243691.2,0,842344.8,224063.2,220141.8,-1.8
20-20-15,adamax,cl_start,2038,0.001,2,clgrid_20-20-15_adamax_cl_start_s2038,1051,135,466,899,839652.1,243449.4,0,842344.8,224063.2,223314.6,-0.3
20-20-15,adamax,cl_start,2039,0.001,2,clgrid_20-20-15_adamax_cl_start_s2039,1051,177.2,776,1220,839382.1,243441.1,0,842344.8,224063.2,223385,-0.3
20-20-15,adamax,cl_start,2040,0.001,2,clgrid_20-20-15_adamax_cl_start_s2040,1051,181.3,779,1252,839795.6,243521.4,0,842344.8,224063.2,223749.5,-0.1
20-20-15,adamax,cl_start,2041,0.001,2,clgrid_20-20-15_adamax_cl_start_s2041,1051,130.5,426,844,838801.5,243408.7,0,842344.8,224063.2,224231.4,0.1
20-20-15,adamax,cl_start,2042,0.001,2,clgrid_20-20-15_adamax_cl_start_s2042,1051,130.9,378,846,840635.1,243687.5,0,842344.8,224063.2,221792.2,-1
20-20-15,adamax,cl_start,2043,0.001,2,clgrid_20-20-15_adamax_cl_start_s2043,1051,154.1,571,1018,838954.2,243323,0,842344.8,224063.2,222534.9,-0.7
20-20-15,adamax,cl_start,2044,0.001,2,clgrid_20-20-15_adamax_cl_start_s2044,1051,140.5,464,943,839436.8,243463,0,842344.8,224063.2,224411.2,0.2
20-20-15,adamax,cl_start,2045,0.001,2,clgrid_20-20-15_adamax_cl_start_s2045,1051,159.3,643,1060,840169.2,243691.8,0,842344.8,224063.2,223252.4,-0.4
20-20-15,nadam,cl_paper,2026,0.001,1,clgrid_20-20-15_nadam_cl_paper_s2026,1051,270,1900,1900,833579.8,248042.9,0,842344.8,224063.2,239132.5,6.7
20-20-15,nadam,cl_paper,2027,0.001,1,clgrid_20-20-15_nadam_cl_paper_s2027,1051,262.5,1900,1900,834807.9,248476,0,842344.8,224063.2,238857.3,6.6
20-20-15,nadam,cl_paper,2028,0.001,1,clgrid_20-20-15_nadam_cl_paper_s2028,1051,270,1900,1900,834489.6,248049.5,0,842344.8,224063.2,232943.8,4
20-20-15,nadam,cl_paper,2029,0.001,1,clgrid_20-20-15_nadam_cl_paper_s2029,1051,260.2,1900,1900,835048.1,248334.7,0,842344.8,224063.2,234557.4,4.7
20-20-15,nadam,cl_paper,2030,0.001,1,clgrid_20-20-15_nadam_cl_paper_s2030,1051,267.6,1900,1900,836202.6,248883.2,0,842344.8,224063.2,237439.7,6
20-20-15,nadam,cl_paper,2031,0.001,1,clgrid_20-20-15_nadam_cl_paper_s2031,1051,263.1,1900,1900,835189.7,248437.7,0,842344.8,224063.2,235468.2,5.1
20-20-15,nadam,cl_paper,2032,0.001,1,clgrid_20-20-15_nadam_cl_paper_s2032,1051,264.7,1900,1900,835304.1,248276.1,0,842344.8,224063.2,237799.3,6.1
20-20-15,nadam,cl_paper,2033,0.001,1,clgrid_20-20-15_nadam_cl_paper_s2033,1051,264.9,1900,1900,834128.9,248430.5,0,842344.8,224063.2,240679.8,7.4
20-20-15,nadam,cl_paper,2034,0.001,1,clgrid_20-20-15_nadam_cl_paper_s2034,1051,262.2,1900,1900,834934.6,248365.8,0,842344.8,224063.2,230736.3,3
20-20-15,nadam,cl_paper,2035,0.001,1,clgrid_20-20-15_nadam_cl_paper_s2035,1051,262.3,1900,1900,834831.3,247483.7,0,842344.8,224063.2,232529.2,3.8
20-20-15,nadam,cl_paper,2036,0.001,2,clgrid_20-20-15_nadam_cl_paper_s2036,1051,265.3,1900,1900,834684.4,248321.4,0,842344.8,224063.2,236830.8,5.7
20-20-15,nadam,cl_paper,2037,0.001,2,clgrid_20-20-15_nadam_cl_paper_s2037,1051,270.6,1900,1900,834760.1,250416.7,0,842344.8,224063.2,241795.4,7.9
20-20-15,nadam,cl_paper,2038,0.001,2,clgrid_20-20-15_nadam_cl_paper_s2038,1051,265,1900,1900,834984.3,248426.3,0,842344.8,224063.2,240747.4,7.4
20-20-15,nadam,cl_paper,2039,0.001,2,clgrid_20-20-15_nadam_cl_paper_s2039,1051,266.7,1900,1900,834895.1,247651.2,0,842344.8,224063.2,240441.4,7.3
20-20-15,nadam,cl_paper,2040,0.001,2,clgrid_20-20-15_nadam_cl_paper_s2040,1051,268.1,1900,1900,835312.5,248308.2,0,842344.8,224063.2,239554.9,6.9
20-20-15,nadam,cl_paper,2041,0.001,2,clgrid_20-20-15_nadam_cl_paper_s2041,1051,267.1,1900,1900,834754.2,248069,0,842344.8,224063.2,242137.2,8.1
20-20-15,nadam,cl_paper,2042,0.001,2,clgrid_20-20-15_nadam_cl_paper_s2042,1051,267.8,1900,1900,834809.8,247991.4,0,842344.8,224063.2,238321.3,6.4
20-20-15,nadam,cl_paper,2043,0.001,2,clgrid_20-20-15_nadam_cl_paper_s2043,1051,265.4,1900,1900,834788.7,249287.7,0,842344.8,224063.2,240721.1,7.4
20-20-15,nadam,cl_paper,2044,0.001,2,clgrid_20-20-15_nadam_cl_paper_s2044,1051,267.6,1900,1900,835834.3,248759.7,0,842344.8,224063.2,235254.7,5
20-20-15,nadam,cl_paper,2045,0.001,2,clgrid_20-20-15_nadam_cl_paper_s2045,1051,268.5,1900,1900,835066.1,249688.3,0,842344.8,224063.2,237048.3,5.8
20-20-15,nadam,cl_start,2026,0.001,1,clgrid_20-20-15_nadam_cl_start_s2026,1051,143.7,458,865,838165.2,243338.2,0,842344.8,224063.2,224190.8,0.1
20-20-15,nadam,cl_start,2027,0.001,1,clgrid_20-20-15_nadam_cl_start_s2027,1051,147.9,438,914,838881.2,243444.9,0,842344.8,224063.2,225830.8,0.8
20-20-15,nadam,cl_start,2028,0.001,1,clgrid_20-20-15_nadam_cl_start_s2028,1051,162.8,592,1028,838990,243400.5,0,842344.8,224063.2,224502,0.2
20-20-15,nadam,cl_start,2029,0.001,1,clgrid_20-20-15_nadam_cl_start_s2029,1051,126.7,336,753,839040,243443.3,0,842344.8,224063.2,222195.4,-0.8
20-20-15,nadam,cl_start,2030,0.001,1,clgrid_20-20-15_nadam_cl_start_s2030,1051,158.3,553,1012,839415.5,243524.5,0,842344.8,224063.2,224456.5,0.2
20-20-15,nadam,cl_start,2031,0.001,1,clgrid_20-20-15_nadam_cl_start_s2031,1051,140.4,466,870,839701.6,243527.7,0,842344.8,224063.2,226494,1.1
20-20-15,nadam,cl_start,2032,0.001,1,clgrid_20-20-15_nadam_cl_start_s2032,1051,128.9,348,760,839662.5,243525,0,842344.8,224063.2,222259,-0.8
20-20-15,nadam,cl_start,2033,0.001,1,clgrid_20-20-15_nadam_cl_start_s2033,1051,139.2,458,852,839496.5,243412.3,0,842344.8,224063.2,219311.2,-2.1
20-20-15,nadam,cl_start,2034,0.001,1,clgrid_20-20-15_nadam_cl_start_s2034,1051,150,386,930,839505.4,243480.8,0,842344.8,224063.2,224184.8,0.1
20-20-15,nadam,cl_start,2035,0.001,1,clgrid_20-20-15_nadam_cl_start_s2035,1051,142,475,877,839827.5,243479.2,0,842344.8,224063.2,221091.8,-1.3
20-20-15,nadam,cl_start,2036,0.001,2,clgrid_20-20-15_nadam_cl_start_s2036,1051,129.4,348,782,838956.3,243511.8,0,842344.8,224063.2,223283.2,-0.3
20-20-15,nadam,cl_start,2037,0.001,2,clgrid_20-20-15_nadam_cl_start_s2037,1051,137.7,409,833,839498.9,243567.5,0,842344.8,224063.2,222223.8,-0.8
20-20-15,nadam,cl_start,2038,0.001,2,clgrid_20-20-15_nadam_cl_start_s2038,1051,126.8,350,748,839594.8,243455.6,0,842344.8,224063.2,222244,-0.8
20-20-15,nadam,cl_start,2039,0.001,2,clgrid_20-20-15_nadam_cl_start_s2039,1051,145.6,473,884,839494.8,243456.7,0,842344.8,224063.2,222699.2,-0.6
20-20-15,nadam,cl_start,2040,0.001,2,clgrid_20-20-15_nadam_cl_start_s2040,1051,151,497,915,839345.5,243444.8,0,842344.8,224063.2,225351.6,0.6
20-20-15,nadam,cl_start,2041,0.001,2,clgrid_20-20-15_nadam_cl_start_s2041,1051,142.6,416,847,838316.9,243394.1,0,842344.8,224063.2,225124.7,0.5
20-20-15,nadam,cl_start,2042,0.001,2,clgrid_20-20-15_nadam_cl_start_s2042,1051,130.4,356,767,839877.4,243576.7,0,842344.8,224063.2,222655.4,-0.6
20-20-15,nadam,cl_start,2043,0.001,2,clgrid_20-20-15_nadam_cl_start_s2043,1051,133.9,317,773,839239.6,243389.7,0,842344.8,224063.2,222809.8,-0.6
20-20-15,nadam,cl_start,2044,0.001,2,clgrid_20-20-15_nadam_cl_start_s2044,1051,137.2,358,794,839332,243459.7,0,842344.8,224063.2,224748.6,0.3
20-20-15,nadam,cl_start,2045,0.001,2,clgrid_20-20-15_nadam_cl_start_s2045,1051,149.4,486,902,839744.9,243654.2,0,842344.8,224063.2,224670.6,0.3
20-15-10,sgd,cl_paper,2026,0.001,1,clgrid_20-15-10_sgd_cl_paper_s2026,786,239.5,1900,1900,838982.5,244448.5,0,842344.8,224063.2,224908.1,0.4
20-15-10,sgd,cl_paper,2027,0.001,1,clgrid_20-15-10_sgd_cl_paper_s2027,786,237.6,1900,1900,841384.2,245378,0,842344.8,224063.2,225693.4,0.7
20-15-10,sgd,cl_paper,2028,0.001,1,clgrid_20-15-10_sgd_cl_paper_s2028,786,236.2,1900,1900,839299.4,245248.8,0,842344.8,224063.2,225372.9,0.6
20-15-10,sgd,cl_paper,2029,0.001,1,clgrid_20-15-10_sgd_cl_paper_s2029,786,234.6,1900,1900,839445.7,245471.9,0,842344.8,224063.2,224918,0.4
20-15-10,sgd,cl_paper,2030,0.001,1,clgrid_20-15-10_sgd_cl_paper_s2030,786,232.8,1900,1900,840014.9,245205.3,0,842344.8,224063.2,226244.3,1
20-15-10,sgd,cl_paper,2031,0.001,1,clgrid_20-15-10_sgd_cl_paper_s2031,786,234.1,1900,1900,839400.4,245105.1,0,842344.8,224063.2,225798.6,0.8
20-15-10,sgd,cl_paper,2032,0.001,1,clgrid_20-15-10_sgd_cl_paper_s2032,786,231.4,1900,1900,838534,244386.6,0,842344.8,224063.2,225897.3,0.8
20-15-10,sgd,cl_paper,2033,0.001,1,clgrid_20-15-10_sgd_cl_paper_s2033,786,233,1900,1900,839255.1,245519.8,0,842344.8,224063.2,226040.1,0.9
20-15-10,sgd,cl_paper,2034,0.001,1,clgrid_20-15-10_sgd_cl_paper_s2034,786,236.1,1900,1900,840511.1,244858.6,0,842344.8,224063.2,223252.1,-0.4
20-15-10,sgd,cl_paper,2035,0.001,1,clgrid_20-15-10_sgd_cl_paper_s2035,786,230.4,1900,1900,839696.8,245315,0,842344.8,224063.2,223858.6,-0.1
20-15-10,sgd,cl_paper,2036,0.001,2,clgrid_20-15-10_sgd_cl_paper_s2036,786,237.7,1900,1900,838489.8,245129.4,0,842344.8,224063.2,226126.8,0.9
20-15-10,sgd,cl_paper,2037,0.001,2,clgrid_20-15-10_sgd_cl_paper_s2037,786,240.5,1900,1900,840647.7,245132.4,0,842344.8,224063.2,223349.4,-0.3
20-15-10,sgd,cl_paper,2038,0.001,2,clgrid_20-15-10_sgd_cl_paper_s2038,786,232.1,1900,1900,838337,245568.9,0,842344.8,224063.2,226483.4,1.1
20-15-10,sgd,cl_paper,2039,0.001,2,clgrid_20-15-10_sgd_cl_paper_s2039,786,236.6,1900,1900,840090.9,245659.9,0,842344.8,224063.2,226007.3,0.9
20-15-10,sgd,cl_paper,2040,0.001,2,clgrid_20-15-10_sgd_cl_paper_s2040,786,239.5,1900,1900,839812.8,245641.1,0,842344.8,224063.2,223093.6,-0.4
20-15-10,sgd,cl_paper,2041,0.001,2,clgrid_20-15-10_sgd_cl_paper_s2041,786,234.5,1900,1900,839362.9,244806.7,0,842344.8,224063.2,223279.5,-0.3
20-15-10,sgd,cl_paper,2042,0.001,2,clgrid_20-15-10_sgd_cl_paper_s2042,786,238.2,1900,1900,838323.8,244172.4,0,842344.8,224063.2,226607,1.1
20-15-10,sgd,cl_paper,2043,0.001,2,clgrid_20-15-10_sgd_cl_paper_s2043,786,242.9,1900,1900,838344.6,244326.8,0,842344.8,224063.2,223612.1,-0.2
20-15-10,sgd,cl_paper,2044,0.001,2,clgrid_20-15-10_sgd_cl_paper_s2044,786,241.3,1900,1900,840943.2,245695.6,0,842344.8,224063.2,222039.7,-0.9
20-15-10,sgd,cl_paper,2045,0.001,2,clgrid_20-15-10_sgd_cl_paper_s2045,786,245.9,1900,1900,839360.8,244674.6,0,842344.8,224063.2,226932,1.3
20-15-10,sgd,cl_start,2026,0.001,1,clgrid_20-15-10_sgd_cl_start_s2026,786,432.9,3173,3460,839993.5,243583.1,0,842344.8,224063.2,222641.4,-0.6
20-15-10,sgd,cl_start,2027,0.001,1,clgrid_20-15-10_sgd_cl_start_s2027,786,542,4292,4518,841052.8,243764.6,0,842344.8,224063.2,223194.4,-0.4
20-15-10,sgd,cl_start,2028,0.001,1,clgrid_20-15-10_sgd_cl_start_s2028,786,503.8,3824,4070,838737.7,243427.1,0,842344.8,224063.2,224713.2,0.3
20-15-10,sgd,cl_start,2029,0.001,1,clgrid_20-15-10_sgd_cl_start_s2029,786,422,3047,3335,841935.7,243965.3,0,842344.8,224063.2,222638.4,-0.6
20-15-10,sgd,cl_start,2030,0.001,1,clgrid_20-15-10_sgd_cl_start_s2030,786,529,4000,4231,840318.5,243619.4,0,842344.8,224063.2,223609.4,-0.2
20-15-10,sgd,cl_start,2031,0.001,1,clgrid_20-15-10_sgd_cl_start_s2031,786,549.3,4105,4370,840541.4,243607.5,0,842344.8,224063.2,224555.1,0.2
20-15-10,sgd,cl_start,2032,0.001,1,clgrid_20-15-10_sgd_cl_start_s2032,786,440.2,3270,3554,839520.2,243496.2,0,842344.8,224063.2,224090.8,0
20-15-10,sgd,cl_start,2033,0.001,1,clgrid_20-15-10_sgd_cl_start_s2033,786,387.4,2805,3111,841061.3,243705.6,0,842344.8,224063.2,223497.5,-0.3
20-15-10,sgd,cl_start,2034,0.001,1,clgrid_20-15-10_sgd_cl_start_s2034,786,301.5,2034,2359,841419.8,243858.5,0,842344.8,224063.2,222850.3,-0.5
20-15-10,sgd,cl_start,2035,0.001,1,clgrid_20-15-10_sgd_cl_start_s2035,786,383,2749,3075,841260,243762.5,0,842344.8,224063.2,221772.3,-1
20-15-10,sgd,cl_start,2036,0.001,2,clgrid_20-15-10_sgd_cl_start_s2036,786,535.1,3986,4253,840186.9,243729.9,0,842344.8,224063.2,223877.1,-0.1
20-15-10,sgd,cl_start,2037,0.001,2,clgrid_20-15-10_sgd_cl_start_s2037,786,500.1,3800,4083,840858.7,243713.8,0,842344.8,224063.2,221670.6,-1.1
20-15-10,sgd,cl_start,2038,0.001,2,clgrid_20-15-10_sgd_cl_start_s2038,786,520.7,3972,4241,840415.1,243607,0,842344.8,224063.2,224243.4,0.1
20-15-10,sgd,cl_start,2039,0.001,2,clgrid_20-15-10_sgd_cl_start_s2039,786,335.3,2390,2703,840659.3,243820.7,0,842344.8,224063.2,222585.5,-0.7
20-15-10,sgd,cl_start,2040,0.001,2,clgrid_20-15-10_sgd_cl_start_s2040,786,493.2,3622,3887,840890.4,243739.9,0,842344.8,224063.2,222030.9,-0.9
20-15-10,sgd,cl_start,2041,0.001,2,clgrid_20-15-10_sgd_cl_start_s2041,786,434.2,3138,3444,840321,243557.4,0,842344.8,224063.2,222873.8,-0.5
20-15-10,sgd,cl_start,2042,0.001,2,clgrid_20-15-10_sgd_cl_start_s2042,786,423.9,3059,3345,839911.4,243629,0,842344.8,224063.2,223398.2,-0.3
20-15-10,sgd,cl_start,2043,0.001,2,clgrid_20-15-10_sgd_cl_start_s2043,786,552.9,4214,4460,840634.8,243722.3,0,842344.8,224063.2,223135,-0.4
20-15-10,sgd,cl_start,2044,0.001,2,clgrid_20-15-10_sgd_cl_start_s2044,786,483.1,3617,3874,840607.3,243725.3,0,842344.8,224063.2,221845.6,-1
20-15-10,sgd,cl_start,2045,0.001,2,clgrid_20-15-10_sgd_cl_start_s2045,786,279.6,1836,2162,841364.6,243806.3,0,842344.8,224063.2,223934.8,-0.1
20-15-10,sgd_momentum,cl_paper,2026,0.001,1,clgrid_20-15-10_sgd_momentum_cl_paper_s2026,786,250.8,1900,1900,835575.5,247543.5,0,842344.8,224063.2,230279.6,2.8
20-15-10,sgd_momentum,cl_paper,2027,0.001,1,clgrid_20-15-10_sgd_momentum_cl_paper_s2027,786,245,1900,1900,838207.1,248651.7,0,842344.8,224063.2,228022,1.8
20-15-10,sgd_momentum,cl_paper,2028,0.001,1,clgrid_20-15-10_sgd_momentum_cl_paper_s2028,786,242,1900,1900,835202.6,249479.6,0,842344.8,224063.2,230055.5,2.7
20-15-10,sgd_momentum,cl_paper,2029,0.001,1,clgrid_20-15-10_sgd_momentum_cl_paper_s2029,786,245.5,1900,1900,837876,248370.3,0,842344.8,224063.2,226279.3,1
20-15-10,sgd_momentum,cl_paper,2030,0.001,1,clgrid_20-15-10_sgd_momentum_cl_paper_s2030,786,242.9,1900,1900,836650,248581.6,0,842344.8,224063.2,229019.7,2.2
20-15-10,sgd_momentum,cl_paper,2031,0.001,1,clgrid_20-15-10_sgd_momentum_cl_paper_s2031,786,243.8,1900,1900,837637.6,250348,0,842344.8,224063.2,229793.5,2.6
20-15-10,sgd_momentum,cl_paper,2032,0.001,1,clgrid_20-15-10_sgd_momentum_cl_paper_s2032,786,243.6,1900,1900,771658,252697.1,0,842344.8,224063.2,226171.4,0.9
20-15-10,sgd_momentum,cl_paper,2033,0.001,1,clgrid_20-15-10_sgd_momentum_cl_paper_s2033,786,246.7,1900,1900,838394,250237.9,0,842344.8,224063.2,229417.7,2.4
20-15-10,sgd_momentum,cl_paper,2034,0.001,1,clgrid_20-15-10_sgd_momentum_cl_paper_s2034,786,243.1,1900,1900,837216,248042.6,0,842344.8,224063.2,224377.4,0.1
20-15-10,sgd_momentum,cl_paper,2035,0.001,1,clgrid_20-15-10_sgd_momentum_cl_paper_s2035,786,239.4,1900,1900,836325.6,247828,0,842344.8,224063.2,227061.5,1.3
20-15-10,sgd_momentum,cl_paper,2036,0.001,2,clgrid_20-15-10_sgd_momentum_cl_paper_s2036,786,246.3,1900,1900,836277.1,248453.2,0,842344.8,224063.2,228738.2,2.1
20-15-10,sgd_momentum,cl_paper,2037,0.001,2,clgrid_20-15-10_sgd_momentum_cl_paper_s2037,786,240.6,1900,1900,835928.2,253786.4,0,842344.8,224063.2,226776.1,1.2
20-15-10,sgd_momentum,cl_paper,2038,0.001,2,clgrid_20-15-10_sgd_momentum_cl_paper_s2038,786,241,1900,1900,836351.7,251265.7,0,842344.8,224063.2,230605.6,2.9
20-15-10,sgd_momentum,cl_paper,2039,0.001,2,clgrid_20-15-10_sgd_momentum_cl_paper_s2039,786,245.6,1900,1900,838101.2,248779.2,0,842344.8,224063.2,229331.3,2.4
20-15-10,sgd_momentum,cl_paper,2040,0.001,2,clgrid_20-15-10_sgd_momentum_cl_paper_s2040,786,248.7,1900,1900,833170.2,252368.1,0,842344.8,224063.2,228752.2,2.1
20-15-10,sgd_momentum,cl_paper,2041,0.001,2,clgrid_20-15-10_sgd_momentum_cl_paper_s2041,786,249.9,1900,1900,836602.6,248081.6,0,842344.8,224063.2,231058.6,3.1
20-15-10,sgd_momentum,cl_paper,2042,0.001,2,clgrid_20-15-10_sgd_momentum_cl_paper_s2042,786,250,1900,1900,836006.7,246541.9,0,842344.8,224063.2,227699.6,1.6
20-15-10,sgd_momentum,cl_paper,2043,0.001,2,clgrid_20-15-10_sgd_momentum_cl_paper_s2043,786,251.7,1900,1900,836961.4,253976.4,0,842344.8,224063.2,229239.4,2.3
20-15-10,sgd_momentum,cl_paper,2044,0.001,2,clgrid_20-15-10_sgd_momentum_cl_paper_s2044,786,248.5,1900,1900,837379.8,248082.5,0,842344.8,224063.2,225309.2,0.6
20-15-10,sgd_momentum,cl_paper,2045,0.001,2,clgrid_20-15-10_sgd_momentum_cl_paper_s2045,786,247.2,1900,1900,837135.3,248570.9,0,842344.8,224063.2,229190.1,2.3
20-15-10,sgd_momentum,cl_start,2026,0.001,1,clgrid_20-15-10_sgd_momentum_cl_start_s2026,786,302.5,1984,2320,839549.9,243523.8,0,842344.8,224063.2,223026.4,-0.5
20-15-10,sgd_momentum,cl_start,2027,0.001,1,clgrid_20-15-10_sgd_momentum_cl_start_s2027,786,287.2,1862,2228,839930.8,243520.7,0,842344.8,224063.2,222270.3,-0.8
20-15-10,sgd_momentum,cl_start,2028,0.001,1,clgrid_20-15-10_sgd_momentum_cl_start_s2028,786,196.6,1105,1492,838035.4,243373.8,0,842344.8,224063.2,224768,0.3
20-15-10,sgd_momentum,cl_start,2029,0.001,1,clgrid_20-15-10_sgd_momentum_cl_start_s2029,786,140.8,673,1040,841963.9,243954,0,842344.8,224063.2,224150.4,0
20-15-10,sgd_momentum,cl_start,2030,0.001,1,clgrid_20-15-10_sgd_momentum_cl_start_s2030,786,364.5,2480,2791,839644.1,243518.8,0,842344.8,224063.2,224281.7,0.1
20-15-10,sgd_momentum,cl_start,2031,0.001,1,clgrid_20-15-10_sgd_momentum_cl_start_s2031,786,200.7,1128,1493,840196.5,243507.3,0,842344.8,224063.2,223808.5,-0.1
20-15-10,sgd_momentum,cl_start,2032,0.001,1,clgrid_20-15-10_sgd_momentum_cl_start_s2032,786,147.3,682,1068,839453.7,243458.5,0,842344.8,224063.2,223804.8,-0.1
20-15-10,sgd_momentum,cl_start,2033,0.001,1,clgrid_20-15-10_sgd_momentum_cl_start_s2033,786,205.5,1177,1563,840779.6,243649.7,0,842344.8,224063.2,222344.9,-0.8
20-15-10,sgd_momentum,cl_start,2034,0.001,1,clgrid_20-15-10_sgd_momentum_cl_start_s2034,786,180.4,964,1330,840709.2,243691.9,0,842344.8,224063.2,221685,-1.1
20-15-10,sgd_momentum,cl_start,2035,0.001,1,clgrid_20-15-10_sgd_momentum_cl_start_s2035,786,161.7,849,1215,841173.3,243677,0,842344.8,224063.2,221018,-1.4
20-15-10,sgd_momentum,cl_start,2036,0.001,2,clgrid_20-15-10_sgd_momentum_cl_start_s2036,786,167.5,837,1224,840105.5,243654.4,0,842344.8,224063.2,223490.4,-0.3
20-15-10,sgd_momentum,cl_start,2037,0.001,2,clgrid_20-15-10_sgd_momentum_cl_start_s2037,786,250.1,1561,1924,840475.7,243639,0,842344.8,224063.2,220298.1,-1.7
20-15-10,sgd_momentum,cl_start,2038,0.001,2,clgrid_20-15-10_sgd_momentum_cl_start_s2038,786,155.3,753,1121,840409.7,243555.8,0,842344.8,224063.2,224356.7,0.1
20-15-10,sgd_momentum,cl_start,2039,0.001,2,clgrid_20-15-10_sgd_momentum_cl_start_s2039,786,120.1,462,847,840575,243772.4,0,842344.8,224063.2,222609.8,-0.6
20-15-10,sgd_momentum,cl_start,2040,0.001,2,clgrid_20-15-10_sgd_momentum_cl_start_s2040,786,343.4,2336,2660,839580,243477.7,0,842344.8,224063.2,221923.4,-1
20-15-10,sgd_momentum,cl_start,2041,0.001,2,clgrid_20-15-10_sgd_momentum_cl_start_s2041,786,188.6,1051,1417,840195.5,243528,0,842344.8,224063.2,222103.8,-0.9
20-15-10,sgd_momentum,cl_start,2042,0.001,2,clgrid_20-15-10_sgd_momentum_cl_start_s2042,786,259.7,1573,1919,837322.4,243362.6,0,842344.8,224063.2,223475.4,-0.3
20-15-10,sgd_momentum,cl_start,2043,0.001,2,clgrid_20-15-10_sgd_momentum_cl_start_s2043,786,172.3,915,1281,840826.1,243677.5,0,842344.8,224063.2,222142,-0.9
20-15-10,sgd_momentum,cl_start,2044,0.001,2,clgrid_20-15-10_sgd_momentum_cl_start_s2044,786,363.7,2534,2840,839510.3,243481.1,0,842344.8,224063.2,222485.6,-0.7
20-15-10,sgd_momentum,cl_start,2045,0.001,2,clgrid_20-15-10_sgd_momentum_cl_start_s2045,786,87.3,162,548,841411.2,243780.1,0,842344.8,224063.2,224437.6,0.2
20-15-10,sgd_nesterov,cl_paper,2026,0.001,1,clgrid_20-15-10_sgd_nesterov_cl_paper_s2026,786,250.4,1900,1900,835509.1,247784.1,0,842344.8,224063.2,230291.4,2.8
20-15-10,sgd_nesterov,cl_paper,2027,0.001,1,clgrid_20-15-10_sgd_nesterov_cl_paper_s2027,786,252.9,1900,1900,838193.5,248866.8,0,842344.8,224063.2,228087,1.8
20-15-10,sgd_nesterov,cl_paper,2028,0.001,1,clgrid_20-15-10_sgd_nesterov_cl_paper_s2028,786,251.6,1900,1900,834419,249723.2,0,842344.8,224063.2,230206.9,2.7
20-15-10,sgd_nesterov,cl_paper,2029,0.001,1,clgrid_20-15-10_sgd_nesterov_cl_paper_s2029,786,245,1900,1900,837816.5,248504.7,0,842344.8,224063.2,226312.4,1
20-15-10,sgd_nesterov,cl_paper,2030,0.001,1,clgrid_20-15-10_sgd_nesterov_cl_paper_s2030,786,247.5,1900,1900,836451.6,248691.7,0,842344.8,224063.2,229049.8,2.2
20-15-10,sgd_nesterov,cl_paper,2031,0.001,1,clgrid_20-15-10_sgd_nesterov_cl_paper_s2031,786,247.6,1900,1900,837660,249840.6,0,842344.8,224063.2,225405,0.6
20-15-10,sgd_nesterov,cl_paper,2032,0.001,1,clgrid_20-15-10_sgd_nesterov_cl_paper_s2032,786,252.4,1900,1900,1530157.5,431335,0,842344.8,224063.2,124365.2,-44.5
20-15-10,sgd_nesterov,cl_paper,2033,0.001,1,clgrid_20-15-10_sgd_nesterov_cl_paper_s2033,786,253.8,1900,1900,838288.4,250352.9,0,842344.8,224063.2,229098.6,2.2
20-15-10,sgd_nesterov,cl_paper,2034,0.001,1,clgrid_20-15-10_sgd_nesterov_cl_paper_s2034,786,251.4,1900,1900,837154.8,248206,0,842344.8,224063.2,224374.9,0.1
20-15-10,sgd_nesterov,cl_paper,2035,0.001,1,clgrid_20-15-10_sgd_nesterov_cl_paper_s2035,786,246,1900,1900,836161.4,247908.7,0,842344.8,224063.2,227103.9,1.4
20-15-10,sgd_nesterov,cl_paper,2036,0.001,2,clgrid_20-15-10_sgd_nesterov_cl_paper_s2036,786,248.6,1900,1900,836255.6,248689.5,0,842344.8,224063.2,228810.5,2.1
20-15-10,sgd_nesterov,cl_paper,2037,0.001,2,clgrid_20-15-10_sgd_nesterov_cl_paper_s2037,786,244.5,1900,1900,840799.1,245095.1,0,842344.8,224063.2,224709.1,0.3
20-15-10,sgd_nesterov,cl_paper,2038,0.001,2,clgrid_20-15-10_sgd_nesterov_cl_paper_s2038,786,245.3,1900,1900,871807.1,256100.9,0,842344.8,224063.2,203953.4,-9
20-15-10,sgd_nesterov,cl_paper,2039,0.001,2,clgrid_20-15-10_sgd_nesterov_cl_paper_s2039,786,248.6,1900,1900,838084.6,248891.6,0,842344.8,224063.2,229357.5,2.4
20-15-10,sgd_nesterov,cl_paper,2040,0.001,2,clgrid_20-15-10_sgd_nesterov_cl_paper_s2040,786,243.6,1900,1900,1097256.8,322492.2,0,842344.8,224063.2,279978.7,25
20-15-10,sgd_nesterov,cl_paper,2041,0.001,2,clgrid_20-15-10_sgd_nesterov_cl_paper_s2041,786,250.9,1900,1900,836475,248225.8,0,842344.8,224063.2,231126.3,3.2
20-15-10,sgd_nesterov,cl_paper,2042,0.001,2,clgrid_20-15-10_sgd_nesterov_cl_paper_s2042,786,249,1900,1900,835753.1,246648.9,0,842344.8,224063.2,227765.3,1.7
20-15-10,sgd_nesterov,cl_paper,2043,0.001,2,clgrid_20-15-10_sgd_nesterov_cl_paper_s2043,786,244.2,1900,1900,836644.1,255179.4,0,842344.8,224063.2,229365.8,2.4
20-15-10,sgd_nesterov,cl_paper,2044,0.001,2,clgrid_20-15-10_sgd_nesterov_cl_paper_s2044,786,251.3,1900,1900,837341.8,248179.6,0,842344.8,224063.2,225290.2,0.5
20-15-10,sgd_nesterov,cl_paper,2045,0.001,2,clgrid_20-15-10_sgd_nesterov_cl_paper_s2045,786,251.9,1900,1900,837135.1,248753.5,0,842344.8,224063.2,229199.6,2.3
20-15-10,sgd_nesterov,cl_start,2026,0.001,1,clgrid_20-15-10_sgd_nesterov_cl_start_s2026,786,358.6,2439,2777,839184.3,243473.2,0,842344.8,224063.2,223957.5,0
20-15-10,sgd_nesterov,cl_start,2027,0.001,1,clgrid_20-15-10_sgd_nesterov_cl_start_s2027,786,356,2478,2824,839895.3,243520.5,0,842344.8,224063.2,222137.6,-0.9
20-15-10,sgd_nesterov,cl_start,2028,0.001,1,clgrid_20-15-10_sgd_nesterov_cl_start_s2028,786,198.9,1099,1486,838303,243372.6,0,842344.8,224063.2,224864.7,0.4
20-15-10,sgd_nesterov,cl_start,2029,0.001,1,clgrid_20-15-10_sgd_nesterov_cl_start_s2029,786,142.8,669,1036,841948.9,243958,0,842344.8,224063.2,223276.5,-0.4
20-15-10,sgd_nesterov,cl_start,2030,0.001,1,clgrid_20-15-10_sgd_nesterov_cl_start_s2030,786,365.1,2477,2788,839635.7,243518.4,0,842344.8,224063.2,224262.2,0.1
20-15-10,sgd_nesterov,cl_start,2031,0.001,1,clgrid_20-15-10_sgd_nesterov_cl_start_s2031,786,250.7,1532,1897,840095.9,243503.5,0,842344.8,224063.2,223561.5,-0.2
20-15-10,sgd_nesterov,cl_start,2032,0.001,1,clgrid_20-15-10_sgd_nesterov_cl_start_s2032,786,147.2,680,1066,839479,243457.1,0,842344.8,224063.2,223653.2,-0.2
20-15-10,sgd_nesterov,cl_start,2033,0.001,1,clgrid_20-15-10_sgd_nesterov_cl_start_s2033,786,212.9,1165,1551,840794.3,243650,0,842344.8,224063.2,222329.2,-0.8
20-15-10,sgd_nesterov,cl_start,2034,0.001,1,clgrid_20-15-10_sgd_nesterov_cl_start_s2034,786,178.7,955,1321,840703.9,243692.3,0,842344.8,224063.2,221410.4,-1.2
20-15-10,sgd_nesterov,cl_start,2035,0.001,1,clgrid_20-15-10_sgd_nesterov_cl_start_s2035,786,161.7,845,1211,841154.2,243683.2,0,842344.8,224063.2,220927,-1.4
20-15-10,sgd_nesterov,cl_start,2036,0.001,2,clgrid_20-15-10_sgd_nesterov_cl_start_s2036,786,282.4,1788,2153,839953.6,243625.1,0,842344.8,224063.2,223619.5,-0.2
20-15-10,sgd_nesterov,cl_start,2037,0.001,2,clgrid_20-15-10_sgd_nesterov_cl_start_s2037,786,248,1547,1910,840480,243638.8,0,842344.8,224063.2,220546.5,-1.6
20-15-10,sgd_nesterov,cl_start,2038,0.001,2,clgrid_20-15-10_sgd_nesterov_cl_start_s2038,786,157.9,791,1159,840399.5,243561.8,0,842344.8,224063.2,223924.6,-0.1
20-15-10,sgd_nesterov,cl_start,2039,0.001,2,clgrid_20-15-10_sgd_nesterov_cl_start_s2039,786,124.5,475,861,840838.5,243778.3,0,842344.8,224063.2,222409.8,-0.7
20-15-10,sgd_nesterov,cl_start,2040,0.001,2,clgrid_20-15-10_sgd_nesterov_cl_start_s2040,786,345.6,2324,2648,839581,243478.9,0,842344.8,224063.2,221884,-1
20-15-10,sgd_nesterov,cl_start,2041,0.001,2,clgrid_20-15-10_sgd_nesterov_cl_start_s2041,786,194.1,1044,1410,840182.8,243531,0,842344.8,224063.2,222424.7,-0.7
20-15-10,sgd_nesterov,cl_start,2042,0.001,2,clgrid_20-15-10_sgd_nesterov_cl_start_s2042,786,253.3,1558,1905,840017.2,243545.9,0,842344.8,224063.2,222713.7,-0.6
20-15-10,sgd_nesterov,cl_start,2043,0.001,2,clgrid_20-15-10_sgd_nesterov_cl_start_s2043,786,224.7,1337,1703,840784.6,243676.6,0,842344.8,224063.2,222001.8,-0.9
20-15-10,sgd_nesterov,cl_start,2044,0.001,2,clgrid_20-15-10_sgd_nesterov_cl_start_s2044,786,366.5,2530,2836,839503.9,243482.1,0,842344.8,224063.2,222526.5,-0.7
20-15-10,sgd_nesterov,cl_start,2045,0.001,2,clgrid_20-15-10_sgd_nesterov_cl_start_s2045,786,114.1,365,751,841396.4,243784.7,0,842344.8,224063.2,223886.4,-0.1
20-15-10,adagrad,cl_paper,2026,0.01,1,clgrid_20-15-10_adagrad_cl_paper_s2026,786,244.9,1900,1900,836676.3,248841.3,0,842344.8,224063.2,232871.3,3.9
20-15-10,adagrad,cl_paper,2027,0.01,1,clgrid_20-15-10_adagrad_cl_paper_s2027,786,250,1900,1900,836525,248107.5,0,842344.8,224063.2,229086,2.2
20-15-10,adagrad,cl_paper,2028,0.01,1,clgrid_20-15-10_adagrad_cl_paper_s2028,786,246.8,1900,1900,835388.9,247358.9,0,842344.8,224063.2,227935.6,1.7
20-15-10,adagrad,cl_paper,2029,0.01,1,clgrid_20-15-10_adagrad_cl_paper_s2029,786,245,1900,1900,835947.7,247231.2,0,842344.8,224063.2,226576.6,1.1
20-15-10,adagrad,cl_paper,2030,0.01,1,clgrid_20-15-10_adagrad_cl_paper_s2030,786,245.6,1900,1900,835749.4,247496.2,0,842344.8,224063.2,229621.4,2.5
20-15-10,adagrad,cl_paper,2031,0.01,1,clgrid_20-15-10_adagrad_cl_paper_s2031,786,246.8,1900,1900,836595.8,248935.7,0,842344.8,224063.2,235114.7,4.9
20-15-10,adagrad,cl_paper,2032,0.01,1,clgrid_20-15-10_adagrad_cl_paper_s2032,786,249.9,1900,1900,835006.5,248088.3,0,842344.8,224063.2,225072.9,0.5
20-15-10,adagrad,cl_paper,2033,0.01,1,clgrid_20-15-10_adagrad_cl_paper_s2033,786,252.7,1900,1900,837033.8,248583.2,0,842344.8,224063.2,230479.9,2.9
20-15-10,adagrad,cl_paper,2034,0.01,1,clgrid_20-15-10_adagrad_cl_paper_s2034,786,255.8,1900,1900,835887.8,247496.1,0,842344.8,224063.2,224507.5,0.2
20-15-10,adagrad,cl_paper,2035,0.01,1,clgrid_20-15-10_adagrad_cl_paper_s2035,786,240.7,1900,1900,835284.7,246997.9,0,842344.8,224063.2,225747.3,0.8
20-15-10,adagrad,cl_paper,2036,0.01,2,clgrid_20-15-10_adagrad_cl_paper_s2036,786,250.4,1900,1900,835351.3,247504.7,0,842344.8,224063.2,229069.4,2.2
20-15-10,adagrad,cl_paper,2037,0.01,2,clgrid_20-15-10_adagrad_cl_paper_s2037,786,244.9,1900,1900,837012.9,250146.9,0,842344.8,224063.2,230529,2.9
20-15-10,adagrad,cl_paper,2038,0.01,2,clgrid_20-15-10_adagrad_cl_paper_s2038,786,242.8,1900,1900,835127.8,247772.7,0,842344.8,224063.2,229467.5,2.4
20-15-10,adagrad,cl_paper,2039,0.01,2,clgrid_20-15-10_adagrad_cl_paper_s2039,786,247.4,1900,1900,835415.9,248606.6,0,842344.8,224063.2,232032.9,3.6
20-15-10,adagrad,cl_paper,2040,0.01,2,clgrid_20-15-10_adagrad_cl_paper_s2040,786,249.6,1900,1900,834367.5,247168.1,0,842344.8,224063.2,227785.7,1.7
20-15-10,adagrad,cl_paper,2041,0.01,2,clgrid_20-15-10_adagrad_cl_paper_s2041,786,247.4,1900,1900,836083.1,248165.5,0,842344.8,224063.2,234490.9,4.7
20-15-10,adagrad,cl_paper,2042,0.01,2,clgrid_20-15-10_adagrad_cl_paper_s2042,786,246.4,1900,1900,834893.7,247005.8,0,842344.8,224063.2,227592.2,1.6
20-15-10,adagrad,cl_paper,2043,0.01,2,clgrid_20-15-10_adagrad_cl_paper_s2043,786,246.4,1900,1900,836151.1,249364,0,842344.8,224063.2,231047.3,3.1
20-15-10,adagrad,cl_paper,2044,0.01,2,clgrid_20-15-10_adagrad_cl_paper_s2044,786,249.6,1900,1900,836902.6,247501.8,0,842344.8,224063.2,226203.8,1
20-15-10,adagrad,cl_paper,2045,0.01,2,clgrid_20-15-10_adagrad_cl_paper_s2045,786,247.2,1900,1900,836316.3,248241,0,842344.8,224063.2,230966.9,3.1
20-15-10,adagrad,cl_start,2026,0.01,1,clgrid_20-15-10_adagrad_cl_start_s2026,786,220.3,1288,1664,838896.8,243443,0,842344.8,224063.2,225771.9,0.8
20-15-10,adagrad,cl_start,2027,0.01,1,clgrid_20-15-10_adagrad_cl_start_s2027,786,245.8,1488,1852,839496.2,243471.6,0,842344.8,224063.2,220904.5,-1.4
20-15-10,adagrad,cl_start,2028,0.01,1,clgrid_20-15-10_adagrad_cl_start_s2028,786,178.7,943,1325,838553.8,243344.3,0,842344.8,224063.2,218576.6,-2.4
20-15-10,adagrad,cl_start,2029,0.01,1,clgrid_20-15-10_adagrad_cl_start_s2029,786,195.3,1080,1466,840567.7,243664.2,0,842344.8,224063.2,221759.6,-1
20-15-10,adagrad,cl_start,2030,0.01,1,clgrid_20-15-10_adagrad_cl_start_s2030,786,223.5,1260,1680,839561.4,243495.8,0,842344.8,224063.2,218539.8,-2.5
20-15-10,adagrad,cl_start,2031,0.01,1,clgrid_20-15-10_adagrad_cl_start_s2031,786,305.1,2021,2365,839213.3,243407,0,842344.8,224063.2,222002.2,-0.9
20-15-10,adagrad,cl_start,2032,0.01,1,clgrid_20-15-10_adagrad_cl_start_s2032,786,258.7,1509,1883,838982.2,243294.8,0,842344.8,224063.2,217774.7,-2.8
20-15-10,adagrad,cl_start,2033,0.01,1,clgrid_20-15-10_adagrad_cl_start_s2033,786,131.6,549,942,839768.2,243584.3,0,842344.8,224063.2,222027.2,-0.9
20-15-10,adagrad,cl_start,2034,0.01,1,clgrid_20-15-10_adagrad_cl_start_s2034,786,164.6,788,1174,840302.6,243625.8,0,842344.8,224063.2,217001.2,-3.2
20-15-10,adagrad,cl_start,2035,0.01,1,clgrid_20-15-10_adagrad_cl_start_s2035,786,219,1333,1686,840178.5,243532.8,0,842344.8,224063.2,231360.7,3.3
20-15-10,adagrad,cl_start,2036,0.01,2,clgrid_20-15-10_adagrad_cl_start_s2036,786,190.7,1016,1383,839592.7,243577.3,0,842344.8,224063.2,223524.8,-0.2
20-15-10,adagrad,cl_start,2037,0.01,2,clgrid_20-15-10_adagrad_cl_start_s2037,786,195,1083,1464,839750,243553.8,0,842344.8,224063.2,219023.8,-2.2
20-15-10,adagrad,cl_start,2038,0.01,2,clgrid_20-15-10_adagrad_cl_start_s2038,786,308,2021,2374,839787,243478.9,0,842344.8,224063.2,222521.1,-0.7
20-15-10,adagrad,cl_start,2039,0.01,2,clgrid_20-15-10_adagrad_cl_start_s2039,786,99.9,270,667,839780.3,243622.5,0,842344.8,224063.2,223580.6,-0.2
20-15-10,adagrad,cl_start,2040,0.01,2,clgrid_20-15-10_adagrad_cl_start_s2040,786,322.3,2150,2505,839308.3,243454.7,0,842344.8,224063.2,218339.4,-2.6
20-15-10,adagrad,cl_start,2041,0.01,2,clgrid_20-15-10_adagrad_cl_start_s2041,786,223.3,1283,1657,839775.7,243466.7,0,842344.8,224063.2,221929.9,-1
20-15-10,adagrad,cl_start,2042,0.01,2,clgrid_20-15-10_adagrad_cl_start_s2042,786,218,1220,1604,838503.2,243436.4,0,842344.8,224063.2,220773.9,-1.5
20-15-10,adagrad,cl_start,2043,0.01,2,clgrid_20-15-10_adagrad_cl_start_s2043,786,292.1,1870,2218,839196.4,243475.8,0,842344.8,224063.2,211923.3,-5.4
20-15-10,adagrad,cl_start,2044,0.01,2,clgrid_20-15-10_adagrad_cl_start_s2044,786,292,1917,2272,839465.6,243471.1,0,842344.8,224063.2,220005.7,-1.8
20-15-10,adagrad,cl_start,2045,0.01,2,clgrid_20-15-10_adagrad_cl_start_s2045,786,198.6,1126,1481,840746.5,243744,0,842344.8,224063.2,219996.8,-1.8
20-15-10,adadelta,cl_paper,2026,1,1,clgrid_20-15-10_adadelta_cl_paper_s2026,786,257.6,1900,1900,838002.2,250474.3,0,842344.8,224063.2,282485.9,26.1
20-15-10,adadelta,cl_paper,2027,1,1,clgrid_20-15-10_adadelta_cl_paper_s2027,786,251.8,1900,1900,836130.2,247443.5,0,842344.8,224063.2,152620.6,-31.9
20-15-10,adadelta,cl_paper,2028,1,1,clgrid_20-15-10_adadelta_cl_paper_s2028,786,253.2,1900,1900,832871.8,245044.5,0,842344.8,224063.2,206484.7,-7.8
20-15-10,adadelta,cl_paper,2029,1,1,clgrid_20-15-10_adadelta_cl_paper_s2029,786,254.6,1900,1900,836303,248729,0,842344.8,224063.2,159744.6,-28.7
20-15-10,adadelta,cl_paper,2030,1,1,clgrid_20-15-10_adadelta_cl_paper_s2030,786,259.1,1900,1900,837628.5,249065.8,0,842344.8,224063.2,220002.7,-1.8
20-15-10,adadelta,cl_paper,2031,1,1,clgrid_20-15-10_adadelta_cl_paper_s2031,786,255.7,1900,1900,837338.3,250252.2,0,842344.8,224063.2,309747.6,38.2
20-15-10,adadelta,cl_paper,2032,1,1,clgrid_20-15-10_adadelta_cl_paper_s2032,786,260.7,1900,1900,836634.7,248354.7,0,842344.8,224063.2,214674,-4.2
20-15-10,adadelta,cl_paper,2033,1,1,clgrid_20-15-10_adadelta_cl_paper_s2033,786,257.4,1900,1900,841014.5,254615.4,0,842344.8,224063.2,216784.9,-3.2
20-15-10,adadelta,cl_paper,2034,1,1,clgrid_20-15-10_adadelta_cl_paper_s2034,786,267.6,1900,1900,834071,246405.8,0,842344.8,224063.2,232406.6,3.7
20-15-10,adadelta,cl_paper,2035,1,1,clgrid_20-15-10_adadelta_cl_paper_s2035,786,251.9,1900,1900,834480.5,246858.1,0,842344.8,224063.2,199197.6,-11.1
20-15-10,adadelta,cl_paper,2036,1,2,clgrid_20-15-10_adadelta_cl_paper_s2036,786,257.6,1900,1900,835681.8,247930.1,0,842344.8,224063.2,244802.3,9.3
20-15-10,adadelta,cl_paper,2037,1,2,clgrid_20-15-10_adadelta_cl_paper_s2037,786,253.4,1900,1900,840337.7,253178.3,0,842344.8,224063.2,292060.1,30.3
20-15-10,adadelta,cl_paper,2038,1,2,clgrid_20-15-10_adadelta_cl_paper_s2038,786,255.3,1900,1900,833890.3,246435.6,0,842344.8,224063.2,172269.6,-23.1
20-15-10,adadelta,cl_paper,2039,1,2,clgrid_20-15-10_adadelta_cl_paper_s2039,786,255,1900,1900,833826.7,251229.8,0,842344.8,224063.2,299753.7,33.8
20-15-10,adadelta,cl_paper,2040,1,2,clgrid_20-15-10_adadelta_cl_paper_s2040,786,260.2,1900,1900,834473.5,246660,0,842344.8,224063.2,173340.6,-22.6
20-15-10,adadelta,cl_paper,2041,1,2,clgrid_20-15-10_adadelta_cl_paper_s2041,786,261.3,1900,1900,834792.1,249224.2,0,842344.8,224063.2,272382.8,21.6
20-15-10,adadelta,cl_paper,2042,1,2,clgrid_20-15-10_adadelta_cl_paper_s2042,786,258.4,1900,1900,837051.4,247991.4,0,842344.8,224063.2,225927.7,0.8
20-15-10,adadelta,cl_paper,2043,1,2,clgrid_20-15-10_adadelta_cl_paper_s2043,786,261.4,1900,1900,836795.8,253466.4,0,842344.8,224063.2,290731.3,29.8
20-15-10,adadelta,cl_paper,2044,1,2,clgrid_20-15-10_adadelta_cl_paper_s2044,786,260.6,1900,1900,836361.3,247143.9,0,842344.8,224063.2,185993.6,-17
20-15-10,adadelta,cl_paper,2045,1,2,clgrid_20-15-10_adadelta_cl_paper_s2045,786,255.2,1900,1900,839883.6,253292.2,0,842344.8,224063.2,285377.5,27.4
20-15-10,adadelta,cl_start,2026,1,1,clgrid_20-15-10_adadelta_cl_start_s2026,786,152.6,573,1047,839363.1,243412.3,0,842344.8,224063.2,227990.4,1.8
20-15-10,adadelta,cl_start,2027,1,1,clgrid_20-15-10_adadelta_cl_start_s2027,786,177.8,758,1210,839789.6,243515.9,0,842344.8,224063.2,221143.8,-1.3
20-15-10,adadelta,cl_start,2028,1,1,clgrid_20-15-10_adadelta_cl_start_s2028,786,172.3,794,1229,838359.4,243408.5,0,842344.8,224063.2,209083,-6.7
20-15-10,adadelta,cl_start,2029,1,1,clgrid_20-15-10_adadelta_cl_start_s2029,786,182.4,881,1281,839612.7,243508.8,0,842344.8,224063.2,215161.6,-4
20-15-10,adadelta,cl_start,2030,1,1,clgrid_20-15-10_adadelta_cl_start_s2030,786,173.4,793,1191,839094.2,243424.2,0,842344.8,224063.2,217057.9,-3.1
20-15-10,adadelta,cl_start,2031,1,1,clgrid_20-15-10_adadelta_cl_start_s2031,786,190.9,970,1360,839558.5,243443.9,0,842344.8,224063.2,223061.8,-0.4
20-15-10,adadelta,cl_start,2032,1,1,clgrid_20-15-10_adadelta_cl_start_s2032,786,164.6,703,1089,838724,243344.3,0,842344.8,224063.2,220975.5,-1.4
20-15-10,adadelta,cl_start,2033,1,1,clgrid_20-15-10_adadelta_cl_start_s2033,786,198.3,929,1359,839798.5,243492.9,0,842344.8,224063.2,218275.2,-2.6
20-15-10,adadelta,cl_start,2034,1,1,clgrid_20-15-10_adadelta_cl_start_s2034,786,184.3,765,1190,839431.4,243485.9,0,842344.8,224063.2,218434.4,-2.5
20-15-10,adadelta,cl_start,2035,1,1,clgrid_20-15-10_adadelta_cl_start_s2035,786,144.8,581,975,839879.3,243513.6,0,842344.8,224063.2,225539.2,0.7
20-15-10,adadelta,cl_start,2036,1,2,clgrid_20-15-10_adadelta_cl_start_s2036,786,158.6,666,1051,839221.5,243461.4,0,842344.8,224063.2,214114.3,-4.4
20-15-10,adadelta,cl_start,2037,1,2,clgrid_20-15-10_adadelta_cl_start_s2037,786,159.3,692,1076,839833.9,243514.5,0,842344.8,224063.2,216762.5,-3.3
20-15-10,adadelta,cl_start,2038,1,2,clgrid_20-15-10_adadelta_cl_start_s2038,786,167.1,764,1157,839568.8,243465,0,842344.8,224063.2,221097.4,-1.3
20-15-10,adadelta,cl_start,2039,1,2,clgrid_20-15-10_adadelta_cl_start_s2039,786,203.9,1024,1463,839265.2,243458,0,842344.8,224063.2,217181.8,-3.1
20-15-10,adadelta,cl_start,2040,1,2,clgrid_20-15-10_adadelta_cl_start_s2040,786,187.3,940,1331,839503.1,243522.8,0,842344.8,224063.2,214757.6,-4.2
20-15-10,adadelta,cl_start,2041,1,2,clgrid_20-15-10_adadelta_cl_start_s2041,786,166.1,683,1096,839775.2,243450.4,0,842344.8,224063.2,221245.7,-1.3
20-15-10,adadelta,cl_start,2042,1,2,clgrid_20-15-10_adadelta_cl_start_s2042,786,193.5,938,1326,839095.2,243438.5,0,842344.8,224063.2,221330.5,-1.2
20-15-10,adadelta,cl_start,2043,1,2,clgrid_20-15-10_adadelta_cl_start_s2043,786,170,723,1150,839760.7,243551.9,0,842344.8,224063.2,221929.6,-1
20-15-10,adadelta,cl_start,2044,1,2,clgrid_20-15-10_adadelta_cl_start_s2044,786,200,1044,1429,839611.9,243458.2,0,842344.8,224063.2,218097.7,-2.7
20-15-10,adadelta,cl_start,2045,1,2,clgrid_20-15-10_adadelta_cl_start_s2045,786,156.2,627,1055,839683.8,243560.4,0,842344.8,224063.2,207448.8,-7.4
20-15-10,rmsprop,cl_paper,2026,0.001,1,clgrid_20-15-10_rmsprop_cl_paper_s2026,786,246.6,1900,1900,835647.3,248754.5,0,842344.8,224063.2,254443.1,13.6
20-15-10,rmsprop,cl_paper,2027,0.001,1,clgrid_20-15-10_rmsprop_cl_paper_s2027,786,239.5,1900,1900,835954.5,247856.7,0,842344.8,224063.2,220506.3,-1.6
20-15-10,rmsprop,cl_paper,2028,0.001,1,clgrid_20-15-10_rmsprop_cl_paper_s2028,786,245,1900,1900,835622.8,247535,0,842344.8,224063.2,220834.7,-1.4
20-15-10,rmsprop,cl_paper,2029,0.001,1,clgrid_20-15-10_rmsprop_cl_paper_s2029,786,248.1,1900,1900,835491.6,247222.8,0,842344.8,224063.2,210787.6,-5.9
20-15-10,rmsprop,cl_paper,2030,0.001,1,clgrid_20-15-10_rmsprop_cl_paper_s2030,786,249.9,1900,1900,836465.3,248534.2,0,842344.8,224063.2,221795.8,-1
20-15-10,rmsprop,cl_paper,2031,0.001,1,clgrid_20-15-10_rmsprop_cl_paper_s2031,786,246.5,1900,1900,835990,248781.4,0,842344.8,224063.2,253268.2,13
20-15-10,rmsprop,cl_paper,2032,0.001,1,clgrid_20-15-10_rmsprop_cl_paper_s2032,786,250.3,1900,1900,835525.2,247848.7,0,842344.8,224063.2,224470.7,0.2
20-15-10,rmsprop,cl_paper,2033,0.001,1,clgrid_20-15-10_rmsprop_cl_paper_s2033,786,260.5,1900,1900,836050.1,248270.7,0,842344.8,224063.2,236656.8,5.6
20-15-10,rmsprop,cl_paper,2034,0.001,1,clgrid_20-15-10_rmsprop_cl_paper_s2034,786,261.9,1900,1900,835331.8,247250.7,0,842344.8,224063.2,227390.4,1.5
20-15-10,rmsprop,cl_paper,2035,0.001,1,clgrid_20-15-10_rmsprop_cl_paper_s2035,786,244.9,1900,1900,835004,247102.4,0,842344.8,224063.2,229756.6,2.5
20-15-10,rmsprop,cl_paper,2036,0.001,2,clgrid_20-15-10_rmsprop_cl_paper_s2036,786,252.4,1900,1900,835328.8,247361.3,0,842344.8,224063.2,215782.3,-3.7
20-15-10,rmsprop,cl_paper,2037,0.001,2,clgrid_20-15-10_rmsprop_cl_paper_s2037,786,241.3,1900,1900,836542.8,249239.8,0,842344.8,224063.2,246642.6,10.1
20-15-10,rmsprop,cl_paper,2038,0.001,2,clgrid_20-15-10_rmsprop_cl_paper_s2038,786,249.4,1900,1900,834828.3,247801.3,0,842344.8,224063.2,217891.1,-2.8
20-15-10,rmsprop,cl_paper,2039,0.001,2,clgrid_20-15-10_rmsprop_cl_paper_s2039,786,241.7,1900,1900,835071,248307,0,842344.8,224063.2,238064.1,6.2
20-15-10,rmsprop,cl_paper,2040,0.001,2,clgrid_20-15-10_rmsprop_cl_paper_s2040,786,247.8,1900,1900,834126,247023.6,0,842344.8,224063.2,240560.2,7.4
20-15-10,rmsprop,cl_paper,2041,0.001,2,clgrid_20-15-10_rmsprop_cl_paper_s2041,786,251.4,1900,1900,836044.9,248296.1,0,842344.8,224063.2,253395.6,13.1
20-15-10,rmsprop,cl_paper,2042,0.001,2,clgrid_20-15-10_rmsprop_cl_paper_s2042,786,254.6,1900,1900,834573.7,246781.6,0,842344.8,224063.2,220227.7,-1.7
20-15-10,rmsprop,cl_paper,2043,0.001,2,clgrid_20-15-10_rmsprop_cl_paper_s2043,786,248.5,1900,1900,835490.9,249094.5,0,842344.8,224063.2,255652.8,14.1
20-15-10,rmsprop,cl_paper,2044,0.001,2,clgrid_20-15-10_rmsprop_cl_paper_s2044,786,244,1900,1900,836707.9,247767.8,0,842344.8,224063.2,210624.7,-6
20-15-10,rmsprop,cl_paper,2045,0.001,2,clgrid_20-15-10_rmsprop_cl_paper_s2045,786,250.6,1900,1900,835683.4,248415.7,0,842344.8,224063.2,238389.3,6.4
20-15-10,rmsprop,cl_start,2026,0.001,1,clgrid_20-15-10_rmsprop_cl_start_s2026,786,169.2,781,1214,838630.4,243302.9,0,842344.8,224063.2,225563.4,0.7
20-15-10,rmsprop,cl_start,2027,0.001,1,clgrid_20-15-10_rmsprop_cl_start_s2027,786,144.4,612,1045,839143,243356,0,842344.8,224063.2,219131.8,-2.2
20-15-10,rmsprop,cl_start,2028,0.001,1,clgrid_20-15-10_rmsprop_cl_start_s2028,786,127.6,463,896,838157.3,243415,0,842344.8,224063.2,222882.4,-0.5
20-15-10,rmsprop,cl_start,2029,0.001,1,clgrid_20-15-10_rmsprop_cl_start_s2029,786,154.4,654,1085,839321.6,243534.2,0,842344.8,224063.2,216502.5,-3.4
20-15-10,rmsprop,cl_start,2030,0.001,1,clgrid_20-15-10_rmsprop_cl_start_s2030,786,159.8,708,1140,839169.4,243429.1,0,842344.8,224063.2,214315.6,-4.4
20-15-10,rmsprop,cl_start,2031,0.001,1,clgrid_20-15-10_rmsprop_cl_start_s2031,786,176.2,895,1303,838746.6,243299.6,0,842344.8,224063.2,220049.6,-1.8
20-15-10,rmsprop,cl_start,2032,0.001,1,clgrid_20-15-10_rmsprop_cl_start_s2032,786,131.5,464,888,838527.2,243346.3,0,842344.8,224063.2,223261.8,-0.4
20-15-10,rmsprop,cl_start,2033,0.001,1,clgrid_20-15-10_rmsprop_cl_start_s2033,786,135.3,483,916,839230.3,243501.4,0,842344.8,224063.2,217988,-2.7
20-15-10,rmsprop,cl_start,2034,0.001,1,clgrid_20-15-10_rmsprop_cl_start_s2034,786,162.6,635,1075,838976.4,243497.4,0,842344.8,224063.2,219095.2,-2.2
20-15-10,rmsprop,cl_start,2035,0.001,1,clgrid_20-15-10_rmsprop_cl_start_s2035,786,130.6,480,918,839570.1,243494.1,0,842344.8,224063.2,217154.7,-3.1
20-15-10,rmsprop,cl_start,2036,0.001,2,clgrid_20-15-10_rmsprop_cl_start_s2036,786,158,689,1102,838799.4,243418.5,0,842344.8,224063.2,218587,-2.4
20-15-10,rmsprop,cl_start,2037,0.001,2,clgrid_20-15-10_rmsprop_cl_start_s2037,786,155.5,715,1138,839476.2,243513.8,0,842344.8,224063.2,219965.9,-1.8
20-15-10,rmsprop,cl_start,2038,0.001,2,clgrid_20-15-10_rmsprop_cl_start_s2038,786,142.5,578,1009,839467,243473.3,0,842344.8,224063.2,224245.1,0.1
20-15-10,rmsprop,cl_start,2039,0.001,2,clgrid_20-15-10_rmsprop_cl_start_s2039,786,151.5,690,1105,838829.6,243470.2,0,842344.8,224063.2,223260.8,-0.4
20-15-10,rmsprop,cl_start,2040,0.001,2,clgrid_20-15-10_rmsprop_cl_start_s2040,786,189.7,917,1380,838832.2,243424.5,0,842344.8,224063.2,220669,-1.5
20-15-10,rmsprop,cl_start,2041,0.001,2,clgrid_20-15-10_rmsprop_cl_start_s2041,786,156.3,705,1120,839031,243300.3,0,842344.8,224063.2,218919.4,-2.3
20-15-10,rmsprop,cl_start,2042,0.001,2,clgrid_20-15-10_rmsprop_cl_start_s2042,786,126.1,465,875,838715.3,243439.7,0,842344.8,224063.2,223559.4,-0.2
20-15-10,rmsprop,cl_start,2043,0.001,2,clgrid_20-15-10_rmsprop_cl_start_s2043,786,167.1,792,1217,839425.4,243552.5,0,842344.8,224063.2,221125.4,-1.3
20-15-10,rmsprop,cl_start,2044,0.001,2,clgrid_20-15-10_rmsprop_cl_start_s2044,786,174.5,818,1251,839114,243420.3,0,842344.8,224063.2,219147.9,-2.2
20-15-10,rmsprop,cl_start,2045,0.001,2,clgrid_20-15-10_rmsprop_cl_start_s2045,786,138.1,519,954,839778.8,243596.2,0,842344.8,224063.2,223702.7,-0.2
20-15-10,adam,cl_paper,2026,0.001,1,clgrid_20-15-10_adam_cl_paper_s2026,786,257,1900,1900,835607.7,247500.4,0,842344.8,224063.2,236174.7,5.4
20-15-10,adam,cl_paper,2027,0.001,1,clgrid_20-15-10_adam_cl_paper_s2027,786,255.5,1900,1900,836258.5,247792.8,0,842344.8,224063.2,238638.4,6.5
20-15-10,adam,cl_paper,2028,0.001,1,clgrid_20-15-10_adam_cl_paper_s2028,786,255.5,1900,1900,836291.6,247570.6,0,842344.8,224063.2,234610.9,4.7
20-15-10,adam,cl_paper,2029,0.001,1,clgrid_20-15-10_adam_cl_paper_s2029,786,258.6,1900,1900,835988.9,246927.6,0,842344.8,224063.2,233376.5,4.2
20-15-10,adam,cl_paper,2030,0.001,1,clgrid_20-15-10_adam_cl_paper_s2030,786,255.9,1900,1900,836552.3,248576.4,0,842344.8,224063.2,236608.2,5.6
20-15-10,adam,cl_paper,2031,0.001,1,clgrid_20-15-10_adam_cl_paper_s2031,786,257.3,1900,1900,836165.6,248468.9,0,842344.8,224063.2,233708.5,4.3
20-15-10,adam,cl_paper,2032,0.001,1,clgrid_20-15-10_adam_cl_paper_s2032,786,261.3,1900,1900,836232.1,247683.2,0,842344.8,224063.2,232978.7,4
20-15-10,adam,cl_paper,2033,0.001,1,clgrid_20-15-10_adam_cl_paper_s2033,786,265.9,1900,1900,836054.4,247924.5,0,842344.8,224063.2,234429.6,4.6
20-15-10,adam,cl_paper,2034,0.001,1,clgrid_20-15-10_adam_cl_paper_s2034,786,270.4,1900,1900,835428.9,246857.1,0,842344.8,224063.2,230833.2,3
20-15-10,adam,cl_paper,2035,0.001,1,clgrid_20-15-10_adam_cl_paper_s2035,786,256.5,1900,1900,835675.9,247210.8,0,842344.8,224063.2,235910.4,5.3
20-15-10,adam,cl_paper,2036,0.001,2,clgrid_20-15-10_adam_cl_paper_s2036,786,258.2,1900,1900,835910.5,247360.1,0,842344.8,224063.2,235492.9,5.1
20-15-10,adam,cl_paper,2037,0.001,2,clgrid_20-15-10_adam_cl_paper_s2037,786,257.7,1900,1900,836026.9,248326.6,0,842344.8,224063.2,234261.7,4.6
20-15-10,adam,cl_paper,2038,0.001,2,clgrid_20-15-10_adam_cl_paper_s2038,786,254.8,1900,1900,835515.9,247507.4,0,842344.8,224063.2,236860.7,5.7
20-15-10,adam,cl_paper,2039,0.001,2,clgrid_20-15-10_adam_cl_paper_s2039,786,253.8,1900,1900,835415.7,247650.3,0,842344.8,224063.2,237261.4,5.9
20-15-10,adam,cl_paper,2040,0.001,2,clgrid_20-15-10_adam_cl_paper_s2040,786,257.2,1900,1900,834675.6,246817.1,0,842344.8,224063.2,233651.2,4.3
20-15-10,adam,cl_paper,2041,0.001,2,clgrid_20-15-10_adam_cl_paper_s2041,786,256.8,1900,1900,835999.7,247737.6,0,842344.8,224063.2,238203.2,6.3
20-15-10,adam,cl_paper,2042,0.001,2,clgrid_20-15-10_adam_cl_paper_s2042,786,260.1,1900,1900,835232.1,246460,0,842344.8,224063.2,233126.5,4
20-15-10,adam,cl_paper,2043,0.001,2,clgrid_20-15-10_adam_cl_paper_s2043,786,254.8,1900,1900,835597.7,248191.1,0,842344.8,224063.2,233831.2,4.4
20-15-10,adam,cl_paper,2044,0.001,2,clgrid_20-15-10_adam_cl_paper_s2044,786,257.7,1900,1900,836675.8,247475.3,0,842344.8,224063.2,232149,3.6
20-15-10,adam,cl_paper,2045,0.001,2,clgrid_20-15-10_adam_cl_paper_s2045,786,256.9,1900,1900,835475,248073.5,0,842344.8,224063.2,234384.8,4.6
20-15-10,adam,cl_start,2026,0.001,1,clgrid_20-15-10_adam_cl_start_s2026,786,156,576,1031,839438.3,243464.9,0,842344.8,224063.2,222962.6,-0.5
20-15-10,adam,cl_start,2027,0.001,1,clgrid_20-15-10_adam_cl_start_s2027,786,134.5,419,890,839639.6,243501.9,0,842344.8,224063.2,223856.6,-0.1
20-15-10,adam,cl_start,2028,0.001,1,clgrid_20-15-10_adam_cl_start_s2028,786,134.4,440,887,838101.5,243367.5,0,842344.8,224063.2,225728.7,0.7
20-15-10,adam,cl_start,2029,0.001,1,clgrid_20-15-10_adam_cl_start_s2029,786,148.8,536,1002,839361.6,243545.1,0,842344.8,224063.2,224651,0.3
20-15-10,adam,cl_start,2030,0.001,1,clgrid_20-15-10_adam_cl_start_s2030,786,132.3,430,850,839558.7,243491.1,0,842344.8,224063.2,223540.2,-0.2
20-15-10,adam,cl_start,2031,0.001,1,clgrid_20-15-10_adam_cl_start_s2031,786,124.9,373,799,839657.8,243462.1,0,842344.8,224063.2,223907.8,-0.1
20-15-10,adam,cl_start,2032,0.001,1,clgrid_20-15-10_adam_cl_start_s2032,786,131.4,421,821,839123.1,243400,0,842344.8,224063.2,223660.9,-0.2
20-15-10,adam,cl_start,2033,0.001,1,clgrid_20-15-10_adam_cl_start_s2033,786,140.6,448,888,839812.1,243532,0,842344.8,224063.2,222172.2,-0.8
20-15-10,adam,cl_start,2034,0.001,1,clgrid_20-15-10_adam_cl_start_s2034,786,142.8,405,848,840004.1,243639.4,0,842344.8,224063.2,221595.5,-1.1
20-15-10,adam,cl_start,2035,0.001,1,clgrid_20-15-10_adam_cl_start_s2035,786,137.4,423,898,839832.6,243464.2,0,842344.8,224063.2,221261.7,-1.3
20-15-10,adam,cl_start,2036,0.001,2,clgrid_20-15-10_adam_cl_start_s2036,786,135.7,428,846,838936.9,243515.7,0,842344.8,224063.2,223554.8,-0.2
20-15-10,adam,cl_start,2037,0.001,2,clgrid_20-15-10_adam_cl_start_s2037,786,128.1,386,833,840179.3,243654.4,0,842344.8,224063.2,220612.7,-1.5
20-15-10,adam,cl_start,2038,0.001,2,clgrid_20-15-10_adam_cl_start_s2038,786,143.7,509,934,839808.8,243485.5,0,842344.8,224063.2,224104.9,0
20-15-10,adam,cl_start,2039,0.001,2,clgrid_20-15-10_adam_cl_start_s2039,786,154.6,576,1051,838862.9,243479.6,0,842344.8,224063.2,223672.9,-0.2
20-15-10,adam,cl_start,2040,0.001,2,clgrid_20-15-10_adam_cl_start_s2040,786,141.4,470,903,839934.1,243638.2,0,842344.8,224063.2,220998.9,-1.4
20-15-10,adam,cl_start,2041,0.001,2,clgrid_20-15-10_adam_cl_start_s2041,786,142.7,452,924,839218.6,243337.7,0,842344.8,224063.2,222155.1,-0.9
20-15-10,adam,cl_start,2042,0.001,2,clgrid_20-15-10_adam_cl_start_s2042,786,137.6,465,895,839363.6,243469.8,0,842344.8,224063.2,222884.3,-0.5
20-15-10,adam,cl_start,2043,0.001,2,clgrid_20-15-10_adam_cl_start_s2043,786,130,413,847,839999.1,243552.8,0,842344.8,224063.2,222540.9,-0.7
20-15-10,adam,cl_start,2044,0.001,2,clgrid_20-15-10_adam_cl_start_s2044,786,159,608,1070,839568.1,243453,0,842344.8,224063.2,222554.6,-0.7
20-15-10,adam,cl_start,2045,0.001,2,clgrid_20-15-10_adam_cl_start_s2045,786,124.4,331,790,840423.7,243692.4,0,842344.8,224063.2,224013.7,0
20-15-10,adamw,cl_paper,2026,0.001,1,clgrid_20-15-10_adamw_cl_paper_s2026,786,256.2,1900,1900,835608.4,247497.6,0,842344.8,224063.2,236475,5.5
20-15-10,adamw,cl_paper,2027,0.001,1,clgrid_20-15-10_adamw_cl_paper_s2027,786,256.2,1900,1900,836258.3,247789.8,0,842344.8,224063.2,238623.9,6.5
20-15-10,adamw,cl_paper,2028,0.001,1,clgrid_20-15-10_adamw_cl_paper_s2028,786,255.9,1900,1900,836291.1,247566.4,0,842344.8,224063.2,235694,5.2
20-15-10,adamw,cl_paper,2029,0.001,1,clgrid_20-15-10_adamw_cl_paper_s2029,786,257.9,1900,1900,835990.5,246928.1,0,842344.8,224063.2,233369.8,4.2
20-15-10,adamw,cl_paper,2030,0.001,1,clgrid_20-15-10_adamw_cl_paper_s2030,786,259.1,1900,1900,836552.9,248573.9,0,842344.8,224063.2,236272.4,5.4
20-15-10,adamw,cl_paper,2031,0.001,1,clgrid_20-15-10_adamw_cl_paper_s2031,786,259.8,1900,1900,836166.3,248464.7,0,842344.8,224063.2,233703.4,4.3
20-15-10,adamw,cl_paper,2032,0.001,1,clgrid_20-15-10_adamw_cl_paper_s2032,786,258.9,1900,1900,836232.5,247680.5,0,842344.8,224063.2,232961.9,4
20-15-10,adamw,cl_paper,2033,0.001,1,clgrid_20-15-10_adamw_cl_paper_s2033,786,267.9,1900,1900,836055.5,247922.3,0,842344.8,224063.2,234413.4,4.6
20-15-10,adamw,cl_paper,2034,0.001,1,clgrid_20-15-10_adamw_cl_paper_s2034,786,269.9,1900,1900,835430.4,246855.9,0,842344.8,224063.2,230830,3
20-15-10,adamw,cl_paper,2035,0.001,1,clgrid_20-15-10_adamw_cl_paper_s2035,786,256.9,1900,1900,835676.5,247208.4,0,842344.8,224063.2,235896.3,5.3
20-15-10,adamw,cl_paper,2036,0.001,2,clgrid_20-15-10_adamw_cl_paper_s2036,786,259.1,1900,1900,835908.7,247353,0,842344.8,224063.2,235515.5,5.1
20-15-10,adamw,cl_paper,2037,0.001,2,clgrid_20-15-10_adamw_cl_paper_s2037,786,255.6,1900,1900,836027.8,248323.5,0,842344.8,224063.2,234301.4,4.6
20-15-10,adamw,cl_paper,2038,0.001,2,clgrid_20-15-10_adamw_cl_paper_s2038,786,258.2,1900,1900,835516,247504,0,842344.8,224063.2,236872.3,5.7
20-15-10,adamw,cl_paper,2039,0.001,2,clgrid_20-15-10_adamw_cl_paper_s2039,786,256.1,1900,1900,835416.3,247647.3,0,842344.8,224063.2,237255.9,5.9
20-15-10,adamw,cl_paper,2040,0.001,2,clgrid_20-15-10_adamw_cl_paper_s2040,786,264.6,1900,1900,834678.1,246815.7,0,842344.8,224063.2,233633.7,4.3
20-15-10,adamw,cl_paper,2041,0.001,2,clgrid_20-15-10_adamw_cl_paper_s2041,786,259.4,1900,1900,836000.3,247734.7,0,842344.8,224063.2,238196.3,6.3
20-15-10,adamw,cl_paper,2042,0.001,2,clgrid_20-15-10_adamw_cl_paper_s2042,786,266.7,1900,1900,835233.4,246458.4,0,842344.8,224063.2,233076.4,4
20-15-10,adamw,cl_paper,2043,0.001,2,clgrid_20-15-10_adamw_cl_paper_s2043,786,253.8,1900,1900,835598.9,248188,0,842344.8,224063.2,233829.6,4.4
20-15-10,adamw,cl_paper,2044,0.001,2,clgrid_20-15-10_adamw_cl_paper_s2044,786,258,1900,1900,836676,247473.8,0,842344.8,224063.2,232151.4,3.6
20-15-10,adamw,cl_paper,2045,0.001,2,clgrid_20-15-10_adamw_cl_paper_s2045,786,256.1,1900,1900,835475.3,248069.1,0,842344.8,224063.2,234379.4,4.6
20-15-10,adamw,cl_start,2026,0.001,1,clgrid_20-15-10_adamw_cl_start_s2026,786,157.5,576,1031,839438.5,243464.9,0,842344.8,224063.2,222961.4,-0.5
20-15-10,adamw,cl_start,2027,0.001,1,clgrid_20-15-10_adamw_cl_start_s2027,786,135.8,418,889,839649.6,243501.9,0,842344.8,224063.2,223813.9,-0.1
20-15-10,adamw,cl_start,2028,0.001,1,clgrid_20-15-10_adamw_cl_start_s2028,786,137.6,440,887,838101.5,243367.2,0,842344.8,224063.2,225715.4,0.7
20-15-10,adamw,cl_start,2029,0.001,1,clgrid_20-15-10_adamw_cl_start_s2029,786,153.1,536,1002,839361.7,243545.1,0,842344.8,224063.2,224651.3,0.3
20-15-10,adamw,cl_start,2030,0.001,1,clgrid_20-15-10_adamw_cl_start_s2030,786,132.4,429,849,839568.5,243491.1,0,842344.8,224063.2,223454.3,-0.3
20-15-10,adamw,cl_start,2031,0.001,1,clgrid_20-15-10_adamw_cl_start_s2031,786,130.8,373,799,839658,243462.2,0,842344.8,224063.2,223908.2,-0.1
20-15-10,adamw,cl_start,2032,0.001,1,clgrid_20-15-10_adamw_cl_start_s2032,786,130.6,421,821,839123.3,243400,0,842344.8,224063.2,223660.9,-0.2
20-15-10,adamw,cl_start,2033,0.001,1,clgrid_20-15-10_adamw_cl_start_s2033,786,141.8,448,888,839812.2,243532,0,842344.8,224063.2,222171.8,-0.8
20-15-10,adamw,cl_start,2034,0.001,1,clgrid_20-15-10_adamw_cl_start_s2034,786,145,404,847,840004.6,243639.5,0,842344.8,224063.2,221570.8,-1.1
20-15-10,adamw,cl_start,2035,0.001,1,clgrid_20-15-10_adamw_cl_start_s2035,786,139,423,898,839832.7,243464.1,0,842344.8,224063.2,221261.8,-1.3
20-15-10,adamw,cl_start,2036,0.001,2,clgrid_20-15-10_adamw_cl_start_s2036,786,135.3,426,844,839106.7,243515.8,0,842344.8,224063.2,223490.6,-0.3
20-15-10,adamw,cl_start,2037,0.001,2,clgrid_20-15-10_adamw_cl_start_s2037,786,129.8,386,833,840179.5,243654.4,0,842344.8,224063.2,220611.3,-1.5
20-15-10,adamw,cl_start,2038,0.001,2,clgrid_20-15-10_adamw_cl_start_s2038,786,142.1,509,934,839808.9,243485.5,0,842344.8,224063.2,224103.6,0
20-15-10,adamw,cl_start,2039,0.001,2,clgrid_20-15-10_adamw_cl_start_s2039,786,156,576,1051,838863.1,243479.5,0,842344.8,224063.2,223625.1,-0.2
20-15-10,adamw,cl_start,2040,0.001,2,clgrid_20-15-10_adamw_cl_start_s2040,786,142.6,471,904,839914.3,243638.2,0,842344.8,224063.2,220998.4,-1.4
20-15-10,adamw,cl_start,2041,0.001,2,clgrid_20-15-10_adamw_cl_start_s2041,786,141.9,453,925,839214.9,243337.7,0,842344.8,224063.2,221759.9,-1
20-15-10,adamw,cl_start,2042,0.001,2,clgrid_20-15-10_adamw_cl_start_s2042,786,147.5,465,895,839363.8,243469.9,0,842344.8,224063.2,222884.2,-0.5
20-15-10,adamw,cl_start,2043,0.001,2,clgrid_20-15-10_adamw_cl_start_s2043,786,132.8,413,847,839999.2,243552.7,0,842344.8,224063.2,222539.1,-0.7
20-15-10,adamw,cl_start,2044,0.001,2,clgrid_20-15-10_adamw_cl_start_s2044,786,161.4,609,1071,839564.4,243453,0,842344.8,224063.2,222009.8,-0.9
20-15-10,adamw,cl_start,2045,0.001,2,clgrid_20-15-10_adamw_cl_start_s2045,786,128.5,331,790,840423.8,243692.4,0,842344.8,224063.2,224012.8,0
20-15-10,adamax,cl_paper,2026,0.001,1,clgrid_20-15-10_adamax_cl_paper_s2026,786,256,1900,1900,836220.2,245870.1,0,842344.8,224063.2,233105.6,4
20-15-10,adamax,cl_paper,2027,0.001,1,clgrid_20-15-10_adamax_cl_paper_s2027,786,250.9,1900,1900,837417.6,247199.1,0,842344.8,224063.2,233051.1,4
20-15-10,adamax,cl_paper,2028,0.001,1,clgrid_20-15-10_adamax_cl_paper_s2028,786,248.5,1900,1900,836591.4,246181.8,0,842344.8,224063.2,233052.9,4
20-15-10,adamax,cl_paper,2029,0.001,1,clgrid_20-15-10_adamax_cl_paper_s2029,786,253.1,1900,1900,836787.4,246370,0,842344.8,224063.2,230152.2,2.7
20-15-10,adamax,cl_paper,2030,0.001,1,clgrid_20-15-10_adamax_cl_paper_s2030,786,250.8,1900,1900,836904,246755.6,0,842344.8,224063.2,233050.8,4
20-15-10,adamax,cl_paper,2031,0.001,1,clgrid_20-15-10_adamax_cl_paper_s2031,786,254.4,1900,1900,836479.4,246585.1,0,842344.8,224063.2,231609,3.4
20-15-10,adamax,cl_paper,2032,0.001,1,clgrid_20-15-10_adamax_cl_paper_s2032,786,255.9,1900,1900,836612.4,245769.8,0,842344.8,224063.2,231702.3,3.4
20-15-10,adamax,cl_paper,2033,0.001,1,clgrid_20-15-10_adamax_cl_paper_s2033,786,259.6,1900,1900,836534.5,246428.9,0,842344.8,224063.2,230846.7,3
20-15-10,adamax,cl_paper,2034,0.001,1,clgrid_20-15-10_adamax_cl_paper_s2034,786,265.4,1900,1900,835753.3,245462,0,842344.8,224063.2,229747.7,2.5
20-15-10,adamax,cl_paper,2035,0.001,1,clgrid_20-15-10_adamax_cl_paper_s2035,786,254.2,1900,1900,836019.1,246043.9,0,842344.8,224063.2,231809.8,3.5
20-15-10,adamax,cl_paper,2036,0.001,2,clgrid_20-15-10_adamax_cl_paper_s2036,786,257.7,1900,1900,836311.5,246114.7,0,842344.8,224063.2,232650.4,3.8
20-15-10,adamax,cl_paper,2037,0.001,2,clgrid_20-15-10_adamax_cl_paper_s2037,786,251.8,1900,1900,836464.6,246692.3,0,842344.8,224063.2,231792.5,3.4
20-15-10,adamax,cl_paper,2038,0.001,2,clgrid_20-15-10_adamax_cl_paper_s2038,786,252.3,1900,1900,836054.1,246157.9,0,842344.8,224063.2,233676.3,4.3
20-15-10,adamax,cl_paper,2039,0.001,2,clgrid_20-15-10_adamax_cl_paper_s2039,786,251.8,1900,1900,835855.5,245884.9,0,842344.8,224063.2,231997.5,3.5
20-15-10,adamax,cl_paper,2040,0.001,2,clgrid_20-15-10_adamax_cl_paper_s2040,786,261.9,1900,1900,835745.6,245543.9,0,842344.8,224063.2,232028,3.6
20-15-10,adamax,cl_paper,2041,0.001,2,clgrid_20-15-10_adamax_cl_paper_s2041,786,256.9,1900,1900,836647.1,246326.1,0,842344.8,224063.2,233768.3,4.3
20-15-10,adamax,cl_paper,2042,0.001,2,clgrid_20-15-10_adamax_cl_paper_s2042,786,260.4,1900,1900,835690,245032.1,0,842344.8,224063.2,230043.5,2.7
20-15-10,adamax,cl_paper,2043,0.001,2,clgrid_20-15-10_adamax_cl_paper_s2043,786,250.5,1900,1900,836138.4,246460.7,0,842344.8,224063.2,231758.2,3.4
20-15-10,adamax,cl_paper,2044,0.001,2,clgrid_20-15-10_adamax_cl_paper_s2044,786,254.5,1900,1900,836971.7,246271.9,0,842344.8,224063.2,230157.9,2.7
20-15-10,adamax,cl_paper,2045,0.001,2,clgrid_20-15-10_adamax_cl_paper_s2045,786,254.6,1900,1900,836308.8,245865.7,0,842344.8,224063.2,231177.5,3.2
20-15-10,adamax,cl_start,2026,0.001,1,clgrid_20-15-10_adamax_cl_start_s2026,786,202.1,1012,1447,839097.5,243396.4,0,842344.8,224063.2,221533.6,-1.1
20-15-10,adamax,cl_start,2027,0.001,1,clgrid_20-15-10_adamax_cl_start_s2027,786,172.5,802,1226,839266.5,243380.2,0,842344.8,224063.2,223497.9,-0.3
20-15-10,adamax,cl_start,2028,0.001,1,clgrid_20-15-10_adamax_cl_start_s2028,786,158.3,691,1075,838014.4,243349.1,0,842344.8,224063.2,224755.3,0.3
20-15-10,adamax,cl_start,2029,0.001,1,clgrid_20-15-10_adamax_cl_start_s2029,786,178.3,749,1225,839737.2,243650.7,0,842344.8,224063.2,223386.3,-0.3
20-15-10,adamax,cl_start,2030,0.001,1,clgrid_20-15-10_adamax_cl_start_s2030,786,154.2,606,1047,839604.4,243492.4,0,842344.8,224063.2,223204.7,-0.4
20-15-10,adamax,cl_start,2031,0.001,1,clgrid_20-15-10_adamax_cl_start_s2031,786,133.5,423,848,839901.2,243467.4,0,842344.8,224063.2,223119.6,-0.4
20-15-10,adamax,cl_start,2032,0.001,1,clgrid_20-15-10_adamax_cl_start_s2032,786,154.5,618,1030,839204.5,243407.3,0,842344.8,224063.2,224000.6,0
20-15-10,adamax,cl_start,2033,0.001,1,clgrid_20-15-10_adamax_cl_start_s2033,786,143.5,471,909,840558.1,243610.8,0,842344.8,224063.2,219852.8,-1.9
20-15-10,adamax,cl_start,2034,0.001,1,clgrid_20-15-10_adamax_cl_start_s2034,786,157.7,538,981,840082.7,243660.4,0,842344.8,224063.2,221867.3,-1
20-15-10,adamax,cl_start,2035,0.001,1,clgrid_20-15-10_adamax_cl_start_s2035,786,150.8,561,1007,840524.2,243578.3,0,842344.8,224063.2,219211.9,-2.2
20-15-10,adamax,cl_start,2036,0.001,2,clgrid_20-15-10_adamax_cl_start_s2036,786,154.1,599,1033,838933.9,243513.4,0,842344.8,224063.2,224204.3,0.1
20-15-10,adamax,cl_start,2037,0.001,2,clgrid_20-15-10_adamax_cl_start_s2037,786,151.4,602,1031,840091.4,243657.6,0,842344.8,224063.2,219666.2,-2
20-15-10,adamax,cl_start,2038,0.001,2,clgrid_20-15-10_adamax_cl_start_s2038,786,162.8,656,1124,839800.1,243493.5,0,842344.8,224063.2,224775,0.3
20-15-10,adamax,cl_start,2039,0.001,2,clgrid_20-15-10_adamax_cl_start_s2039,786,156.1,593,1058,839266.5,243562,0,842344.8,224063.2,221769.8,-1
20-15-10,adamax,cl_start,2040,0.001,2,clgrid_20-15-10_adamax_cl_start_s2040,786,187.9,884,1309,839487.3,243571.9,0,842344.8,224063.2,219774.7,-1.9
20-15-10,adamax,cl_start,2041,0.001,2,clgrid_20-15-10_adamax_cl_start_s2041,786,169,743,1170,839326.1,243363.9,0,842344.8,224063.2,221337.8,-1.2
20-15-10,adamax,cl_start,2042,0.001,2,clgrid_20-15-10_adamax_cl_start_s2042,786,177.1,746,1145,839141.1,243479.5,0,842344.8,224063.2,222679.5,-0.6
20-15-10,adamax,cl_start,2043,0.001,2,clgrid_20-15-10_adamax_cl_start_s2043,786,151.5,602,1028,840247.8,243606.2,0,842344.8,224063.2,220654.7,-1.5
20-15-10,adamax,cl_start,2044,0.001,2,clgrid_20-15-10_adamax_cl_start_s2044,786,157.4,655,1080,840039.4,243629.7,0,842344.8,224063.2,220951.3,-1.4
20-15-10,adamax,cl_start,2045,0.001,2,clgrid_20-15-10_adamax_cl_start_s2045,786,130.6,444,860,840485.8,243706.6,0,842344.8,224063.2,224043.9,0
20-15-10,nadam,cl_paper,2026,0.001,1,clgrid_20-15-10_nadam_cl_paper_s2026,786,264.4,1900,1900,835425.5,247820.9,0,842344.8,224063.2,238519.2,6.5
20-15-10,nadam,cl_paper,2027,0.001,1,clgrid_20-15-10_nadam_cl_paper_s2027,786,262.2,1900,1900,836177.3,247913.6,0,842344.8,224063.2,240569.1,7.4
20-15-10,nadam,cl_paper,2028,0.001,1,clgrid_20-15-10_nadam_cl_paper_s2028,786,259.4,1900,1900,836127,247669.5,0,842344.8,224063.2,235172,5
20-15-10,nadam,cl_paper,2029,0.001,1,clgrid_20-15-10_nadam_cl_paper_s2029,786,264.6,1900,1900,835953.4,247152.6,0,842344.8,224063.2,233110.1,4
20-15-10,nadam,cl_paper,2030,0.001,1,clgrid_20-15-10_nadam_cl_paper_s2030,786,263.3,1900,1900,836429,248724.9,0,842344.8,224063.2,236173.4,5.4
20-15-10,nadam,cl_paper,2031,0.001,1,clgrid_20-15-10_nadam_cl_paper_s2031,786,265.7,1900,1900,835888,248693.8,0,842344.8,224063.2,234019.6,4.4
20-15-10,nadam,cl_paper,2032,0.001,1,clgrid_20-15-10_nadam_cl_paper_s2032,786,264.1,1900,1900,836133.7,247732.3,0,842344.8,224063.2,232717.7,3.9
20-15-10,nadam,cl_paper,2033,0.001,1,clgrid_20-15-10_nadam_cl_paper_s2033,786,274,1900,1900,835835.8,247969.2,0,842344.8,224063.2,236149.9,5.4
20-15-10,nadam,cl_paper,2034,0.001,1,clgrid_20-15-10_nadam_cl_paper_s2034,786,274.3,1900,1900,835279.4,247014.3,0,842344.8,224063.2,233916.9,4.4
20-15-10,nadam,cl_paper,2035,0.001,1,clgrid_20-15-10_nadam_cl_paper_s2035,786,264.4,1900,1900,835545.8,247300.6,0,842344.8,224063.2,235553.1,5.1
20-15-10,nadam,cl_paper,2036,0.001,2,clgrid_20-15-10_nadam_cl_paper_s2036,786,269,1900,1900,835822.5,247499.1,0,842344.8,224063.2,236203.6,5.4
20-15-10,nadam,cl_paper,2037,0.001,2,clgrid_20-15-10_nadam_cl_paper_s2037,786,262.9,1900,1900,835876.7,248469.6,0,842344.8,224063.2,234263.4,4.6
20-15-10,nadam,cl_paper,2038,0.001,2,clgrid_20-15-10_nadam_cl_paper_s2038,786,266.1,1900,1900,835412.4,247739,0,842344.8,224063.2,237563.8,6
20-15-10,nadam,cl_paper,2039,0.001,2,clgrid_20-15-10_nadam_cl_paper_s2039,786,264,1900,1900,835236.9,247883.1,0,842344.8,224063.2,240001.3,7.1
20-15-10,nadam,cl_paper,2040,0.001,2,clgrid_20-15-10_nadam_cl_paper_s2040,786,267.6,1900,1900,834496.8,246930.3,0,842344.8,224063.2,234836.7,4.8
20-15-10,nadam,cl_paper,2041,0.001,2,clgrid_20-15-10_nadam_cl_paper_s2041,786,268.8,1900,1900,835932.5,248002.7,0,842344.8,224063.2,237741,6.1
20-15-10,nadam,cl_paper,2042,0.001,2,clgrid_20-15-10_nadam_cl_paper_s2042,786,270.5,1900,1900,835050.8,246597.5,0,842344.8,224063.2,236446.8,5.5
20-15-10,nadam,cl_paper,2043,0.001,2,clgrid_20-15-10_nadam_cl_paper_s2043,786,264.8,1900,1900,835431.3,248469.7,0,842344.8,224063.2,234236.7,4.5
20-15-10,nadam,cl_paper,2044,0.001,2,clgrid_20-15-10_nadam_cl_paper_s2044,786,270.5,1900,1900,836691.1,247635.6,0,842344.8,224063.2,233700.6,4.3
20-15-10,nadam,cl_paper,2045,0.001,2,clgrid_20-15-10_nadam_cl_paper_s2045,786,263.2,1900,1900,835328.3,248290.4,0,842344.8,224063.2,235965.4,5.3
20-15-10,nadam,cl_start,2026,0.001,1,clgrid_20-15-10_nadam_cl_start_s2026,786,160.8,590,1015,839017.8,243360.1,0,842344.8,224063.2,222767.4,-0.6
20-15-10,nadam,cl_start,2027,0.001,1,clgrid_20-15-10_nadam_cl_start_s2027,786,151,527,947,839454.6,243382.3,0,842344.8,224063.2,223067.2,-0.4
20-15-10,nadam,cl_start,2028,0.001,1,clgrid_20-15-10_nadam_cl_start_s2028,786,147.2,470,907,838163.9,243423.5,0,842344.8,224063.2,225320.9,0.6
20-15-10,nadam,cl_start,2029,0.001,1,clgrid_20-15-10_nadam_cl_start_s2029,786,155.7,548,961,839022.4,243551.7,0,842344.8,224063.2,223835.8,-0.1
20-15-10,nadam,cl_start,2030,0.001,1,clgrid_20-15-10_nadam_cl_start_s2030,786,143.7,437,893,839541.5,243497.1,0,842344.8,224063.2,223321,-0.3
20-15-10,nadam,cl_start,2031,0.001,1,clgrid_20-15-10_nadam_cl_start_s2031,786,159.1,591,978,839384.4,243375.2,0,842344.8,224063.2,222686.1,-0.6
20-15-10,nadam,cl_start,2032,0.001,1,clgrid_20-15-10_nadam_cl_start_s2032,786,146.2,516,905,838730.2,243359.3,0,842344.8,224063.2,225309.2,0.6
20-15-10,nadam,cl_start,2033,0.001,1,clgrid_20-15-10_nadam_cl_start_s2033,786,143.7,419,819,839991,243528.5,0,842344.8,224063.2,220970.7,-1.4
20-15-10,nadam,cl_start,2034,0.001,1,clgrid_20-15-10_nadam_cl_start_s2034,786,142.8,393,813,840036.4,243648.1,0,842344.8,224063.2,220921.4,-1.4
20-15-10,nadam,cl_start,2035,0.001,1,clgrid_20-15-10_nadam_cl_start_s2035,786,141.3,452,860,839740.8,243471.8,0,842344.8,224063.2,221090.2,-1.3
20-15-10,nadam,cl_start,2036,0.001,2,clgrid_20-15-10_nadam_cl_start_s2036,786,138.3,407,817,839124.6,243508.1,0,842344.8,224063.2,225444.7,0.6
20-15-10,nadam,cl_start,2037,0.001,2,clgrid_20-15-10_nadam_cl_start_s2037,786,148.1,479,908,839553.3,243527.8,0,842344.8,224063.2,221045.6,-1.3
20-15-10,nadam,cl_start,2038,0.001,2,clgrid_20-15-10_nadam_cl_start_s2038,786,148,460,901,839705.1,243485.4,0,842344.8,224063.2,225403.2,0.6
20-15-10,nadam,cl_start,2039,0.001,2,clgrid_20-15-10_nadam_cl_start_s2039,786,149.1,490,921,838942.4,243498.3,0,842344.8,224063.2,222855.6,-0.5
20-15-10,nadam,cl_start,2040,0.001,2,clgrid_20-15-10_nadam_cl_start_s2040,786,186.7,746,1166,838754.3,243404.5,0,842344.8,224063.2,221982.1,-0.9
20-15-10,nadam,cl_start,2041,0.001,2,clgrid_20-15-10_nadam_cl_start_s2041,786,145.2,460,871,839159.7,243338.4,0,842344.8,224063.2,219753.5,-1.9
20-15-10,nadam,cl_start,2042,0.001,2,clgrid_20-15-10_nadam_cl_start_s2042,786,161,535,945,839186.6,243478.5,0,842344.8,224063.2,221898.3,-1
20-15-10,nadam,cl_start,2043,0.001,2,clgrid_20-15-10_nadam_cl_start_s2043,786,140.3,424,835,839875,243548.5,0,842344.8,224063.2,221236.6,-1.3
20-15-10,nadam,cl_start,2044,0.001,2,clgrid_20-15-10_nadam_cl_start_s2044,786,157.3,563,977,839674.3,243504.4,0,842344.8,224063.2,223274.4,-0.4
20-15-10,nadam,cl_start,2045,0.001,2,clgrid_20-15-10_nadam_cl_start_s2045,786,128.6,340,746,840327.6,243697.2,0,842344.8,224063.2,222588.8,-0.7
