model,task,run,fit,networks,epochs,seconds_fit,seconds_build,seconds_total,seconds_per_epoch,run_seconds,host,cores,workers,threads,time
bccnn,bccnn.fit.claims_split_refit,claims_split_refit,halves early_stop,1,100,7.83729887008667,,,0.0783729887008667,18.5451781749725,STATISVM7,12,12,1,2026-10-08 15:18:51
bccnn,bccnn.fit.claims_split_refit,claims_split_refit,final refit,1,2,1.00658202171326,,,0.503291010856628,18.5451781749725,STATISVM7,12,12,1,2026-10-08 15:18:51
bccnn,bccnn.fit.rolling_origin_partition,rolling_origin_partition,1 early_stop,1,100,7.55181407928467,8.92686414718628,,0.0755181407928467,31.0610268115997,STATISVM7,12,12,1,2026-10-08 15:19:04
bccnn,bccnn.fit.rolling_origin_partition,rolling_origin_partition,2 early_stop,1,100,6.9909188747406,0.342232942581177,,0.069909188747406,31.0610268115997,STATISVM7,12,12,1,2026-10-08 15:19:04
bccnn,bccnn.fit.rolling_origin_partition,rolling_origin_partition,final early_stop,1,100,6.39263200759888,0.307913064956665,,0.0639263200759888,31.0610268115997,STATISVM7,12,12,1,2026-10-08 15:19:04
bccnn,bccnn.fit.rolling_origin_refit,rolling_origin_refit,1 early_stop,1,100,7.72209215164185,8.69620490074158,,0.0772209215164185,39.3808441162109,STATISVM7,12,12,1,2026-10-08 15:19:12
bccnn,bccnn.fit.rolling_origin_refit,rolling_origin_refit,2 early_stop,1,100,6.85741305351257,0.293184041976929,,0.0685741305351257,39.3808441162109,STATISVM7,12,12,1,2026-10-08 15:19:12
bccnn,bccnn.fit.rolling_origin_refit,rolling_origin_refit,final early_stop,1,100,6.69503617286682,0.329144954681397,,0.0669503617286682,39.3808441162109,STATISVM7,12,12,1,2026-10-08 15:19:12
bccnn,bccnn.fit.rolling_origin_refit,rolling_origin_refit,1 refit,1,2,1.01483106613159,,,0.507415533065796,39.3808441162109,STATISVM7,12,12,1,2026-10-08 15:19:12
bccnn,bccnn.fit.rolling_origin_refit,rolling_origin_refit,2 refit,1,2,1.19310307502747,,,0.596551537513733,39.3808441162109,STATISVM7,12,12,1,2026-10-08 15:19:12
bccnn,bccnn.fit.rolling_origin_refit,rolling_origin_refit,final refit,1,60,4.53880286216736,,,0.075646714369456,39.3808441162109,STATISVM7,12,12,1,2026-10-08 15:19:12
bccnn,bccnn.bootstrap.claims_split_refit,c1,refit 1,1,2,1.2867739200592,,9.60566902160645,0.643386960029602,14.4246401786804,STATISVM7,12,12,1,2026-10-08 15:19:19
bccnn,bccnn.bootstrap.claims_split_refit,c1,refit 2,1,2,1.16808104515076,,1.67168807983398,0.584040522575378,14.4246401786804,STATISVM7,12,12,1,2026-10-08 15:19:19
bccnn,bccnn.bootstrap.claims_split_refit,c1,refit 3,1,2,1.17274594306946,,1.57988905906677,0.586372971534729,14.4246401786804,STATISVM7,12,12,1,2026-10-08 15:19:19
bccnn,bccnn.bootstrap.claims_split_refit,c1,refit 4,1,2,1.09063601493835,,1.56739401817322,0.545318007469177,14.4246401786804,STATISVM7,12,12,1,2026-10-08 15:19:19
bccnn,bccnn.bootstrap.claims_split_refit,c2,refit 5,1,2,1.32770299911499,,10.500431060791,0.663851499557495,15.3539371490479,STATISVM7,12,12,1,2026-10-08 15:20:44
bccnn,bccnn.bootstrap.claims_split_refit,c2,refit 6,1,2,1.17059993743896,,1.63631105422974,0.585299968719482,15.3539371490479,STATISVM7,12,12,1,2026-10-08 15:20:44
bccnn,bccnn.bootstrap.claims_split_refit,c2,refit 7,1,2,1.14528203010559,,1.58665990829468,0.572641015052795,15.3539371490479,STATISVM7,12,12,1,2026-10-08 15:20:44
bccnn,bccnn.bootstrap.claims_split_refit,c2,refit 8,1,2,1.18584299087524,,1.63053512573242,0.592921495437622,15.3539371490479,STATISVM7,12,12,1,2026-10-08 15:20:44
bccnn,bccnn.bootstrap.rolling_origin_partition,c1,refit 1,1,60,4.23709511756897,,12.302619934082,0.0706182519594828,26.6533761024475,STATISVM7,12,12,1,2026-10-08 15:19:42
bccnn,bccnn.bootstrap.rolling_origin_partition,c1,refit 2,1,60,4.13184309005737,,4.58115720748901,0.0688640515009562,26.6533761024475,STATISVM7,12,12,1,2026-10-08 15:19:42
bccnn,bccnn.bootstrap.rolling_origin_partition,c1,refit 3,1,60,4.42240500450134,,4.83823204040527,0.0737067500750224,26.6533761024475,STATISVM7,12,12,1,2026-10-08 15:19:42
bccnn,bccnn.bootstrap.rolling_origin_partition,c1,refit 4,1,60,4.47782897949219,,4.93136692047119,0.0746304829915365,26.6533761024475,STATISVM7,12,12,1,2026-10-08 15:19:42
bccnn,bccnn.bootstrap.rolling_origin_partition,c2,refit 5,1,60,4.4317319393158,,13.0445559024811,0.0738621989885966,27.5084931850433,STATISVM7,12,12,1,2026-10-08 15:20:51
bccnn,bccnn.bootstrap.rolling_origin_partition,c2,refit 6,1,60,4.45251893997192,,4.92679619789124,0.0742086489995321,27.5084931850433,STATISVM7,12,12,1,2026-10-08 15:20:51
bccnn,bccnn.bootstrap.rolling_origin_partition,c2,refit 7,1,60,4.24918603897095,,4.6263120174408,0.0708197673161825,27.5084931850433,STATISVM7,12,12,1,2026-10-08 15:20:51
bccnn,bccnn.bootstrap.rolling_origin_partition,c2,refit 8,1,60,4.48255300521851,,4.91082906723023,0.0747092167536418,27.5084931850433,STATISVM7,12,12,1,2026-10-08 15:20:51
bccnn,bccnn.bootstrap.rolling_origin_refit,c1,refit 1,1,60,4.50846314430237,,13.1944749355316,0.0751410524050395,27.8055818080902,STATISVM7,12,12,1,2026-10-08 15:19:53
bccnn,bccnn.bootstrap.rolling_origin_refit,c1,refit 2,1,60,4.50963497161865,,4.95741391181946,0.0751605828603109,27.8055818080902,STATISVM7,12,12,1,2026-10-08 15:19:53
bccnn,bccnn.bootstrap.rolling_origin_refit,c1,refit 3,1,60,4.21993088722229,,4.71272301673889,0.0703321814537048,27.8055818080902,STATISVM7,12,12,1,2026-10-08 15:19:53
bccnn,bccnn.bootstrap.rolling_origin_refit,c1,refit 4,1,60,4.51595687866211,,4.94096994400024,0.0752659479777018,27.8055818080902,STATISVM7,12,12,1,2026-10-08 15:19:53
bccnn,bccnn.bootstrap.rolling_origin_refit,c2,refit 5,1,60,4.41678690910339,,13.1737880706787,0.0736131151517232,27.7239570617676,STATISVM7,12,12,1,2026-10-08 15:20:51
bccnn,bccnn.bootstrap.rolling_origin_refit,c2,refit 6,1,60,4.50186491012573,,4.95781397819519,0.0750310818354289,27.7239570617676,STATISVM7,12,12,1,2026-10-08 15:20:51
bccnn,bccnn.bootstrap.rolling_origin_refit,c2,refit 7,1,60,4.26732897758484,,4.68906211853027,0.071122149626414,27.7239570617676,STATISVM7,12,12,1,2026-10-08 15:20:51
bccnn,bccnn.bootstrap.rolling_origin_refit,c2,refit 8,1,60,4.45792698860168,,4.9032928943634,0.0742987831433614,27.7239570617676,STATISVM7,12,12,1,2026-10-08 15:20:51
bccnn,bccnn.masking,s2026,halves early_stop,1,100,7.339,,,0.07339,18.1385500431061,STATISVM7,12,12,1,2026-10-08 15:18:51
bccnn,bccnn.masking,s2026,final refit 2,1,2,1.093,,,0.5465,18.1385500431061,STATISVM7,12,12,1,2026-10-08 15:18:51
bccnn,bccnn.masking,s2027,halves early_stop,1,100,6.238,,,0.06238,19.6010229587555,STATISVM7,12,12,1,2026-10-08 15:20:53
bccnn,bccnn.masking,s2027,final refit 55,1,55,3.965,,,0.0720909090909091,19.6010229587555,STATISVM7,12,12,1,2026-10-08 15:20:53
bccnn,bccnn.search,dropout=0.1,seed 2026 1 early_stop,1,100,6.78476786613464,,,0.0678476786613464,25.7338500022888,STATISVM7,12,12,1,2026-10-08 15:20:49
bccnn,bccnn.search,dropout=0.1,seed 2026 2 early_stop,1,100,6.49970412254334,,,0.0649970412254333,25.7338500022888,STATISVM7,12,12,1,2026-10-08 15:20:49
bccnn,bccnn.search,dropout=0.1,seed 2026 1 refit,1,2,1.21725392341614,,,0.608626961708069,25.7338500022888,STATISVM7,12,12,1,2026-10-08 15:20:49
bccnn,bccnn.search,dropout=0.1,seed 2026 2 refit,1,2,1.13804483413696,,,0.569022417068481,25.7338500022888,STATISVM7,12,12,1,2026-10-08 15:20:49
bccnn,bccnn.search,dropout=0,seed 2026 1 early_stop,1,100,6.46806478500366,,,0.0646806478500366,16.5150661468506,STATISVM7,12,12,1,2026-10-08 15:21:06
bccnn,bccnn.search,dropout=0,seed 2026 2 early_stop,1,100,6.28225493431091,,,0.0628225493431091,16.5150661468506,STATISVM7,12,12,1,2026-10-08 15:21:06
bccnn,bccnn.search,dropout=0,seed 2026 1 refit,1,1,0.931756019592285,,,0.931756019592285,16.5150661468506,STATISVM7,12,12,1,2026-10-08 15:21:06
bccnn,bccnn.search,dropout=0,seed 2026 2 refit,1,2,1.05653190612793,,,0.528265953063965,16.5150661468506,STATISVM7,12,12,1,2026-10-08 15:21:06
bccnn,bccnn.search,final config.yml,1 early_stop,1,100,6.488,,,0.06488,27.1839940547943,STATISVM7,12,12,1,2026-10-08 15:22:06
bccnn,bccnn.search,final config.yml,1 refit,1,2,1.132,,,0.566,27.1839940547943,STATISVM7,12,12,1,2026-10-08 15:22:06
bccnn,bccnn.search,final config.yml,2 early_stop,1,100,7.009,,,0.07009,27.1839940547943,STATISVM7,12,12,1,2026-10-08 15:22:06
bccnn,bccnn.search,final config.yml,2 refit,1,2,1.083,,,0.5415,27.1839940547943,STATISVM7,12,12,1,2026-10-08 15:22:06
bccnn,bccnn.search,final config.yml,final early_stop,1,100,6.944,,,0.06944,27.1839940547943,STATISVM7,12,12,1,2026-10-08 15:22:06
bccnn,bccnn.search,final config.yml,final refit,1,60,4.234,,,0.0705666666666667,27.1839940547943,STATISVM7,12,12,1,2026-10-08 15:22:06
bccnn,bccnn.search,final chosen,1 early_stop,1,100,6.786,,,0.06786,26.9191060066223,STATISVM7,12,12,1,2026-10-08 15:22:06
bccnn,bccnn.search,final chosen,1 refit,1,2,1.134,,,0.567,26.9191060066223,STATISVM7,12,12,1,2026-10-08 15:22:06
bccnn,bccnn.search,final chosen,2 early_stop,1,100,6.985,,,0.06985,26.9191060066223,STATISVM7,12,12,1,2026-10-08 15:22:06
bccnn,bccnn.search,final chosen,2 refit,1,2,1.211,,,0.6055,26.9191060066223,STATISVM7,12,12,1,2026-10-08 15:22:06
bccnn,bccnn.search,final chosen,final early_stop,1,100,6.236,,,0.06236,26.9191060066223,STATISVM7,12,12,1,2026-10-08 15:22:06
bccnn,bccnn.search,final chosen,final refit,1,60,4.337,,,0.0722833333333333,26.9191060066223,STATISVM7,12,12,1,2026-10-08 15:22:06
bccnn,bccnn.grid,grid_20_tanh_d0.1_rmsprop_b64_s2026,1 early_stop,1,300,20.1017570495605,9.51086688041687,,0.0670058568318685,121.365466117859,STATISVM7,12,12,1,2026-10-08 15:41:30
bccnn,bccnn.grid,grid_20_tanh_d0.1_rmsprop_b64_s2026,2 early_stop,1,300,19.3436889648438,0.292502164840698,,0.0644789632161458,121.365466117859,STATISVM7,12,12,1,2026-10-08 15:41:30
bccnn,bccnn.grid,grid_20_tanh_d0.1_rmsprop_b64_s2026,final early_stop,1,300,21.8837561607361,0.350262880325317,,0.0729458538691203,121.365466117859,STATISVM7,12,12,1,2026-10-08 15:41:30
bccnn,bccnn.grid,grid_20_tanh_d0.1_rmsprop_b64_s2026,1 refit 28,1,28,2.43457508087158,,,0.0869491100311279,121.365466117859,STATISVM7,12,12,1,2026-10-08 15:41:30
bccnn,bccnn.grid,grid_20_tanh_d0.1_rmsprop_b64_s2026,1 refit 60,1,60,4.56213212013245,,,0.0760355353355408,121.365466117859,STATISVM7,12,12,1,2026-10-08 15:41:30
bccnn,bccnn.grid,grid_20_tanh_d0.1_rmsprop_b64_s2026,1 refit 245,1,245,15.4928660392761,,,0.0632361879154128,121.365466117859,STATISVM7,12,12,1,2026-10-08 15:41:30
bccnn,bccnn.grid,grid_20_tanh_d0.1_rmsprop_b64_s2026,2 refit 1,1,1,0.791704893112183,,,0.791704893112183,121.365466117859,STATISVM7,12,12,1,2026-10-08 15:41:30
bccnn,bccnn.grid,grid_20_tanh_d0.1_rmsprop_b64_s2026,2 refit 60,1,60,4.48267388343811,,,0.0747112313906352,121.365466117859,STATISVM7,12,12,1,2026-10-08 15:41:30
bccnn,bccnn.grid,grid_20_tanh_d0.1_rmsprop_b64_s2026,2 refit 5,1,5,1.1162588596344,,,0.22325177192688,121.365466117859,STATISVM7,12,12,1,2026-10-08 15:41:30
bccnn,bccnn.grid,grid_20_tanh_d0.1_rmsprop_b64_s2026,final refit 1,1,1,0.883162021636963,,,0.883162021636963,121.365466117859,STATISVM7,12,12,1,2026-10-08 15:41:30
bccnn,bccnn.grid,grid_20_tanh_d0.1_rmsprop_b64_s2026,final refit 60,1,60,4.4111270904541,,,0.0735187848409017,121.365466117859,STATISVM7,12,12,1,2026-10-08 15:41:30
bccnn,bccnn.grid,grid_20_tanh_d0.1_rmsprop_b64_s2026,final refit 160,1,160,11.4454970359802,,,0.0715343564748764,121.365466117859,STATISVM7,12,12,1,2026-10-08 15:41:30
bccnn,bccnn.grid,grid_20_tanh_d0.1_rmsprop_b64_s2027,1 early_stop,1,300,20.1784100532532,9.44998693466187,,0.0672613668441773,113.617265939713,STATISVM7,12,12,1,2026-10-08 15:41:22
bccnn,bccnn.grid,grid_20_tanh_d0.1_rmsprop_b64_s2027,2 early_stop,1,300,20.1523749828339,0.292443037033081,,0.0671745832761129,113.617265939713,STATISVM7,12,12,1,2026-10-08 15:41:22
bccnn,bccnn.grid,grid_20_tanh_d0.1_rmsprop_b64_s2027,final early_stop,1,300,19.50146484375,0.342042922973633,,0.0650048828125,113.617265939713,STATISVM7,12,12,1,2026-10-08 15:41:22
bccnn,bccnn.grid,grid_20_tanh_d0.1_rmsprop_b64_s2027,1 refit 2,1,2,0.897079944610596,,,0.448539972305298,113.617265939713,STATISVM7,12,12,1,2026-10-08 15:41:22
bccnn,bccnn.grid,grid_20_tanh_d0.1_rmsprop_b64_s2027,1 refit 60,1,60,4.51644706726074,,,0.075274117787679,113.617265939713,STATISVM7,12,12,1,2026-10-08 15:41:22
bccnn,bccnn.grid,grid_20_tanh_d0.1_rmsprop_b64_s2027,1 refit 4,1,4,1.04231405258179,,,0.260578513145447,113.617265939713,STATISVM7,12,12,1,2026-10-08 15:41:22
bccnn,bccnn.grid,grid_20_tanh_d0.1_rmsprop_b64_s2027,2 refit 4,1,4,1.02948594093323,,,0.257371485233307,113.617265939713,STATISVM7,12,12,1,2026-10-08 15:41:22
bccnn,bccnn.grid,grid_20_tanh_d0.1_rmsprop_b64_s2027,2 refit 60,1,60,4.42966485023499,,,0.0738277475039164,113.617265939713,STATISVM7,12,12,1,2026-10-08 15:41:22
bccnn,bccnn.grid,grid_20_tanh_d0.1_rmsprop_b64_s2027,final refit 46,1,46,4.36979198455811,,,0.0949954779251762,113.617265939713,STATISVM7,12,12,1,2026-10-08 15:41:22
bccnn,bccnn.grid,grid_20_tanh_d0.1_rmsprop_b64_s2027,final refit 60,1,60,5.29490995407105,,,0.0882484992345174,113.617265939713,STATISVM7,12,12,1,2026-10-08 15:41:22
bccnn,bccnn.grid,grid_20_tanh_d0.1_rmsprop_b64_s2027,final refit 268,1,268,18.075786113739,,,0.0674469631109665,113.617265939713,STATISVM7,12,12,1,2026-10-08 15:41:22
bccnn,bccnn.grid,grid_20_tanh_d0.1_rmsprop_b64_s2028,1 early_stop,1,300,18.285120010376,8.80547690391541,,0.0609504000345866,134.436470031738,STATISVM7,12,12,1,2026-10-08 15:42:39
bccnn,bccnn.grid,grid_20_tanh_d0.1_rmsprop_b64_s2028,2 early_stop,1,300,19.9627599716187,0.319164037704468,,0.0665425332387289,134.436470031738,STATISVM7,12,12,1,2026-10-08 15:42:39
bccnn,bccnn.grid,grid_20_tanh_d0.1_rmsprop_b64_s2028,final early_stop,1,300,20.9740500450134,0.378751993179321,,0.0699135001500448,134.436470031738,STATISVM7,12,12,1,2026-10-08 15:42:39
bccnn,bccnn.grid,grid_20_tanh_d0.1_rmsprop_b64_s2028,1 refit 98,1,98,8.17897415161133,,,0.0834589199144013,134.436470031738,STATISVM7,12,12,1,2026-10-08 15:42:39
bccnn,bccnn.grid,grid_20_tanh_d0.1_rmsprop_b64_s2028,1 refit 60,1,60,4.81568098068237,,,0.0802613496780396,134.436470031738,STATISVM7,12,12,1,2026-10-08 15:42:39
bccnn,bccnn.grid,grid_20_tanh_d0.1_rmsprop_b64_s2028,1 refit 274,1,274,16.9849910736084,,,0.061989018516819,134.436470031738,STATISVM7,12,12,1,2026-10-08 15:42:39
bccnn,bccnn.grid,grid_20_tanh_d0.1_rmsprop_b64_s2028,1 refit 1,1,1,0.865500211715698,,,0.865500211715698,134.436470031738,STATISVM7,12,12,1,2026-10-08 15:42:39
bccnn,bccnn.grid,grid_20_tanh_d0.1_rmsprop_b64_s2028,2 refit 89,1,89,6.72556304931641,,,0.0755681241496225,134.436470031738,STATISVM7,12,12,1,2026-10-08 15:42:39
bccnn,bccnn.grid,grid_20_tanh_d0.1_rmsprop_b64_s2028,2 refit 60,1,60,5.12796902656555,,,0.0854661504427592,134.436470031738,STATISVM7,12,12,1,2026-10-08 15:42:39
bccnn,bccnn.grid,grid_20_tanh_d0.1_rmsprop_b64_s2028,2 refit 91,1,91,6.79706692695618,,,0.0746930431533646,134.436470031738,STATISVM7,12,12,1,2026-10-08 15:42:39
bccnn,bccnn.grid,grid_20_tanh_d0.1_rmsprop_b64_s2028,2 refit 35,1,35,3.1791980266571,,,0.0908342293330601,134.436470031738,STATISVM7,12,12,1,2026-10-08 15:42:39
bccnn,bccnn.grid,grid_20_tanh_d0.1_rmsprop_b64_s2028,final refit 3,1,3,1.10355687141418,,,0.367852290471395,134.436470031738,STATISVM7,12,12,1,2026-10-08 15:42:39
bccnn,bccnn.grid,grid_20_tanh_d0.1_rmsprop_b64_s2028,final refit 60,1,60,5.23565292358398,,,0.0872608820597331,134.436470031738,STATISVM7,12,12,1,2026-10-08 15:42:39
bccnn,bccnn.grid,grid_20_tanh_d0.1_rmsprop_b64_s2028,final refit 5,1,5,1.22948908805847,,,0.245897817611694,134.436470031738,STATISVM7,12,12,1,2026-10-08 15:42:39
bccnn,bccnn.grid,grid_20_tanh_d0.1_rmsprop_b64_s2029,1 early_stop,1,300,18.5597441196442,8.92048311233521,,0.0618658137321472,128.118057012558,STATISVM7,12,12,1,2026-10-08 15:42:32
bccnn,bccnn.grid,grid_20_tanh_d0.1_rmsprop_b64_s2029,2 early_stop,1,300,19.7397091388702,0.334389925003052,,0.0657990304629008,128.118057012558,STATISVM7,12,12,1,2026-10-08 15:42:32
bccnn,bccnn.grid,grid_20_tanh_d0.1_rmsprop_b64_s2029,final early_stop,1,300,20.8733451366425,0.344598054885864,,0.0695778171221415,128.118057012558,STATISVM7,12,12,1,2026-10-08 15:42:32
bccnn,bccnn.grid,grid_20_tanh_d0.1_rmsprop_b64_s2029,1 refit 60,1,60,5.20942997932434,,,0.086823832988739,128.118057012558,STATISVM7,12,12,1,2026-10-08 15:42:32
bccnn,bccnn.grid,grid_20_tanh_d0.1_rmsprop_b64_s2029,1 refit 4,1,4,1.15093612670898,,,0.287734031677246,128.118057012558,STATISVM7,12,12,1,2026-10-08 15:42:32
bccnn,bccnn.grid,grid_20_tanh_d0.1_rmsprop_b64_s2029,2 refit 100,1,100,7.4984278678894,,,0.074984278678894,128.118057012558,STATISVM7,12,12,1,2026-10-08 15:42:32
bccnn,bccnn.grid,grid_20_tanh_d0.1_rmsprop_b64_s2029,2 refit 60,1,60,4.74353790283203,,,0.0790589650472005,128.118057012558,STATISVM7,12,12,1,2026-10-08 15:42:32
bccnn,bccnn.grid,grid_20_tanh_d0.1_rmsprop_b64_s2029,2 refit 192,1,192,13.3929629325867,,,0.0697550152738889,128.118057012558,STATISVM7,12,12,1,2026-10-08 15:42:32
bccnn,bccnn.grid,grid_20_tanh_d0.1_rmsprop_b64_s2029,2 refit 194,1,194,13.8766379356384,,,0.0715290615239094,128.118057012558,STATISVM7,12,12,1,2026-10-08 15:42:32
bccnn,bccnn.grid,grid_20_tanh_d0.1_rmsprop_b64_s2029,final refit 17,1,17,1.99700784683228,,,0.117471049813663,128.118057012558,STATISVM7,12,12,1,2026-10-08 15:42:32
bccnn,bccnn.grid,grid_20_tanh_d0.1_rmsprop_b64_s2029,final refit 60,1,60,5.01045608520508,,,0.0835076014200846,128.118057012558,STATISVM7,12,12,1,2026-10-08 15:42:32
bccnn,bccnn.grid,grid_20_tanh_d0.1_rmsprop_b64_s2029,final refit 13,1,13,1.81107902526855,,,0.139313771174504,128.118057012558,STATISVM7,12,12,1,2026-10-08 15:42:32
bccnn,bccnn.grid,grid_20_tanh_d0.1_rmsprop_bfull_s2026,1 early_stop,1,300,17.6590268611908,8.19787693023682,,0.058863422870636,107.157317876816,STATISVM7,12,12,1,2026-10-08 15:21:12
bccnn,bccnn.grid,grid_20_tanh_d0.1_rmsprop_bfull_s2026,2 early_stop,1,300,17.5185289382935,0.282051086425781,,0.0583950964609782,107.157317876816,STATISVM7,12,12,1,2026-10-08 15:21:12
bccnn,bccnn.grid,grid_20_tanh_d0.1_rmsprop_bfull_s2026,final early_stop,1,300,16.8804240226746,0.315415143966675,,0.0562680800755819,107.157317876816,STATISVM7,12,12,1,2026-10-08 15:21:12
bccnn,bccnn.grid,grid_20_tanh_d0.1_rmsprop_bfull_s2026,1 refit 94,1,94,5.84474992752075,,,0.0621781907183059,107.157317876816,STATISVM7,12,12,1,2026-10-08 15:21:12
bccnn,bccnn.grid,grid_20_tanh_d0.1_rmsprop_bfull_s2026,1 refit 60,1,60,4.13833284378052,,,0.0689722140630086,107.157317876816,STATISVM7,12,12,1,2026-10-08 15:21:12
bccnn,bccnn.grid,grid_20_tanh_d0.1_rmsprop_bfull_s2026,1 refit 52,1,52,3.36641502380371,,,0.0647387504577637,107.157317876816,STATISVM7,12,12,1,2026-10-08 15:21:12
bccnn,bccnn.grid,grid_20_tanh_d0.1_rmsprop_bfull_s2026,1 refit 4,1,4,0.836305141448975,,,0.209076285362244,107.157317876816,STATISVM7,12,12,1,2026-10-08 15:21:12
bccnn,bccnn.grid,grid_20_tanh_d0.1_rmsprop_bfull_s2026,2 refit 2,1,2,0.792670011520386,,,0.396335005760193,107.157317876816,STATISVM7,12,12,1,2026-10-08 15:21:12
bccnn,bccnn.grid,grid_20_tanh_d0.1_rmsprop_bfull_s2026,2 refit 60,1,60,4.059406042099,,,0.0676567673683167,107.157317876816,STATISVM7,12,12,1,2026-10-08 15:21:12
bccnn,bccnn.grid,grid_20_tanh_d0.1_rmsprop_bfull_s2026,2 refit 17,1,17,1.64869093894959,,,0.0969818199382109,107.157317876816,STATISVM7,12,12,1,2026-10-08 15:21:12
bccnn,bccnn.grid,grid_20_tanh_d0.1_rmsprop_bfull_s2026,final refit 2,1,2,0.780858993530273,,,0.390429496765137,107.157317876816,STATISVM7,12,12,1,2026-10-08 15:21:12
bccnn,bccnn.grid,grid_20_tanh_d0.1_rmsprop_bfull_s2026,final refit 60,1,60,3.87724089622498,,,0.0646206816037496,107.157317876816,STATISVM7,12,12,1,2026-10-08 15:21:12
bccnn,bccnn.grid,grid_20_tanh_d0.1_rmsprop_bfull_s2026,final refit 294,1,294,16.5506329536438,,,0.0562946699103531,107.157317876816,STATISVM7,12,12,1,2026-10-08 15:21:12
bccnn,bccnn.grid,grid_20_tanh_d0.1_rmsprop_bfull_s2027,1 early_stop,1,300,19.6025149822235,7.52745890617371,,0.0653417166074117,115.231625080109,STATISVM7,12,12,1,2026-10-08 15:34:28
bccnn,bccnn.grid,grid_20_tanh_d0.1_rmsprop_bfull_s2027,2 early_stop,1,300,17.5980532169342,0.265201807022095,,0.0586601773897807,115.231625080109,STATISVM7,12,12,1,2026-10-08 15:34:28
bccnn,bccnn.grid,grid_20_tanh_d0.1_rmsprop_bfull_s2027,final early_stop,1,300,18.4357979297638,0.315598964691162,,0.0614526597658793,115.231625080109,STATISVM7,12,12,1,2026-10-08 15:34:28
bccnn,bccnn.grid,grid_20_tanh_d0.1_rmsprop_bfull_s2027,1 refit 2,1,2,0.766191005706787,,,0.383095502853394,115.231625080109,STATISVM7,12,12,1,2026-10-08 15:34:28
bccnn,bccnn.grid,grid_20_tanh_d0.1_rmsprop_bfull_s2027,1 refit 60,1,60,4.46518492698669,,,0.0744197487831116,115.231625080109,STATISVM7,12,12,1,2026-10-08 15:34:28
bccnn,bccnn.grid,grid_20_tanh_d0.1_rmsprop_bfull_s2027,2 refit 44,1,44,3.47900819778442,,,0.0790683681314642,115.231625080109,STATISVM7,12,12,1,2026-10-08 15:34:28
bccnn,bccnn.grid,grid_20_tanh_d0.1_rmsprop_bfull_s2027,2 refit 60,1,60,4.03669500350952,,,0.067278250058492,115.231625080109,STATISVM7,12,12,1,2026-10-08 15:34:28
bccnn,bccnn.grid,grid_20_tanh_d0.1_rmsprop_bfull_s2027,2 refit 258,1,258,14.9066200256348,,,0.0577775969985844,115.231625080109,STATISVM7,12,12,1,2026-10-08 15:34:28
bccnn,bccnn.grid,grid_20_tanh_d0.1_rmsprop_bfull_s2027,2 refit 3,1,3,0.875761985778809,,,0.29192066192627,115.231625080109,STATISVM7,12,12,1,2026-10-08 15:34:28
bccnn,bccnn.grid,grid_20_tanh_d0.1_rmsprop_bfull_s2027,final refit 2,1,2,0.811389923095703,,,0.405694961547852,115.231625080109,STATISVM7,12,12,1,2026-10-08 15:34:28
bccnn,bccnn.grid,grid_20_tanh_d0.1_rmsprop_bfull_s2027,final refit 60,1,60,3.95076012611389,,,0.0658460021018982,115.231625080109,STATISVM7,12,12,1,2026-10-08 15:34:28
bccnn,bccnn.grid,grid_20_tanh_d0.1_rmsprop_bfull_s2027,final refit 216,1,216,13.8207368850708,,,0.0639848929864389,115.231625080109,STATISVM7,12,12,1,2026-10-08 15:34:28
bccnn,bccnn.grid,grid_20_tanh_d0.1_rmsprop_bfull_s2028,1 early_stop,1,300,20.681795835495,7.52998995780945,,0.06893931945165,107.708103179932,STATISVM7,12,12,1,2026-10-08 15:34:25
bccnn,bccnn.grid,grid_20_tanh_d0.1_rmsprop_bfull_s2028,2 early_stop,1,300,18.1070189476013,0.411804914474487,,0.0603567298253377,107.708103179932,STATISVM7,12,12,1,2026-10-08 15:34:25
bccnn,bccnn.grid,grid_20_tanh_d0.1_rmsprop_bfull_s2028,final early_stop,1,300,17.9776518344879,0.313945055007935,,0.0599255061149597,107.708103179932,STATISVM7,12,12,1,2026-10-08 15:34:25
bccnn,bccnn.grid,grid_20_tanh_d0.1_rmsprop_bfull_s2028,1 refit 18,1,18,1.69497799873352,,,0.0941654443740845,107.708103179932,STATISVM7,12,12,1,2026-10-08 15:34:25
bccnn,bccnn.grid,grid_20_tanh_d0.1_rmsprop_bfull_s2028,1 refit 60,1,60,4.09987092018127,,,0.0683311820030212,107.708103179932,STATISVM7,12,12,1,2026-10-08 15:34:25
bccnn,bccnn.grid,grid_20_tanh_d0.1_rmsprop_bfull_s2028,1 refit 19,1,19,1.73601484298706,,,0.0913692022624769,107.708103179932,STATISVM7,12,12,1,2026-10-08 15:34:25
bccnn,bccnn.grid,grid_20_tanh_d0.1_rmsprop_bfull_s2028,2 refit 1,1,1,0.701469898223877,,,0.701469898223877,107.708103179932,STATISVM7,12,12,1,2026-10-08 15:34:25
bccnn,bccnn.grid,grid_20_tanh_d0.1_rmsprop_bfull_s2028,2 refit 60,1,60,3.95172500610352,,,0.0658620834350586,107.708103179932,STATISVM7,12,12,1,2026-10-08 15:34:25
bccnn,bccnn.grid,grid_20_tanh_d0.1_rmsprop_bfull_s2028,2 refit 136,1,136,7.95174407958984,,,0.0584687064675724,107.708103179932,STATISVM7,12,12,1,2026-10-08 15:34:25
bccnn,bccnn.grid,grid_20_tanh_d0.1_rmsprop_bfull_s2028,final refit 3,1,3,0.968749046325684,,,0.322916348775228,107.708103179932,STATISVM7,12,12,1,2026-10-08 15:34:25
bccnn,bccnn.grid,grid_20_tanh_d0.1_rmsprop_bfull_s2028,final refit 60,1,60,4.14961409568787,,,0.0691602349281311,107.708103179932,STATISVM7,12,12,1,2026-10-08 15:34:25
bccnn,bccnn.grid,grid_20_tanh_d0.1_rmsprop_bfull_s2028,final refit 214,1,214,13.2851791381836,,,0.0620802763466523,107.708103179932,STATISVM7,12,12,1,2026-10-08 15:34:25
bccnn,bccnn.grid,grid_20_tanh_d0.1_rmsprop_bfull_s2029,1 early_stop,1,300,18.3280339241028,9.83055996894836,,0.061093446413676,123.064466953278,STATISVM7,12,12,1,2026-10-08 15:41:31
bccnn,bccnn.grid,grid_20_tanh_d0.1_rmsprop_bfull_s2029,2 early_stop,1,300,17.0113339424133,0.306627988815308,,0.0567044464747111,123.064466953278,STATISVM7,12,12,1,2026-10-08 15:41:31
bccnn,bccnn.grid,grid_20_tanh_d0.1_rmsprop_bfull_s2029,final early_stop,1,300,19.140517950058,0.334458112716675,,0.0638017265001933,123.064466953278,STATISVM7,12,12,1,2026-10-08 15:41:31
bccnn,bccnn.grid,grid_20_tanh_d0.1_rmsprop_bfull_s2029,1 refit 44,1,44,3.24699211120605,,,0.0737952752546831,123.064466953278,STATISVM7,12,12,1,2026-10-08 15:41:31
bccnn,bccnn.grid,grid_20_tanh_d0.1_rmsprop_bfull_s2029,1 refit 60,1,60,4.04206490516663,,,0.0673677484194438,123.064466953278,STATISVM7,12,12,1,2026-10-08 15:41:31
bccnn,bccnn.grid,grid_20_tanh_d0.1_rmsprop_bfull_s2029,1 refit 50,1,50,3.8410120010376,,,0.076820240020752,123.064466953278,STATISVM7,12,12,1,2026-10-08 15:41:31
bccnn,bccnn.grid,grid_20_tanh_d0.1_rmsprop_bfull_s2029,1 refit 2,1,2,0.860085964202881,,,0.43004298210144,123.064466953278,STATISVM7,12,12,1,2026-10-08 15:41:31
bccnn,bccnn.grid,grid_20_tanh_d0.1_rmsprop_bfull_s2029,2 refit 4,1,4,0.858305931091309,,,0.214576482772827,123.064466953278,STATISVM7,12,12,1,2026-10-08 15:41:31
bccnn,bccnn.grid,grid_20_tanh_d0.1_rmsprop_bfull_s2029,2 refit 60,1,60,3.92994785308838,,,0.0654991308848063,123.064466953278,STATISVM7,12,12,1,2026-10-08 15:41:31
bccnn,bccnn.grid,grid_20_tanh_d0.1_rmsprop_bfull_s2029,2 refit 295,1,295,16.4443778991699,,,0.0557436538954913,123.064466953278,STATISVM7,12,12,1,2026-10-08 15:41:31
bccnn,bccnn.grid,grid_20_tanh_d0.1_rmsprop_bfull_s2029,final refit 3,1,3,0.85162615776062,,,0.283875385920207,123.064466953278,STATISVM7,12,12,1,2026-10-08 15:41:31
bccnn,bccnn.grid,grid_20_tanh_d0.1_rmsprop_bfull_s2029,final refit 60,1,60,3.98302602767944,,,0.0663837671279907,123.064466953278,STATISVM7,12,12,1,2026-10-08 15:41:31
bccnn,bccnn.grid,grid_20_tanh_d0.1_rmsprop_bfull_s2029,final refit 250,1,250,15.2500040531158,,,0.0610000162124634,123.064466953278,STATISVM7,12,12,1,2026-10-08 15:41:31
nncl,nncl.cl_grid,clgrid_20_rmsprop_cl_paper_s2026,j1,1,5,1.38355779647827,0.660222053527832,2.30437684059143,0.276711559295654,38.9333398342133,STATISVM7,12,12,1,2026-10-08 15:19:23
nncl,nncl.cl_grid,clgrid_20_rmsprop_cl_paper_s2026,j2,1,5,1.30682587623596,0.503967046737671,2.06983184814453,0.261365175247192,38.9333398342133,STATISVM7,12,12,1,2026-10-08 15:19:23
nncl,nncl.cl_grid,clgrid_20_rmsprop_cl_paper_s2026,j3,1,5,1.51574492454529,0.451165199279785,2.25029611587524,0.303148984909058,38.9333398342133,STATISVM7,12,12,1,2026-10-08 15:19:23
nncl,nncl.cl_grid,clgrid_20_rmsprop_cl_paper_s2026,j4,1,5,1.58684301376343,0.452475070953369,2.26230096817017,0.317368602752686,38.9333398342133,STATISVM7,12,12,1,2026-10-08 15:19:23
nncl,nncl.cl_grid,clgrid_20_rmsprop_cl_paper_s2026,j5,1,5,1.21477913856506,0.392768859863281,1.88660907745361,0.242955827713013,38.9333398342133,STATISVM7,12,12,1,2026-10-08 15:19:23
nncl,nncl.cl_grid,clgrid_20_rmsprop_cl_paper_s2026,j6,1,5,1.46865320205688,0.47226881980896,2.19382190704346,0.293730640411377,38.9333398342133,STATISVM7,12,12,1,2026-10-08 15:19:23
nncl,nncl.cl_grid,clgrid_20_rmsprop_cl_paper_s2026,j7,1,5,1.26397800445557,0.440790176391602,1.8826961517334,0.252795600891113,38.9333398342133,STATISVM7,12,12,1,2026-10-08 15:19:23
nncl,nncl.cl_grid,clgrid_20_rmsprop_cl_paper_s2026,j8,1,5,1.24751591682434,0.413661003112793,1.89577698707581,0.249503183364868,38.9333398342133,STATISVM7,12,12,1,2026-10-08 15:19:23
nncl,nncl.cl_grid,clgrid_20_rmsprop_cl_paper_s2026,j9,1,5,1.35857796669006,0.448467016220093,2.02525305747986,0.271715593338013,38.9333398342133,STATISVM7,12,12,1,2026-10-08 15:19:23
nncl,nncl.cl_grid,clgrid_20_rmsprop_cl_paper_s2026,j10,1,5,1.15410709381104,0.408524990081787,1.77353692054749,0.230821418762207,38.9333398342133,STATISVM7,12,12,1,2026-10-08 15:19:23
nncl,nncl.cl_grid,clgrid_20_rmsprop_cl_paper_s2026,j11,1,5,1.26534700393677,0.438431024551392,1.94822812080383,0.253069400787354,38.9333398342133,STATISVM7,12,12,1,2026-10-08 15:19:23
nncl,nncl.cl_grid,clgrid_20_rmsprop_cl_paper_s2026,j12,1,5,1.29065680503845,0.424122095108032,1.93370199203491,0.25813136100769,38.9333398342133,STATISVM7,12,12,1,2026-10-08 15:19:23
nncl,nncl.cl_grid,clgrid_20_rmsprop_cl_paper_s2026,j13,1,5,1.09951019287109,0.457001924514771,1.77947211265564,0.219902038574219,38.9333398342133,STATISVM7,12,12,1,2026-10-08 15:19:23
nncl,nncl.cl_grid,clgrid_20_rmsprop_cl_paper_s2026,j14,1,5,1.72543501853943,0.48173999786377,2.46670293807983,0.345087003707886,38.9333398342133,STATISVM7,12,12,1,2026-10-08 15:19:23
nncl,nncl.cl_grid,clgrid_20_rmsprop_cl_paper_s2026,j15,1,5,1.48504590988159,0.455804109573364,2.16592788696289,0.297009181976318,38.9333398342133,STATISVM7,12,12,1,2026-10-08 15:19:23
nncl,nncl.cl_grid,clgrid_20_rmsprop_cl_paper_s2026,j16,1,5,1.30479383468628,0.472551107406616,1.9774911403656,0.260958766937256,38.9333398342133,STATISVM7,12,12,1,2026-10-08 15:19:23
nncl,nncl.cl_grid,clgrid_20_rmsprop_cl_paper_s2026,j17,1,5,1.36516189575195,0.492395162582398,2.06046199798584,0.273032379150391,38.9333398342133,STATISVM7,12,12,1,2026-10-08 15:19:23
nncl,nncl.cl_grid,clgrid_20_rmsprop_cl_paper_s2026,j18,1,5,1.35425806045532,0.449335813522339,2.0701048374176,0.270851612091064,38.9333398342133,STATISVM7,12,12,1,2026-10-08 15:19:23
nncl,nncl.cl_grid,clgrid_20_rmsprop_cl_paper_s2026,j19,1,5,1.30096101760864,0.502972841262817,1.98674893379211,0.260192203521729,38.9333398342133,STATISVM7,12,12,1,2026-10-08 15:19:23
nncl,nncl.cl_grid,clgrid_20_rmsprop_cl_paper_s2027,j1,1,5,1.41843485832214,0.614675045013428,2.24052691459656,0.283686971664429,35.3780708312988,STATISVM7,12,12,1,2026-10-08 15:23:03
nncl,nncl.cl_grid,clgrid_20_rmsprop_cl_paper_s2027,j2,1,5,1.18027687072754,0.428221940994263,1.80269598960876,0.236055374145508,35.3780708312988,STATISVM7,12,12,1,2026-10-08 15:23:03
nncl,nncl.cl_grid,clgrid_20_rmsprop_cl_paper_s2027,j3,1,5,1.15898203849792,0.385507106781006,1.7263011932373,0.231796407699585,35.3780708312988,STATISVM7,12,12,1,2026-10-08 15:23:03
nncl,nncl.cl_grid,clgrid_20_rmsprop_cl_paper_s2027,j4,1,5,1.36134600639343,0.39834189414978,1.99889898300171,0.272269201278687,35.3780708312988,STATISVM7,12,12,1,2026-10-08 15:23:03
nncl,nncl.cl_grid,clgrid_20_rmsprop_cl_paper_s2027,j5,1,5,1.07355809211731,0.376016855239868,1.64864301681519,0.214711618423462,35.3780708312988,STATISVM7,12,12,1,2026-10-08 15:23:03
nncl,nncl.cl_grid,clgrid_20_rmsprop_cl_paper_s2027,j6,1,5,1.06552720069885,0.349111795425415,1.62538194656372,0.213105440139771,35.3780708312988,STATISVM7,12,12,1,2026-10-08 15:23:03
nncl,nncl.cl_grid,clgrid_20_rmsprop_cl_paper_s2027,j7,1,5,1.21971607208252,0.382535934448242,1.80658507347107,0.243943214416504,35.3780708312988,STATISVM7,12,12,1,2026-10-08 15:23:03
nncl,nncl.cl_grid,clgrid_20_rmsprop_cl_paper_s2027,j8,1,5,1.21485710144043,0.392760038375855,1.81263303756714,0.242971420288086,35.3780708312988,STATISVM7,12,12,1,2026-10-08 15:23:03
nncl,nncl.cl_grid,clgrid_20_rmsprop_cl_paper_s2027,j9,1,5,1.24169588088989,0.42550802230835,1.85325288772583,0.248339176177979,35.3780708312988,STATISVM7,12,12,1,2026-10-08 15:23:03
nncl,nncl.cl_grid,clgrid_20_rmsprop_cl_paper_s2027,j10,1,5,1.30584597587585,0.433773040771484,1.97565293312073,0.261169195175171,35.3780708312988,STATISVM7,12,12,1,2026-10-08 15:23:03
nncl,nncl.cl_grid,clgrid_20_rmsprop_cl_paper_s2027,j11,1,5,1.47756886482239,0.436087131500244,2.14585113525391,0.295513772964478,35.3780708312988,STATISVM7,12,12,1,2026-10-08 15:23:03
nncl,nncl.cl_grid,clgrid_20_rmsprop_cl_paper_s2027,j12,1,5,1.32876586914063,0.405812978744507,1.94277787208557,0.265753173828125,35.3780708312988,STATISVM7,12,12,1,2026-10-08 15:23:03
nncl,nncl.cl_grid,clgrid_20_rmsprop_cl_paper_s2027,j13,1,5,1.21727705001831,0.449007987976074,1.84463691711426,0.243455410003662,35.3780708312988,STATISVM7,12,12,1,2026-10-08 15:23:03
nncl,nncl.cl_grid,clgrid_20_rmsprop_cl_paper_s2027,j14,1,5,1.09552121162415,0.420567989349365,1.72392106056213,0.219104242324829,35.3780708312988,STATISVM7,12,12,1,2026-10-08 15:23:03
nncl,nncl.cl_grid,clgrid_20_rmsprop_cl_paper_s2027,j15,1,5,1.28369402885437,0.417185068130493,1.92214894294739,0.256738805770874,35.3780708312988,STATISVM7,12,12,1,2026-10-08 15:23:03
nncl,nncl.cl_grid,clgrid_20_rmsprop_cl_paper_s2027,j16,1,5,1.17010688781738,0.459289073944092,1.83790493011475,0.234021377563477,35.3780708312988,STATISVM7,12,12,1,2026-10-08 15:23:03
nncl,nncl.cl_grid,clgrid_20_rmsprop_cl_paper_s2027,j17,1,5,1.21027207374573,0.454293966293335,1.87846994400024,0.242054414749146,35.3780708312988,STATISVM7,12,12,1,2026-10-08 15:23:03
nncl,nncl.cl_grid,clgrid_20_rmsprop_cl_paper_s2027,j18,1,5,1.11174702644348,0.483451128005981,1.79789900779724,0.222349405288696,35.3780708312988,STATISVM7,12,12,1,2026-10-08 15:23:03
nncl,nncl.cl_grid,clgrid_20_rmsprop_cl_paper_s2027,j19,1,5,1.19077897071838,0.429085969924927,1.79388904571533,0.238155794143677,35.3780708312988,STATISVM7,12,12,1,2026-10-08 15:23:03
nncl,nncl.cl_grid,clgrid_20_rmsprop_cl_start_s2026,j1,1,3,1.05739688873291,0.564128160476685,1.8835301399231,0.352465629577637,39.3908245563507,STATISVM7,12,12,1,2026-10-08 15:22:57
nncl,nncl.cl_grid,clgrid_20_rmsprop_cl_start_s2026,j2,1,10,1.81985712051392,0.402574062347412,2.44804406166077,0.181985712051392,39.3908245563507,STATISVM7,12,12,1,2026-10-08 15:22:57
nncl,nncl.cl_grid,clgrid_20_rmsprop_cl_start_s2026,j3,1,10,1.89497900009155,0.391956806182861,2.50857281684876,0.189497900009155,39.3908245563507,STATISVM7,12,12,1,2026-10-08 15:22:57
nncl,nncl.cl_grid,clgrid_20_rmsprop_cl_start_s2026,j4,1,10,1.83525085449219,0.395970106124878,2.46052598953247,0.183525085449219,39.3908245563507,STATISVM7,12,12,1,2026-10-08 15:22:57
nncl,nncl.cl_grid,clgrid_20_rmsprop_cl_start_s2026,j5,1,10,1.75374698638916,0.405174970626831,2.39254403114319,0.175374698638916,39.3908245563507,STATISVM7,12,12,1,2026-10-08 15:22:57
nncl,nncl.cl_grid,clgrid_20_rmsprop_cl_start_s2026,j6,1,9,1.76406097412109,0.407305955886841,2.39016485214233,0.196006774902344,39.3908245563507,STATISVM7,12,12,1,2026-10-08 15:22:57
nncl,nncl.cl_grid,clgrid_20_rmsprop_cl_start_s2026,j7,1,5,1.32530498504639,0.397329092025757,1.92067098617554,0.265060997009277,39.3908245563507,STATISVM7,12,12,1,2026-10-08 15:22:57
nncl,nncl.cl_grid,clgrid_20_rmsprop_cl_start_s2026,j8,1,6,1.42672395706177,0.370501041412354,2.01847696304321,0.237787326176961,39.3908245563507,STATISVM7,12,12,1,2026-10-08 15:22:57
nncl,nncl.cl_grid,clgrid_20_rmsprop_cl_start_s2026,j9,1,4,0.974725961685181,0.403807878494263,1.58463287353516,0.243681490421295,39.3908245563507,STATISVM7,12,12,1,2026-10-08 15:22:57
nncl,nncl.cl_grid,clgrid_20_rmsprop_cl_start_s2026,j10,1,4,1.08164501190186,0.380366086959839,1.65308403968811,0.270411252975464,39.3908245563507,STATISVM7,12,12,1,2026-10-08 15:22:57
nncl,nncl.cl_grid,clgrid_20_rmsprop_cl_start_s2026,j11,1,6,1.44778299331665,0.410725116729736,2.08865404129028,0.241297165552775,39.3908245563507,STATISVM7,12,12,1,2026-10-08 15:22:57
nncl,nncl.cl_grid,clgrid_20_rmsprop_cl_start_s2026,j12,1,4,1.1811420917511,0.41020393371582,1.81851696968079,0.295285522937775,39.3908245563507,STATISVM7,12,12,1,2026-10-08 15:22:57
nncl,nncl.cl_grid,clgrid_20_rmsprop_cl_start_s2026,j13,1,7,1.56670093536377,0.450159072875977,2.22401809692383,0.223814419337681,39.3908245563507,STATISVM7,12,12,1,2026-10-08 15:22:57
nncl,nncl.cl_grid,clgrid_20_rmsprop_cl_start_s2026,j14,1,10,1.83007001876831,0.441326141357422,2.50919198989868,0.183007001876831,39.3908245563507,STATISVM7,12,12,1,2026-10-08 15:22:57
nncl,nncl.cl_grid,clgrid_20_rmsprop_cl_start_s2026,j15,1,3,1.06708192825317,0.476068019866943,1.73968601226807,0.355693976084391,39.3908245563507,STATISVM7,12,12,1,2026-10-08 15:22:57
nncl,nncl.cl_grid,clgrid_20_rmsprop_cl_start_s2026,j16,1,8,1.7887909412384,0.497022867202759,2.51669383049011,0.2235988676548,39.3908245563507,STATISVM7,12,12,1,2026-10-08 15:22:57
nncl,nncl.cl_grid,clgrid_20_rmsprop_cl_start_s2026,j17,1,5,1.18640279769897,0.437058210372925,1.81237101554871,0.237280559539795,39.3908245563507,STATISVM7,12,12,1,2026-10-08 15:22:57
nncl,nncl.cl_grid,clgrid_20_rmsprop_cl_start_s2026,j18,1,3,1.05809497833252,0.447968006134033,1.74046492576599,0.35269832611084,39.3908245563507,STATISVM7,12,12,1,2026-10-08 15:22:57
nncl,nncl.cl_grid,clgrid_20_rmsprop_cl_start_s2026,j19,1,3,0.998307943344116,0.474768877029419,1.68098092079163,0.332769314448039,39.3908245563507,STATISVM7,12,12,1,2026-10-08 15:22:57
nncl,nncl.cl_grid,clgrid_20_rmsprop_cl_start_s2027,j1,1,3,1.0372428894043,0.491024017333984,1.7389440536499,0.345747629801432,39.4113817214966,STATISVM7,12,12,1,2026-10-08 15:23:21
nncl,nncl.cl_grid,clgrid_20_rmsprop_cl_start_s2027,j2,1,10,1.63780212402344,0.408227920532227,2.24587106704712,0.163780212402344,39.4113817214966,STATISVM7,12,12,1,2026-10-08 15:23:21
nncl,nncl.cl_grid,clgrid_20_rmsprop_cl_start_s2027,j3,1,10,1.79202890396118,0.368490934371948,2.38994097709656,0.179202890396118,39.4113817214966,STATISVM7,12,12,1,2026-10-08 15:23:21
nncl,nncl.cl_grid,clgrid_20_rmsprop_cl_start_s2027,j4,1,10,1.85044407844543,0.381927967071533,2.46082997322083,0.185044407844543,39.4113817214966,STATISVM7,12,12,1,2026-10-08 15:23:21
nncl,nncl.cl_grid,clgrid_20_rmsprop_cl_start_s2027,j5,1,10,1.94398593902588,0.37055516242981,2.51554703712463,0.194398593902588,39.4113817214966,STATISVM7,12,12,1,2026-10-08 15:23:21
nncl,nncl.cl_grid,clgrid_20_rmsprop_cl_start_s2027,j6,1,10,1.92700505256653,0.389055967330933,2.54154491424561,0.192700505256653,39.4113817214966,STATISVM7,12,12,1,2026-10-08 15:23:21
nncl,nncl.cl_grid,clgrid_20_rmsprop_cl_start_s2027,j7,1,10,1.81605005264282,0.400460004806519,2.42445611953735,0.181605005264282,39.4113817214966,STATISVM7,12,12,1,2026-10-08 15:23:21
nncl,nncl.cl_grid,clgrid_20_rmsprop_cl_start_s2027,j8,1,3,0.956454038619995,0.408356904983521,1.57367706298828,0.318818012873332,39.4113817214966,STATISVM7,12,12,1,2026-10-08 15:23:21
nncl,nncl.cl_grid,clgrid_20_rmsprop_cl_start_s2027,j9,1,4,1.09984493255615,0.436257123947144,1.73211812973022,0.274961233139038,39.4113817214966,STATISVM7,12,12,1,2026-10-08 15:23:21
nncl,nncl.cl_grid,clgrid_20_rmsprop_cl_start_s2027,j10,1,5,1.04101300239563,0.382846117019653,1.60356092453003,0.208202600479126,39.4113817214966,STATISVM7,12,12,1,2026-10-08 15:23:21
nncl,nncl.cl_grid,clgrid_20_rmsprop_cl_start_s2027,j11,1,3,0.921152114868164,0.403481006622314,1.49549007415771,0.307050704956055,39.4113817214966,STATISVM7,12,12,1,2026-10-08 15:23:21
nncl,nncl.cl_grid,clgrid_20_rmsprop_cl_start_s2027,j12,1,9,1.90483093261719,0.359540939331055,2.55580806732178,0.21164788140191,39.4113817214966,STATISVM7,12,12,1,2026-10-08 15:23:21
nncl,nncl.cl_grid,clgrid_20_rmsprop_cl_start_s2027,j13,1,7,1.42177104949951,0.505237817764282,2.14742398262024,0.203110149928502,39.4113817214966,STATISVM7,12,12,1,2026-10-08 15:23:21
nncl,nncl.cl_grid,clgrid_20_rmsprop_cl_start_s2027,j14,1,9,1.98368310928345,0.408582925796509,2.62772607803345,0.220409234364828,39.4113817214966,STATISVM7,12,12,1,2026-10-08 15:23:21
nncl,nncl.cl_grid,clgrid_20_rmsprop_cl_start_s2027,j15,1,4,1.11235213279724,0.516907930374146,1.82949805259705,0.27808803319931,39.4113817214966,STATISVM7,12,12,1,2026-10-08 15:23:21
nncl,nncl.cl_grid,clgrid_20_rmsprop_cl_start_s2027,j16,1,10,1.72946119308472,0.415902853012085,2.35748600959778,0.172946119308472,39.4113817214966,STATISVM7,12,12,1,2026-10-08 15:23:21
nncl,nncl.cl_grid,clgrid_20_rmsprop_cl_start_s2027,j17,1,4,1.0465099811554,0.489835977554321,1.75571608543396,0.261627495288849,39.4113817214966,STATISVM7,12,12,1,2026-10-08 15:23:21
nncl,nncl.cl_grid,clgrid_20_rmsprop_cl_start_s2027,j18,1,3,0.862263917922974,0.433121919631958,1.48055601119995,0.287421305974325,39.4113817214966,STATISVM7,12,12,1,2026-10-08 15:23:21
nncl,nncl.cl_grid,clgrid_20_rmsprop_cl_start_s2027,j19,1,3,1.25917911529541,0.461076021194458,1.93518710136414,0.419726371765137,39.4113817214966,STATISVM7,12,12,1,2026-10-08 15:23:21
nncl,nncl.cl_grid,clgrid_20_sgd_cl_paper_s2026,j1,1,5,0.941123962402344,0.571376085281372,1.73636913299561,0.188224792480469,30.0326046943665,STATISVM7,12,12,1,2026-10-08 15:22:53
nncl,nncl.cl_grid,clgrid_20_sgd_cl_paper_s2026,j2,1,5,1.05524897575378,0.396672010421753,1.70715594291687,0.211049795150757,30.0326046943665,STATISVM7,12,12,1,2026-10-08 15:22:53
nncl,nncl.cl_grid,clgrid_20_sgd_cl_paper_s2026,j3,1,5,1.11766791343689,0.391279935836792,1.69462180137634,0.223533582687378,30.0326046943665,STATISVM7,12,12,1,2026-10-08 15:22:53
nncl,nncl.cl_grid,clgrid_20_sgd_cl_paper_s2026,j4,1,5,1.1426260471344,0.368901014328003,1.79688906669617,0.22852520942688,30.0326046943665,STATISVM7,12,12,1,2026-10-08 15:22:53
nncl,nncl.cl_grid,clgrid_20_sgd_cl_paper_s2026,j5,1,5,0.88645601272583,0.364612817764282,1.46732997894287,0.177291202545166,30.0326046943665,STATISVM7,12,12,1,2026-10-08 15:22:53
nncl,nncl.cl_grid,clgrid_20_sgd_cl_paper_s2026,j6,1,5,1.11390781402588,0.358960151672363,1.70233702659607,0.222781562805176,30.0326046943665,STATISVM7,12,12,1,2026-10-08 15:22:53
nncl,nncl.cl_grid,clgrid_20_sgd_cl_paper_s2026,j7,1,5,0.983058929443359,0.387311935424805,1.64389991760254,0.196611785888672,30.0326046943665,STATISVM7,12,12,1,2026-10-08 15:22:53
nncl,nncl.cl_grid,clgrid_20_sgd_cl_paper_s2026,j8,1,5,0.925198793411255,0.369903087615967,1.51367092132568,0.185039758682251,30.0326046943665,STATISVM7,12,12,1,2026-10-08 15:22:53
nncl,nncl.cl_grid,clgrid_20_sgd_cl_paper_s2026,j9,1,5,0.799192905426025,0.353866100311279,1.34081315994263,0.159838581085205,30.0326046943665,STATISVM7,12,12,1,2026-10-08 15:22:53
nncl,nncl.cl_grid,clgrid_20_sgd_cl_paper_s2026,j10,1,5,0.791769027709961,0.361618041992188,1.34355592727661,0.158353805541992,30.0326046943665,STATISVM7,12,12,1,2026-10-08 15:22:53
nncl,nncl.cl_grid,clgrid_20_sgd_cl_paper_s2026,j11,1,5,0.904116868972778,0.389815092086792,1.54636597633362,0.180823373794556,30.0326046943665,STATISVM7,12,12,1,2026-10-08 15:22:53
nncl,nncl.cl_grid,clgrid_20_sgd_cl_paper_s2026,j12,1,5,0.902331113815308,0.392529964447022,1.52046394348145,0.180466222763062,30.0326046943665,STATISVM7,12,12,1,2026-10-08 15:22:53
nncl,nncl.cl_grid,clgrid_20_sgd_cl_paper_s2026,j13,1,5,1.10242414474487,0.400867938995361,1.71478700637817,0.220484828948975,30.0326046943665,STATISVM7,12,12,1,2026-10-08 15:22:53
nncl,nncl.cl_grid,clgrid_20_sgd_cl_paper_s2026,j14,1,5,0.914446115493774,0.410626888275147,1.54496788978577,0.182889223098755,30.0326046943665,STATISVM7,12,12,1,2026-10-08 15:22:53
nncl,nncl.cl_grid,clgrid_20_sgd_cl_paper_s2026,j15,1,5,0.91795802116394,0.407842874526978,1.56808495521545,0.183591604232788,30.0326046943665,STATISVM7,12,12,1,2026-10-08 15:22:53
nncl,nncl.cl_grid,clgrid_20_sgd_cl_paper_s2026,j16,1,5,0.885722160339356,0.433022022247314,1.51066112518311,0.177144432067871,30.0326046943665,STATISVM7,12,12,1,2026-10-08 15:22:53
nncl,nncl.cl_grid,clgrid_20_sgd_cl_paper_s2026,j17,1,5,0.860920906066895,0.391490936279297,1.49404788017273,0.172184181213379,30.0326046943665,STATISVM7,12,12,1,2026-10-08 15:22:53
nncl,nncl.cl_grid,clgrid_20_sgd_cl_paper_s2026,j18,1,5,1.03504514694214,0.41584587097168,1.66894388198853,0.207009029388428,30.0326046943665,STATISVM7,12,12,1,2026-10-08 15:22:53
nncl,nncl.cl_grid,clgrid_20_sgd_cl_paper_s2026,j19,1,5,0.894566059112549,0.424842119216919,1.51763916015625,0.17891321182251,30.0326046943665,STATISVM7,12,12,1,2026-10-08 15:22:53
nncl,nncl.cl_grid,clgrid_20_sgd_cl_paper_s2027,j1,1,5,1.11264777183533,0.522705078125,1.85335397720337,0.222529554367065,29.8989701271057,STATISVM7,12,12,1,2026-10-08 15:23:16
nncl,nncl.cl_grid,clgrid_20_sgd_cl_paper_s2027,j2,1,5,1.00389385223389,0.380039215087891,1.6016252040863,0.200778770446777,29.8989701271057,STATISVM7,12,12,1,2026-10-08 15:23:16
nncl,nncl.cl_grid,clgrid_20_sgd_cl_paper_s2027,j3,1,5,0.956724166870117,0.423732995986939,1.59171104431152,0.191344833374023,29.8989701271057,STATISVM7,12,12,1,2026-10-08 15:23:16
nncl,nncl.cl_grid,clgrid_20_sgd_cl_paper_s2027,j4,1,5,0.873970031738281,0.40946102142334,1.48907804489136,0.174794006347656,29.8989701271057,STATISVM7,12,12,1,2026-10-08 15:23:16
nncl,nncl.cl_grid,clgrid_20_sgd_cl_paper_s2027,j5,1,5,0.807598114013672,0.339469909667969,1.31678199768066,0.161519622802734,29.8989701271057,STATISVM7,12,12,1,2026-10-08 15:23:16
nncl,nncl.cl_grid,clgrid_20_sgd_cl_paper_s2027,j6,1,5,0.969781160354614,0.356439828872681,1.55555701255798,0.193956232070923,29.8989701271057,STATISVM7,12,12,1,2026-10-08 15:23:16
nncl,nncl.cl_grid,clgrid_20_sgd_cl_paper_s2027,j7,1,5,0.884440898895264,0.422405958175659,1.55858898162842,0.176888179779053,29.8989701271057,STATISVM7,12,12,1,2026-10-08 15:23:16
nncl,nncl.cl_grid,clgrid_20_sgd_cl_paper_s2027,j8,1,5,0.997802972793579,0.379412174224854,1.57023000717163,0.199560594558716,29.8989701271057,STATISVM7,12,12,1,2026-10-08 15:23:16
nncl,nncl.cl_grid,clgrid_20_sgd_cl_paper_s2027,j9,1,5,1.00808882713318,0.381883144378662,1.59241199493408,0.201617765426636,29.8989701271057,STATISVM7,12,12,1,2026-10-08 15:23:16
nncl,nncl.cl_grid,clgrid_20_sgd_cl_paper_s2027,j10,1,5,0.834879875183106,0.373556137084961,1.39345598220825,0.166975975036621,29.8989701271057,STATISVM7,12,12,1,2026-10-08 15:23:16
nncl,nncl.cl_grid,clgrid_20_sgd_cl_paper_s2027,j11,1,5,0.871548891067505,0.390813112258911,1.46689915657043,0.174309778213501,29.8989701271057,STATISVM7,12,12,1,2026-10-08 15:23:16
nncl,nncl.cl_grid,clgrid_20_sgd_cl_paper_s2027,j12,1,5,0.761413097381592,0.403850078582764,1.34382510185242,0.152282619476318,29.8989701271057,STATISVM7,12,12,1,2026-10-08 15:23:16
nncl,nncl.cl_grid,clgrid_20_sgd_cl_paper_s2027,j13,1,5,1.08197808265686,0.424041986465454,1.85409998893738,0.216395616531372,29.8989701271057,STATISVM7,12,12,1,2026-10-08 15:23:16
nncl,nncl.cl_grid,clgrid_20_sgd_cl_paper_s2027,j14,1,5,0.990900993347168,0.471626043319702,1.68097686767578,0.198180198669434,29.8989701271057,STATISVM7,12,12,1,2026-10-08 15:23:16
nncl,nncl.cl_grid,clgrid_20_sgd_cl_paper_s2027,j15,1,5,0.958615064620972,0.430060863494873,1.5995500087738,0.191723012924194,29.8989701271057,STATISVM7,12,12,1,2026-10-08 15:23:16
nncl,nncl.cl_grid,clgrid_20_sgd_cl_paper_s2027,j16,1,5,1.01480007171631,0.529846906661987,1.74157691001892,0.202960014343262,29.8989701271057,STATISVM7,12,12,1,2026-10-08 15:23:16
nncl,nncl.cl_grid,clgrid_20_sgd_cl_paper_s2027,j17,1,5,0.891206979751587,0.532761812210083,1.63724398612976,0.178241395950317,29.8989701271057,STATISVM7,12,12,1,2026-10-08 15:23:16
nncl,nncl.cl_grid,clgrid_20_sgd_cl_paper_s2027,j18,1,5,0.908225059509277,0.417415857315064,1.53203701972961,0.181645011901855,29.8989701271057,STATISVM7,12,12,1,2026-10-08 15:23:16
nncl,nncl.cl_grid,clgrid_20_sgd_cl_paper_s2027,j19,1,5,0.917943000793457,0.408003807067871,1.51996684074402,0.183588600158691,29.8989701271057,STATISVM7,12,12,1,2026-10-08 15:23:16
nncl,nncl.cl_grid,clgrid_20_sgd_cl_start_s2026,j1,1,3,0.758272886276245,0.591367959976196,1.56702899932861,0.252757628758748,36.5076694488525,STATISVM7,12,12,1,2026-10-08 15:22:59
nncl,nncl.cl_grid,clgrid_20_sgd_cl_start_s2026,j2,1,10,1.56570100784302,0.369045972824097,2.20040702819824,0.156570100784302,36.5076694488525,STATISVM7,12,12,1,2026-10-08 15:22:59
nncl,nncl.cl_grid,clgrid_20_sgd_cl_start_s2026,j3,1,10,1.41123700141907,0.389549016952515,2.01931309700012,0.141123700141907,36.5076694488525,STATISVM7,12,12,1,2026-10-08 15:22:59
nncl,nncl.cl_grid,clgrid_20_sgd_cl_start_s2026,j4,1,10,1.59040594100952,0.410355091094971,2.2226140499115,0.159040594100952,36.5076694488525,STATISVM7,12,12,1,2026-10-08 15:22:59
nncl,nncl.cl_grid,clgrid_20_sgd_cl_start_s2026,j5,1,10,1.67521286010742,0.382545948028564,2.26363682746887,0.167521286010742,36.5076694488525,STATISVM7,12,12,1,2026-10-08 15:22:59
nncl,nncl.cl_grid,clgrid_20_sgd_cl_start_s2026,j6,1,10,1.5827169418335,0.373816967010498,2.22806692123413,0.15827169418335,36.5076694488525,STATISVM7,12,12,1,2026-10-08 15:22:59
nncl,nncl.cl_grid,clgrid_20_sgd_cl_start_s2026,j7,1,10,1.40232396125793,0.392723083496094,1.98322296142578,0.140232396125793,36.5076694488525,STATISVM7,12,12,1,2026-10-08 15:22:59
nncl,nncl.cl_grid,clgrid_20_sgd_cl_start_s2026,j8,1,10,1.22171998023987,0.35709810256958,1.8214271068573,0.122171998023987,36.5076694488525,STATISVM7,12,12,1,2026-10-08 15:22:59
nncl,nncl.cl_grid,clgrid_20_sgd_cl_start_s2026,j9,1,10,1.62132692337036,0.417297124862671,2.2580361366272,0.162132692337036,36.5076694488525,STATISVM7,12,12,1,2026-10-08 15:22:59
nncl,nncl.cl_grid,clgrid_20_sgd_cl_start_s2026,j10,1,10,1.50899791717529,0.383399963378906,2.11794686317444,0.150899791717529,36.5076694488525,STATISVM7,12,12,1,2026-10-08 15:22:59
nncl,nncl.cl_grid,clgrid_20_sgd_cl_start_s2026,j11,1,10,1.64513206481934,0.390244960784912,2.24241805076599,0.164513206481934,36.5076694488525,STATISVM7,12,12,1,2026-10-08 15:22:59
nncl,nncl.cl_grid,clgrid_20_sgd_cl_start_s2026,j12,1,10,1.43036913871765,0.394461870193481,2.07066607475281,0.143036913871765,36.5076694488525,STATISVM7,12,12,1,2026-10-08 15:22:59
nncl,nncl.cl_grid,clgrid_20_sgd_cl_start_s2026,j13,1,10,1.64070796966553,0.388292074203491,2.25024604797363,0.164070796966553,36.5076694488525,STATISVM7,12,12,1,2026-10-08 15:22:59
nncl,nncl.cl_grid,clgrid_20_sgd_cl_start_s2026,j14,1,3,0.7514488697052,0.423537969589233,1.40505290031433,0.2504829565684,36.5076694488525,STATISVM7,12,12,1,2026-10-08 15:22:59
nncl,nncl.cl_grid,clgrid_20_sgd_cl_start_s2026,j15,1,3,0.655158996582031,0.383042097091675,1.24833512306213,0.21838633219401,36.5076694488525,STATISVM7,12,12,1,2026-10-08 15:22:59
nncl,nncl.cl_grid,clgrid_20_sgd_cl_start_s2026,j16,1,3,0.647382974624634,0.37594199180603,1.22180509567261,0.215794324874878,36.5076694488525,STATISVM7,12,12,1,2026-10-08 15:22:59
nncl,nncl.cl_grid,clgrid_20_sgd_cl_start_s2026,j17,1,3,0.712443828582764,0.425266981124878,1.38139200210571,0.237481276194255,36.5076694488525,STATISVM7,12,12,1,2026-10-08 15:22:59
nncl,nncl.cl_grid,clgrid_20_sgd_cl_start_s2026,j18,1,6,1.20063805580139,0.429537057876587,1.8457190990448,0.200106342633565,36.5076694488525,STATISVM7,12,12,1,2026-10-08 15:22:59
nncl,nncl.cl_grid,clgrid_20_sgd_cl_start_s2026,j19,1,10,1.50117492675781,0.395018100738525,2.16033506393433,0.150117492675781,36.5076694488525,STATISVM7,12,12,1,2026-10-08 15:22:59
nncl,nncl.cl_grid,clgrid_20_sgd_cl_start_s2027,j1,1,3,0.738204956054688,0.512609958648682,1.47509479522705,0.246068318684896,34.7207210063934,STATISVM7,12,12,1,2026-10-08 15:23:21
nncl,nncl.cl_grid,clgrid_20_sgd_cl_start_s2027,j2,1,10,1.4938600063324,0.371655941009522,2.07870101928711,0.14938600063324,34.7207210063934,STATISVM7,12,12,1,2026-10-08 15:23:21
nncl,nncl.cl_grid,clgrid_20_sgd_cl_start_s2027,j3,1,10,1.55514121055603,0.402374982833862,2.14393305778503,0.155514121055603,34.7207210063934,STATISVM7,12,12,1,2026-10-08 15:23:21
nncl,nncl.cl_grid,clgrid_20_sgd_cl_start_s2027,j4,1,10,1.38073182106018,0.359266996383667,1.93573188781738,0.138073182106018,34.7207210063934,STATISVM7,12,12,1,2026-10-08 15:23:21
nncl,nncl.cl_grid,clgrid_20_sgd_cl_start_s2027,j5,1,10,1.51778507232666,0.344660043716431,2.09195995330811,0.151778507232666,34.7207210063934,STATISVM7,12,12,1,2026-10-08 15:23:21
nncl,nncl.cl_grid,clgrid_20_sgd_cl_start_s2027,j6,1,10,1.43103194236755,0.398190021514893,2.02718782424927,0.143103194236755,34.7207210063934,STATISVM7,12,12,1,2026-10-08 15:23:21
nncl,nncl.cl_grid,clgrid_20_sgd_cl_start_s2027,j7,1,10,1.5500168800354,0.376120090484619,2.13301992416382,0.15500168800354,34.7207210063934,STATISVM7,12,12,1,2026-10-08 15:23:21
nncl,nncl.cl_grid,clgrid_20_sgd_cl_start_s2027,j8,1,10,1.29700398445129,0.384814977645874,1.87922787666321,0.129700398445129,34.7207210063934,STATISVM7,12,12,1,2026-10-08 15:23:21
nncl,nncl.cl_grid,clgrid_20_sgd_cl_start_s2027,j9,1,3,0.592598915100098,0.341803073883057,1.14634609222412,0.197532971700033,34.7207210063934,STATISVM7,12,12,1,2026-10-08 15:23:21
nncl,nncl.cl_grid,clgrid_20_sgd_cl_start_s2027,j10,1,3,0.635080099105835,0.364958047866821,1.17190599441528,0.211693366368612,34.7207210063934,STATISVM7,12,12,1,2026-10-08 15:23:21
nncl,nncl.cl_grid,clgrid_20_sgd_cl_start_s2027,j11,1,10,1.69167399406433,0.34695315361023,2.29005694389343,0.169167399406433,34.7207210063934,STATISVM7,12,12,1,2026-10-08 15:23:21
nncl,nncl.cl_grid,clgrid_20_sgd_cl_start_s2027,j12,1,10,1.78162693977356,0.429409027099609,2.42793893814087,0.178162693977356,34.7207210063934,STATISVM7,12,12,1,2026-10-08 15:23:21
nncl,nncl.cl_grid,clgrid_20_sgd_cl_start_s2027,j13,1,10,1.78520607948303,0.413876056671143,2.41900300979614,0.178520607948303,34.7207210063934,STATISVM7,12,12,1,2026-10-08 15:23:21
nncl,nncl.cl_grid,clgrid_20_sgd_cl_start_s2027,j14,1,10,1.45072293281555,0.463366031646729,2.1225380897522,0.145072293281555,34.7207210063934,STATISVM7,12,12,1,2026-10-08 15:23:21
nncl,nncl.cl_grid,clgrid_20_sgd_cl_start_s2027,j15,1,3,0.769553899765015,0.388947010040283,1.36097383499146,0.256517966588338,34.7207210063934,STATISVM7,12,12,1,2026-10-08 15:23:21
nncl,nncl.cl_grid,clgrid_20_sgd_cl_start_s2027,j16,1,3,0.720978021621704,0.388556003570557,1.32776784896851,0.240326007207235,34.7207210063934,STATISVM7,12,12,1,2026-10-08 15:23:21
nncl,nncl.cl_grid,clgrid_20_sgd_cl_start_s2027,j17,1,3,0.719529151916504,0.401732921600342,1.32263994216919,0.239843050638835,34.7207210063934,STATISVM7,12,12,1,2026-10-08 15:23:21
nncl,nncl.cl_grid,clgrid_20_sgd_cl_start_s2027,j18,1,8,1.27249312400818,0.378345966339111,1.85756492614746,0.159061640501022,34.7207210063934,STATISVM7,12,12,1,2026-10-08 15:23:21
nncl,nncl.cl_grid,clgrid_20_sgd_cl_start_s2027,j19,1,3,0.866773843765259,0.424883127212524,1.5091290473938,0.28892461458842,34.7207210063934,STATISVM7,12,12,1,2026-10-08 15:23:21
nncl,nncl.grid,grid_20_rmsprop_early_stop_s2026,j1,1,10,2.01540207862854,0.566540002822876,2.81901502609253,0.201540207862854,48.8630509376526,STATISVM7,12,12,1,2026-10-08 15:22:29
nncl,nncl.grid,grid_20_rmsprop_early_stop_s2026,j2,1,10,1.81322002410889,0.426523923873901,2.4423611164093,0.181322002410889,48.8630509376526,STATISVM7,12,12,1,2026-10-08 15:22:29
nncl,nncl.grid,grid_20_rmsprop_early_stop_s2026,j3,1,10,1.92605519294739,0.346905946731567,2.49857306480408,0.192605519294739,48.8630509376526,STATISVM7,12,12,1,2026-10-08 15:22:29
nncl,nncl.grid,grid_20_rmsprop_early_stop_s2026,j4,1,10,1.87094807624817,0.406531095504761,2.49790620803833,0.187094807624817,48.8630509376526,STATISVM7,12,12,1,2026-10-08 15:22:29
nncl,nncl.grid,grid_20_rmsprop_early_stop_s2026,j5,1,10,1.98596096038818,0.398463010787964,2.70679497718811,0.198596096038818,48.8630509376526,STATISVM7,12,12,1,2026-10-08 15:22:29
nncl,nncl.grid,grid_20_rmsprop_early_stop_s2026,j6,1,10,2.01272201538086,0.426228046417236,2.65078711509705,0.201272201538086,48.8630509376526,STATISVM7,12,12,1,2026-10-08 15:22:29
nncl,nncl.grid,grid_20_rmsprop_early_stop_s2026,j7,1,10,1.91581106185913,0.374896049499512,2.48683500289917,0.191581106185913,48.8630509376526,STATISVM7,12,12,1,2026-10-08 15:22:29
nncl,nncl.grid,grid_20_rmsprop_early_stop_s2026,j8,1,10,1.74874305725098,0.424780130386353,2.36475801467896,0.174874305725098,48.8630509376526,STATISVM7,12,12,1,2026-10-08 15:22:29
nncl,nncl.grid,grid_20_rmsprop_early_stop_s2026,j9,1,10,1.70799994468689,0.382997989654541,2.30714297294617,0.170799994468689,48.8630509376526,STATISVM7,12,12,1,2026-10-08 15:22:29
nncl,nncl.grid,grid_20_rmsprop_early_stop_s2026,j10,1,10,1.83022594451904,0.441857099533081,2.54955315589905,0.183022594451904,48.8630509376526,STATISVM7,12,12,1,2026-10-08 15:22:29
nncl,nncl.grid,grid_20_rmsprop_early_stop_s2026,j11,1,10,1.82770109176636,0.424137830734253,2.44664096832275,0.182770109176636,48.8630509376526,STATISVM7,12,12,1,2026-10-08 15:22:29
nncl,nncl.grid,grid_20_rmsprop_early_stop_s2026,j12,1,10,1.92286396026611,0.446231126785278,2.59898519515991,0.192286396026611,48.8630509376526,STATISVM7,12,12,1,2026-10-08 15:22:29
nncl,nncl.grid,grid_20_rmsprop_early_stop_s2026,j13,1,10,2.02347588539124,0.450740098953247,2.74002599716187,0.202347588539124,48.8630509376526,STATISVM7,12,12,1,2026-10-08 15:22:29
nncl,nncl.grid,grid_20_rmsprop_early_stop_s2026,j14,1,10,1.85602307319641,0.459450960159302,2.53161692619324,0.185602307319641,48.8630509376526,STATISVM7,12,12,1,2026-10-08 15:22:29
nncl,nncl.grid,grid_20_rmsprop_early_stop_s2026,j15,1,10,1.77705311775208,0.464674949645996,2.45530605316162,0.177705311775208,48.8630509376526,STATISVM7,12,12,1,2026-10-08 15:22:29
nncl,nncl.grid,grid_20_rmsprop_early_stop_s2026,j16,1,10,2.10506010055542,0.485121011734009,2.80713105201721,0.210506010055542,48.8630509376526,STATISVM7,12,12,1,2026-10-08 15:22:29
nncl,nncl.grid,grid_20_rmsprop_early_stop_s2026,j17,1,10,1.97073292732239,0.455214023590088,2.70147705078125,0.197073292732239,48.8630509376526,STATISVM7,12,12,1,2026-10-08 15:22:29
nncl,nncl.grid,grid_20_rmsprop_early_stop_s2026,j18,1,10,1.92895007133484,0.45508885383606,2.61091089248657,0.192895007133484,48.8630509376526,STATISVM7,12,12,1,2026-10-08 15:22:29
nncl,nncl.grid,grid_20_rmsprop_early_stop_s2026,j19,1,10,1.89695000648499,0.511960029602051,2.64723014831543,0.189695000648499,48.8630509376526,STATISVM7,12,12,1,2026-10-08 15:22:29
nncl,nncl.grid,grid_20_rmsprop_early_stop_s2027,j1,1,10,2.21225905418396,0.627351045608521,3.1004490852356,0.221225905418396,47.6621823310852,STATISVM7,12,12,1,2026-10-08 15:22:38
nncl,nncl.grid,grid_20_rmsprop_early_stop_s2027,j2,1,10,1.91868209838867,0.39148998260498,2.50915503501892,0.191868209838867,47.6621823310852,STATISVM7,12,12,1,2026-10-08 15:22:38
nncl,nncl.grid,grid_20_rmsprop_early_stop_s2027,j3,1,10,1.80846405029297,0.362114906311035,2.38703894615173,0.180846405029297,47.6621823310852,STATISVM7,12,12,1,2026-10-08 15:22:38
nncl,nncl.grid,grid_20_rmsprop_early_stop_s2027,j4,1,10,1.96657204627991,0.415212869644165,2.5652539730072,0.196657204627991,47.6621823310852,STATISVM7,12,12,1,2026-10-08 15:22:38
nncl,nncl.grid,grid_20_rmsprop_early_stop_s2027,j5,1,10,1.84398794174194,0.389634132385254,2.45427298545837,0.184398794174194,47.6621823310852,STATISVM7,12,12,1,2026-10-08 15:22:38
nncl,nncl.grid,grid_20_rmsprop_early_stop_s2027,j6,1,10,1.78721594810486,0.420268058776855,2.40875792503357,0.178721594810486,47.6621823310852,STATISVM7,12,12,1,2026-10-08 15:22:38
nncl,nncl.grid,grid_20_rmsprop_early_stop_s2027,j7,1,10,1.57935190200806,0.380249977111816,2.15451097488403,0.157935190200806,47.6621823310852,STATISVM7,12,12,1,2026-10-08 15:22:38
nncl,nncl.grid,grid_20_rmsprop_early_stop_s2027,j8,1,10,2.0046648979187,0.397638082504272,2.63051700592041,0.20046648979187,47.6621823310852,STATISVM7,12,12,1,2026-10-08 15:22:38
nncl,nncl.grid,grid_20_rmsprop_early_stop_s2027,j9,1,10,1.83697104454041,0.385820865631104,2.43150091171265,0.183697104454041,47.6621823310852,STATISVM7,12,12,1,2026-10-08 15:22:38
nncl,nncl.grid,grid_20_rmsprop_early_stop_s2027,j10,1,10,1.87029600143433,0.451698064804077,2.56494402885437,0.187029600143433,47.6621823310852,STATISVM7,12,12,1,2026-10-08 15:22:38
nncl,nncl.grid,grid_20_rmsprop_early_stop_s2027,j11,1,10,1.72693610191345,0.39899206161499,2.35538101196289,0.172693610191345,47.6621823310852,STATISVM7,12,12,1,2026-10-08 15:22:38
nncl,nncl.grid,grid_20_rmsprop_early_stop_s2027,j12,1,10,2.02650594711304,0.41535496711731,2.66961812973022,0.202650594711304,47.6621823310852,STATISVM7,12,12,1,2026-10-08 15:22:38
nncl,nncl.grid,grid_20_rmsprop_early_stop_s2027,j13,1,10,1.90071201324463,0.461434125900269,2.57262516021729,0.190071201324463,47.6621823310852,STATISVM7,12,12,1,2026-10-08 15:22:38
nncl,nncl.grid,grid_20_rmsprop_early_stop_s2027,j14,1,10,1.91673588752747,0.45563006401062,2.6000599861145,0.191673588752747,47.6621823310852,STATISVM7,12,12,1,2026-10-08 15:22:38
nncl,nncl.grid,grid_20_rmsprop_early_stop_s2027,j15,1,10,1.79463195800781,0.444380044937134,2.46399617195129,0.179463195800781,47.6621823310852,STATISVM7,12,12,1,2026-10-08 15:22:38
nncl,nncl.grid,grid_20_rmsprop_early_stop_s2027,j16,1,10,1.86167311668396,0.479794979095459,2.53793406486511,0.186167311668396,47.6621823310852,STATISVM7,12,12,1,2026-10-08 15:22:38
nncl,nncl.grid,grid_20_rmsprop_early_stop_s2027,j17,1,10,1.80307197570801,0.478590965270996,2.49535083770752,0.180307197570801,47.6621823310852,STATISVM7,12,12,1,2026-10-08 15:22:38
nncl,nncl.grid,grid_20_rmsprop_early_stop_s2027,j18,1,10,1.89635396003723,0.442257165908814,2.53220105171204,0.189635396003723,47.6621823310852,STATISVM7,12,12,1,2026-10-08 15:22:38
nncl,nncl.grid,grid_20_rmsprop_early_stop_s2027,j19,1,10,1.61777210235596,0.448410987854004,2.22861504554749,0.161777210235596,47.6621823310852,STATISVM7,12,12,1,2026-10-08 15:22:38
nncl,nncl.grid,grid_20_rmsprop_paper_s2026,j1,1,5,1.29413199424744,0.811169862747192,2.33526492118835,0.258826398849487,38.365834236145,STATISVM7,12,12,1,2026-10-08 15:19:22
nncl,nncl.grid,grid_20_rmsprop_paper_s2026,j2,1,5,1.38454699516296,0.511553049087524,2.17073893547058,0.276909399032593,38.365834236145,STATISVM7,12,12,1,2026-10-08 15:19:22
nncl,nncl.grid,grid_20_rmsprop_paper_s2026,j3,1,5,1.49722290039063,0.456488132476807,2.20471405982971,0.299444580078125,38.365834236145,STATISVM7,12,12,1,2026-10-08 15:19:22
nncl,nncl.grid,grid_20_rmsprop_paper_s2026,j4,1,5,1.52404499053955,0.457903146743774,2.24622416496277,0.30480899810791,38.365834236145,STATISVM7,12,12,1,2026-10-08 15:19:22
nncl,nncl.grid,grid_20_rmsprop_paper_s2026,j5,1,5,1.36878395080566,0.423464059829712,2.03798818588257,0.273756790161133,38.365834236145,STATISVM7,12,12,1,2026-10-08 15:19:22
nncl,nncl.grid,grid_20_rmsprop_paper_s2026,j6,1,5,1.49422693252563,0.435183048248291,2.1626570224762,0.298845386505127,38.365834236145,STATISVM7,12,12,1,2026-10-08 15:19:22
nncl,nncl.grid,grid_20_rmsprop_paper_s2026,j7,1,5,1.32536697387695,0.453680992126465,1.98168897628784,0.265073394775391,38.365834236145,STATISVM7,12,12,1,2026-10-08 15:19:22
nncl,nncl.grid,grid_20_rmsprop_paper_s2026,j8,1,5,1.26813817024231,0.360697031021118,1.86325621604919,0.253627634048462,38.365834236145,STATISVM7,12,12,1,2026-10-08 15:19:22
nncl,nncl.grid,grid_20_rmsprop_paper_s2026,j9,1,5,1.31750202178955,0.402283191680908,1.92805218696594,0.26350040435791,38.365834236145,STATISVM7,12,12,1,2026-10-08 15:19:22
nncl,nncl.grid,grid_20_rmsprop_paper_s2026,j10,1,5,1.1403329372406,0.415257930755615,1.75621390342712,0.22806658744812,38.365834236145,STATISVM7,12,12,1,2026-10-08 15:19:22
nncl,nncl.grid,grid_20_rmsprop_paper_s2026,j11,1,5,1.21098303794861,0.403136014938355,1.8450939655304,0.242196607589722,38.365834236145,STATISVM7,12,12,1,2026-10-08 15:19:22
nncl,nncl.grid,grid_20_rmsprop_paper_s2026,j12,1,5,1.19970321655273,0.421814918518066,1.82185196876526,0.239940643310547,38.365834236145,STATISVM7,12,12,1,2026-10-08 15:19:22
nncl,nncl.grid,grid_20_rmsprop_paper_s2026,j13,1,5,1.3419680595398,0.420974969863892,1.95855402946472,0.268393611907959,38.365834236145,STATISVM7,12,12,1,2026-10-08 15:19:22
nncl,nncl.grid,grid_20_rmsprop_paper_s2026,j14,1,5,1.31948804855347,0.479906797409058,2.08075785636902,0.263897609710693,38.365834236145,STATISVM7,12,12,1,2026-10-08 15:19:22
nncl,nncl.grid,grid_20_rmsprop_paper_s2026,j15,1,5,1.16161704063416,0.502476930618286,1.90495800971985,0.232323408126831,38.365834236145,STATISVM7,12,12,1,2026-10-08 15:19:22
nncl,nncl.grid,grid_20_rmsprop_paper_s2026,j16,1,5,1.36444783210754,0.548876047134399,2.18278002738953,0.272889566421509,38.365834236145,STATISVM7,12,12,1,2026-10-08 15:19:22
nncl,nncl.grid,grid_20_rmsprop_paper_s2026,j17,1,5,1.39222121238709,0.453061819076538,2.05834603309631,0.278444242477417,38.365834236145,STATISVM7,12,12,1,2026-10-08 15:19:22
nncl,nncl.grid,grid_20_rmsprop_paper_s2026,j18,1,5,1.1286199092865,0.453963041305542,1.79987096786499,0.2257239818573,38.365834236145,STATISVM7,12,12,1,2026-10-08 15:19:22
nncl,nncl.grid,grid_20_rmsprop_paper_s2026,j19,1,5,1.34732604026794,0.468496799468994,2.02682280540466,0.269465208053589,38.365834236145,STATISVM7,12,12,1,2026-10-08 15:19:22
nncl,nncl.grid,grid_20_rmsprop_paper_s2027,j1,1,5,1.29885911941528,0.584074020385742,2.13968300819397,0.259771823883057,36.6890807151794,STATISVM7,12,12,1,2026-10-08 15:22:27
nncl,nncl.grid,grid_20_rmsprop_paper_s2027,j2,1,5,1.26719307899475,0.439152956008911,1.92935395240784,0.25343861579895,36.6890807151794,STATISVM7,12,12,1,2026-10-08 15:22:27
nncl,nncl.grid,grid_20_rmsprop_paper_s2027,j3,1,5,1.24469089508057,0.373255968093872,1.82289385795593,0.248938179016113,36.6890807151794,STATISVM7,12,12,1,2026-10-08 15:22:27
nncl,nncl.grid,grid_20_rmsprop_paper_s2027,j4,1,5,1.25754404067993,0.353079080581665,1.8387930393219,0.251508808135986,36.6890807151794,STATISVM7,12,12,1,2026-10-08 15:22:27
nncl,nncl.grid,grid_20_rmsprop_paper_s2027,j5,1,5,1.35196089744568,0.389508962631226,1.93935585021973,0.270392179489136,36.6890807151794,STATISVM7,12,12,1,2026-10-08 15:22:27
nncl,nncl.grid,grid_20_rmsprop_paper_s2027,j6,1,5,1.15488791465759,0.384359121322632,1.73431897163391,0.230977582931519,36.6890807151794,STATISVM7,12,12,1,2026-10-08 15:22:27
nncl,nncl.grid,grid_20_rmsprop_paper_s2027,j7,1,5,1.28909802436829,0.392138004302979,1.90507388114929,0.257819604873657,36.6890807151794,STATISVM7,12,12,1,2026-10-08 15:22:27
nncl,nncl.grid,grid_20_rmsprop_paper_s2027,j8,1,5,1.13117003440857,0.414207935333252,1.7721049785614,0.226234006881714,36.6890807151794,STATISVM7,12,12,1,2026-10-08 15:22:27
nncl,nncl.grid,grid_20_rmsprop_paper_s2027,j9,1,5,1.19925093650818,0.416169166564941,1.81424117088318,0.239850187301636,36.6890807151794,STATISVM7,12,12,1,2026-10-08 15:22:27
nncl,nncl.grid,grid_20_rmsprop_paper_s2027,j10,1,5,1.31385493278503,0.403543949127197,1.93640899658203,0.262770986557007,36.6890807151794,STATISVM7,12,12,1,2026-10-08 15:22:27
nncl,nncl.grid,grid_20_rmsprop_paper_s2027,j11,1,5,1.41255402565002,0.459274768829346,2.07448792457581,0.282510805130005,36.6890807151794,STATISVM7,12,12,1,2026-10-08 15:22:27
nncl,nncl.grid,grid_20_rmsprop_paper_s2027,j12,1,5,1.35579800605774,0.407965898513794,1.97410297393799,0.271159601211548,36.6890807151794,STATISVM7,12,12,1,2026-10-08 15:22:27
nncl,nncl.grid,grid_20_rmsprop_paper_s2027,j13,1,5,1.33189606666565,0.487988948822022,2.01169013977051,0.26637921333313,36.6890807151794,STATISVM7,12,12,1,2026-10-08 15:22:27
nncl,nncl.grid,grid_20_rmsprop_paper_s2027,j14,1,5,1.33011102676392,0.395936012268066,1.93779706954956,0.266022205352783,36.6890807151794,STATISVM7,12,12,1,2026-10-08 15:22:27
nncl,nncl.grid,grid_20_rmsprop_paper_s2027,j15,1,5,1.26808404922485,0.480040073394775,1.94585108757019,0.253616809844971,36.6890807151794,STATISVM7,12,12,1,2026-10-08 15:22:27
nncl,nncl.grid,grid_20_rmsprop_paper_s2027,j16,1,5,1.41085600852966,0.438230991363525,2.0736300945282,0.282171201705933,36.6890807151794,STATISVM7,12,12,1,2026-10-08 15:22:27
nncl,nncl.grid,grid_20_rmsprop_paper_s2027,j17,1,5,1.20710492134094,0.47849702835083,1.90997886657715,0.241420984268189,36.6890807151794,STATISVM7,12,12,1,2026-10-08 15:22:27
nncl,nncl.grid,grid_20_rmsprop_paper_s2027,j18,1,5,1.28286409378052,0.495414972305298,1.99474191665649,0.256572818756104,36.6890807151794,STATISVM7,12,12,1,2026-10-08 15:22:27
nncl,nncl.grid,grid_20_rmsprop_paper_s2027,j19,1,5,1.25858807563782,0.470698833465576,1.93457293510437,0.251717615127564,36.6890807151794,STATISVM7,12,12,1,2026-10-08 15:22:27
nncl,nncl.grid,grid_20_sgd_early_stop_s2026,j1,1,10,1.68618202209473,0.600171089172363,2.53039121627808,0.168618202209473,41.0716094970703,STATISVM7,12,12,1,2026-10-08 15:22:32
nncl,nncl.grid,grid_20_sgd_early_stop_s2026,j2,1,10,1.59140014648438,0.377342939376831,2.1673789024353,0.159140014648438,41.0716094970703,STATISVM7,12,12,1,2026-10-08 15:22:32
nncl,nncl.grid,grid_20_sgd_early_stop_s2026,j3,1,10,1.50612783432007,0.377074003219605,2.08917093276978,0.150612783432007,41.0716094970703,STATISVM7,12,12,1,2026-10-08 15:22:32
nncl,nncl.grid,grid_20_sgd_early_stop_s2026,j4,1,10,1.53916597366333,0.422865152359009,2.16637897491455,0.153916597366333,41.0716094970703,STATISVM7,12,12,1,2026-10-08 15:22:32
nncl,nncl.grid,grid_20_sgd_early_stop_s2026,j5,1,10,1.43934488296509,0.368268966674805,2.00758600234985,0.143934488296509,41.0716094970703,STATISVM7,12,12,1,2026-10-08 15:22:32
nncl,nncl.grid,grid_20_sgd_early_stop_s2026,j6,1,10,1.48588013648987,0.364177942276001,2.06329703330994,0.148588013648987,41.0716094970703,STATISVM7,12,12,1,2026-10-08 15:22:32
nncl,nncl.grid,grid_20_sgd_early_stop_s2026,j7,1,10,1.47604203224182,0.392685890197754,2.08381295204163,0.147604203224182,41.0716094970703,STATISVM7,12,12,1,2026-10-08 15:22:32
nncl,nncl.grid,grid_20_sgd_early_stop_s2026,j8,1,10,1.54035115242004,0.403234004974365,2.17024803161621,0.154035115242004,41.0716094970703,STATISVM7,12,12,1,2026-10-08 15:22:32
nncl,nncl.grid,grid_20_sgd_early_stop_s2026,j9,1,10,1.69772410392761,0.462709903717041,2.33527588844299,0.169772410392761,41.0716094970703,STATISVM7,12,12,1,2026-10-08 15:22:32
nncl,nncl.grid,grid_20_sgd_early_stop_s2026,j10,1,10,1.70975399017334,0.389544010162354,2.36776399612427,0.170975399017334,41.0716094970703,STATISVM7,12,12,1,2026-10-08 15:22:32
nncl,nncl.grid,grid_20_sgd_early_stop_s2026,j11,1,10,1.54457807540894,0.453811883926392,2.2225649356842,0.154457807540894,41.0716094970703,STATISVM7,12,12,1,2026-10-08 15:22:32
nncl,nncl.grid,grid_20_sgd_early_stop_s2026,j12,1,10,1.65567994117737,0.389884948730469,2.26502990722656,0.165567994117737,41.0716094970703,STATISVM7,12,12,1,2026-10-08 15:22:32
nncl,nncl.grid,grid_20_sgd_early_stop_s2026,j13,1,10,1.54114890098572,0.405577182769775,2.17191410064697,0.154114890098572,41.0716094970703,STATISVM7,12,12,1,2026-10-08 15:22:32
nncl,nncl.grid,grid_20_sgd_early_stop_s2026,j14,1,10,1.82592105865479,0.392138957977295,2.44001698493958,0.182592105865479,41.0716094970703,STATISVM7,12,12,1,2026-10-08 15:22:32
nncl,nncl.grid,grid_20_sgd_early_stop_s2026,j15,1,10,1.65394020080566,0.366562843322754,2.25735688209534,0.165394020080566,41.0716094970703,STATISVM7,12,12,1,2026-10-08 15:22:32
nncl,nncl.grid,grid_20_sgd_early_stop_s2026,j16,1,10,1.56569600105286,0.410794019699097,2.24742388725281,0.156569600105286,41.0716094970703,STATISVM7,12,12,1,2026-10-08 15:22:32
nncl,nncl.grid,grid_20_sgd_early_stop_s2026,j17,1,10,1.48606991767883,0.404266119003296,2.1115460395813,0.148606991767883,41.0716094970703,STATISVM7,12,12,1,2026-10-08 15:22:32
nncl,nncl.grid,grid_20_sgd_early_stop_s2026,j18,1,3,0.673516988754273,0.439742088317871,1.3115439414978,0.224505662918091,41.0716094970703,STATISVM7,12,12,1,2026-10-08 15:22:32
nncl,nncl.grid,grid_20_sgd_early_stop_s2026,j19,1,10,1.4321129322052,0.411593914031982,2.06290888786316,0.14321129322052,41.0716094970703,STATISVM7,12,12,1,2026-10-08 15:22:32
nncl,nncl.grid,grid_20_sgd_early_stop_s2027,j1,1,10,1.69066405296326,0.523184061050415,2.43906092643738,0.169066405296326,40.8644318580627,STATISVM7,12,12,1,2026-10-08 15:22:51
nncl,nncl.grid,grid_20_sgd_early_stop_s2027,j2,1,10,1.71024012565613,0.408926010131836,2.32007002830505,0.171024012565613,40.8644318580627,STATISVM7,12,12,1,2026-10-08 15:22:51
nncl,nncl.grid,grid_20_sgd_early_stop_s2027,j3,1,10,1.54070401191711,0.348729848861694,2.17636299133301,0.154070401191711,40.8644318580627,STATISVM7,12,12,1,2026-10-08 15:22:51
nncl,nncl.grid,grid_20_sgd_early_stop_s2027,j4,1,10,1.48668003082275,0.401810169219971,2.10600519180298,0.148668003082275,40.8644318580627,STATISVM7,12,12,1,2026-10-08 15:22:51
nncl,nncl.grid,grid_20_sgd_early_stop_s2027,j5,1,10,1.72821116447449,0.365515947341919,2.33121395111084,0.172821116447449,40.8644318580627,STATISVM7,12,12,1,2026-10-08 15:22:51
nncl,nncl.grid,grid_20_sgd_early_stop_s2027,j6,1,10,1.74356389045715,0.372648000717163,2.36679291725159,0.174356389045715,40.8644318580627,STATISVM7,12,12,1,2026-10-08 15:22:51
nncl,nncl.grid,grid_20_sgd_early_stop_s2027,j7,1,10,1.61142611503601,0.375885009765625,2.22380113601685,0.161142611503601,40.8644318580627,STATISVM7,12,12,1,2026-10-08 15:22:51
nncl,nncl.grid,grid_20_sgd_early_stop_s2027,j8,1,10,1.76381516456604,0.371205806732178,2.36105585098267,0.176381516456604,40.8644318580627,STATISVM7,12,12,1,2026-10-08 15:22:51
nncl,nncl.grid,grid_20_sgd_early_stop_s2027,j9,1,10,1.600341796875,0.412244081497192,2.24245500564575,0.1600341796875,40.8644318580627,STATISVM7,12,12,1,2026-10-08 15:22:51
nncl,nncl.grid,grid_20_sgd_early_stop_s2027,j10,1,10,1.38405013084412,0.392793893814087,1.97221493721008,0.138405013084412,40.8644318580627,STATISVM7,12,12,1,2026-10-08 15:22:51
nncl,nncl.grid,grid_20_sgd_early_stop_s2027,j11,1,10,1.55476999282837,0.366721153259277,2.1993191242218,0.155476999282837,40.8644318580627,STATISVM7,12,12,1,2026-10-08 15:22:51
nncl,nncl.grid,grid_20_sgd_early_stop_s2027,j12,1,10,1.44022679328918,0.401859998703003,2.04474186897278,0.144022679328918,40.8644318580627,STATISVM7,12,12,1,2026-10-08 15:22:51
nncl,nncl.grid,grid_20_sgd_early_stop_s2027,j13,1,10,1.3996000289917,0.370216846466064,2.00282192230225,0.13996000289917,40.8644318580627,STATISVM7,12,12,1,2026-10-08 15:22:51
nncl,nncl.grid,grid_20_sgd_early_stop_s2027,j14,1,10,1.4281861782074,0.37638783454895,2.03295993804932,0.14281861782074,40.8644318580627,STATISVM7,12,12,1,2026-10-08 15:22:51
nncl,nncl.grid,grid_20_sgd_early_stop_s2027,j15,1,10,1.4804699420929,0.409823179244995,2.10063815116882,0.14804699420929,40.8644318580627,STATISVM7,12,12,1,2026-10-08 15:22:51
nncl,nncl.grid,grid_20_sgd_early_stop_s2027,j16,1,10,1.52764010429382,0.406563997268677,2.12820196151733,0.152764010429382,40.8644318580627,STATISVM7,12,12,1,2026-10-08 15:22:51
nncl,nncl.grid,grid_20_sgd_early_stop_s2027,j17,1,10,1.46697688102722,0.398398160934448,2.08926105499268,0.146697688102722,40.8644318580627,STATISVM7,12,12,1,2026-10-08 15:22:51
nncl,nncl.grid,grid_20_sgd_early_stop_s2027,j18,1,3,0.792922019958496,0.424304962158203,1.48163795471191,0.264307339986165,40.8644318580627,STATISVM7,12,12,1,2026-10-08 15:22:51
nncl,nncl.grid,grid_20_sgd_early_stop_s2027,j19,1,10,1.55346298217773,0.45132303237915,2.24581694602966,0.155346298217773,40.8644318580627,STATISVM7,12,12,1,2026-10-08 15:22:51
nncl,nncl.grid,grid_20_sgd_paper_s2026,j1,1,5,1.08347415924072,0.566380023956299,1.86813306808472,0.216694831848145,30.5570032596588,STATISVM7,12,12,1,2026-10-08 15:22:10
nncl,nncl.grid,grid_20_sgd_paper_s2026,j2,1,5,1.03762912750244,0.436838865280151,1.69298887252808,0.207525825500488,30.5570032596588,STATISVM7,12,12,1,2026-10-08 15:22:10
nncl,nncl.grid,grid_20_sgd_paper_s2026,j3,1,5,0.946393013000488,0.392318964004517,1.56500816345215,0.189278602600098,30.5570032596588,STATISVM7,12,12,1,2026-10-08 15:22:10
nncl,nncl.grid,grid_20_sgd_paper_s2026,j4,1,5,0.876206874847412,0.349452018737793,1.42635107040405,0.175241374969482,30.5570032596588,STATISVM7,12,12,1,2026-10-08 15:22:10
nncl,nncl.grid,grid_20_sgd_paper_s2026,j5,1,5,1.17553400993347,0.343151092529297,1.74094414710999,0.235106801986694,30.5570032596588,STATISVM7,12,12,1,2026-10-08 15:22:10
nncl,nncl.grid,grid_20_sgd_paper_s2026,j6,1,5,0.937678098678589,0.401170015335083,1.54911804199219,0.187535619735718,30.5570032596588,STATISVM7,12,12,1,2026-10-08 15:22:10
nncl,nncl.grid,grid_20_sgd_paper_s2026,j7,1,5,0.96321702003479,0.392565965652466,1.59325695037842,0.192643404006958,30.5570032596588,STATISVM7,12,12,1,2026-10-08 15:22:10
nncl,nncl.grid,grid_20_sgd_paper_s2026,j8,1,5,1.049880027771,0.384330034255981,1.66127300262451,0.209976005554199,30.5570032596588,STATISVM7,12,12,1,2026-10-08 15:22:10
nncl,nncl.grid,grid_20_sgd_paper_s2026,j9,1,5,1.01589798927307,0.402760028839111,1.67036700248718,0.203179597854614,30.5570032596588,STATISVM7,12,12,1,2026-10-08 15:22:10
nncl,nncl.grid,grid_20_sgd_paper_s2026,j10,1,5,0.988286018371582,0.42655611038208,1.62236595153809,0.197657203674316,30.5570032596588,STATISVM7,12,12,1,2026-10-08 15:22:10
nncl,nncl.grid,grid_20_sgd_paper_s2026,j11,1,5,0.908009052276611,0.367012977600098,1.51723504066467,0.181601810455322,30.5570032596588,STATISVM7,12,12,1,2026-10-08 15:22:10
nncl,nncl.grid,grid_20_sgd_paper_s2026,j12,1,5,1.05050706863403,0.390392065048218,1.65331697463989,0.210101413726807,30.5570032596588,STATISVM7,12,12,1,2026-10-08 15:22:10
nncl,nncl.grid,grid_20_sgd_paper_s2026,j13,1,5,0.89704704284668,0.400716066360474,1.50472712516785,0.179409408569336,30.5570032596588,STATISVM7,12,12,1,2026-10-08 15:22:10
nncl,nncl.grid,grid_20_sgd_paper_s2026,j14,1,5,0.938426971435547,0.38798189163208,1.53768396377563,0.187685394287109,30.5570032596588,STATISVM7,12,12,1,2026-10-08 15:22:10
nncl,nncl.grid,grid_20_sgd_paper_s2026,j15,1,5,0.967442989349365,0.448691129684448,1.61611700057983,0.193488597869873,30.5570032596588,STATISVM7,12,12,1,2026-10-08 15:22:10
nncl,nncl.grid,grid_20_sgd_paper_s2026,j16,1,5,0.979429960250854,0.420405149459839,1.60066795349121,0.195885992050171,30.5570032596588,STATISVM7,12,12,1,2026-10-08 15:22:10
nncl,nncl.grid,grid_20_sgd_paper_s2026,j17,1,5,0.849143981933594,0.395618915557861,1.44354200363159,0.169828796386719,30.5570032596588,STATISVM7,12,12,1,2026-10-08 15:22:10
nncl,nncl.grid,grid_20_sgd_paper_s2026,j18,1,5,0.950743913650513,0.391345024108887,1.58159303665161,0.190148782730103,30.5570032596588,STATISVM7,12,12,1,2026-10-08 15:22:10
nncl,nncl.grid,grid_20_sgd_paper_s2026,j19,1,5,0.984680891036987,0.486176013946533,1.71231389045715,0.196936178207397,30.5570032596588,STATISVM7,12,12,1,2026-10-08 15:22:10
nncl,nncl.grid,grid_20_sgd_paper_s2027,j1,1,5,0.921761035919189,0.538589954376221,1.67322897911072,0.184352207183838,30.6569094657898,STATISVM7,12,12,1,2026-10-08 15:22:36
nncl,nncl.grid,grid_20_sgd_paper_s2027,j2,1,5,1.00922703742981,0.383219957351685,1.60846614837646,0.201845407485962,30.6569094657898,STATISVM7,12,12,1,2026-10-08 15:22:36
nncl,nncl.grid,grid_20_sgd_paper_s2027,j3,1,5,1.16196322441101,0.400239944458008,1.77202916145325,0.232392644882202,30.6569094657898,STATISVM7,12,12,1,2026-10-08 15:22:36
nncl,nncl.grid,grid_20_sgd_paper_s2027,j4,1,5,1.01997804641724,0.483230113983154,1.82633709907532,0.203995609283447,30.6569094657898,STATISVM7,12,12,1,2026-10-08 15:22:36
nncl,nncl.grid,grid_20_sgd_paper_s2027,j5,1,5,1.03461790084839,0.376872062683105,1.66348195075989,0.206923580169678,30.6569094657898,STATISVM7,12,12,1,2026-10-08 15:22:36
nncl,nncl.grid,grid_20_sgd_paper_s2027,j6,1,5,0.888174772262573,0.372531175613403,1.48538994789124,0.177634954452515,30.6569094657898,STATISVM7,12,12,1,2026-10-08 15:22:36
nncl,nncl.grid,grid_20_sgd_paper_s2027,j7,1,5,0.957916021347046,0.37598991394043,1.54975390434265,0.191583204269409,30.6569094657898,STATISVM7,12,12,1,2026-10-08 15:22:36
nncl,nncl.grid,grid_20_sgd_paper_s2027,j8,1,5,0.930552005767822,0.398069143295288,1.55232501029968,0.186110401153564,30.6569094657898,STATISVM7,12,12,1,2026-10-08 15:22:36
nncl,nncl.grid,grid_20_sgd_paper_s2027,j9,1,5,0.990869045257568,0.387472152709961,1.59577608108521,0.198173809051514,30.6569094657898,STATISVM7,12,12,1,2026-10-08 15:22:36
nncl,nncl.grid,grid_20_sgd_paper_s2027,j10,1,5,1.03217101097107,0.411868095397949,1.6518440246582,0.206434202194214,30.6569094657898,STATISVM7,12,12,1,2026-10-08 15:22:36
nncl,nncl.grid,grid_20_sgd_paper_s2027,j11,1,5,1.05976104736328,0.35862398147583,1.63573694229126,0.211952209472656,30.6569094657898,STATISVM7,12,12,1,2026-10-08 15:22:36
nncl,nncl.grid,grid_20_sgd_paper_s2027,j12,1,5,1.02448582649231,0.430354118347168,1.68169403076172,0.204897165298462,30.6569094657898,STATISVM7,12,12,1,2026-10-08 15:22:36
nncl,nncl.grid,grid_20_sgd_paper_s2027,j13,1,5,0.972801208496094,0.403317928314209,1.58847308158875,0.194560241699219,30.6569094657898,STATISVM7,12,12,1,2026-10-08 15:22:36
nncl,nncl.grid,grid_20_sgd_paper_s2027,j14,1,5,1.10440802574158,0.408245086669922,1.71981811523438,0.220881605148315,30.6569094657898,STATISVM7,12,12,1,2026-10-08 15:22:36
nncl,nncl.grid,grid_20_sgd_paper_s2027,j15,1,5,0.954672813415527,0.404749155044556,1.56076407432556,0.190934562683105,30.6569094657898,STATISVM7,12,12,1,2026-10-08 15:22:36
nncl,nncl.grid,grid_20_sgd_paper_s2027,j16,1,5,0.905933856964111,0.455501079559326,1.55009508132935,0.181186771392822,30.6569094657898,STATISVM7,12,12,1,2026-10-08 15:22:36
nncl,nncl.grid,grid_20_sgd_paper_s2027,j17,1,5,0.870238065719605,0.396765947341919,1.49877095222473,0.174047613143921,30.6569094657898,STATISVM7,12,12,1,2026-10-08 15:22:36
nncl,nncl.grid,grid_20_sgd_paper_s2027,j18,1,5,0.956029891967773,0.395514011383057,1.56042289733887,0.191205978393555,30.6569094657898,STATISVM7,12,12,1,2026-10-08 15:22:36
nncl,nncl.grid,grid_20_sgd_paper_s2027,j19,1,5,0.836053848266602,0.445465087890625,1.48250198364258,0.16721076965332,30.6569094657898,STATISVM7,12,12,1,2026-10-08 15:22:36
nncl,nncl.main,paper_q10,j1,1,5,1.22418737411499,0.684165000915527,2.06186890602112,0.244837474822998,34.4112553596497,vm,4,4,1,2026-10-08 11:56:28
nncl,nncl.main,paper_q10,j2,1,5,0.920564889907837,0.291743516921997,1.42504334449768,0.184112977981567,34.4112553596497,vm,4,4,1,2026-10-08 11:56:28
nncl,nncl.main,paper_q10,j3,1,5,1.34357929229736,0.398712635040283,1.95715951919556,0.268715858459473,34.4112553596497,vm,4,4,1,2026-10-08 11:56:28
nncl,nncl.main,paper_q10,j4,1,5,1.31947565078735,0.419453144073486,1.95348405838013,0.263895130157471,34.4112553596497,vm,4,4,1,2026-10-08 11:56:28
nncl,nncl.main,paper_q10,j5,1,5,1.07557392120361,0.375475168228149,1.61796236038208,0.215114784240723,34.4112553596497,vm,4,4,1,2026-10-08 11:56:28
nncl,nncl.main,paper_q10,j6,1,5,1.17184066772461,0.35710072517395,1.71396517753601,0.234368133544922,34.4112553596497,vm,4,4,1,2026-10-08 11:56:28
nncl,nncl.main,paper_q10,j7,1,5,1.11413669586182,0.375091075897217,1.68736100196838,0.222827339172363,34.4112553596497,vm,4,4,1,2026-10-08 11:56:28
nncl,nncl.main,paper_q10,j8,1,5,1.24123692512512,0.386445045471191,1.94758057594299,0.248247385025024,34.4112553596497,vm,4,4,1,2026-10-08 11:56:28
nncl,nncl.main,paper_q10,j9,1,5,1.28313755989075,0.375857830047607,1.86951518058777,0.256627511978149,34.4112553596497,vm,4,4,1,2026-10-08 11:56:28
nncl,nncl.main,paper_q10,j10,1,5,1.20141005516052,0.3651123046875,1.78175091743469,0.240282011032105,34.4112553596497,vm,4,4,1,2026-10-08 11:56:28
nncl,nncl.main,paper_q10,j11,1,5,1.09630107879639,0.417082071304321,1.72723889350891,0.219260215759277,34.4112553596497,vm,4,4,1,2026-10-08 11:56:28
nncl,nncl.main,paper_q10,j12,1,5,1.10536670684814,0.376850128173828,1.67887949943542,0.221073341369629,34.4112553596497,vm,4,4,1,2026-10-08 11:56:28
nncl,nncl.main,paper_q10,j13,1,5,1.24073243141174,0.406758069992065,2.01201248168945,0.248146486282349,34.4112553596497,vm,4,4,1,2026-10-08 11:56:28
nncl,nncl.main,paper_q10,j14,1,5,1.15874314308167,0.449427604675293,1.79979634284973,0.231748628616333,34.4112553596497,vm,4,4,1,2026-10-08 11:56:28
nncl,nncl.main,paper_q10,j15,1,5,1.13724303245544,0.39618182182312,1.72245264053345,0.227448606491089,34.4112553596497,vm,4,4,1,2026-10-08 11:56:28
nncl,nncl.main,paper_q10,j16,1,5,1.11749649047852,0.440592527389526,1.80647540092468,0.223499298095703,34.4112553596497,vm,4,4,1,2026-10-08 11:56:28
nncl,nncl.main,paper_q10,j17,1,5,1.21694564819336,0.438026666641235,1.87478542327881,0.243389129638672,34.4112553596497,vm,4,4,1,2026-10-08 11:56:28
nncl,nncl.main,paper_q10,j18,1,5,1.15188789367676,0.442835330963135,1.83223581314087,0.230377578735352,34.4112553596497,vm,4,4,1,2026-10-08 11:56:28
nncl,nncl.main,paper_q10,j19,1,5,1.27225422859192,0.436116218566895,1.94168782234192,0.254450845718384,34.4112553596497,vm,4,4,1,2026-10-08 11:56:28
nncl,nncl.main,paper_q20,j1,1,5,1.79830598831177,0.503695964813232,2.46841740608215,0.359661197662354,35.3954448699951,vm,4,4,1,2026-10-08 11:56:35
nncl,nncl.main,paper_q20,j2,1,5,1.03787851333618,0.328529834747314,1.53621697425842,0.207575702667236,35.3954448699951,vm,4,4,1,2026-10-08 11:56:35
nncl,nncl.main,paper_q20,j3,1,5,1.08708834648132,0.322996854782105,1.60830760002136,0.217417669296265,35.3954448699951,vm,4,4,1,2026-10-08 11:56:35
nncl,nncl.main,paper_q20,j4,1,5,1.17624521255493,0.333984375,1.74673438072205,0.235249042510986,35.3954448699951,vm,4,4,1,2026-10-08 11:56:35
nncl,nncl.main,paper_q20,j5,1,5,1.24080395698547,0.37498927116394,1.82022476196289,0.248160791397095,35.3954448699951,vm,4,4,1,2026-10-08 11:56:35
nncl,nncl.main,paper_q20,j6,1,5,1.02455520629883,0.413353204727173,1.59804797172546,0.204911041259766,35.3954448699951,vm,4,4,1,2026-10-08 11:56:35
nncl,nncl.main,paper_q20,j7,1,5,1.10093235969543,0.358185768127441,1.61182808876038,0.220186471939087,35.3954448699951,vm,4,4,1,2026-10-08 11:56:35
nncl,nncl.main,paper_q20,j8,1,5,1.10365056991577,0.34394359588623,1.68068599700928,0.220730113983154,35.3954448699951,vm,4,4,1,2026-10-08 11:56:35
nncl,nncl.main,paper_q20,j9,1,5,1.24473094940186,0.344233512878418,1.80170559883118,0.248946189880371,35.3954448699951,vm,4,4,1,2026-10-08 11:56:35
nncl,nncl.main,paper_q20,j10,1,5,1.30455350875855,0.423134565353394,2.06302618980408,0.260910701751709,35.3954448699951,vm,4,4,1,2026-10-08 11:56:35
nncl,nncl.main,paper_q20,j11,1,5,1.33949780464172,0.43820071220398,2.01456356048584,0.267899560928345,35.3954448699951,vm,4,4,1,2026-10-08 11:56:35
nncl,nncl.main,paper_q20,j12,1,5,1.36532640457153,0.380200862884522,1.97324872016907,0.273065280914307,35.3954448699951,vm,4,4,1,2026-10-08 11:56:35
nncl,nncl.main,paper_q20,j13,1,5,1.53604865074158,0.415623903274536,2.15027666091919,0.307209730148315,35.3954448699951,vm,4,4,1,2026-10-08 11:56:35
nncl,nncl.main,paper_q20,j14,1,5,1.2882251739502,0.413530111312866,1.93018531799316,0.257645034790039,35.3954448699951,vm,4,4,1,2026-10-08 11:56:35
nncl,nncl.main,paper_q20,j15,1,5,1.33445000648499,0.413735628128052,1.95759654045105,0.266890001296997,35.3954448699951,vm,4,4,1,2026-10-08 11:56:35
nncl,nncl.main,paper_q20,j16,1,5,1.18855261802673,0.465688467025757,1.90257930755615,0.237710523605347,35.3954448699951,vm,4,4,1,2026-10-08 11:56:35
nncl,nncl.main,paper_q20,j17,1,5,1.30152416229248,0.505159139633179,2.01129031181335,0.260304832458496,35.3954448699951,vm,4,4,1,2026-10-08 11:56:35
nncl,nncl.main,paper_q20,j18,1,5,1.07600355148315,0.483086585998535,1.76905250549316,0.215200710296631,35.3954448699951,vm,4,4,1,2026-10-08 11:56:35
nncl,nncl.main,paper_q20,j19,1,5,1.2155659198761,0.366970062255859,1.75145697593689,0.24311318397522,35.3954448699951,vm,4,4,1,2026-10-08 11:56:35
nncl,nncl.main,paper_q5,j1,1,5,1.05604600906372,0.447779417037964,1.70256662368774,0.211209201812744,35.0642201900482,vm,4,4,1,2026-10-08 11:56:25
nncl,nncl.main,paper_q5,j2,1,5,1.21966218948364,0.365397691726685,1.76554751396179,0.243932437896729,35.0642201900482,vm,4,4,1,2026-10-08 11:56:25
nncl,nncl.main,paper_q5,j3,1,5,1.32362222671509,0.318995714187622,1.83541631698608,0.264724445343018,35.0642201900482,vm,4,4,1,2026-10-08 11:56:25
nncl,nncl.main,paper_q5,j4,1,5,1.04123902320862,0.316697120666504,1.57512545585632,0.208247804641724,35.0642201900482,vm,4,4,1,2026-10-08 11:56:25
nncl,nncl.main,paper_q5,j5,1,5,1.32140803337097,0.341729640960693,1.83096075057983,0.264281606674194,35.0642201900482,vm,4,4,1,2026-10-08 11:56:25
nncl,nncl.main,paper_q5,j6,1,5,1.31867170333862,0.495964527130127,2.02655458450317,0.263734340667725,35.0642201900482,vm,4,4,1,2026-10-08 11:56:25
nncl,nncl.main,paper_q5,j7,1,5,1.46654558181763,0.397022008895874,2.04731726646423,0.293309116363525,35.0642201900482,vm,4,4,1,2026-10-08 11:56:25
nncl,nncl.main,paper_q5,j8,1,5,1.31248259544373,0.350561618804932,1.86377024650574,0.262496519088745,35.0642201900482,vm,4,4,1,2026-10-08 11:56:25
nncl,nncl.main,paper_q5,j9,1,5,1.26009082794189,0.373031139373779,1.86554551124573,0.252018165588379,35.0642201900482,vm,4,4,1,2026-10-08 11:56:25
nncl,nncl.main,paper_q5,j10,1,5,1.18052005767822,0.501412868499756,1.90146374702454,0.236104011535645,35.0642201900482,vm,4,4,1,2026-10-08 11:56:25
nncl,nncl.main,paper_q5,j11,1,5,1.15796804428101,0.364660739898682,1.77637529373169,0.231593608856201,35.0642201900482,vm,4,4,1,2026-10-08 11:56:25
nncl,nncl.main,paper_q5,j12,1,5,1.05352640151978,0.34467077255249,1.58143210411072,0.210705280303955,35.0642201900482,vm,4,4,1,2026-10-08 11:56:25
nncl,nncl.main,paper_q5,j13,1,5,1.07217454910278,0.410580158233643,1.67722177505493,0.214434909820557,35.0642201900482,vm,4,4,1,2026-10-08 11:56:25
nncl,nncl.main,paper_q5,j14,1,5,1.52855110168457,0.385261535644531,2.14709568023682,0.305710220336914,35.0642201900482,vm,4,4,1,2026-10-08 11:56:25
nncl,nncl.main,paper_q5,j15,1,5,1.44501209259033,0.425569534301758,2.18877744674683,0.289002418518066,35.0642201900482,vm,4,4,1,2026-10-08 11:56:25
nncl,nncl.main,paper_q5,j16,1,5,1.08660674095154,0.401145458221436,1.67659997940063,0.217321348190308,35.0642201900482,vm,4,4,1,2026-10-08 11:56:25
nncl,nncl.main,paper_q5,j17,1,5,1.1755907535553,0.437304735183716,1.84940505027771,0.23511815071106,35.0642201900482,vm,4,4,1,2026-10-08 11:56:25
nncl,nncl.main,paper_q5,j18,1,5,1.23687767982483,0.428537130355835,1.84597992897034,0.247375535964966,35.0642201900482,vm,4,4,1,2026-10-08 11:56:25
nncl,nncl.main,paper_q5,j19,1,5,1.27340006828308,0.424391984939575,1.90706491470337,0.254680013656616,35.0642201900482,vm,4,4,1,2026-10-08 11:56:25
nncl,nncl.main,s1_adam,j1,1,5,1.28194522857666,0.507521390914917,1.97923588752747,0.256389045715332,37.209344625473,vm,4,4,1,2026-10-08 11:56:41
nncl,nncl.main,s1_adam,j2,1,5,1.44535756111145,0.344494581222534,1.98733472824097,0.28907151222229,37.209344625473,vm,4,4,1,2026-10-08 11:56:41
nncl,nncl.main,s1_adam,j3,1,5,1.40485191345215,0.371640682220459,1.94668555259705,0.28097038269043,37.209344625473,vm,4,4,1,2026-10-08 11:56:41
nncl,nncl.main,s1_adam,j4,1,5,1.29615640640259,0.311912298202515,1.81342816352844,0.259231281280518,37.209344625473,vm,4,4,1,2026-10-08 11:56:41
nncl,nncl.main,s1_adam,j5,1,5,1.38399028778076,0.307292938232422,1.91236257553101,0.276798057556152,37.209344625473,vm,4,4,1,2026-10-08 11:56:41
nncl,nncl.main,s1_adam,j6,1,5,1.3631591796875,0.366624116897583,1.98716759681702,0.2726318359375,37.209344625473,vm,4,4,1,2026-10-08 11:56:41
nncl,nncl.main,s1_adam,j7,1,5,1.50350451469421,0.430537939071655,2.14819765090942,0.300700902938843,37.209344625473,vm,4,4,1,2026-10-08 11:56:41
nncl,nncl.main,s1_adam,j8,1,5,1.38934659957886,0.408799171447754,1.99374079704285,0.277869319915772,37.209344625473,vm,4,4,1,2026-10-08 11:56:41
nncl,nncl.main,s1_adam,j9,1,5,1.34828567504883,0.381390810012817,1.93024253845215,0.269657135009766,37.209344625473,vm,4,4,1,2026-10-08 11:56:41
nncl,nncl.main,s1_adam,j10,1,5,1.25554442405701,0.41564416885376,1.90554428100586,0.251108884811401,37.209344625473,vm,4,4,1,2026-10-08 11:56:41
nncl,nncl.main,s1_adam,j11,1,5,1.47299551963806,0.393691778182983,2.05393147468567,0.294599103927612,37.209344625473,vm,4,4,1,2026-10-08 11:56:41
nncl,nncl.main,s1_adam,j12,1,5,1.37776327133179,0.399112224578857,1.99214434623718,0.275552654266357,37.209344625473,vm,4,4,1,2026-10-08 11:56:41
nncl,nncl.main,s1_adam,j13,1,5,1.64461708068848,0.435118913650513,2.3116672039032,0.328923416137695,37.209344625473,vm,4,4,1,2026-10-08 11:56:41
nncl,nncl.main,s1_adam,j14,1,5,1.3456814289093,0.448844194412231,2.00511431694031,0.26913628578186,37.209344625473,vm,4,4,1,2026-10-08 11:56:41
nncl,nncl.main,s1_adam,j15,1,5,1.26179528236389,0.415995359420776,1.90350532531738,0.252359056472778,37.209344625473,vm,4,4,1,2026-10-08 11:56:41
nncl,nncl.main,s1_adam,j16,1,5,1.03884053230286,0.437596321105957,1.65174579620361,0.207768106460571,37.209344625473,vm,4,4,1,2026-10-08 11:56:41
nncl,nncl.main,s1_adam,j17,1,5,1.31611442565918,0.398401021957397,1.89562654495239,0.263222885131836,37.209344625473,vm,4,4,1,2026-10-08 11:56:41
nncl,nncl.main,s1_adam,j18,1,5,1.13255214691162,0.388354301452637,1.69822239875793,0.226510429382324,37.209344625473,vm,4,4,1,2026-10-08 11:56:41
nncl,nncl.main,s1_adam,j19,1,5,1.45974206924438,0.397232532501221,2.09344744682312,0.291948413848877,37.209344625473,vm,4,4,1,2026-10-08 11:56:41
nncl,nncl.main,s2_early_stop,j1,1,10,2.01452732086182,0.429721832275391,2.69025349617004,0.201452732086182,49.8282873630524,vm,4,4,1,2026-10-08 11:57:15
nncl,nncl.main,s2_early_stop,j2,1,10,2.0927791595459,0.424083471298218,2.82207226753235,0.20927791595459,49.8282873630524,vm,4,4,1,2026-10-08 11:57:15
nncl,nncl.main,s2_early_stop,j3,1,10,1.84676909446716,0.50386381149292,2.57727599143982,0.184676909446716,49.8282873630524,vm,4,4,1,2026-10-08 11:57:15
nncl,nncl.main,s2_early_stop,j4,1,10,1.6678454875946,0.419100522994995,2.26134943962097,0.16678454875946,49.8282873630524,vm,4,4,1,2026-10-08 11:57:15
nncl,nncl.main,s2_early_stop,j5,1,10,1.86665105819702,0.397454500198364,2.42921376228333,0.186665105819702,49.8282873630524,vm,4,4,1,2026-10-08 11:57:15
nncl,nncl.main,s2_early_stop,j6,1,10,1.94971251487732,0.431249856948853,2.56557416915894,0.194971251487732,49.8282873630524,vm,4,4,1,2026-10-08 11:57:15
nncl,nncl.main,s2_early_stop,j7,1,10,1.54776215553284,0.463179111480713,2.1879243850708,0.154776215553284,49.8282873630524,vm,4,4,1,2026-10-08 11:57:15
nncl,nncl.main,s2_early_stop,j8,1,10,1.55326271057129,0.475410461425781,2.20487761497498,0.155326271057129,49.8282873630524,vm,4,4,1,2026-10-08 11:57:15
nncl,nncl.main,s2_early_stop,j9,1,10,2.1602828502655,0.469292640686035,2.82943058013916,0.21602828502655,49.8282873630524,vm,4,4,1,2026-10-08 11:57:15
nncl,nncl.main,s2_early_stop,j10,1,10,1.96982383728027,0.453541994094849,2.68151688575745,0.196982383728027,49.8282873630524,vm,4,4,1,2026-10-08 11:57:15
nncl,nncl.main,s2_early_stop,j11,1,10,1.9695725440979,0.559860706329346,2.77304410934448,0.19695725440979,49.8282873630524,vm,4,4,1,2026-10-08 11:57:15
nncl,nncl.main,s2_early_stop,j12,1,10,1.74760031700134,0.587456941604614,2.578533411026,0.174760031700134,49.8282873630524,vm,4,4,1,2026-10-08 11:57:15
nncl,nncl.main,s2_early_stop,j13,1,10,2.17552185058594,0.545986890792847,2.97098350524902,0.217552185058594,49.8282873630524,vm,4,4,1,2026-10-08 11:57:15
nncl,nncl.main,s2_early_stop,j14,1,10,2.07021379470825,0.593145847320557,2.84786677360535,0.207021379470825,49.8282873630524,vm,4,4,1,2026-10-08 11:57:15
nncl,nncl.main,s2_early_stop,j15,1,10,1.96540355682373,0.482536792755127,2.69121217727661,0.196540355682373,49.8282873630524,vm,4,4,1,2026-10-08 11:57:15
nncl,nncl.main,s2_early_stop,j16,1,10,1.88364291191101,0.545171737670898,2.64310956001282,0.188364291191101,49.8282873630524,vm,4,4,1,2026-10-08 11:57:15
nncl,nncl.main,s2_early_stop,j17,1,10,2.3717474937439,0.526731014251709,3.10995364189148,0.23717474937439,49.8282873630524,vm,4,4,1,2026-10-08 11:57:15
nncl,nncl.main,s2_early_stop,j18,1,10,1.74215340614319,0.550450563430786,2.49333333969116,0.174215340614319,49.8282873630524,vm,4,4,1,2026-10-08 11:57:15
nncl,nncl.main,s2_early_stop,j19,1,10,1.75079584121704,0.547354936599731,2.47076225280762,0.175079584121704,49.8282873630524,vm,4,4,1,2026-10-08 11:57:15
nncl,nncl.main,s3_cl_start,j1,1,3,1.35051488876343,0.429269313812256,2.0354266166687,0.450171629587809,43.0180613994598,vm,4,4,1,2026-10-08 11:57:12
nncl,nncl.main,s3_cl_start,j2,1,10,2.36556673049927,0.517464399337769,3.08823943138123,0.236556673049927,43.0180613994598,vm,4,4,1,2026-10-08 11:57:12
nncl,nncl.main,s3_cl_start,j3,1,10,1.57773733139038,0.452533483505249,2.19711112976074,0.157773733139038,43.0180613994598,vm,4,4,1,2026-10-08 11:57:12
nncl,nncl.main,s3_cl_start,j4,1,10,2.02651405334473,0.392879009246826,2.62120032310486,0.202651405334473,43.0180613994598,vm,4,4,1,2026-10-08 11:57:12
nncl,nncl.main,s3_cl_start,j5,1,10,1.74435329437256,0.435179948806763,2.36719608306885,0.174435329437256,43.0180613994598,vm,4,4,1,2026-10-08 11:57:12
nncl,nncl.main,s3_cl_start,j6,1,10,1.44440221786499,0.43053674697876,2.05821466445923,0.144440221786499,43.0180613994598,vm,4,4,1,2026-10-08 11:57:12
nncl,nncl.main,s3_cl_start,j7,1,10,1.56708693504334,0.452428817749023,2.20521402359009,0.156708693504334,43.0180613994598,vm,4,4,1,2026-10-08 11:57:12
nncl,nncl.main,s3_cl_start,j8,1,10,1.70087647438049,0.446175575256348,2.36092829704285,0.170087647438049,43.0180613994598,vm,4,4,1,2026-10-08 11:57:12
nncl,nncl.main,s3_cl_start,j9,1,3,0.984610319137573,0.444036722183228,1.66153287887573,0.328203439712524,43.0180613994598,vm,4,4,1,2026-10-08 11:57:12
nncl,nncl.main,s3_cl_start,j10,1,10,2.2557954788208,0.505790710449219,3.07510685920715,0.22557954788208,43.0180613994598,vm,4,4,1,2026-10-08 11:57:12
nncl,nncl.main,s3_cl_start,j11,1,3,1.03253030776978,0.545886278152466,1.7550642490387,0.344176769256592,43.0180613994598,vm,4,4,1,2026-10-08 11:57:12
nncl,nncl.main,s3_cl_start,j12,1,6,1.58392596244812,0.463630437850952,2.26836705207825,0.26398766040802,43.0180613994598,vm,4,4,1,2026-10-08 11:57:12
nncl,nncl.main,s3_cl_start,j13,1,3,1.15687036514282,0.509817838668823,1.91779136657715,0.385623455047607,43.0180613994598,vm,4,4,1,2026-10-08 11:57:12
nncl,nncl.main,s3_cl_start,j14,1,10,2.14130735397339,0.587867975234985,2.93224859237671,0.214130735397339,43.0180613994598,vm,4,4,1,2026-10-08 11:57:12
nncl,nncl.main,s3_cl_start,j15,1,3,1.22211456298828,0.521578073501587,2.06697130203247,0.407371520996094,43.0180613994598,vm,4,4,1,2026-10-08 11:57:12
nncl,nncl.main,s3_cl_start,j16,1,6,1.3804874420166,0.522953271865845,2.14583134651184,0.2300812403361,43.0180613994598,vm,4,4,1,2026-10-08 11:57:12
nncl,nncl.main,s3_cl_start,j17,1,3,1.07020211219788,0.53246283531189,1.85361313819885,0.356734037399292,43.0180613994598,vm,4,4,1,2026-10-08 11:57:12
nncl,nncl.main,s3_cl_start,j18,1,4,1.27958154678345,0.594232559204102,2.05422258377075,0.319895386695862,43.0180613994598,vm,4,4,1,2026-10-08 11:57:12
nncl,nncl.main,s3_cl_start,j19,1,6,1.46002721786499,0.678515911102295,2.3537814617157,0.243337869644165,43.0180613994598,vm,4,4,1,2026-10-08 11:57:12
nncl,nncl.search.cl_start,tuned_cl_start_s2026,j1,1,3,1.25476098060608,0.855568885803223,2.31128191947937,0.418253660202026,57.9004068374634,STATISVM7,12,12,1,2026-10-08 15:28:44
nncl,nncl.search.cl_start,tuned_cl_start_s2026,j2,1,10,2.29427695274353,0.916652202606201,3.42675018310547,0.229427695274353,57.9004068374634,STATISVM7,12,12,1,2026-10-08 15:28:44
nncl,nncl.search.cl_start,tuned_cl_start_s2026,j3,1,10,2.33754205703735,0.918161869049072,3.45855283737183,0.233754205703735,57.9004068374634,STATISVM7,12,12,1,2026-10-08 15:28:44
nncl,nncl.search.cl_start,tuned_cl_start_s2026,j4,1,10,2.17214107513428,0.861432075500488,3.34637904167175,0.217214107513428,57.9004068374634,STATISVM7,12,12,1,2026-10-08 15:28:44
nncl,nncl.search.cl_start,tuned_cl_start_s2026,j5,1,10,2.26475691795349,0.902489900588989,3.43740296363831,0.226475691795349,57.9004068374634,STATISVM7,12,12,1,2026-10-08 15:28:44
nncl,nncl.search.cl_start,tuned_cl_start_s2026,j6,1,10,2.14968514442444,0.91965389251709,3.30224299430847,0.214968514442444,57.9004068374634,STATISVM7,12,12,1,2026-10-08 15:28:44
nncl,nncl.search.cl_start,tuned_cl_start_s2026,j7,1,10,2.17420697212219,0.894636869430542,3.48252201080322,0.217420697212219,57.9004068374634,STATISVM7,12,12,1,2026-10-08 15:28:44
nncl,nncl.search.cl_start,tuned_cl_start_s2026,j8,1,10,2.15183806419373,0.989161968231201,3.35018396377564,0.215183806419373,57.9004068374634,STATISVM7,12,12,1,2026-10-08 15:28:44
nncl,nncl.search.cl_start,tuned_cl_start_s2026,j9,1,3,1.42125010490417,0.983382940292358,2.63296890258789,0.473750034968058,57.9004068374634,STATISVM7,12,12,1,2026-10-08 15:28:44
nncl,nncl.search.cl_start,tuned_cl_start_s2026,j10,1,10,2.8219780921936,1.1112699508667,4.21315312385559,0.28219780921936,57.9004068374634,STATISVM7,12,12,1,2026-10-08 15:28:44
nncl,nncl.search.cl_start,tuned_cl_start_s2026,j11,1,3,1.50352215766907,0.986641883850098,2.7128369808197,0.501174052556356,57.9004068374634,STATISVM7,12,12,1,2026-10-08 15:28:44
nncl,nncl.search.cl_start,tuned_cl_start_s2026,j12,1,7,1.93175005912781,0.948369979858398,3.11718702316284,0.275964294161115,57.9004068374634,STATISVM7,12,12,1,2026-10-08 15:28:44
nncl,nncl.search.cl_start,tuned_cl_start_s2026,j13,1,4,1.42116284370422,0.983561992645264,2.6178879737854,0.355290710926056,57.9004068374634,STATISVM7,12,12,1,2026-10-08 15:28:44
nncl,nncl.search.cl_start,tuned_cl_start_s2026,j14,1,10,2.03198885917664,0.967150926589966,3.21884179115295,0.203198885917664,57.9004068374634,STATISVM7,12,12,1,2026-10-08 15:28:44
nncl,nncl.search.cl_start,tuned_cl_start_s2026,j15,1,4,1.54493594169617,1.01375102996826,2.76838111877441,0.386233985424042,57.9004068374634,STATISVM7,12,12,1,2026-10-08 15:28:44
nncl,nncl.search.cl_start,tuned_cl_start_s2026,j16,1,7,1.6941990852356,0.999670028686523,2.98361802101135,0.242028440747942,57.9004068374634,STATISVM7,12,12,1,2026-10-08 15:28:44
nncl,nncl.search.cl_start,tuned_cl_start_s2026,j17,1,3,1.20800280570984,0.964681148529053,2.38528203964233,0.40266760190328,57.9004068374634,STATISVM7,12,12,1,2026-10-08 15:28:44
nncl,nncl.search.cl_start,tuned_cl_start_s2026,j18,1,4,1.41885805130005,0.950134038925171,2.58269190788269,0.354714512825012,57.9004068374634,STATISVM7,12,12,1,2026-10-08 15:28:44
nncl,nncl.search.cl_start,tuned_cl_start_s2026,j19,1,4,1.32735896110535,1.01034593582153,2.55224204063416,0.331839740276337,57.9004068374634,STATISVM7,12,12,1,2026-10-08 15:28:44
nncl,nncl.search.cl_start,tuned_cl_start_s2027,j1,1,3,1.44150996208191,0.977721929550171,2.6469829082489,0.48050332069397,56.6389284133911,STATISVM7,12,12,1,2026-10-08 15:29:42
nncl,nncl.search.cl_start,tuned_cl_start_s2027,j2,1,10,2.24911284446716,1.01657199859619,3.4674699306488,0.224911284446716,56.6389284133911,STATISVM7,12,12,1,2026-10-08 15:29:42
nncl,nncl.search.cl_start,tuned_cl_start_s2027,j3,1,10,2.26029396057129,0.939071178436279,3.4337170124054,0.226029396057129,56.6389284133911,STATISVM7,12,12,1,2026-10-08 15:29:42
nncl,nncl.search.cl_start,tuned_cl_start_s2027,j4,1,10,2.38057899475098,1.13420701026917,3.76398706436157,0.238057899475098,56.6389284133911,STATISVM7,12,12,1,2026-10-08 15:29:42
nncl,nncl.search.cl_start,tuned_cl_start_s2027,j5,1,10,2.21865701675415,1.48436903953552,3.92251396179199,0.221865701675415,56.6389284133911,STATISVM7,12,12,1,2026-10-08 15:29:42
nncl,nncl.search.cl_start,tuned_cl_start_s2027,j6,1,10,2.1657350063324,0.838793039321899,3.21444892883301,0.21657350063324,56.6389284133911,STATISVM7,12,12,1,2026-10-08 15:29:42
nncl,nncl.search.cl_start,tuned_cl_start_s2027,j7,1,10,2.13718104362488,0.862131118774414,3.21087718009949,0.213718104362488,56.6389284133911,STATISVM7,12,12,1,2026-10-08 15:29:42
nncl,nncl.search.cl_start,tuned_cl_start_s2027,j8,1,10,2.14580917358398,0.929707050323486,3.27456903457642,0.214580917358398,56.6389284133911,STATISVM7,12,12,1,2026-10-08 15:29:42
nncl,nncl.search.cl_start,tuned_cl_start_s2027,j9,1,3,1.29773283004761,0.81167197227478,2.32842397689819,0.432577610015869,56.6389284133911,STATISVM7,12,12,1,2026-10-08 15:29:42
nncl,nncl.search.cl_start,tuned_cl_start_s2027,j10,1,10,2.1924741268158,0.831835031509399,3.21613311767578,0.21924741268158,56.6389284133911,STATISVM7,12,12,1,2026-10-08 15:29:42
nncl,nncl.search.cl_start,tuned_cl_start_s2027,j11,1,3,1.34802985191345,0.91324520111084,2.48630619049072,0.449343283971151,56.6389284133911,STATISVM7,12,12,1,2026-10-08 15:29:42
nncl,nncl.search.cl_start,tuned_cl_start_s2027,j12,1,3,1.30800604820251,0.943789005279541,2.45792508125305,0.436002016067505,56.6389284133911,STATISVM7,12,12,1,2026-10-08 15:29:42
nncl,nncl.search.cl_start,tuned_cl_start_s2027,j13,1,4,1.46924209594727,0.888823986053467,2.58016204833984,0.367310523986816,56.6389284133911,STATISVM7,12,12,1,2026-10-08 15:29:42
nncl,nncl.search.cl_start,tuned_cl_start_s2027,j14,1,3,1.22232508659363,0.885886907577515,2.36000299453735,0.407441695531209,56.6389284133911,STATISVM7,12,12,1,2026-10-08 15:29:42
nncl,nncl.search.cl_start,tuned_cl_start_s2027,j15,1,5,1.5035388469696,0.984684944152832,2.73526191711426,0.300707769393921,56.6389284133911,STATISVM7,12,12,1,2026-10-08 15:29:42
nncl,nncl.search.cl_start,tuned_cl_start_s2027,j16,1,7,1.9270441532135,0.99363899230957,3.16436314582825,0.275292021887643,56.6389284133911,STATISVM7,12,12,1,2026-10-08 15:29:42
nncl,nncl.search.cl_start,tuned_cl_start_s2027,j17,1,3,1.19405198097229,1.02963018417358,2.44566202163696,0.398017326990763,56.6389284133911,STATISVM7,12,12,1,2026-10-08 15:29:42
nncl,nncl.search.cl_start,tuned_cl_start_s2027,j18,1,5,1.82498598098755,1.08194303512573,3.10334897041321,0.36499719619751,56.6389284133911,STATISVM7,12,12,1,2026-10-08 15:29:42
nncl,nncl.search.cl_start,tuned_cl_start_s2027,j19,1,5,1.66191101074219,0.960531949996948,2.82677292823792,0.332382202148438,56.6389284133911,STATISVM7,12,12,1,2026-10-08 15:29:42
nncl,nncl.search.early_stop,tuned_early_stop_s2026,j1,1,10,2.53732991218567,0.976794958114624,3.75212478637695,0.253732991218567,61.953275680542,STATISVM7,12,12,1,2026-10-08 15:29:18
nncl,nncl.search.early_stop,tuned_early_stop_s2026,j2,1,10,2.36167597770691,0.920781135559082,3.50499701499939,0.236167597770691,61.953275680542,STATISVM7,12,12,1,2026-10-08 15:29:18
nncl,nncl.search.early_stop,tuned_early_stop_s2026,j3,1,10,2.05465698242188,0.87788987159729,3.16408085823059,0.205465698242188,61.953275680542,STATISVM7,12,12,1,2026-10-08 15:29:18
nncl,nncl.search.early_stop,tuned_early_stop_s2026,j4,1,10,2.33960700035095,0.788258075714111,3.36858606338501,0.233960700035095,61.953275680542,STATISVM7,12,12,1,2026-10-08 15:29:18
nncl,nncl.search.early_stop,tuned_early_stop_s2026,j5,1,10,2.24209809303284,0.90073299407959,3.37766909599304,0.224209809303284,61.953275680542,STATISVM7,12,12,1,2026-10-08 15:29:18
nncl,nncl.search.early_stop,tuned_early_stop_s2026,j6,1,10,2.0915629863739,0.837181806564331,3.137375831604,0.20915629863739,61.953275680542,STATISVM7,12,12,1,2026-10-08 15:29:18
nncl,nncl.search.early_stop,tuned_early_stop_s2026,j7,1,10,1.84372711181641,0.947510004043579,2.99255394935608,0.184372711181641,61.953275680542,STATISVM7,12,12,1,2026-10-08 15:29:18
nncl,nncl.search.early_stop,tuned_early_stop_s2026,j8,1,10,1.92627000808716,0.871509075164795,3.01203417778015,0.192627000808716,61.953275680542,STATISVM7,12,12,1,2026-10-08 15:29:18
nncl,nncl.search.early_stop,tuned_early_stop_s2026,j9,1,10,1.84927988052368,0.892436981201172,2.97813391685486,0.184927988052368,61.953275680542,STATISVM7,12,12,1,2026-10-08 15:29:18
nncl,nncl.search.early_stop,tuned_early_stop_s2026,j10,1,10,2.31197094917297,0.846167087554932,3.38722109794617,0.231197094917297,61.953275680542,STATISVM7,12,12,1,2026-10-08 15:29:18
nncl,nncl.search.early_stop,tuned_early_stop_s2026,j11,1,10,2.34133195877075,0.920080184936523,3.46075701713562,0.234133195877075,61.953275680542,STATISVM7,12,12,1,2026-10-08 15:29:18
nncl,nncl.search.early_stop,tuned_early_stop_s2026,j12,1,10,2.05184888839722,0.932914018630981,3.18393182754517,0.205184888839722,61.953275680542,STATISVM7,12,12,1,2026-10-08 15:29:18
nncl,nncl.search.early_stop,tuned_early_stop_s2026,j13,1,10,2.16740798950195,0.996873140335083,3.41185402870178,0.216740798950195,61.953275680542,STATISVM7,12,12,1,2026-10-08 15:29:18
nncl,nncl.search.early_stop,tuned_early_stop_s2026,j14,1,10,2.04366183280945,0.952903032302856,3.21274995803833,0.204366183280945,61.953275680542,STATISVM7,12,12,1,2026-10-08 15:29:18
nncl,nncl.search.early_stop,tuned_early_stop_s2026,j15,1,10,2.26056885719299,0.949039220809937,3.44814300537109,0.226056885719299,61.953275680542,STATISVM7,12,12,1,2026-10-08 15:29:18
nncl,nncl.search.early_stop,tuned_early_stop_s2026,j16,1,10,1.93985509872437,0.980540990829468,3.14039897918701,0.193985509872437,61.953275680542,STATISVM7,12,12,1,2026-10-08 15:29:18
nncl,nncl.search.early_stop,tuned_early_stop_s2026,j17,1,10,1.88888001441956,0.993726015090942,3.18860292434692,0.188888001441956,61.953275680542,STATISVM7,12,12,1,2026-10-08 15:29:18
nncl,nncl.search.early_stop,tuned_early_stop_s2026,j18,1,10,2.08113098144531,0.904407024383545,3.16822695732117,0.208113098144531,61.953275680542,STATISVM7,12,12,1,2026-10-08 15:29:18
nncl,nncl.search.early_stop,tuned_early_stop_s2026,j19,1,10,1.91857314109802,0.916234016418457,3.06383419036865,0.191857314109802,61.953275680542,STATISVM7,12,12,1,2026-10-08 15:29:18
nncl,nncl.search.early_stop,tuned_early_stop_s2027,j1,1,10,2.12427711486816,0.951191902160645,3.31479597091675,0.212427711486816,63.1851437091827,STATISVM7,12,12,1,2026-10-08 15:30:22
nncl,nncl.search.early_stop,tuned_early_stop_s2027,j2,1,10,2.08217191696167,0.973726987838745,3.27326703071594,0.208217191696167,63.1851437091827,STATISVM7,12,12,1,2026-10-08 15:30:22
nncl,nncl.search.early_stop,tuned_early_stop_s2027,j3,1,10,2.09105181694031,1.01582813262939,3.32015609741211,0.209105181694031,63.1851437091827,STATISVM7,12,12,1,2026-10-08 15:30:22
nncl,nncl.search.early_stop,tuned_early_stop_s2027,j4,1,10,1.8916871547699,0.971411943435669,3.08115601539612,0.18916871547699,63.1851437091827,STATISVM7,12,12,1,2026-10-08 15:30:22
nncl,nncl.search.early_stop,tuned_early_stop_s2027,j5,1,10,2.09867310523987,1.02674102783203,3.32897710800171,0.209867310523987,63.1851437091827,STATISVM7,12,12,1,2026-10-08 15:30:22
nncl,nncl.search.early_stop,tuned_early_stop_s2027,j6,1,10,2.50358104705811,1.44400811195374,4.15365409851074,0.250358104705811,63.1851437091827,STATISVM7,12,12,1,2026-10-08 15:30:22
nncl,nncl.search.early_stop,tuned_early_stop_s2027,j7,1,10,2.23051810264587,0.856436014175415,3.31793808937073,0.223051810264587,63.1851437091827,STATISVM7,12,12,1,2026-10-08 15:30:22
nncl,nncl.search.early_stop,tuned_early_stop_s2027,j8,1,10,2.0658700466156,0.840676069259644,3.17170000076294,0.20658700466156,63.1851437091827,STATISVM7,12,12,1,2026-10-08 15:30:22
nncl,nncl.search.early_stop,tuned_early_stop_s2027,j9,1,10,2.04353189468384,0.854035139083862,3.13112115859985,0.204353189468384,63.1851437091827,STATISVM7,12,12,1,2026-10-08 15:30:22
nncl,nncl.search.early_stop,tuned_early_stop_s2027,j10,1,10,2.17688512802124,0.892459869384766,3.25441789627075,0.217688512802124,63.1851437091827,STATISVM7,12,12,1,2026-10-08 15:30:22
nncl,nncl.search.early_stop,tuned_early_stop_s2027,j11,1,10,2.70214295387268,0.981805086135864,3.88751912117004,0.270214295387268,63.1851437091827,STATISVM7,12,12,1,2026-10-08 15:30:22
nncl,nncl.search.early_stop,tuned_early_stop_s2027,j12,1,10,1.98971390724182,0.897412061691284,3.07744407653809,0.198971390724182,63.1851437091827,STATISVM7,12,12,1,2026-10-08 15:30:22
nncl,nncl.search.early_stop,tuned_early_stop_s2027,j13,1,10,2.17379808425903,0.885890960693359,3.25637602806091,0.217379808425903,63.1851437091827,STATISVM7,12,12,1,2026-10-08 15:30:22
nncl,nncl.search.early_stop,tuned_early_stop_s2027,j14,1,10,1.86172413825989,0.896202802658081,2.96851491928101,0.186172413825989,63.1851437091827,STATISVM7,12,12,1,2026-10-08 15:30:22
nncl,nncl.search.early_stop,tuned_early_stop_s2027,j15,1,10,2.19436383247376,0.860355138778687,3.26184415817261,0.219436383247376,63.1851437091827,STATISVM7,12,12,1,2026-10-08 15:30:22
nncl,nncl.search.early_stop,tuned_early_stop_s2027,j16,1,10,2.21943092346191,0.905550003051758,3.3351628780365,0.221943092346191,63.1851437091827,STATISVM7,12,12,1,2026-10-08 15:30:22
nncl,nncl.search.early_stop,tuned_early_stop_s2027,j17,1,10,2.02462005615234,0.934776067733765,3.16203808784485,0.202462005615234,63.1851437091827,STATISVM7,12,12,1,2026-10-08 15:30:22
nncl,nncl.search.early_stop,tuned_early_stop_s2027,j18,1,10,2.32482409477234,0.868484973907471,3.38736987113953,0.232482409477234,63.1851437091827,STATISVM7,12,12,1,2026-10-08 15:30:22
nncl,nncl.search.early_stop,tuned_early_stop_s2027,j19,1,10,2.35049390792847,0.927723169326782,3.50169110298157,0.235049390792847,63.1851437091827,STATISVM7,12,12,1,2026-10-08 15:30:22
nncl,nncl.search.paper,tuned_paper_s2026,j1,1,5,1.23025918006897,0.73789381980896,2.21317386627197,0.246051836013794,44.5544910430908,STATISVM7,12,12,1,2026-10-08 15:28:02
nncl,nncl.search.paper,tuned_paper_s2026,j2,1,5,1.29669499397278,0.740946054458618,2.2344069480896,0.259338998794556,44.5544910430908,STATISVM7,12,12,1,2026-10-08 15:28:02
nncl,nncl.search.paper,tuned_paper_s2026,j3,1,5,1.51743412017822,0.886534929275513,2.64347410202026,0.303486824035645,44.5544910430908,STATISVM7,12,12,1,2026-10-08 15:28:02
nncl,nncl.search.paper,tuned_paper_s2026,j4,1,5,1.32887887954712,0.929205179214478,2.49193000793457,0.265775775909424,44.5544910430908,STATISVM7,12,12,1,2026-10-08 15:28:02
nncl,nncl.search.paper,tuned_paper_s2026,j5,1,5,1.29071593284607,0.783109903335571,2.26084399223328,0.258143186569214,44.5544910430908,STATISVM7,12,12,1,2026-10-08 15:28:02
nncl,nncl.search.paper,tuned_paper_s2026,j6,1,5,1.25485014915466,0.794378042221069,2.23079419136047,0.250970029830933,44.5544910430908,STATISVM7,12,12,1,2026-10-08 15:28:02
nncl,nncl.search.paper,tuned_paper_s2026,j7,1,5,1.44061493873596,0.877732992172241,2.53088903427124,0.288122987747192,44.5544910430908,STATISVM7,12,12,1,2026-10-08 15:28:02
nncl,nncl.search.paper,tuned_paper_s2026,j8,1,5,1.21793484687805,0.798582077026367,2.23456287384033,0.24358696937561,44.5544910430908,STATISVM7,12,12,1,2026-10-08 15:28:02
nncl,nncl.search.paper,tuned_paper_s2026,j9,1,5,1.26873397827148,0.738812923431397,2.23474979400635,0.253746795654297,44.5544910430908,STATISVM7,12,12,1,2026-10-08 15:28:02
nncl,nncl.search.paper,tuned_paper_s2026,j10,1,5,1.41484999656677,0.861599922180176,2.49673199653626,0.282969999313355,44.5544910430908,STATISVM7,12,12,1,2026-10-08 15:28:02
nncl,nncl.search.paper,tuned_paper_s2026,j11,1,5,1.19982504844666,0.836596965789795,2.22899103164673,0.239965009689331,44.5544910430908,STATISVM7,12,12,1,2026-10-08 15:28:02
nncl,nncl.search.paper,tuned_paper_s2026,j12,1,5,1.27264904975891,0.835697174072266,2.3021731376648,0.254529809951782,44.5544910430908,STATISVM7,12,12,1,2026-10-08 15:28:02
nncl,nncl.search.paper,tuned_paper_s2026,j13,1,5,1.196702003479,0.750187158584595,2.16167211532593,0.239340400695801,44.5544910430908,STATISVM7,12,12,1,2026-10-08 15:28:02
nncl,nncl.search.paper,tuned_paper_s2026,j14,1,5,1.18962001800537,0.79905104637146,2.26016402244568,0.237924003601074,44.5544910430908,STATISVM7,12,12,1,2026-10-08 15:28:02
nncl,nncl.search.paper,tuned_paper_s2026,j15,1,5,1.37714505195618,0.959702968597412,2.59950804710388,0.275429010391235,44.5544910430908,STATISVM7,12,12,1,2026-10-08 15:28:02
nncl,nncl.search.paper,tuned_paper_s2026,j16,1,5,1.44275498390198,0.870258092880249,2.52729606628418,0.288550996780396,44.5544910430908,STATISVM7,12,12,1,2026-10-08 15:28:02
nncl,nncl.search.paper,tuned_paper_s2026,j17,1,5,1.27702808380127,0.848633050918579,2.32050395011902,0.255405616760254,44.5544910430908,STATISVM7,12,12,1,2026-10-08 15:28:02
nncl,nncl.search.paper,tuned_paper_s2026,j18,1,5,1.23559808731079,0.828325033187866,2.2974259853363,0.247119617462158,44.5544910430908,STATISVM7,12,12,1,2026-10-08 15:28:02
nncl,nncl.search.paper,tuned_paper_s2026,j19,1,5,1.24460315704346,0.838920831680298,2.28519988059998,0.248920631408691,44.5544910430908,STATISVM7,12,12,1,2026-10-08 15:28:02
nncl,nncl.search.paper,tuned_paper_s2027,j1,1,5,1.29654788970947,0.871639013290405,2.39277005195618,0.259309577941895,46.3547902107239,STATISVM7,12,12,1,2026-10-08 15:28:49
nncl,nncl.search.paper,tuned_paper_s2027,j2,1,5,1.40414905548096,0.878504991531372,2.52320504188538,0.280829811096191,46.3547902107239,STATISVM7,12,12,1,2026-10-08 15:28:49
nncl,nncl.search.paper,tuned_paper_s2027,j3,1,5,2.07260012626648,0.851424932479858,3.15774202346802,0.414520025253296,46.3547902107239,STATISVM7,12,12,1,2026-10-08 15:28:49
nncl,nncl.search.paper,tuned_paper_s2027,j4,1,5,1.09723210334778,0.901530981063843,2.25250697135925,0.219446420669556,46.3547902107239,STATISVM7,12,12,1,2026-10-08 15:28:49
nncl,nncl.search.paper,tuned_paper_s2027,j5,1,5,1.47316479682922,0.861325025558472,2.53906989097595,0.294632959365845,46.3547902107239,STATISVM7,12,12,1,2026-10-08 15:28:49
nncl,nncl.search.paper,tuned_paper_s2027,j6,1,5,1.61762714385986,1.11782288551331,3.02042698860168,0.323525428771973,46.3547902107239,STATISVM7,12,12,1,2026-10-08 15:28:49
nncl,nncl.search.paper,tuned_paper_s2027,j7,1,5,1.62262511253357,1.43117690086365,3.30001902580261,0.324525022506714,46.3547902107239,STATISVM7,12,12,1,2026-10-08 15:28:49
nncl,nncl.search.paper,tuned_paper_s2027,j8,1,5,1.38327503204346,0.727293968200684,2.34737300872803,0.276655006408691,46.3547902107239,STATISVM7,12,12,1,2026-10-08 15:28:49
nncl,nncl.search.paper,tuned_paper_s2027,j9,1,5,1.31857895851135,0.726509094238281,2.24651408195496,0.263715791702271,46.3547902107239,STATISVM7,12,12,1,2026-10-08 15:28:49
nncl,nncl.search.paper,tuned_paper_s2027,j10,1,5,1.38533091545105,0.79636812210083,2.41643619537354,0.27706618309021,46.3547902107239,STATISVM7,12,12,1,2026-10-08 15:28:49
nncl,nncl.search.paper,tuned_paper_s2027,j11,1,5,1.39172697067261,0.741965055465698,2.36648106575012,0.278345394134522,46.3547902107239,STATISVM7,12,12,1,2026-10-08 15:28:49
nncl,nncl.search.paper,tuned_paper_s2027,j12,1,5,1.40209293365479,0.812247037887573,2.4650981426239,0.280418586730957,46.3547902107239,STATISVM7,12,12,1,2026-10-08 15:28:49
nncl,nncl.search.paper,tuned_paper_s2027,j13,1,5,1.20667600631714,0.741024017333984,2.15570092201233,0.241335201263428,46.3547902107239,STATISVM7,12,12,1,2026-10-08 15:28:49
nncl,nncl.search.paper,tuned_paper_s2027,j14,1,5,1.24695801734924,0.706090927124023,2.1577308177948,0.249391603469849,46.3547902107239,STATISVM7,12,12,1,2026-10-08 15:28:49
nncl,nncl.search.paper,tuned_paper_s2027,j15,1,5,1.25239300727844,0.725774049758911,2.17141318321228,0.250478601455689,46.3547902107239,STATISVM7,12,12,1,2026-10-08 15:28:49
nncl,nncl.search.paper,tuned_paper_s2027,j16,1,5,1.21694898605347,0.779990911483765,2.21940994262695,0.243389797210693,46.3547902107239,STATISVM7,12,12,1,2026-10-08 15:28:49
nncl,nncl.search.paper,tuned_paper_s2027,j17,1,5,1.18639612197876,0.759014844894409,2.16484689712524,0.237279224395752,46.3547902107239,STATISVM7,12,12,1,2026-10-08 15:28:49
nncl,nncl.search.paper,tuned_paper_s2027,j18,1,5,1.23777794837952,0.731848955154419,2.18509101867676,0.247555589675903,46.3547902107239,STATISVM7,12,12,1,2026-10-08 15:28:49
nncl,nncl.search.paper,tuned_paper_s2027,j19,1,5,1.22611999511719,0.804762840270996,2.2729549407959,0.245223999023438,46.3547902107239,STATISVM7,12,12,1,2026-10-08 15:28:49
nncl,nncl.search.cl_start,dropout=0.1,seed 2026 origin 15,14,,27.7390518188477,,,,89.1204280853272,STATISVM7,12,12,1,2026-10-08 15:27:46
nncl,nncl.search.cl_start,dropout=0.1,seed 2026 origin 18,17,,31.1790282726288,,,,89.1204280853272,STATISVM7,12,12,1,2026-10-08 15:27:46
nncl,nncl.search.cl_start,dropout=0,seed 2026 origin 15,14,,22.7432265281677,,,,82.4347820281983,STATISVM7,12,12,1,2026-10-08 15:26:17
nncl,nncl.search.cl_start,dropout=0,seed 2026 origin 18,17,,29.8349449634552,,,,82.4347820281983,STATISVM7,12,12,1,2026-10-08 15:26:17
nncl,nncl.search.early_stop,dropout=0.1,seed 2026 origin 15,14,,30.2984457015991,,,,99.623321056366,STATISVM7,12,12,1,2026-10-08 15:28:15
nncl,nncl.search.early_stop,dropout=0.1,seed 2026 origin 18,17,,38.9894690513611,,,,99.623321056366,STATISVM7,12,12,1,2026-10-08 15:28:15
nncl,nncl.search.early_stop,dropout=0,seed 2026 origin 15,14,,28.9897620677948,,,,95.2860929965973,STATISVM7,12,12,1,2026-10-08 15:26:35
nncl,nncl.search.early_stop,dropout=0,seed 2026 origin 18,17,,36.5633192062378,,,,95.2860929965973,STATISVM7,12,12,1,2026-10-08 15:26:35
nncl,nncl.search.paper,"dropout=0.1, hidden=20, activation=tanh",seed 2026 origin 15,14,,19.5486199855804,,,,71.2127020359039,STATISVM7,12,12,1,2026-10-08 15:27:17
nncl,nncl.search.paper,"dropout=0.1, hidden=20, activation=tanh",seed 2026 origin 18,17,,23.6288018226624,,,,71.2127020359039,STATISVM7,12,12,1,2026-10-08 15:27:17
nncl,nncl.search.paper,"dropout=0, hidden=20, activation=tanh",seed 2026 origin 15,14,,16.6752474308014,,,,65.4559180736542,STATISVM7,12,12,1,2026-10-08 15:26:05
nncl,nncl.search.paper,"dropout=0, hidden=20, activation=tanh",seed 2026 origin 18,17,,20.7172517776489,,,,65.4559180736542,STATISVM7,12,12,1,2026-10-08 15:26:05
nncl,nncl_numeric.cl_grid,clgrid_20_rmsprop_cl_paper_s2026,j1,1,5,1.28181910514832,0.486473083496094,1.99463510513306,0.256363821029663,36.7307772636414,STATISVM7,12,12,1,2026-10-08 15:19:56
nncl,nncl_numeric.cl_grid,clgrid_20_rmsprop_cl_paper_s2026,j2,1,5,1.4349958896637,0.498954057693481,2.14078998565674,0.286999177932739,36.7307772636414,STATISVM7,12,12,1,2026-10-08 15:19:56
nncl,nncl_numeric.cl_grid,clgrid_20_rmsprop_cl_paper_s2026,j3,1,5,1.04178094863892,0.355512857437134,1.57390880584717,0.208356189727783,36.7307772636414,STATISVM7,12,12,1,2026-10-08 15:19:56
nncl,nncl_numeric.cl_grid,clgrid_20_rmsprop_cl_paper_s2026,j4,1,5,1.33950996398926,0.315569162368774,1.86364507675171,0.267901992797852,36.7307772636414,STATISVM7,12,12,1,2026-10-08 15:19:56
nncl,nncl_numeric.cl_grid,clgrid_20_rmsprop_cl_paper_s2026,j5,1,5,1.48435807228088,0.382819890975952,2.12556385993958,0.296871614456177,36.7307772636414,STATISVM7,12,12,1,2026-10-08 15:19:56
nncl,nncl_numeric.cl_grid,clgrid_20_rmsprop_cl_paper_s2026,j6,1,5,1.16287684440613,0.440977096557617,1.80785202980042,0.232575368881226,36.7307772636414,STATISVM7,12,12,1,2026-10-08 15:19:56
nncl,nncl_numeric.cl_grid,clgrid_20_rmsprop_cl_paper_s2026,j7,1,5,1.35502195358276,0.388504981994629,1.94906401634216,0.271004390716553,36.7307772636414,STATISVM7,12,12,1,2026-10-08 15:19:56
nncl,nncl_numeric.cl_grid,clgrid_20_rmsprop_cl_paper_s2026,j8,1,5,1.25544500350952,0.406358957290649,1.86242818832397,0.251089000701904,36.7307772636414,STATISVM7,12,12,1,2026-10-08 15:19:56
nncl,nncl_numeric.cl_grid,clgrid_20_rmsprop_cl_paper_s2026,j9,1,5,1.22912693023682,0.447874069213867,1.89057803153992,0.245825386047363,36.7307772636414,STATISVM7,12,12,1,2026-10-08 15:19:56
nncl,nncl_numeric.cl_grid,clgrid_20_rmsprop_cl_paper_s2026,j10,1,5,1.26016998291016,0.526666879653931,2.01715803146362,0.252033996582031,36.7307772636414,STATISVM7,12,12,1,2026-10-08 15:19:56
nncl,nncl_numeric.cl_grid,clgrid_20_rmsprop_cl_paper_s2026,j11,1,5,1.31909394264221,0.48633599281311,2.01470494270325,0.263818788528442,36.7307772636414,STATISVM7,12,12,1,2026-10-08 15:19:56
nncl,nncl_numeric.cl_grid,clgrid_20_rmsprop_cl_paper_s2026,j12,1,5,1.3708860874176,0.412958860397339,1.99947476387024,0.274177217483521,36.7307772636414,STATISVM7,12,12,1,2026-10-08 15:19:56
nncl,nncl_numeric.cl_grid,clgrid_20_rmsprop_cl_paper_s2026,j13,1,5,1.30754590034485,0.443533897399902,1.94412994384766,0.26150918006897,36.7307772636414,STATISVM7,12,12,1,2026-10-08 15:19:56
nncl,nncl_numeric.cl_grid,clgrid_20_rmsprop_cl_paper_s2026,j14,1,5,1.31604504585266,0.447489976882935,1.96000099182129,0.263209009170532,36.7307772636414,STATISVM7,12,12,1,2026-10-08 15:19:56
nncl,nncl_numeric.cl_grid,clgrid_20_rmsprop_cl_paper_s2026,j15,1,5,1.33784699440002,0.441406965255737,1.99406218528748,0.267569398880005,36.7307772636414,STATISVM7,12,12,1,2026-10-08 15:19:56
nncl,nncl_numeric.cl_grid,clgrid_20_rmsprop_cl_paper_s2026,j16,1,5,1.25865387916565,0.488245964050293,1.94994497299194,0.25173077583313,36.7307772636414,STATISVM7,12,12,1,2026-10-08 15:19:56
nncl,nncl_numeric.cl_grid,clgrid_20_rmsprop_cl_paper_s2026,j17,1,5,1.31269884109497,0.475901126861572,2.01356315612793,0.262539768218994,36.7307772636414,STATISVM7,12,12,1,2026-10-08 15:19:56
nncl,nncl_numeric.cl_grid,clgrid_20_rmsprop_cl_paper_s2026,j18,1,5,1.18054509162903,0.446794986724854,1.82483720779419,0.236109018325806,36.7307772636414,STATISVM7,12,12,1,2026-10-08 15:19:56
nncl,nncl_numeric.cl_grid,clgrid_20_rmsprop_cl_paper_s2026,j19,1,5,1.13259100914001,0.475668907165527,1.80443596839905,0.226518201828003,36.7307772636414,STATISVM7,12,12,1,2026-10-08 15:19:56
nncl,nncl_numeric.cl_grid,clgrid_20_rmsprop_cl_paper_s2027,j1,1,5,1.24042296409607,0.419050931930542,1.88675904273987,0.248084592819214,38.2445316314697,STATISVM7,12,12,1,2026-10-08 15:29:11
nncl,nncl_numeric.cl_grid,clgrid_20_rmsprop_cl_paper_s2027,j2,1,5,1.15452289581299,0.433330059051514,1.78684306144714,0.230904579162598,38.2445316314697,STATISVM7,12,12,1,2026-10-08 15:29:11
nncl,nncl_numeric.cl_grid,clgrid_20_rmsprop_cl_paper_s2027,j3,1,5,1.34530210494995,0.494229078292847,2.03281116485596,0.26906042098999,38.2445316314697,STATISVM7,12,12,1,2026-10-08 15:29:11
nncl,nncl_numeric.cl_grid,clgrid_20_rmsprop_cl_paper_s2027,j4,1,5,1.25459599494934,0.456608057022095,1.93312907218933,0.250919198989868,38.2445316314697,STATISVM7,12,12,1,2026-10-08 15:29:11
nncl,nncl_numeric.cl_grid,clgrid_20_rmsprop_cl_paper_s2027,j5,1,5,1.30353808403015,0.482204914093018,2.06412100791931,0.26070761680603,38.2445316314697,STATISVM7,12,12,1,2026-10-08 15:29:11
nncl,nncl_numeric.cl_grid,clgrid_20_rmsprop_cl_paper_s2027,j6,1,5,1.2515881061554,0.463116884231567,1.95438504219055,0.250317621231079,38.2445316314697,STATISVM7,12,12,1,2026-10-08 15:29:11
nncl,nncl_numeric.cl_grid,clgrid_20_rmsprop_cl_paper_s2027,j7,1,5,1.12947416305542,0.463855028152466,1.80280017852783,0.225894832611084,38.2445316314697,STATISVM7,12,12,1,2026-10-08 15:29:11
nncl,nncl_numeric.cl_grid,clgrid_20_rmsprop_cl_paper_s2027,j8,1,5,1.32579612731934,0.487158060073853,2.0406391620636,0.265159225463867,38.2445316314697,STATISVM7,12,12,1,2026-10-08 15:29:11
nncl,nncl_numeric.cl_grid,clgrid_20_rmsprop_cl_paper_s2027,j9,1,5,1.22906708717346,0.449563026428223,1.88118600845337,0.245813417434692,38.2445316314697,STATISVM7,12,12,1,2026-10-08 15:29:11
nncl,nncl_numeric.cl_grid,clgrid_20_rmsprop_cl_paper_s2027,j10,1,5,1.28142309188843,0.494426012039185,1.97070813179016,0.256284618377686,38.2445316314697,STATISVM7,12,12,1,2026-10-08 15:29:11
nncl,nncl_numeric.cl_grid,clgrid_20_rmsprop_cl_paper_s2027,j11,1,5,1.44429278373718,0.499736070632935,2.18298697471619,0.288858556747437,38.2445316314697,STATISVM7,12,12,1,2026-10-08 15:29:11
nncl,nncl_numeric.cl_grid,clgrid_20_rmsprop_cl_paper_s2027,j12,1,5,1.36903977394104,0.506824016571045,2.10160493850708,0.273807954788208,38.2445316314697,STATISVM7,12,12,1,2026-10-08 15:29:11
nncl,nncl_numeric.cl_grid,clgrid_20_rmsprop_cl_paper_s2027,j13,1,5,1.37291288375855,0.468219041824341,2.08268690109253,0.274582576751709,38.2445316314697,STATISVM7,12,12,1,2026-10-08 15:29:11
nncl,nncl_numeric.cl_grid,clgrid_20_rmsprop_cl_paper_s2027,j14,1,5,1.50345611572266,0.603049039840698,2.31630706787109,0.300691223144531,38.2445316314697,STATISVM7,12,12,1,2026-10-08 15:29:11
nncl,nncl_numeric.cl_grid,clgrid_20_rmsprop_cl_paper_s2027,j15,1,5,1.26717901229858,0.516081809997559,1.99332189559937,0.253435802459717,38.2445316314697,STATISVM7,12,12,1,2026-10-08 15:29:11
nncl,nncl_numeric.cl_grid,clgrid_20_rmsprop_cl_paper_s2027,j16,1,5,1.21536302566528,0.52192497253418,1.95986795425415,0.243072605133057,38.2445316314697,STATISVM7,12,12,1,2026-10-08 15:29:11
nncl,nncl_numeric.cl_grid,clgrid_20_rmsprop_cl_paper_s2027,j17,1,5,1.30744695663452,0.532686948776245,2.08374881744385,0.261489391326904,38.2445316314697,STATISVM7,12,12,1,2026-10-08 15:29:11
nncl,nncl_numeric.cl_grid,clgrid_20_rmsprop_cl_paper_s2027,j18,1,5,1.27194786071777,0.544201135635376,2.06046509742737,0.254389572143555,38.2445316314697,STATISVM7,12,12,1,2026-10-08 15:29:11
nncl,nncl_numeric.cl_grid,clgrid_20_rmsprop_cl_paper_s2027,j19,1,5,1.29036402702332,0.576011896133423,2.11016011238098,0.258072805404663,38.2445316314697,STATISVM7,12,12,1,2026-10-08 15:29:11
nncl,nncl_numeric.cl_grid,clgrid_20_rmsprop_cl_start_s2026,j1,1,4,1.12823295593262,0.518784999847412,1.85886812210083,0.282058238983154,45.1457674503326,STATISVM7,12,12,1,2026-10-08 15:28:34
nncl,nncl_numeric.cl_grid,clgrid_20_rmsprop_cl_start_s2026,j2,1,10,2.24890685081482,0.366230010986328,2.8713870048523,0.224890685081482,45.1457674503326,STATISVM7,12,12,1,2026-10-08 15:28:34
nncl,nncl_numeric.cl_grid,clgrid_20_rmsprop_cl_start_s2026,j3,1,10,2.4077308177948,0.392765045166016,3.04499888420105,0.24077308177948,45.1457674503326,STATISVM7,12,12,1,2026-10-08 15:28:34
nncl,nncl_numeric.cl_grid,clgrid_20_rmsprop_cl_start_s2026,j4,1,10,1.9230420589447,0.430992841720581,2.56959390640259,0.19230420589447,45.1457674503326,STATISVM7,12,12,1,2026-10-08 15:28:34
nncl,nncl_numeric.cl_grid,clgrid_20_rmsprop_cl_start_s2026,j5,1,10,1.73246002197266,0.392130851745605,2.33470582962036,0.173246002197266,45.1457674503326,STATISVM7,12,12,1,2026-10-08 15:28:34
nncl,nncl_numeric.cl_grid,clgrid_20_rmsprop_cl_start_s2026,j6,1,10,2.05458498001099,0.414404153823853,2.67307615280151,0.205458498001099,45.1457674503326,STATISVM7,12,12,1,2026-10-08 15:28:34
nncl,nncl_numeric.cl_grid,clgrid_20_rmsprop_cl_start_s2026,j7,1,10,2.08853387832642,0.396784067153931,2.69300508499146,0.208853387832642,45.1457674503326,STATISVM7,12,12,1,2026-10-08 15:28:34
nncl,nncl_numeric.cl_grid,clgrid_20_rmsprop_cl_start_s2026,j8,1,3,1.18938493728638,0.469990968704224,1.88401508331299,0.396461645762126,45.1457674503326,STATISVM7,12,12,1,2026-10-08 15:28:34
nncl,nncl_numeric.cl_grid,clgrid_20_rmsprop_cl_start_s2026,j9,1,4,1.15655303001404,0.430783033370972,1.85654306411743,0.28913825750351,45.1457674503326,STATISVM7,12,12,1,2026-10-08 15:28:34
nncl,nncl_numeric.cl_grid,clgrid_20_rmsprop_cl_start_s2026,j10,1,3,1.41284203529358,0.455178022384644,2.21579813957214,0.47094734509786,45.1457674503326,STATISVM7,12,12,1,2026-10-08 15:28:34
nncl,nncl_numeric.cl_grid,clgrid_20_rmsprop_cl_start_s2026,j11,1,6,1.36725807189941,0.475430011749268,2.11583709716797,0.227876345316569,45.1457674503326,STATISVM7,12,12,1,2026-10-08 15:28:34
nncl,nncl_numeric.cl_grid,clgrid_20_rmsprop_cl_start_s2026,j12,1,10,2.44575977325439,0.451196193695068,3.2792341709137,0.244575977325439,45.1457674503326,STATISVM7,12,12,1,2026-10-08 15:28:34
nncl,nncl_numeric.cl_grid,clgrid_20_rmsprop_cl_start_s2026,j13,1,10,1.91112804412842,0.512578964233398,2.67321610450745,0.191112804412842,45.1457674503326,STATISVM7,12,12,1,2026-10-08 15:28:34
nncl,nncl_numeric.cl_grid,clgrid_20_rmsprop_cl_start_s2026,j14,1,10,2.00801801681519,0.535338878631592,2.75885677337647,0.200801801681519,45.1457674503326,STATISVM7,12,12,1,2026-10-08 15:28:34
nncl,nncl_numeric.cl_grid,clgrid_20_rmsprop_cl_start_s2026,j15,1,10,2.02925300598145,0.436192035675049,2.67071294784546,0.202925300598145,45.1457674503326,STATISVM7,12,12,1,2026-10-08 15:28:34
nncl,nncl_numeric.cl_grid,clgrid_20_rmsprop_cl_start_s2026,j16,1,6,1.65900993347168,0.416591167449951,2.28586411476135,0.276501655578613,45.1457674503326,STATISVM7,12,12,1,2026-10-08 15:28:34
nncl,nncl_numeric.cl_grid,clgrid_20_rmsprop_cl_start_s2026,j17,1,3,1.18630194664001,0.48633599281311,1.92307496070862,0.395433982213338,45.1457674503326,STATISVM7,12,12,1,2026-10-08 15:28:34
nncl,nncl_numeric.cl_grid,clgrid_20_rmsprop_cl_start_s2026,j18,1,3,1.03398013114929,0.458925008773804,1.69573402404785,0.344660043716431,45.1457674503326,STATISVM7,12,12,1,2026-10-08 15:28:34
nncl,nncl_numeric.cl_grid,clgrid_20_rmsprop_cl_start_s2026,j19,1,3,1.0167088508606,0.49760913848877,1.74124598503113,0.338902950286865,45.1457674503326,STATISVM7,12,12,1,2026-10-08 15:28:34
nncl,nncl_numeric.cl_grid,clgrid_20_rmsprop_cl_start_s2027,j1,1,4,1.10179591178894,0.483451128005981,1.78071212768555,0.275448977947235,42.3652567863464,STATISVM7,12,12,1,2026-10-08 15:29:17
nncl,nncl_numeric.cl_grid,clgrid_20_rmsprop_cl_start_s2027,j2,1,10,1.92459583282471,0.586896181106567,2.72227501869202,0.192459583282471,42.3652567863464,STATISVM7,12,12,1,2026-10-08 15:29:17
nncl,nncl_numeric.cl_grid,clgrid_20_rmsprop_cl_start_s2027,j3,1,10,1.7974579334259,0.482184886932373,2.48681998252869,0.17974579334259,42.3652567863464,STATISVM7,12,12,1,2026-10-08 15:29:17
nncl,nncl_numeric.cl_grid,clgrid_20_rmsprop_cl_start_s2027,j4,1,10,1.73207211494446,0.515787839889526,2.44718289375305,0.173207211494446,42.3652567863464,STATISVM7,12,12,1,2026-10-08 15:29:17
nncl,nncl_numeric.cl_grid,clgrid_20_rmsprop_cl_start_s2027,j5,1,10,2.18083310127258,0.524890899658203,2.92704391479492,0.218083310127258,42.3652567863464,STATISVM7,12,12,1,2026-10-08 15:29:17
nncl,nncl_numeric.cl_grid,clgrid_20_rmsprop_cl_start_s2027,j6,1,10,1.94970989227295,0.510678052902222,2.68182396888733,0.194970989227295,42.3652567863464,STATISVM7,12,12,1,2026-10-08 15:29:17
nncl,nncl_numeric.cl_grid,clgrid_20_rmsprop_cl_start_s2027,j7,1,10,1.96178412437439,0.515081882476807,2.68198204040527,0.196178412437439,42.3652567863464,STATISVM7,12,12,1,2026-10-08 15:29:17
nncl,nncl_numeric.cl_grid,clgrid_20_rmsprop_cl_start_s2027,j8,1,3,1.16397190093994,0.549288988113403,1.95971393585205,0.387990633646647,42.3652567863464,STATISVM7,12,12,1,2026-10-08 15:29:17
nncl,nncl_numeric.cl_grid,clgrid_20_rmsprop_cl_start_s2027,j9,1,4,1.22923612594605,0.529004812240601,2.0106098651886,0.307309031486511,42.3652567863464,STATISVM7,12,12,1,2026-10-08 15:29:17
nncl,nncl_numeric.cl_grid,clgrid_20_rmsprop_cl_start_s2027,j10,1,5,1.41842889785767,0.538207054138184,2.19359588623047,0.283685779571533,42.3652567863464,STATISVM7,12,12,1,2026-10-08 15:29:17
nncl,nncl_numeric.cl_grid,clgrid_20_rmsprop_cl_start_s2027,j11,1,4,1.19685506820679,0.564143896102905,2.02784895896912,0.299213767051697,42.3652567863464,STATISVM7,12,12,1,2026-10-08 15:29:17
nncl,nncl_numeric.cl_grid,clgrid_20_rmsprop_cl_start_s2027,j12,1,7,1.47739911079407,0.552955865859985,2.28032493591309,0.211057015827724,42.3652567863464,STATISVM7,12,12,1,2026-10-08 15:29:17
nncl,nncl_numeric.cl_grid,clgrid_20_rmsprop_cl_start_s2027,j13,1,10,1.98492217063904,0.508738994598389,2.70118403434753,0.198492217063904,42.3652567863464,STATISVM7,12,12,1,2026-10-08 15:29:17
nncl,nncl_numeric.cl_grid,clgrid_20_rmsprop_cl_start_s2027,j14,1,4,1.10508584976196,0.52897310256958,1.84209895133972,0.276271462440491,42.3652567863464,STATISVM7,12,12,1,2026-10-08 15:29:17
nncl,nncl_numeric.cl_grid,clgrid_20_rmsprop_cl_start_s2027,j15,1,8,1.56713509559631,0.552645921707153,2.38477206230164,0.195891886949539,42.3652567863464,STATISVM7,12,12,1,2026-10-08 15:29:17
nncl,nncl_numeric.cl_grid,clgrid_20_rmsprop_cl_start_s2027,j16,1,4,1.18970894813538,0.540775060653687,1.92612910270691,0.297427237033844,42.3652567863464,STATISVM7,12,12,1,2026-10-08 15:29:17
nncl,nncl_numeric.cl_grid,clgrid_20_rmsprop_cl_start_s2027,j17,1,4,0.98663592338562,0.525211095809937,1.71134305000305,0.246658980846405,42.3652567863464,STATISVM7,12,12,1,2026-10-08 15:29:17
nncl,nncl_numeric.cl_grid,clgrid_20_rmsprop_cl_start_s2027,j18,1,3,1.07276296615601,0.516924142837524,1.78507399559021,0.357587655385335,42.3652567863464,STATISVM7,12,12,1,2026-10-08 15:29:17
nncl,nncl_numeric.cl_grid,clgrid_20_rmsprop_cl_start_s2027,j19,1,3,0.967434167861938,0.587669849395752,1.81472206115723,0.32247805595398,42.3652567863464,STATISVM7,12,12,1,2026-10-08 15:29:17
nncl,nncl_numeric.cl_grid,clgrid_20_sgd_cl_paper_s2026,j1,1,5,1.07770395278931,0.509492158889771,1.78368210792542,0.215540790557861,33.5571730136871,STATISVM7,12,12,1,2026-10-08 15:28:33
nncl,nncl_numeric.cl_grid,clgrid_20_sgd_cl_paper_s2026,j2,1,5,0.908934116363525,0.378495931625366,1.54544806480408,0.181786823272705,33.5571730136871,STATISVM7,12,12,1,2026-10-08 15:28:33
nncl,nncl_numeric.cl_grid,clgrid_20_sgd_cl_paper_s2026,j3,1,5,0.927470922470093,0.386252880096436,1.5152108669281,0.185494184494019,33.5571730136871,STATISVM7,12,12,1,2026-10-08 15:28:33
nncl,nncl_numeric.cl_grid,clgrid_20_sgd_cl_paper_s2026,j4,1,5,1.15039086341858,0.426080226898193,1.8148341178894,0.230078172683716,33.5571730136871,STATISVM7,12,12,1,2026-10-08 15:28:33
nncl,nncl_numeric.cl_grid,clgrid_20_sgd_cl_paper_s2026,j5,1,5,1.16132283210754,0.386306047439575,1.78071784973145,0.232264566421509,33.5571730136871,STATISVM7,12,12,1,2026-10-08 15:28:33
nncl,nncl_numeric.cl_grid,clgrid_20_sgd_cl_paper_s2026,j6,1,5,0.940275907516479,0.385270118713379,1.56896209716797,0.188055181503296,33.5571730136871,STATISVM7,12,12,1,2026-10-08 15:28:33
nncl,nncl_numeric.cl_grid,clgrid_20_sgd_cl_paper_s2026,j7,1,5,1.03682804107666,0.454456806182861,1.70539093017578,0.207365608215332,33.5571730136871,STATISVM7,12,12,1,2026-10-08 15:28:33
nncl,nncl_numeric.cl_grid,clgrid_20_sgd_cl_paper_s2026,j8,1,5,1.76474714279175,0.402522802352905,2.45132684707642,0.35294942855835,33.5571730136871,STATISVM7,12,12,1,2026-10-08 15:28:33
nncl,nncl_numeric.cl_grid,clgrid_20_sgd_cl_paper_s2026,j9,1,5,0.989360094070435,0.463104963302612,1.66113901138306,0.197872018814087,33.5571730136871,STATISVM7,12,12,1,2026-10-08 15:28:33
nncl,nncl_numeric.cl_grid,clgrid_20_sgd_cl_paper_s2026,j10,1,5,1.31063604354858,0.445991992950439,2.03909492492676,0.262127208709717,33.5571730136871,STATISVM7,12,12,1,2026-10-08 15:28:33
nncl,nncl_numeric.cl_grid,clgrid_20_sgd_cl_paper_s2026,j11,1,5,1.19510102272034,0.477493047714233,1.99905204772949,0.239020204544067,33.5571730136871,STATISVM7,12,12,1,2026-10-08 15:28:33
nncl,nncl_numeric.cl_grid,clgrid_20_sgd_cl_paper_s2026,j12,1,5,1.37738919258118,0.412253856658936,2.00231599807739,0.275477838516235,33.5571730136871,STATISVM7,12,12,1,2026-10-08 15:28:33
nncl,nncl_numeric.cl_grid,clgrid_20_sgd_cl_paper_s2026,j13,1,5,0.948690891265869,0.617062091827393,1.77623701095581,0.189738178253174,33.5571730136871,STATISVM7,12,12,1,2026-10-08 15:28:33
nncl,nncl_numeric.cl_grid,clgrid_20_sgd_cl_paper_s2026,j14,1,5,1.05610299110413,0.431365966796875,1.67569613456726,0.211220598220825,33.5571730136871,STATISVM7,12,12,1,2026-10-08 15:28:33
nncl,nncl_numeric.cl_grid,clgrid_20_sgd_cl_paper_s2026,j15,1,5,1.08102703094482,0.43103289604187,1.7493999004364,0.216205406188965,33.5571730136871,STATISVM7,12,12,1,2026-10-08 15:28:33
nncl,nncl_numeric.cl_grid,clgrid_20_sgd_cl_paper_s2026,j16,1,5,0.989087820053101,0.384140014648438,1.58782291412354,0.19781756401062,33.5571730136871,STATISVM7,12,12,1,2026-10-08 15:28:33
nncl,nncl_numeric.cl_grid,clgrid_20_sgd_cl_paper_s2026,j17,1,5,0.973392009735107,0.431497097015381,1.61562895774841,0.194678401947021,33.5571730136871,STATISVM7,12,12,1,2026-10-08 15:28:33
nncl,nncl_numeric.cl_grid,clgrid_20_sgd_cl_paper_s2026,j18,1,5,0.994675874710083,0.443801164627075,1.66420316696167,0.198935174942017,33.5571730136871,STATISVM7,12,12,1,2026-10-08 15:28:33
nncl,nncl_numeric.cl_grid,clgrid_20_sgd_cl_paper_s2026,j19,1,5,0.974884986877441,0.399877071380615,1.62101006507874,0.194976997375488,33.5571730136871,STATISVM7,12,12,1,2026-10-08 15:28:33
nncl,nncl_numeric.cl_grid,clgrid_20_sgd_cl_paper_s2027,j1,1,5,0.904667854309082,0.584990978240967,1.73695588111877,0.180933570861816,30.0205781459808,STATISVM7,12,12,1,2026-10-08 15:29:37
nncl,nncl_numeric.cl_grid,clgrid_20_sgd_cl_paper_s2027,j2,1,5,0.867269039154053,0.421113967895508,1.47971892356873,0.173453807830811,30.0205781459808,STATISVM7,12,12,1,2026-10-08 15:29:37
nncl,nncl_numeric.cl_grid,clgrid_20_sgd_cl_paper_s2027,j3,1,5,0.967242002487183,0.351006031036377,1.50049018859863,0.193448400497437,30.0205781459808,STATISVM7,12,12,1,2026-10-08 15:29:37
nncl,nncl_numeric.cl_grid,clgrid_20_sgd_cl_paper_s2027,j4,1,5,0.785244941711426,0.358402013778687,1.32446098327637,0.157048988342285,30.0205781459808,STATISVM7,12,12,1,2026-10-08 15:29:37
nncl,nncl_numeric.cl_grid,clgrid_20_sgd_cl_paper_s2027,j5,1,5,1.03784108161926,0.376168966293335,1.66629600524902,0.207568216323853,30.0205781459808,STATISVM7,12,12,1,2026-10-08 15:29:37
nncl,nncl_numeric.cl_grid,clgrid_20_sgd_cl_paper_s2027,j6,1,5,0.961098909378052,0.381123065948486,1.59875798225403,0.19221978187561,30.0205781459808,STATISVM7,12,12,1,2026-10-08 15:29:37
nncl,nncl_numeric.cl_grid,clgrid_20_sgd_cl_paper_s2027,j7,1,5,0.793764114379883,0.399266958236694,1.37310290336609,0.158752822875977,30.0205781459808,STATISVM7,12,12,1,2026-10-08 15:29:37
nncl,nncl_numeric.cl_grid,clgrid_20_sgd_cl_paper_s2027,j8,1,5,1.01074910163879,0.369472026824951,1.63908410072327,0.202149820327759,30.0205781459808,STATISVM7,12,12,1,2026-10-08 15:29:37
nncl,nncl_numeric.cl_grid,clgrid_20_sgd_cl_paper_s2027,j9,1,5,0.88393497467041,0.389467000961304,1.51367115974426,0.176786994934082,30.0205781459808,STATISVM7,12,12,1,2026-10-08 15:29:37
nncl,nncl_numeric.cl_grid,clgrid_20_sgd_cl_paper_s2027,j10,1,5,0.8491530418396,0.391429901123047,1.46952605247498,0.16983060836792,30.0205781459808,STATISVM7,12,12,1,2026-10-08 15:29:37
nncl,nncl_numeric.cl_grid,clgrid_20_sgd_cl_paper_s2027,j11,1,5,0.953959941864014,0.365126132965088,1.54182100296021,0.190791988372803,30.0205781459808,STATISVM7,12,12,1,2026-10-08 15:29:37
nncl,nncl_numeric.cl_grid,clgrid_20_sgd_cl_paper_s2027,j12,1,5,0.951895952224731,0.435522079467773,1.59955811500549,0.190379190444946,30.0205781459808,STATISVM7,12,12,1,2026-10-08 15:29:37
nncl,nncl_numeric.cl_grid,clgrid_20_sgd_cl_paper_s2027,j13,1,5,1.11273312568665,0.400541067123413,1.70787906646729,0.222546625137329,30.0205781459808,STATISVM7,12,12,1,2026-10-08 15:29:37
nncl,nncl_numeric.cl_grid,clgrid_20_sgd_cl_paper_s2027,j14,1,5,0.892219066619873,0.431753873825073,1.53796887397766,0.178443813323975,30.0205781459808,STATISVM7,12,12,1,2026-10-08 15:29:37
nncl,nncl_numeric.cl_grid,clgrid_20_sgd_cl_paper_s2027,j15,1,5,0.903197050094604,0.423667907714844,1.57831501960754,0.180639410018921,30.0205781459808,STATISVM7,12,12,1,2026-10-08 15:29:37
nncl,nncl_numeric.cl_grid,clgrid_20_sgd_cl_paper_s2027,j16,1,5,1.09308099746704,0.463119983673096,1.74884295463562,0.218616199493408,30.0205781459808,STATISVM7,12,12,1,2026-10-08 15:29:37
nncl,nncl_numeric.cl_grid,clgrid_20_sgd_cl_paper_s2027,j17,1,5,0.942704916000366,0.427957057952881,1.59845209121704,0.188540983200073,30.0205781459808,STATISVM7,12,12,1,2026-10-08 15:29:37
nncl,nncl_numeric.cl_grid,clgrid_20_sgd_cl_paper_s2027,j18,1,5,0.92399001121521,0.457613945007324,1.58155202865601,0.184798002243042,30.0205781459808,STATISVM7,12,12,1,2026-10-08 15:29:37
nncl,nncl_numeric.cl_grid,clgrid_20_sgd_cl_paper_s2027,j19,1,5,1.07431221008301,0.421261787414551,1.82412481307983,0.214862442016602,30.0205781459808,STATISVM7,12,12,1,2026-10-08 15:29:37
nncl,nncl_numeric.cl_grid,clgrid_20_sgd_cl_start_s2026,j1,1,3,0.803739070892334,0.589801073074341,1.60586714744568,0.267913023630778,36.5219571590424,STATISVM7,12,12,1,2026-10-08 15:29:06
nncl,nncl_numeric.cl_grid,clgrid_20_sgd_cl_start_s2026,j2,1,10,1.68614101409912,0.382122993469238,2.2697811126709,0.168614101409912,36.5219571590424,STATISVM7,12,12,1,2026-10-08 15:29:06
nncl,nncl_numeric.cl_grid,clgrid_20_sgd_cl_start_s2026,j3,1,10,1.65773296356201,0.344806909561157,2.25885987281799,0.165773296356201,36.5219571590424,STATISVM7,12,12,1,2026-10-08 15:29:06
nncl,nncl_numeric.cl_grid,clgrid_20_sgd_cl_start_s2026,j4,1,10,1.47708106040955,0.367263793945313,2.11593580245972,0.147708106040955,36.5219571590424,STATISVM7,12,12,1,2026-10-08 15:29:06
nncl,nncl_numeric.cl_grid,clgrid_20_sgd_cl_start_s2026,j5,1,10,1.46686911582947,0.384692907333374,2.09151005744934,0.146686911582947,36.5219571590424,STATISVM7,12,12,1,2026-10-08 15:29:06
nncl,nncl_numeric.cl_grid,clgrid_20_sgd_cl_start_s2026,j6,1,10,1.2918689250946,0.35636305809021,1.8664870262146,0.12918689250946,36.5219571590424,STATISVM7,12,12,1,2026-10-08 15:29:06
nncl,nncl_numeric.cl_grid,clgrid_20_sgd_cl_start_s2026,j7,1,10,1.4610059261322,0.386848926544189,2.04576396942139,0.14610059261322,36.5219571590424,STATISVM7,12,12,1,2026-10-08 15:29:06
nncl,nncl_numeric.cl_grid,clgrid_20_sgd_cl_start_s2026,j8,1,10,1.83895492553711,0.332617998123169,2.39626693725586,0.183895492553711,36.5219571590424,STATISVM7,12,12,1,2026-10-08 15:29:06
nncl,nncl_numeric.cl_grid,clgrid_20_sgd_cl_start_s2026,j9,1,7,1.14066100120544,0.367591142654419,1.73685216903687,0.162951571600778,36.5219571590424,STATISVM7,12,12,1,2026-10-08 15:29:06
nncl,nncl_numeric.cl_grid,clgrid_20_sgd_cl_start_s2026,j10,1,10,1.55612301826477,0.406534910202026,2.18016886711121,0.155612301826477,36.5219571590424,STATISVM7,12,12,1,2026-10-08 15:29:06
nncl,nncl_numeric.cl_grid,clgrid_20_sgd_cl_start_s2026,j11,1,9,1.43443083763123,0.415626049041748,2.05593800544739,0.159381204181247,36.5219571590424,STATISVM7,12,12,1,2026-10-08 15:29:06
nncl,nncl_numeric.cl_grid,clgrid_20_sgd_cl_start_s2026,j12,1,10,1.61023998260498,0.391386985778809,2.22300791740417,0.161023998260498,36.5219571590424,STATISVM7,12,12,1,2026-10-08 15:29:06
nncl,nncl_numeric.cl_grid,clgrid_20_sgd_cl_start_s2026,j13,1,10,1.82504606246948,0.446242094039917,2.49658894538879,0.182504606246948,36.5219571590424,STATISVM7,12,12,1,2026-10-08 15:29:06
nncl,nncl_numeric.cl_grid,clgrid_20_sgd_cl_start_s2026,j14,1,3,0.738999843597412,0.411104202270508,1.44680905342102,0.246333281199137,36.5219571590424,STATISVM7,12,12,1,2026-10-08 15:29:06
nncl,nncl_numeric.cl_grid,clgrid_20_sgd_cl_start_s2026,j15,1,3,0.801626920700073,0.40703010559082,1.44560313224792,0.267208973566691,36.5219571590424,STATISVM7,12,12,1,2026-10-08 15:29:06
nncl,nncl_numeric.cl_grid,clgrid_20_sgd_cl_start_s2026,j16,1,3,0.773941993713379,0.408263206481934,1.38187313079834,0.257980664571126,36.5219571590424,STATISVM7,12,12,1,2026-10-08 15:29:06
nncl,nncl_numeric.cl_grid,clgrid_20_sgd_cl_start_s2026,j17,1,3,0.741409063339233,0.434327840805054,1.37924194335938,0.247136354446411,36.5219571590424,STATISVM7,12,12,1,2026-10-08 15:29:06
nncl,nncl_numeric.cl_grid,clgrid_20_sgd_cl_start_s2026,j18,1,3,0.689962148666382,0.429910898208618,1.363765001297,0.229987382888794,36.5219571590424,STATISVM7,12,12,1,2026-10-08 15:29:06
nncl,nncl_numeric.cl_grid,clgrid_20_sgd_cl_start_s2026,j19,1,10,1.53409600257874,0.441424131393433,2.1616370677948,0.153409600257874,36.5219571590424,STATISVM7,12,12,1,2026-10-08 15:29:06
nncl,nncl_numeric.cl_grid,clgrid_20_sgd_cl_start_s2027,j1,1,3,0.681391000747681,0.422994136810303,1.30241513252258,0.22713033358256,36.5869493484497,STATISVM7,12,12,1,2026-10-08 15:29:43
nncl,nncl_numeric.cl_grid,clgrid_20_sgd_cl_start_s2027,j2,1,10,1.48995614051819,0.451925039291382,2.16641116142273,0.148995614051819,36.5869493484497,STATISVM7,12,12,1,2026-10-08 15:29:43
nncl,nncl_numeric.cl_grid,clgrid_20_sgd_cl_start_s2027,j3,1,10,1.64142203330994,0.438289880752564,2.26660895347595,0.164142203330994,36.5869493484497,STATISVM7,12,12,1,2026-10-08 15:29:43
nncl,nncl_numeric.cl_grid,clgrid_20_sgd_cl_start_s2027,j4,1,10,1.55234098434448,0.409572124481201,2.2560601234436,0.155234098434448,36.5869493484497,STATISVM7,12,12,1,2026-10-08 15:29:43
nncl,nncl_numeric.cl_grid,clgrid_20_sgd_cl_start_s2027,j5,1,10,1.68399715423584,0.457069873809815,2.34528088569641,0.168399715423584,36.5869493484497,STATISVM7,12,12,1,2026-10-08 15:29:43
nncl,nncl_numeric.cl_grid,clgrid_20_sgd_cl_start_s2027,j6,1,10,1.57033896446228,0.474570989608765,2.26768803596497,0.157033896446228,36.5869493484497,STATISVM7,12,12,1,2026-10-08 15:29:43
nncl,nncl_numeric.cl_grid,clgrid_20_sgd_cl_start_s2027,j7,1,10,1.49495196342468,0.450665950775147,2.17017698287964,0.149495196342468,36.5869493484497,STATISVM7,12,12,1,2026-10-08 15:29:43
nncl,nncl_numeric.cl_grid,clgrid_20_sgd_cl_start_s2027,j8,1,10,1.45844912528992,0.466008901596069,2.1291880607605,0.145844912528992,36.5869493484497,STATISVM7,12,12,1,2026-10-08 15:29:43
nncl,nncl_numeric.cl_grid,clgrid_20_sgd_cl_start_s2027,j9,1,3,0.701225996017456,0.430902004241943,1.43564105033875,0.233741998672485,36.5869493484497,STATISVM7,12,12,1,2026-10-08 15:29:43
nncl,nncl_numeric.cl_grid,clgrid_20_sgd_cl_start_s2027,j10,1,7,1.21911692619324,0.443506956100464,1.86003184318542,0.174159560884748,36.5869493484497,STATISVM7,12,12,1,2026-10-08 15:29:43
nncl,nncl_numeric.cl_grid,clgrid_20_sgd_cl_start_s2027,j11,1,3,0.778748989105225,0.437911033630371,1.42194700241089,0.259582996368408,36.5869493484497,STATISVM7,12,12,1,2026-10-08 15:29:43
nncl,nncl_numeric.cl_grid,clgrid_20_sgd_cl_start_s2027,j12,1,10,1.68847393989563,0.476421117782593,2.39087700843811,0.168847393989563,36.5869493484497,STATISVM7,12,12,1,2026-10-08 15:29:43
nncl,nncl_numeric.cl_grid,clgrid_20_sgd_cl_start_s2027,j13,1,10,1.48090791702271,0.480822086334229,2.16934418678284,0.148090791702271,36.5869493484497,STATISVM7,12,12,1,2026-10-08 15:29:43
nncl,nncl_numeric.cl_grid,clgrid_20_sgd_cl_start_s2027,j14,1,3,0.831480026245117,0.492852926254273,1.546226978302,0.277160008748372,36.5869493484497,STATISVM7,12,12,1,2026-10-08 15:29:43
nncl,nncl_numeric.cl_grid,clgrid_20_sgd_cl_start_s2027,j15,1,3,0.736737012863159,0.510514974594116,1.51828002929688,0.24557900428772,36.5869493484497,STATISVM7,12,12,1,2026-10-08 15:29:43
nncl,nncl_numeric.cl_grid,clgrid_20_sgd_cl_start_s2027,j16,1,3,0.864310026168823,0.465577840805054,1.6023428440094,0.288103342056274,36.5869493484497,STATISVM7,12,12,1,2026-10-08 15:29:43
nncl,nncl_numeric.cl_grid,clgrid_20_sgd_cl_start_s2027,j17,1,3,0.709163904190064,0.562703132629395,1.46709108352661,0.236387968063355,36.5869493484497,STATISVM7,12,12,1,2026-10-08 15:29:43
nncl,nncl_numeric.cl_grid,clgrid_20_sgd_cl_start_s2027,j18,1,10,1.53323888778687,0.485801935195923,2.22028994560242,0.153323888778687,36.5869493484497,STATISVM7,12,12,1,2026-10-08 15:29:43
nncl,nncl_numeric.cl_grid,clgrid_20_sgd_cl_start_s2027,j19,1,10,1.36048913002014,0.48704195022583,2.05104804039001,0.136048913002014,36.5869493484497,STATISVM7,12,12,1,2026-10-08 15:29:43
nncl,nncl_numeric.grid,grid_20_rmsprop_early_stop_s2026,j1,1,10,1.90819787979126,0.541086196899414,2.64183616638184,0.190819787979126,50.2929141521454,STATISVM7,12,12,1,2026-10-08 15:26:38
nncl,nncl_numeric.grid,grid_20_rmsprop_early_stop_s2026,j2,1,10,1.73718309402466,0.364183902740479,2.29294395446777,0.173718309402466,50.2929141521454,STATISVM7,12,12,1,2026-10-08 15:26:38
nncl,nncl_numeric.grid,grid_20_rmsprop_early_stop_s2026,j3,1,10,1.91112589836121,0.391254901885986,2.51067090034485,0.191112589836121,50.2929141521454,STATISVM7,12,12,1,2026-10-08 15:26:38
nncl,nncl_numeric.grid,grid_20_rmsprop_early_stop_s2026,j4,1,10,1.76138877868652,0.365111112594605,2.34483695030212,0.176138877868652,50.2929141521454,STATISVM7,12,12,1,2026-10-08 15:26:38
nncl,nncl_numeric.grid,grid_20_rmsprop_early_stop_s2026,j5,1,10,1.97392797470093,0.40588116645813,2.66176414489746,0.197392797470093,50.2929141521454,STATISVM7,12,12,1,2026-10-08 15:26:38
nncl,nncl_numeric.grid,grid_20_rmsprop_early_stop_s2026,j6,1,10,1.98288488388062,0.425485134124756,2.58985495567322,0.198288488388062,50.2929141521454,STATISVM7,12,12,1,2026-10-08 15:26:38
nncl,nncl_numeric.grid,grid_20_rmsprop_early_stop_s2026,j7,1,10,2.04691815376282,0.469559907913208,2.73909592628479,0.204691815376282,50.2929141521454,STATISVM7,12,12,1,2026-10-08 15:26:38
nncl,nncl_numeric.grid,grid_20_rmsprop_early_stop_s2026,j8,1,10,2.01998496055603,0.427876949310303,2.64620089530945,0.201998496055603,50.2929141521454,STATISVM7,12,12,1,2026-10-08 15:26:38
nncl,nncl_numeric.grid,grid_20_rmsprop_early_stop_s2026,j9,1,10,1.90857100486755,0.435540914535522,2.62535190582275,0.190857100486755,50.2929141521454,STATISVM7,12,12,1,2026-10-08 15:26:38
nncl,nncl_numeric.grid,grid_20_rmsprop_early_stop_s2026,j10,1,10,1.77307987213135,0.425538063049316,2.42784214019775,0.177307987213135,50.2929141521454,STATISVM7,12,12,1,2026-10-08 15:26:38
nncl,nncl_numeric.grid,grid_20_rmsprop_early_stop_s2026,j11,1,10,2.02035903930664,0.416086912155151,2.68816494941711,0.202035903930664,50.2929141521454,STATISVM7,12,12,1,2026-10-08 15:26:38
nncl,nncl_numeric.grid,grid_20_rmsprop_early_stop_s2026,j12,1,10,1.76354718208313,0.443955898284912,2.42261409759522,0.176354718208313,50.2929141521454,STATISVM7,12,12,1,2026-10-08 15:26:38
nncl,nncl_numeric.grid,grid_20_rmsprop_early_stop_s2026,j13,1,10,2.16357493400574,0.444265127182007,2.86340618133545,0.216357493400574,50.2929141521454,STATISVM7,12,12,1,2026-10-08 15:26:38
nncl,nncl_numeric.grid,grid_20_rmsprop_early_stop_s2026,j14,1,10,2.1530818939209,0.638226985931397,3.10203886032105,0.21530818939209,50.2929141521454,STATISVM7,12,12,1,2026-10-08 15:26:38
nncl,nncl_numeric.grid,grid_20_rmsprop_early_stop_s2026,j15,1,10,1.93307995796204,0.471878051757813,2.63332414627075,0.193307995796204,50.2929141521454,STATISVM7,12,12,1,2026-10-08 15:26:38
nncl,nncl_numeric.grid,grid_20_rmsprop_early_stop_s2026,j16,1,10,2.06546998023987,0.446532964706421,2.82493901252747,0.206546998023987,50.2929141521454,STATISVM7,12,12,1,2026-10-08 15:26:38
nncl,nncl_numeric.grid,grid_20_rmsprop_early_stop_s2026,j17,1,10,2.13794803619385,0.456153869628906,2.90553593635559,0.213794803619385,50.2929141521454,STATISVM7,12,12,1,2026-10-08 15:26:38
nncl,nncl_numeric.grid,grid_20_rmsprop_early_stop_s2026,j18,1,10,1.94696402549744,0.50111985206604,2.6691210269928,0.194696402549744,50.2929141521454,STATISVM7,12,12,1,2026-10-08 15:26:38
nncl,nncl_numeric.grid,grid_20_rmsprop_early_stop_s2026,j19,1,10,1.97073984146118,0.48079514503479,2.70337200164795,0.197073984146118,50.2929141521454,STATISVM7,12,12,1,2026-10-08 15:26:38
nncl,nncl_numeric.grid,grid_20_rmsprop_early_stop_s2027,j1,1,10,1.89935302734375,0.473484992980957,2.57105994224548,0.189935302734375,51.1307713985443,STATISVM7,12,12,1,2026-10-08 15:27:29
nncl,nncl_numeric.grid,grid_20_rmsprop_early_stop_s2027,j2,1,10,1.74583411216736,0.478595018386841,2.42647910118103,0.174583411216736,51.1307713985443,STATISVM7,12,12,1,2026-10-08 15:27:29
nncl,nncl_numeric.grid,grid_20_rmsprop_early_stop_s2027,j3,1,10,1.96894001960754,0.493185997009277,2.67970418930054,0.196894001960754,51.1307713985443,STATISVM7,12,12,1,2026-10-08 15:27:29
nncl,nncl_numeric.grid,grid_20_rmsprop_early_stop_s2027,j4,1,10,2.040776014328,0.511597871780396,2.7875828742981,0.2040776014328,51.1307713985443,STATISVM7,12,12,1,2026-10-08 15:27:29
nncl,nncl_numeric.grid,grid_20_rmsprop_early_stop_s2027,j5,1,10,1.87152099609375,0.49780011177063,2.5883150100708,0.187152099609375,51.1307713985443,STATISVM7,12,12,1,2026-10-08 15:27:29
nncl,nncl_numeric.grid,grid_20_rmsprop_early_stop_s2027,j6,1,10,1.85752511024475,0.535638093948364,2.64001202583313,0.185752511024475,51.1307713985443,STATISVM7,12,12,1,2026-10-08 15:27:29
nncl,nncl_numeric.grid,grid_20_rmsprop_early_stop_s2027,j7,1,10,1.95559906959534,0.527578830718994,2.73157095909119,0.195559906959534,51.1307713985443,STATISVM7,12,12,1,2026-10-08 15:27:29
nncl,nncl_numeric.grid,grid_20_rmsprop_early_stop_s2027,j8,1,10,2.07432913780212,0.553146839141846,2.84756803512573,0.207432913780212,51.1307713985443,STATISVM7,12,12,1,2026-10-08 15:27:29
nncl,nncl_numeric.grid,grid_20_rmsprop_early_stop_s2027,j9,1,10,1.96920394897461,0.521435022354126,2.72698402404785,0.196920394897461,51.1307713985443,STATISVM7,12,12,1,2026-10-08 15:27:29
nncl,nncl_numeric.grid,grid_20_rmsprop_early_stop_s2027,j10,1,10,1.92656302452087,0.563369035720825,2.69513607025147,0.192656302452087,51.1307713985443,STATISVM7,12,12,1,2026-10-08 15:27:29
nncl,nncl_numeric.grid,grid_20_rmsprop_early_stop_s2027,j11,1,10,1.7297511100769,0.52034592628479,2.47234606742859,0.17297511100769,51.1307713985443,STATISVM7,12,12,1,2026-10-08 15:27:29
nncl,nncl_numeric.grid,grid_20_rmsprop_early_stop_s2027,j12,1,10,2.00534415245056,0.445365905761719,2.67944693565369,0.200534415245056,51.1307713985443,STATISVM7,12,12,1,2026-10-08 15:27:29
nncl,nncl_numeric.grid,grid_20_rmsprop_early_stop_s2027,j13,1,10,1.70444297790527,0.526298999786377,2.45109605789185,0.170444297790527,51.1307713985443,STATISVM7,12,12,1,2026-10-08 15:27:29
nncl,nncl_numeric.grid,grid_20_rmsprop_early_stop_s2027,j14,1,10,1.90267610549927,0.556802034378052,2.68349695205689,0.190267610549927,51.1307713985443,STATISVM7,12,12,1,2026-10-08 15:27:29
nncl,nncl_numeric.grid,grid_20_rmsprop_early_stop_s2027,j15,1,10,1.84874486923218,0.552775144577026,2.59953713417053,0.184874486923218,51.1307713985443,STATISVM7,12,12,1,2026-10-08 15:27:29
nncl,nncl_numeric.grid,grid_20_rmsprop_early_stop_s2027,j16,1,10,2.01223182678223,0.561894178390503,2.78681802749634,0.201223182678223,51.1307713985443,STATISVM7,12,12,1,2026-10-08 15:27:29
nncl,nncl_numeric.grid,grid_20_rmsprop_early_stop_s2027,j17,1,10,2.04871320724487,0.58552098274231,2.87341213226318,0.204871320724487,51.1307713985443,STATISVM7,12,12,1,2026-10-08 15:27:29
nncl,nncl_numeric.grid,grid_20_rmsprop_early_stop_s2027,j18,1,10,2.27581810951233,0.615765810012817,3.14245796203613,0.227581810951233,51.1307713985443,STATISVM7,12,12,1,2026-10-08 15:27:29
nncl,nncl_numeric.grid,grid_20_rmsprop_early_stop_s2027,j19,1,10,1.92505884170532,0.571418046951294,2.74774789810181,0.192505884170532,51.1307713985443,STATISVM7,12,12,1,2026-10-08 15:27:29
nncl,nncl_numeric.grid,grid_20_rmsprop_paper_s2026,j1,1,5,1.19055795669556,0.553621053695679,1.973140001297,0.238111591339111,37.0132389068604,STATISVM7,12,12,1,2026-10-08 15:19:45
nncl,nncl_numeric.grid,grid_20_rmsprop_paper_s2026,j2,1,5,1.39434814453125,0.409635066986084,2.04741215705872,0.27886962890625,37.0132389068604,STATISVM7,12,12,1,2026-10-08 15:19:45
nncl,nncl_numeric.grid,grid_20_rmsprop_paper_s2026,j3,1,5,1.38606095314026,0.404569864273071,2.11400198936462,0.277212190628052,37.0132389068604,STATISVM7,12,12,1,2026-10-08 15:19:45
nncl,nncl_numeric.grid,grid_20_rmsprop_paper_s2026,j4,1,5,1.38344812393188,0.410631895065308,2.03224897384644,0.276689624786377,37.0132389068604,STATISVM7,12,12,1,2026-10-08 15:19:45
nncl,nncl_numeric.grid,grid_20_rmsprop_paper_s2026,j5,1,5,1.22047281265259,0.403350114822388,1.860759973526,0.244094562530518,37.0132389068604,STATISVM7,12,12,1,2026-10-08 15:19:45
nncl,nncl_numeric.grid,grid_20_rmsprop_paper_s2026,j6,1,5,1.11631393432617,0.375872135162354,1.68498110771179,0.223262786865234,37.0132389068604,STATISVM7,12,12,1,2026-10-08 15:19:45
nncl,nncl_numeric.grid,grid_20_rmsprop_paper_s2026,j7,1,5,1.3757050037384,0.411702871322632,1.99474906921387,0.275141000747681,37.0132389068604,STATISVM7,12,12,1,2026-10-08 15:19:45
nncl,nncl_numeric.grid,grid_20_rmsprop_paper_s2026,j8,1,5,1.36390805244446,0.403645992279053,1.96696901321411,0.272781610488892,37.0132389068604,STATISVM7,12,12,1,2026-10-08 15:19:45
nncl,nncl_numeric.grid,grid_20_rmsprop_paper_s2026,j9,1,5,0.993129014968872,0.367759943008423,1.55879282951355,0.198625802993774,37.0132389068604,STATISVM7,12,12,1,2026-10-08 15:19:45
nncl,nncl_numeric.grid,grid_20_rmsprop_paper_s2026,j10,1,5,1.31362795829773,0.444102048873901,1.97298192977905,0.262725591659546,37.0132389068604,STATISVM7,12,12,1,2026-10-08 15:19:45
nncl,nncl_numeric.grid,grid_20_rmsprop_paper_s2026,j11,1,5,1.38845491409302,0.417207002639771,2.01309680938721,0.277690982818604,37.0132389068604,STATISVM7,12,12,1,2026-10-08 15:19:45
nncl,nncl_numeric.grid,grid_20_rmsprop_paper_s2026,j12,1,5,1.22492098808289,0.409346103668213,1.83056306838989,0.244984197616577,37.0132389068604,STATISVM7,12,12,1,2026-10-08 15:19:45
nncl,nncl_numeric.grid,grid_20_rmsprop_paper_s2026,j13,1,5,1.22653102874756,0.42951488494873,1.83772492408752,0.245306205749512,37.0132389068604,STATISVM7,12,12,1,2026-10-08 15:19:45
nncl,nncl_numeric.grid,grid_20_rmsprop_paper_s2026,j14,1,5,1.23512601852417,0.421067953109741,1.9072949886322,0.247025203704834,37.0132389068604,STATISVM7,12,12,1,2026-10-08 15:19:45
nncl,nncl_numeric.grid,grid_20_rmsprop_paper_s2026,j15,1,5,1.32518696784973,0.419234991073608,1.96057200431824,0.265037393569946,37.0132389068604,STATISVM7,12,12,1,2026-10-08 15:19:45
nncl,nncl_numeric.grid,grid_20_rmsprop_paper_s2026,j16,1,5,1.30840802192688,0.485507965087891,2.01029300689697,0.261681604385376,37.0132389068604,STATISVM7,12,12,1,2026-10-08 15:19:45
nncl,nncl_numeric.grid,grid_20_rmsprop_paper_s2026,j17,1,5,1.32809782028198,0.460148096084595,1.98662805557251,0.265619564056397,37.0132389068604,STATISVM7,12,12,1,2026-10-08 15:19:45
nncl,nncl_numeric.grid,grid_20_rmsprop_paper_s2026,j18,1,5,1.39552712440491,0.502304077148438,2.09360599517822,0.279105424880981,37.0132389068604,STATISVM7,12,12,1,2026-10-08 15:19:45
nncl,nncl_numeric.grid,grid_20_rmsprop_paper_s2026,j19,1,5,1.43797993659973,0.530225038528442,2.16742300987244,0.287595987319946,37.0132389068604,STATISVM7,12,12,1,2026-10-08 15:19:45
nncl,nncl_numeric.grid,grid_20_rmsprop_paper_s2027,j1,1,5,1.34638595581055,0.449348926544189,2.05064296722412,0.269277191162109,38.7207653522492,STATISVM7,12,12,1,2026-10-08 15:27:06
nncl,nncl_numeric.grid,grid_20_rmsprop_paper_s2027,j2,1,5,1.57034683227539,0.490206956863403,2.38338494300842,0.314069366455078,38.7207653522492,STATISVM7,12,12,1,2026-10-08 15:27:06
nncl,nncl_numeric.grid,grid_20_rmsprop_paper_s2027,j3,1,5,1.30327796936035,0.466494083404541,2.00550103187561,0.26065559387207,38.7207653522492,STATISVM7,12,12,1,2026-10-08 15:27:06
nncl,nncl_numeric.grid,grid_20_rmsprop_paper_s2027,j4,1,5,1.3219530582428,0.461390018463135,2.01818609237671,0.26439061164856,38.7207653522492,STATISVM7,12,12,1,2026-10-08 15:27:06
nncl,nncl_numeric.grid,grid_20_rmsprop_paper_s2027,j5,1,5,1.33709979057312,0.419442176818848,1.99021100997925,0.267419958114624,38.7207653522492,STATISVM7,12,12,1,2026-10-08 15:27:06
nncl,nncl_numeric.grid,grid_20_rmsprop_paper_s2027,j6,1,5,1.54330706596375,0.611050844192505,2.35465788841248,0.308661413192749,38.7207653522492,STATISVM7,12,12,1,2026-10-08 15:27:06
nncl,nncl_numeric.grid,grid_20_rmsprop_paper_s2027,j7,1,5,1.18065094947815,0.46741795539856,1.8613440990448,0.23613018989563,38.7207653522492,STATISVM7,12,12,1,2026-10-08 15:27:06
nncl,nncl_numeric.grid,grid_20_rmsprop_paper_s2027,j8,1,5,1.19642615318298,0.463837862014771,1.92707085609436,0.239285230636597,38.7207653522492,STATISVM7,12,12,1,2026-10-08 15:27:06
nncl,nncl_numeric.grid,grid_20_rmsprop_paper_s2027,j9,1,5,1.23857593536377,0.483036994934082,1.96062588691711,0.247715187072754,38.7207653522492,STATISVM7,12,12,1,2026-10-08 15:27:06
nncl,nncl_numeric.grid,grid_20_rmsprop_paper_s2027,j10,1,5,1.31911897659302,0.477384090423584,1.98680210113525,0.263823795318604,38.7207653522492,STATISVM7,12,12,1,2026-10-08 15:27:06
nncl,nncl_numeric.grid,grid_20_rmsprop_paper_s2027,j11,1,5,1.2793459892273,0.481125116348267,2.0015811920166,0.255869197845459,38.7207653522492,STATISVM7,12,12,1,2026-10-08 15:27:06
nncl,nncl_numeric.grid,grid_20_rmsprop_paper_s2027,j12,1,5,1.31652593612671,0.475298166275024,2.09047508239746,0.263305187225342,38.7207653522492,STATISVM7,12,12,1,2026-10-08 15:27:06
nncl,nncl_numeric.grid,grid_20_rmsprop_paper_s2027,j13,1,5,1.22178888320923,0.493721961975098,1.92675995826721,0.244357776641846,38.7207653522492,STATISVM7,12,12,1,2026-10-08 15:27:06
nncl,nncl_numeric.grid,grid_20_rmsprop_paper_s2027,j14,1,5,1.27041411399841,0.543056964874268,2.03736805915833,0.254082822799683,38.7207653522492,STATISVM7,12,12,1,2026-10-08 15:27:06
nncl,nncl_numeric.grid,grid_20_rmsprop_paper_s2027,j15,1,5,1.2891960144043,0.635534048080444,2.13882803916931,0.257839202880859,38.7207653522492,STATISVM7,12,12,1,2026-10-08 15:27:06
nncl,nncl_numeric.grid,grid_20_rmsprop_paper_s2027,j16,1,5,1.23928904533386,0.538763046264648,1.9852020740509,0.247857809066772,38.7207653522492,STATISVM7,12,12,1,2026-10-08 15:27:06
nncl,nncl_numeric.grid,grid_20_rmsprop_paper_s2027,j17,1,5,1.24008297920227,0.540492057800293,1.99646401405334,0.248016595840454,38.7207653522492,STATISVM7,12,12,1,2026-10-08 15:27:06
nncl,nncl_numeric.grid,grid_20_rmsprop_paper_s2027,j18,1,5,1.21970105171204,0.540170907974243,1.96626901626587,0.243940210342407,38.7207653522492,STATISVM7,12,12,1,2026-10-08 15:27:06
nncl,nncl_numeric.grid,grid_20_rmsprop_paper_s2027,j19,1,5,1.30841207504272,0.536029100418091,2.039391040802,0.261682415008545,38.7207653522492,STATISVM7,12,12,1,2026-10-08 15:27:06
nncl,nncl_numeric.grid,grid_20_sgd_early_stop_s2026,j1,1,10,2.04673099517822,0.609706878662109,2.88860487937927,0.204673099517822,45.3325109481812,STATISVM7,12,12,1,2026-10-08 15:27:07
nncl,nncl_numeric.grid,grid_20_sgd_early_stop_s2026,j2,1,10,1.84565997123718,0.396960020065308,2.46307516098022,0.184565997123718,45.3325109481812,STATISVM7,12,12,1,2026-10-08 15:27:07
nncl,nncl_numeric.grid,grid_20_sgd_early_stop_s2026,j3,1,10,1.74881601333618,0.395067930221558,2.38311815261841,0.174881601333618,45.3325109481812,STATISVM7,12,12,1,2026-10-08 15:27:07
nncl,nncl_numeric.grid,grid_20_sgd_early_stop_s2026,j4,1,10,1.75690889358521,0.47542405128479,2.43645596504211,0.175690889358521,45.3325109481812,STATISVM7,12,12,1,2026-10-08 15:27:07
nncl,nncl_numeric.grid,grid_20_sgd_early_stop_s2026,j5,1,10,1.69628500938416,0.387616157531738,2.32308912277222,0.169628500938416,45.3325109481812,STATISVM7,12,12,1,2026-10-08 15:27:07
nncl,nncl_numeric.grid,grid_20_sgd_early_stop_s2026,j6,1,10,1.64736080169678,0.389736175537109,2.22696709632874,0.164736080169678,45.3325109481812,STATISVM7,12,12,1,2026-10-08 15:27:07
nncl,nncl_numeric.grid,grid_20_sgd_early_stop_s2026,j7,1,10,2.40911889076233,0.414073944091797,3.04583692550659,0.240911889076233,45.3325109481812,STATISVM7,12,12,1,2026-10-08 15:27:07
nncl,nncl_numeric.grid,grid_20_sgd_early_stop_s2026,j8,1,10,1.48876786231995,0.461970090866089,2.21796417236328,0.148876786231995,45.3325109481812,STATISVM7,12,12,1,2026-10-08 15:27:07
nncl,nncl_numeric.grid,grid_20_sgd_early_stop_s2026,j9,1,10,1.46729612350464,0.36919093132019,2.08140206336975,0.146729612350464,45.3325109481812,STATISVM7,12,12,1,2026-10-08 15:27:07
nncl,nncl_numeric.grid,grid_20_sgd_early_stop_s2026,j10,1,10,1.63841009140015,0.392196893692017,2.23930096626282,0.163841009140015,45.3325109481812,STATISVM7,12,12,1,2026-10-08 15:27:07
nncl,nncl_numeric.grid,grid_20_sgd_early_stop_s2026,j11,1,10,1.71904301643372,0.403898000717163,2.31346011161804,0.171904301643372,45.3325109481812,STATISVM7,12,12,1,2026-10-08 15:27:07
nncl,nncl_numeric.grid,grid_20_sgd_early_stop_s2026,j12,1,10,1.69732093811035,0.408827066421509,2.33101010322571,0.169732093811035,45.3325109481812,STATISVM7,12,12,1,2026-10-08 15:27:07
nncl,nncl_numeric.grid,grid_20_sgd_early_stop_s2026,j13,1,10,1.64870500564575,0.446323156356812,2.31836199760437,0.164870500564575,45.3325109481812,STATISVM7,12,12,1,2026-10-08 15:27:07
nncl,nncl_numeric.grid,grid_20_sgd_early_stop_s2026,j14,1,10,1.78466010093689,0.403805017471314,2.42404699325562,0.178466010093689,45.3325109481812,STATISVM7,12,12,1,2026-10-08 15:27:07
nncl,nncl_numeric.grid,grid_20_sgd_early_stop_s2026,j15,1,10,1.72937798500061,0.41233491897583,2.3588240146637,0.172937798500061,45.3325109481812,STATISVM7,12,12,1,2026-10-08 15:27:07
nncl,nncl_numeric.grid,grid_20_sgd_early_stop_s2026,j16,1,10,1.56451606750488,0.404498815536499,2.17739987373352,0.156451606750488,45.3325109481812,STATISVM7,12,12,1,2026-10-08 15:27:07
nncl,nncl_numeric.grid,grid_20_sgd_early_stop_s2026,j17,1,10,1.73025107383728,0.420942068099976,2.37086009979248,0.173025107383728,45.3325109481812,STATISVM7,12,12,1,2026-10-08 15:27:07
nncl,nncl_numeric.grid,grid_20_sgd_early_stop_s2026,j18,1,10,1.73257303237915,0.445991039276123,2.41593813896179,0.173257303237915,45.3325109481812,STATISVM7,12,12,1,2026-10-08 15:27:07
nncl,nncl_numeric.grid,grid_20_sgd_early_stop_s2026,j19,1,10,1.66359996795654,0.419193029403687,2.31679511070251,0.166359996795654,45.3325109481812,STATISVM7,12,12,1,2026-10-08 15:27:07
nncl,nncl_numeric.grid,grid_20_sgd_early_stop_s2027,j1,1,10,1.52623105049133,0.375164031982422,2.16875004768372,0.152623105049133,43.3640248775482,STATISVM7,12,12,1,2026-10-08 15:27:51
nncl,nncl_numeric.grid,grid_20_sgd_early_stop_s2027,j2,1,10,1.46468901634216,0.452291965484619,2.14507102966309,0.146468901634216,43.3640248775482,STATISVM7,12,12,1,2026-10-08 15:27:51
nncl,nncl_numeric.grid,grid_20_sgd_early_stop_s2027,j3,1,10,1.64206194877625,0.436452150344849,2.28021812438965,0.164206194877625,43.3640248775482,STATISVM7,12,12,1,2026-10-08 15:27:51
nncl,nncl_numeric.grid,grid_20_sgd_early_stop_s2027,j4,1,10,1.45909714698792,0.433851957321167,2.11918902397156,0.145909714698792,43.3640248775482,STATISVM7,12,12,1,2026-10-08 15:27:51
nncl,nncl_numeric.grid,grid_20_sgd_early_stop_s2027,j5,1,10,1.66029906272888,0.488138914108276,2.3530900478363,0.166029906272888,43.3640248775482,STATISVM7,12,12,1,2026-10-08 15:27:51
nncl,nncl_numeric.grid,grid_20_sgd_early_stop_s2027,j6,1,10,1.71850895881653,0.429383993148804,2.39989900588989,0.171850895881653,43.3640248775482,STATISVM7,12,12,1,2026-10-08 15:27:51
nncl,nncl_numeric.grid,grid_20_sgd_early_stop_s2027,j7,1,10,1.68190217018127,0.433326005935669,2.38687705993652,0.168190217018127,43.3640248775482,STATISVM7,12,12,1,2026-10-08 15:27:51
nncl,nncl_numeric.grid,grid_20_sgd_early_stop_s2027,j8,1,10,1.92883992195129,0.489589214324951,2.65889811515808,0.192883992195129,43.3640248775482,STATISVM7,12,12,1,2026-10-08 15:27:51
nncl,nncl_numeric.grid,grid_20_sgd_early_stop_s2027,j9,1,10,1.54346585273743,0.451507091522217,2.24812507629395,0.154346585273743,43.3640248775482,STATISVM7,12,12,1,2026-10-08 15:27:51
nncl,nncl_numeric.grid,grid_20_sgd_early_stop_s2027,j10,1,10,1.49384188652039,0.470152139663696,2.18329405784607,0.149384188652039,43.3640248775482,STATISVM7,12,12,1,2026-10-08 15:27:51
nncl,nncl_numeric.grid,grid_20_sgd_early_stop_s2027,j11,1,10,1.91505098342896,0.44520902633667,2.61615610122681,0.191505098342896,43.3640248775482,STATISVM7,12,12,1,2026-10-08 15:27:51
nncl,nncl_numeric.grid,grid_20_sgd_early_stop_s2027,j12,1,10,1.62351393699646,0.45828104019165,2.27687001228333,0.162351393699646,43.3640248775482,STATISVM7,12,12,1,2026-10-08 15:27:51
nncl,nncl_numeric.grid,grid_20_sgd_early_stop_s2027,j13,1,10,1.48411512374878,0.457589864730835,2.2257559299469,0.148411512374878,43.3640248775482,STATISVM7,12,12,1,2026-10-08 15:27:51
nncl,nncl_numeric.grid,grid_20_sgd_early_stop_s2027,j14,1,10,1.71823000907898,0.475563049316406,2.41585516929626,0.171823000907898,43.3640248775482,STATISVM7,12,12,1,2026-10-08 15:27:51
nncl,nncl_numeric.grid,grid_20_sgd_early_stop_s2027,j15,1,10,1.6745719909668,0.460180044174194,2.37307190895081,0.16745719909668,43.3640248775482,STATISVM7,12,12,1,2026-10-08 15:27:51
nncl,nncl_numeric.grid,grid_20_sgd_early_stop_s2027,j16,1,10,1.7363588809967,0.449932098388672,2.40368103981018,0.17363588809967,43.3640248775482,STATISVM7,12,12,1,2026-10-08 15:27:51
nncl,nncl_numeric.grid,grid_20_sgd_early_stop_s2027,j17,1,10,1.45177102088928,0.489525079727173,2.17024993896484,0.145177102088928,43.3640248775482,STATISVM7,12,12,1,2026-10-08 15:27:51
nncl,nncl_numeric.grid,grid_20_sgd_early_stop_s2027,j18,1,3,0.672679901123047,0.469121932983398,1.36260104179382,0.224226633707682,43.3640248775482,STATISVM7,12,12,1,2026-10-08 15:27:51
nncl,nncl_numeric.grid,grid_20_sgd_early_stop_s2027,j19,1,10,1.89019799232483,0.463472127914429,2.57637214660645,0.189019799232483,43.3640248775482,STATISVM7,12,12,1,2026-10-08 15:27:51
nncl,nncl_numeric.grid,grid_20_sgd_paper_s2026,j1,1,5,1.06390309333801,0.506927013397217,1.77814316749573,0.212780618667603,32.4608519077301,STATISVM7,12,12,1,2026-10-08 15:26:27
nncl,nncl_numeric.grid,grid_20_sgd_paper_s2026,j2,1,5,1.02436304092407,0.358160018920898,1.6058840751648,0.204872608184814,32.4608519077301,STATISVM7,12,12,1,2026-10-08 15:26:27
nncl,nncl_numeric.grid,grid_20_sgd_paper_s2026,j3,1,5,0.961599111557007,0.389819860458374,1.58024883270264,0.192319822311401,32.4608519077301,STATISVM7,12,12,1,2026-10-08 15:26:27
nncl,nncl_numeric.grid,grid_20_sgd_paper_s2026,j4,1,5,0.867464065551758,0.355000972747803,1.44688296318054,0.173492813110352,32.4608519077301,STATISVM7,12,12,1,2026-10-08 15:26:27
nncl,nncl_numeric.grid,grid_20_sgd_paper_s2026,j5,1,5,1.12473487854004,0.393133163452148,1.73273897171021,0.224946975708008,32.4608519077301,STATISVM7,12,12,1,2026-10-08 15:26:27
nncl,nncl_numeric.grid,grid_20_sgd_paper_s2026,j6,1,5,0.970258951187134,0.433778047561646,1.63786292076111,0.194051790237427,32.4608519077301,STATISVM7,12,12,1,2026-10-08 15:26:27
nncl,nncl_numeric.grid,grid_20_sgd_paper_s2026,j7,1,5,1.03837394714355,0.37832498550415,1.64710998535156,0.207674789428711,32.4608519077301,STATISVM7,12,12,1,2026-10-08 15:26:27
nncl,nncl_numeric.grid,grid_20_sgd_paper_s2026,j8,1,5,0.994052886962891,0.377655029296875,1.62148809432983,0.198810577392578,32.4608519077301,STATISVM7,12,12,1,2026-10-08 15:26:27
nncl,nncl_numeric.grid,grid_20_sgd_paper_s2026,j9,1,5,1.42067098617554,0.409512996673584,2.04790282249451,0.284134197235107,32.4608519077301,STATISVM7,12,12,1,2026-10-08 15:26:27
nncl,nncl_numeric.grid,grid_20_sgd_paper_s2026,j10,1,5,0.97973108291626,0.41340184211731,1.62805104255676,0.195946216583252,32.4608519077301,STATISVM7,12,12,1,2026-10-08 15:26:27
nncl,nncl_numeric.grid,grid_20_sgd_paper_s2026,j11,1,5,0.862848997116089,0.388056039810181,1.44704103469849,0.172569799423218,32.4608519077301,STATISVM7,12,12,1,2026-10-08 15:26:27
nncl,nncl_numeric.grid,grid_20_sgd_paper_s2026,j12,1,5,1.0854389667511,0.439474105834961,1.74462008476257,0.21708779335022,32.4608519077301,STATISVM7,12,12,1,2026-10-08 15:26:27
nncl,nncl_numeric.grid,grid_20_sgd_paper_s2026,j13,1,5,1.02073502540588,0.461632013320923,1.7525680065155,0.204147005081177,32.4608519077301,STATISVM7,12,12,1,2026-10-08 15:26:27
nncl,nncl_numeric.grid,grid_20_sgd_paper_s2026,j14,1,5,1.05869078636169,0.395178079605103,1.65749001502991,0.211738157272339,32.4608519077301,STATISVM7,12,12,1,2026-10-08 15:26:27
nncl,nncl_numeric.grid,grid_20_sgd_paper_s2026,j15,1,5,1.12696003913879,0.457246065139771,1.80197906494141,0.225392007827759,32.4608519077301,STATISVM7,12,12,1,2026-10-08 15:26:27
nncl,nncl_numeric.grid,grid_20_sgd_paper_s2026,j16,1,5,1.06666898727417,0.419461965560913,1.77682304382324,0.213333797454834,32.4608519077301,STATISVM7,12,12,1,2026-10-08 15:26:27
nncl,nncl_numeric.grid,grid_20_sgd_paper_s2026,j17,1,5,1.24026203155518,0.44242000579834,1.91664791107178,0.248052406311035,32.4608519077301,STATISVM7,12,12,1,2026-10-08 15:26:27
nncl,nncl_numeric.grid,grid_20_sgd_paper_s2026,j18,1,5,1.17575597763062,0.474954843521118,1.8923978805542,0.235151195526123,32.4608519077301,STATISVM7,12,12,1,2026-10-08 15:26:27
nncl,nncl_numeric.grid,grid_20_sgd_paper_s2026,j19,1,5,1.04596710205078,0.44968581199646,1.74497199058533,0.209193420410156,32.4608519077301,STATISVM7,12,12,1,2026-10-08 15:26:27
nncl,nncl_numeric.grid,grid_20_sgd_paper_s2027,j1,1,5,1.09668016433716,0.563778877258301,1.89480495452881,0.219336032867432,34.9048573970795,STATISVM7,12,12,1,2026-10-08 15:27:41
nncl,nncl_numeric.grid,grid_20_sgd_paper_s2027,j2,1,5,0.953704118728638,0.544494867324829,1.73020005226135,0.190740823745728,34.9048573970795,STATISVM7,12,12,1,2026-10-08 15:27:41
nncl,nncl_numeric.grid,grid_20_sgd_paper_s2027,j3,1,5,0.887338161468506,0.536019802093506,1.65049481391907,0.177467632293701,34.9048573970795,STATISVM7,12,12,1,2026-10-08 15:27:41
nncl,nncl_numeric.grid,grid_20_sgd_paper_s2027,j4,1,5,1.06427216529846,0.563820838928223,1.85297894477844,0.212854433059692,34.9048573970795,STATISVM7,12,12,1,2026-10-08 15:27:41
nncl,nncl_numeric.grid,grid_20_sgd_paper_s2027,j5,1,5,1.01831603050232,0.542169809341431,1.79575300216675,0.203663206100464,34.9048573970795,STATISVM7,12,12,1,2026-10-08 15:27:41
nncl,nncl_numeric.grid,grid_20_sgd_paper_s2027,j6,1,5,1.05521106719971,0.527086973190308,1.82362484931946,0.211042213439941,34.9048573970795,STATISVM7,12,12,1,2026-10-08 15:27:41
nncl,nncl_numeric.grid,grid_20_sgd_paper_s2027,j7,1,5,0.985518932342529,0.542951107025147,1.73729205131531,0.197103786468506,34.9048573970795,STATISVM7,12,12,1,2026-10-08 15:27:41
nncl,nncl_numeric.grid,grid_20_sgd_paper_s2027,j8,1,5,1.05255198478699,0.537963151931763,1.79653811454773,0.210510396957397,34.9048573970795,STATISVM7,12,12,1,2026-10-08 15:27:41
nncl,nncl_numeric.grid,grid_20_sgd_paper_s2027,j9,1,5,1.06921911239624,0.549929857254028,1.84857201576233,0.213843822479248,34.9048573970795,STATISVM7,12,12,1,2026-10-08 15:27:41
nncl,nncl_numeric.grid,grid_20_sgd_paper_s2027,j10,1,5,1.07220602035522,0.627465009689331,2.00951600074768,0.214441204071045,34.9048573970795,STATISVM7,12,12,1,2026-10-08 15:27:41
nncl,nncl_numeric.grid,grid_20_sgd_paper_s2027,j11,1,5,0.975035905838013,0.695513010025024,1.92391800880432,0.195007181167603,34.9048573970795,STATISVM7,12,12,1,2026-10-08 15:27:41
nncl,nncl_numeric.grid,grid_20_sgd_paper_s2027,j12,1,5,1.10729908943176,0.554061889648438,1.90179681777954,0.221459817886353,34.9048573970795,STATISVM7,12,12,1,2026-10-08 15:27:41
nncl,nncl_numeric.grid,grid_20_sgd_paper_s2027,j13,1,5,0.896361827850342,0.595172166824341,1.70705103874207,0.179272365570068,34.9048573970795,STATISVM7,12,12,1,2026-10-08 15:27:41
nncl,nncl_numeric.grid,grid_20_sgd_paper_s2027,j14,1,5,1.19260001182556,0.548664093017578,2.0165901184082,0.238520002365112,34.9048573970795,STATISVM7,12,12,1,2026-10-08 15:27:41
nncl,nncl_numeric.grid,grid_20_sgd_paper_s2027,j15,1,5,1.11353802680969,0.663711071014404,2.03341317176819,0.222707605361938,34.9048573970795,STATISVM7,12,12,1,2026-10-08 15:27:41
nncl,nncl_numeric.grid,grid_20_sgd_paper_s2027,j16,1,5,0.980597019195557,0.581390142440796,1.79284119606018,0.196119403839111,34.9048573970795,STATISVM7,12,12,1,2026-10-08 15:27:41
nncl,nncl_numeric.grid,grid_20_sgd_paper_s2027,j17,1,5,0.890514850616455,0.604273080825806,1.72560214996338,0.178102970123291,34.9048573970795,STATISVM7,12,12,1,2026-10-08 15:27:41
nncl,nncl_numeric.grid,grid_20_sgd_paper_s2027,j18,1,5,1.09177899360657,0.607655048370361,1.96072101593018,0.218355798721313,34.9048573970795,STATISVM7,12,12,1,2026-10-08 15:27:41
nncl,nncl_numeric.grid,grid_20_sgd_paper_s2027,j19,1,5,0.864927053451538,0.622069120407105,1.70314908027649,0.172985410690308,34.9048573970795,STATISVM7,12,12,1,2026-10-08 15:27:41
nncl,nncl_numeric.main,paper_q10,j1,1,5,1.16610097885132,0.418006658554077,1.78534770011902,0.233220195770264,34.0550587177277,vm,4,4,1,2026-10-08 11:57:28
nncl,nncl_numeric.main,paper_q10,j2,1,5,1.09101605415344,0.313894748687744,1.61309671401978,0.218203210830688,34.0550587177277,vm,4,4,1,2026-10-08 11:57:28
nncl,nncl_numeric.main,paper_q10,j3,1,5,1.15324878692627,0.366142511367798,1.78037571907043,0.230649757385254,34.0550587177277,vm,4,4,1,2026-10-08 11:57:28
nncl,nncl_numeric.main,paper_q10,j4,1,5,1.47075939178467,0.361788511276245,2.03362822532654,0.294151878356934,34.0550587177277,vm,4,4,1,2026-10-08 11:57:28
nncl,nncl_numeric.main,paper_q10,j5,1,5,1.29715204238892,0.409768104553223,1.94199633598328,0.259430408477783,34.0550587177277,vm,4,4,1,2026-10-08 11:57:28
nncl,nncl_numeric.main,paper_q10,j6,1,5,1.09066367149353,0.33020544052124,1.60631728172302,0.218132734298706,34.0550587177277,vm,4,4,1,2026-10-08 11:57:28
nncl,nncl_numeric.main,paper_q10,j7,1,5,1.20222473144531,0.431414604187012,1.81459736824036,0.240444946289063,34.0550587177277,vm,4,4,1,2026-10-08 11:57:28
nncl,nncl_numeric.main,paper_q10,j8,1,5,1.12049007415771,0.428970813751221,1.77817964553833,0.224098014831543,34.0550587177277,vm,4,4,1,2026-10-08 11:57:28
nncl,nncl_numeric.main,paper_q10,j9,1,5,1.44898509979248,0.388741254806519,2.10614991188049,0.289797019958496,34.0550587177277,vm,4,4,1,2026-10-08 11:57:28
nncl,nncl_numeric.main,paper_q10,j10,1,5,1.04121351242065,0.405658960342407,1.69390821456909,0.208242702484131,34.0550587177277,vm,4,4,1,2026-10-08 11:57:28
nncl,nncl_numeric.main,paper_q10,j11,1,5,0.977422952651978,0.372116804122925,1.53845834732056,0.195484590530396,34.0550587177277,vm,4,4,1,2026-10-08 11:57:28
nncl,nncl_numeric.main,paper_q10,j12,1,5,1.05517482757568,0.468949794769287,1.72545766830444,0.211034965515137,34.0550587177277,vm,4,4,1,2026-10-08 11:57:28
nncl,nncl_numeric.main,paper_q10,j13,1,5,0.979231834411621,0.366167783737183,1.55306577682495,0.195846366882324,34.0550587177277,vm,4,4,1,2026-10-08 11:57:28
nncl,nncl_numeric.main,paper_q10,j14,1,5,1.12831091880798,0.416409254074097,1.78391194343567,0.225662183761597,34.0550587177277,vm,4,4,1,2026-10-08 11:57:28
nncl,nncl_numeric.main,paper_q10,j15,1,5,1.25632476806641,0.476834535598755,1.947021484375,0.251264953613281,34.0550587177277,vm,4,4,1,2026-10-08 11:57:28
nncl,nncl_numeric.main,paper_q10,j16,1,5,1.01152420043945,0.431112766265869,1.66731786727905,0.202304840087891,34.0550587177277,vm,4,4,1,2026-10-08 11:57:28
nncl,nncl_numeric.main,paper_q10,j17,1,5,1.2426393032074,0.400196313858032,1.9015166759491,0.24852786064148,34.0550587177277,vm,4,4,1,2026-10-08 11:57:28
nncl,nncl_numeric.main,paper_q10,j18,1,5,1.25831413269043,0.42330002784729,1.86139464378357,0.251662826538086,34.0550587177277,vm,4,4,1,2026-10-08 11:57:28
nncl,nncl_numeric.main,paper_q10,j19,1,5,1.24131417274475,0.498144626617432,1.92331719398499,0.24826283454895,34.0550587177277,vm,4,4,1,2026-10-08 11:57:28
nncl,nncl_numeric.main,paper_q20,j1,1,5,1.08264255523682,0.4543776512146,1.83252358436584,0.216528511047363,34.7850334644318,vm,4,4,1,2026-10-08 11:57:53
nncl,nncl_numeric.main,paper_q20,j2,1,5,1.09274125099182,0.411015748977661,1.67839336395264,0.218548250198364,34.7850334644318,vm,4,4,1,2026-10-08 11:57:53
nncl,nncl_numeric.main,paper_q20,j3,1,5,1.11227297782898,0.429979085922241,1.74457669258118,0.222454595565796,34.7850334644318,vm,4,4,1,2026-10-08 11:57:53
nncl,nncl_numeric.main,paper_q20,j4,1,5,1.23228716850281,0.480032682418823,1.94487595558167,0.246457433700562,34.7850334644318,vm,4,4,1,2026-10-08 11:57:53
nncl,nncl_numeric.main,paper_q20,j5,1,5,1.21566295623779,0.447070598602295,1.86068558692932,0.243132591247559,34.7850334644318,vm,4,4,1,2026-10-08 11:57:53
nncl,nncl_numeric.main,paper_q20,j6,1,5,0.996646642684937,0.495515823364258,1.66120719909668,0.199329328536987,34.7850334644318,vm,4,4,1,2026-10-08 11:57:53
nncl,nncl_numeric.main,paper_q20,j7,1,5,0.973849773406982,0.504064083099365,1.67165637016296,0.194769954681396,34.7850334644318,vm,4,4,1,2026-10-08 11:57:53
nncl,nncl_numeric.main,paper_q20,j8,1,5,1.20798802375793,0.434483766555786,1.87529182434082,0.241597604751587,34.7850334644318,vm,4,4,1,2026-10-08 11:57:53
nncl,nncl_numeric.main,paper_q20,j9,1,5,1.08871817588806,0.474696159362793,1.82111811637878,0.217743635177612,34.7850334644318,vm,4,4,1,2026-10-08 11:57:53
nncl,nncl_numeric.main,paper_q20,j10,1,5,1.13775491714478,0.488444089889526,1.81296515464783,0.227550983428955,34.7850334644318,vm,4,4,1,2026-10-08 11:57:53
nncl,nncl_numeric.main,paper_q20,j11,1,5,1.19206643104553,0.581079959869385,1.95836782455444,0.238413286209106,34.7850334644318,vm,4,4,1,2026-10-08 11:57:53
nncl,nncl_numeric.main,paper_q20,j12,1,5,1.19579792022705,0.46272611618042,1.85372352600098,0.23915958404541,34.7850334644318,vm,4,4,1,2026-10-08 11:57:53
nncl,nncl_numeric.main,paper_q20,j13,1,5,1.07337760925293,0.504207372665405,1.75528383255005,0.214675521850586,34.7850334644318,vm,4,4,1,2026-10-08 11:57:53
nncl,nncl_numeric.main,paper_q20,j14,1,5,1.18315601348877,0.444101810455322,1.79755878448486,0.236631202697754,34.7850334644318,vm,4,4,1,2026-10-08 11:57:53
nncl,nncl_numeric.main,paper_q20,j15,1,5,1.3159875869751,0.527454614639282,2.01425838470459,0.26319751739502,34.7850334644318,vm,4,4,1,2026-10-08 11:57:53
nncl,nncl_numeric.main,paper_q20,j16,1,5,1.13850545883179,0.493320941925049,1.80806159973145,0.227701091766357,34.7850334644318,vm,4,4,1,2026-10-08 11:57:53
nncl,nncl_numeric.main,paper_q20,j17,1,5,1.27554059028626,0.466281652450562,1.95261192321777,0.255108118057251,34.7850334644318,vm,4,4,1,2026-10-08 11:57:53
nncl,nncl_numeric.main,paper_q20,j18,1,5,1.11852359771729,0.491944789886475,1.8238205909729,0.223704719543457,34.7850334644318,vm,4,4,1,2026-10-08 11:57:53
nncl,nncl_numeric.main,paper_q20,j19,1,5,1.17464590072632,0.553220510482788,1.918053150177,0.234929180145264,34.7850334644318,vm,4,4,1,2026-10-08 11:57:53
nncl,nncl_numeric.main,paper_q5,j1,1,5,0.989392995834351,0.446648836135864,1.64052200317383,0.19787859916687,34.0315482616425,vm,4,4,1,2026-10-08 11:57:18
nncl,nncl_numeric.main,paper_q5,j2,1,5,0.877786159515381,0.308367729187012,1.3335702419281,0.175557231903076,34.0315482616425,vm,4,4,1,2026-10-08 11:57:18
nncl,nncl_numeric.main,paper_q5,j3,1,5,1.00651979446411,0.336872339248657,1.52306771278381,0.201303958892822,34.0315482616425,vm,4,4,1,2026-10-08 11:57:18
nncl,nncl_numeric.main,paper_q5,j4,1,5,1.24271678924561,0.354551315307617,1.81592202186584,0.248543357849121,34.0315482616425,vm,4,4,1,2026-10-08 11:57:18
nncl,nncl_numeric.main,paper_q5,j5,1,5,1.23963069915771,0.473272800445557,1.94061160087585,0.247926139831543,34.0315482616425,vm,4,4,1,2026-10-08 11:57:18
nncl,nncl_numeric.main,paper_q5,j6,1,5,1.27043533325195,0.370156288146973,1.8617160320282,0.254087066650391,34.0315482616425,vm,4,4,1,2026-10-08 11:57:18
nncl,nncl_numeric.main,paper_q5,j7,1,5,1.21671962738037,0.330822467803955,1.76956081390381,0.243343925476074,34.0315482616425,vm,4,4,1,2026-10-08 11:57:18
nncl,nncl_numeric.main,paper_q5,j8,1,5,1.34512400627136,0.340701818466187,1.94686651229858,0.269024801254272,34.0315482616425,vm,4,4,1,2026-10-08 11:57:18
nncl,nncl_numeric.main,paper_q5,j9,1,5,1.21534562110901,0.443577527999878,1.90044641494751,0.243069124221802,34.0315482616425,vm,4,4,1,2026-10-08 11:57:18
nncl,nncl_numeric.main,paper_q5,j10,1,5,1.30418229103088,0.505916595458984,2.03454303741455,0.260836458206177,34.0315482616425,vm,4,4,1,2026-10-08 11:57:18
nncl,nncl_numeric.main,paper_q5,j11,1,5,1.08718848228455,0.376319169998169,1.70809435844421,0.217437696456909,34.0315482616425,vm,4,4,1,2026-10-08 11:57:18
nncl,nncl_numeric.main,paper_q5,j12,1,5,1.16438961029053,0.436935663223267,1.8446056842804,0.232877922058105,34.0315482616425,vm,4,4,1,2026-10-08 11:57:18
nncl,nncl_numeric.main,paper_q5,j13,1,5,1.09803628921509,0.479059457778931,1.75252890586853,0.219607257843018,34.0315482616425,vm,4,4,1,2026-10-08 11:57:18
nncl,nncl_numeric.main,paper_q5,j14,1,5,1.29271697998047,0.42106556892395,1.95351505279541,0.258543395996094,34.0315482616425,vm,4,4,1,2026-10-08 11:57:18
nncl,nncl_numeric.main,paper_q5,j15,1,5,1.22771811485291,0.385194301605225,1.86796236038208,0.245543622970581,34.0315482616425,vm,4,4,1,2026-10-08 11:57:18
nncl,nncl_numeric.main,paper_q5,j16,1,5,1.48316979408264,0.395837545394897,2.04441523551941,0.296633958816528,34.0315482616425,vm,4,4,1,2026-10-08 11:57:18
nncl,nncl_numeric.main,paper_q5,j17,1,5,1.04663443565369,0.416933536529541,1.66422176361084,0.209326887130737,34.0315482616425,vm,4,4,1,2026-10-08 11:57:18
nncl,nncl_numeric.main,paper_q5,j18,1,5,0.952454566955566,0.369949340820313,1.48943138122559,0.190490913391113,34.0315482616425,vm,4,4,1,2026-10-08 11:57:18
nncl,nncl_numeric.main,paper_q5,j19,1,5,1.2795774936676,0.362602949142456,1.9399471282959,0.255915498733521,34.0315482616425,vm,4,4,1,2026-10-08 11:57:18
nncl,nncl_numeric.main,s1_adam,j1,1,5,1.28854107856751,0.492184162139893,1.99069118499756,0.257708215713501,37.0756013393402,vm,4,4,1,2026-10-08 11:58:01
nncl,nncl_numeric.main,s1_adam,j2,1,5,1.44131445884705,0.366930484771729,2.05192089080811,0.288262891769409,37.0756013393402,vm,4,4,1,2026-10-08 11:58:01
nncl,nncl_numeric.main,s1_adam,j3,1,5,1.33026838302612,0.33458423614502,1.86392545700073,0.266053676605225,37.0756013393402,vm,4,4,1,2026-10-08 11:58:01
nncl,nncl_numeric.main,s1_adam,j4,1,5,1.12085938453674,0.313080310821533,1.59846901893616,0.224171876907349,37.0756013393402,vm,4,4,1,2026-10-08 11:58:01
nncl,nncl_numeric.main,s1_adam,j5,1,5,1.37043261528015,0.354846000671387,1.90969920158386,0.27408652305603,37.0756013393402,vm,4,4,1,2026-10-08 11:58:01
nncl,nncl_numeric.main,s1_adam,j6,1,5,1.44984102249146,0.342056035995483,1.99266672134399,0.289968204498291,37.0756013393402,vm,4,4,1,2026-10-08 11:58:01
nncl,nncl_numeric.main,s1_adam,j7,1,5,1.51620292663574,0.362635135650635,2.07859349250793,0.303240585327148,37.0756013393402,vm,4,4,1,2026-10-08 11:58:01
nncl,nncl_numeric.main,s1_adam,j8,1,5,1.18177461624146,0.427005767822266,1.90753102302551,0.236354923248291,37.0756013393402,vm,4,4,1,2026-10-08 11:58:01
nncl,nncl_numeric.main,s1_adam,j9,1,5,1.24262142181396,0.37276291847229,1.80196070671082,0.248524284362793,37.0756013393402,vm,4,4,1,2026-10-08 11:58:01
nncl,nncl_numeric.main,s1_adam,j10,1,5,1.44565939903259,0.335716962814331,2.04211783409119,0.289131879806519,37.0756013393402,vm,4,4,1,2026-10-08 11:58:01
nncl,nncl_numeric.main,s1_adam,j11,1,5,1.21541810035706,0.394871711730957,1.82230496406555,0.243083620071411,37.0756013393402,vm,4,4,1,2026-10-08 11:58:01
nncl,nncl_numeric.main,s1_adam,j12,1,5,1.33200001716614,0.37661600112915,1.95735025405884,0.266400003433228,37.0756013393402,vm,4,4,1,2026-10-08 11:58:01
nncl,nncl_numeric.main,s1_adam,j13,1,5,1.2627489566803,0.398566007614136,1.87090253829956,0.25254979133606,37.0756013393402,vm,4,4,1,2026-10-08 11:58:01
nncl,nncl_numeric.main,s1_adam,j14,1,5,1.46254944801331,0.402058601379395,2.0446720123291,0.292509889602661,37.0756013393402,vm,4,4,1,2026-10-08 11:58:01
nncl,nncl_numeric.main,s1_adam,j15,1,5,1.38251519203186,0.467890977859497,2.04891514778137,0.276503038406372,37.0756013393402,vm,4,4,1,2026-10-08 11:58:01
nncl,nncl_numeric.main,s1_adam,j16,1,5,1.02207040786743,0.419658422470093,1.60745191574097,0.204414081573486,37.0756013393402,vm,4,4,1,2026-10-08 11:58:01
nncl,nncl_numeric.main,s1_adam,j17,1,5,1.1768970489502,0.392532587051392,1.74119877815247,0.235379409790039,37.0756013393402,vm,4,4,1,2026-10-08 11:58:01
nncl,nncl_numeric.main,s1_adam,j18,1,5,1.46808624267578,0.450386762619019,2.14774489402771,0.293617248535156,37.0756013393402,vm,4,4,1,2026-10-08 11:58:01
nncl,nncl_numeric.main,s1_adam,j19,1,5,1.85731720924377,0.468427419662476,2.59748530387878,0.371463441848755,37.0756013393402,vm,4,4,1,2026-10-08 11:58:01
nncl,nncl_numeric.main,s2_early_stop,j1,1,10,1.85792946815491,0.536548614501953,2.56597995758057,0.185792946815491,48.9894490242005,vm,4,4,1,2026-10-08 11:58:18
nncl,nncl_numeric.main,s2_early_stop,j2,1,10,1.92709946632385,0.400326251983643,2.54701805114746,0.192709946632385,48.9894490242005,vm,4,4,1,2026-10-08 11:58:18
nncl,nncl_numeric.main,s2_early_stop,j3,1,10,2.03668570518494,0.493054628372192,2.73887991905212,0.203668570518494,48.9894490242005,vm,4,4,1,2026-10-08 11:58:18
nncl,nncl_numeric.main,s2_early_stop,j4,1,10,2.01780533790588,0.47889518737793,2.69103693962097,0.201780533790588,48.9894490242005,vm,4,4,1,2026-10-08 11:58:18
nncl,nncl_numeric.main,s2_early_stop,j5,1,10,2.05008721351624,0.412595987319946,2.67279529571533,0.205008721351624,48.9894490242005,vm,4,4,1,2026-10-08 11:58:18
nncl,nncl_numeric.main,s2_early_stop,j6,1,10,1.7324230670929,0.420652627944946,2.36824512481689,0.17324230670929,48.9894490242005,vm,4,4,1,2026-10-08 11:58:18
nncl,nncl_numeric.main,s2_early_stop,j7,1,10,1.87277889251709,0.426905870437622,2.54075384140015,0.187277889251709,48.9894490242005,vm,4,4,1,2026-10-08 11:58:18
nncl,nncl_numeric.main,s2_early_stop,j8,1,10,1.74341988563538,0.452426433563232,2.36514329910278,0.174341988563538,48.9894490242005,vm,4,4,1,2026-10-08 11:58:18
nncl,nncl_numeric.main,s2_early_stop,j9,1,10,1.81105971336365,0.4603111743927,2.57038688659668,0.181105971336365,48.9894490242005,vm,4,4,1,2026-10-08 11:58:18
nncl,nncl_numeric.main,s2_early_stop,j10,1,10,1.77897524833679,0.479727983474731,2.42940354347229,0.177897524833679,48.9894490242005,vm,4,4,1,2026-10-08 11:58:18
nncl,nncl_numeric.main,s2_early_stop,j11,1,10,1.63664388656616,0.434396505355835,2.23790097236633,0.163664388656616,48.9894490242005,vm,4,4,1,2026-10-08 11:58:18
nncl,nncl_numeric.main,s2_early_stop,j12,1,10,2.23420834541321,0.568406581878662,3.03095388412476,0.223420834541321,48.9894490242005,vm,4,4,1,2026-10-08 11:58:18
nncl,nncl_numeric.main,s2_early_stop,j13,1,10,2.3443386554718,0.631374359130859,3.1750636100769,0.23443386554718,48.9894490242005,vm,4,4,1,2026-10-08 11:58:18
nncl,nncl_numeric.main,s2_early_stop,j14,1,10,1.43480753898621,0.486249446868897,2.09467458724976,0.143480753898621,48.9894490242005,vm,4,4,1,2026-10-08 11:58:18
nncl,nncl_numeric.main,s2_early_stop,j15,1,10,1.63739490509033,0.462649345397949,2.27700757980347,0.163739490509033,48.9894490242005,vm,4,4,1,2026-10-08 11:58:18
nncl,nncl_numeric.main,s2_early_stop,j16,1,10,2.10872864723206,0.548004627227783,2.83895230293274,0.210872864723206,48.9894490242005,vm,4,4,1,2026-10-08 11:58:18
nncl,nncl_numeric.main,s2_early_stop,j17,1,10,1.93698954582214,0.513442516326904,2.63532447814941,0.193698954582214,48.9894490242005,vm,4,4,1,2026-10-08 11:58:18
nncl,nncl_numeric.main,s2_early_stop,j18,1,10,1.82238292694092,0.50253701210022,2.54278111457825,0.182238292694092,48.9894490242005,vm,4,4,1,2026-10-08 11:58:18
nncl,nncl_numeric.main,s2_early_stop,j19,1,10,1.99482822418213,0.489650964736939,2.66714763641357,0.199482822418213,48.9894490242005,vm,4,4,1,2026-10-08 11:58:18
nncl,nncl_numeric.main,s3_cl_start,j1,1,4,1.18079614639282,0.498634099960327,1.84519577026367,0.295199036598206,37.5248675346375,vm,4,4,1,2026-10-08 11:58:16
nncl,nncl_numeric.main,s3_cl_start,j2,1,10,1.73382186889648,0.353282451629639,2.26308655738831,0.173382186889648,37.5248675346375,vm,4,4,1,2026-10-08 11:58:16
nncl,nncl_numeric.main,s3_cl_start,j3,1,10,1.88336157798767,0.367387771606445,2.43563222885132,0.188336157798767,37.5248675346375,vm,4,4,1,2026-10-08 11:58:16
nncl,nncl_numeric.main,s3_cl_start,j4,1,8,1.62346363067627,0.313392877578735,2.14120984077454,0.202932953834534,37.5248675346375,vm,4,4,1,2026-10-08 11:58:16
nncl,nncl_numeric.main,s3_cl_start,j5,1,10,1.94420766830444,0.339088916778564,2.49239110946655,0.194420766830444,37.5248675346375,vm,4,4,1,2026-10-08 11:58:16
nncl,nncl_numeric.main,s3_cl_start,j6,1,10,1.94254565238953,0.342078685760498,2.51254844665527,0.194254565238953,37.5248675346375,vm,4,4,1,2026-10-08 11:58:16
nncl,nncl_numeric.main,s3_cl_start,j7,1,10,1.53122806549072,0.355403900146484,2.03759598731995,0.153122806549072,37.5248675346375,vm,4,4,1,2026-10-08 11:58:16
nncl,nncl_numeric.main,s3_cl_start,j8,1,6,1.16273641586304,0.362701416015625,1.72350907325745,0.19378940264384,37.5248675346375,vm,4,4,1,2026-10-08 11:58:16
nncl,nncl_numeric.main,s3_cl_start,j9,1,3,1.21401524543762,0.353523731231689,1.78371405601501,0.404671748479207,37.5248675346375,vm,4,4,1,2026-10-08 11:58:16
nncl,nncl_numeric.main,s3_cl_start,j10,1,5,1.42273640632629,0.426593065261841,2.15738296508789,0.284547281265259,37.5248675346375,vm,4,4,1,2026-10-08 11:58:16
nncl,nncl_numeric.main,s3_cl_start,j11,1,3,1.10047674179077,0.46337103843689,1.74847292900085,0.366825580596924,37.5248675346375,vm,4,4,1,2026-10-08 11:58:16
nncl,nncl_numeric.main,s3_cl_start,j12,1,3,0.932715892791748,0.364534854888916,1.45403742790222,0.310905297597249,37.5248675346375,vm,4,4,1,2026-10-08 11:58:16
nncl,nncl_numeric.main,s3_cl_start,j13,1,5,1.01166081428528,0.355154037475586,1.5284276008606,0.202332162857056,37.5248675346375,vm,4,4,1,2026-10-08 11:58:16
nncl,nncl_numeric.main,s3_cl_start,j14,1,5,0.977475166320801,0.369651794433594,1.50250172615051,0.19549503326416,37.5248675346375,vm,4,4,1,2026-10-08 11:58:16
nncl,nncl_numeric.main,s3_cl_start,j15,1,5,1.4770348072052,0.381195306777954,2.07807779312134,0.29540696144104,37.5248675346375,vm,4,4,1,2026-10-08 11:58:16
nncl,nncl_numeric.main,s3_cl_start,j16,1,5,1.29669904708862,0.406697750091553,1.93658709526062,0.259339809417725,37.5248675346375,vm,4,4,1,2026-10-08 11:58:16
nncl,nncl_numeric.main,s3_cl_start,j17,1,3,0.93723464012146,0.392396211624146,1.50215601921082,0.312411546707153,37.5248675346375,vm,4,4,1,2026-10-08 11:58:16
nncl,nncl_numeric.main,s3_cl_start,j18,1,10,1.77759504318237,0.419981479644775,2.38528275489807,0.177759504318237,37.5248675346375,vm,4,4,1,2026-10-08 11:58:16
nncl,nncl_numeric.main,s3_cl_start,j19,1,5,1.39997363090515,0.421094417572022,1.99705815315247,0.27999472618103,37.5248675346375,vm,4,4,1,2026-10-08 11:58:16
nncl,nncl_numeric.search.cl_start,tuned_cl_start_s2026,j1,1,4,1.61572504043579,0.56966495513916,2.4372730255127,0.403931260108948,47.3884301185608,STATISVM7,12,12,1,2026-10-08 15:40:25
nncl,nncl_numeric.search.cl_start,tuned_cl_start_s2026,j2,1,10,2.36340880393982,0.431859016418457,3.06531000137329,0.236340880393982,47.3884301185608,STATISVM7,12,12,1,2026-10-08 15:40:25
nncl,nncl_numeric.search.cl_start,tuned_cl_start_s2026,j3,1,10,2.1879780292511,0.493548154830933,2.91698908805847,0.21879780292511,47.3884301185608,STATISVM7,12,12,1,2026-10-08 15:40:25
nncl,nncl_numeric.search.cl_start,tuned_cl_start_s2026,j4,1,8,2.0141339302063,0.40888500213623,2.63834500312805,0.251766741275787,47.3884301185608,STATISVM7,12,12,1,2026-10-08 15:40:25
nncl,nncl_numeric.search.cl_start,tuned_cl_start_s2026,j5,1,10,2.19779300689697,0.397825002670288,2.81846213340759,0.219779300689697,47.3884301185608,STATISVM7,12,12,1,2026-10-08 15:40:25
nncl,nncl_numeric.search.cl_start,tuned_cl_start_s2026,j6,1,10,2.33206820487976,0.478696823120117,3.05735993385315,0.233206820487976,47.3884301185608,STATISVM7,12,12,1,2026-10-08 15:40:25
nncl,nncl_numeric.search.cl_start,tuned_cl_start_s2026,j7,1,10,2.34717011451721,0.451049089431763,3.03925514221191,0.234717011451721,47.3884301185608,STATISVM7,12,12,1,2026-10-08 15:40:25
nncl,nncl_numeric.search.cl_start,tuned_cl_start_s2026,j8,1,6,1.60335302352905,0.440984964370728,2.27086305618286,0.267225503921509,47.3884301185608,STATISVM7,12,12,1,2026-10-08 15:40:25
nncl,nncl_numeric.search.cl_start,tuned_cl_start_s2026,j9,1,3,1.32787585258484,0.433305978775024,2.02742695808411,0.442625284194946,47.3884301185608,STATISVM7,12,12,1,2026-10-08 15:40:25
nncl,nncl_numeric.search.cl_start,tuned_cl_start_s2026,j10,1,5,1.64043211936951,0.490824937820435,2.37429594993591,0.328086423873901,47.3884301185608,STATISVM7,12,12,1,2026-10-08 15:40:25
nncl,nncl_numeric.search.cl_start,tuned_cl_start_s2026,j11,1,3,1.26136493682861,0.458211898803711,1.9242148399353,0.420454978942871,47.3884301185608,STATISVM7,12,12,1,2026-10-08 15:40:25
nncl,nncl_numeric.search.cl_start,tuned_cl_start_s2026,j12,1,3,1.49238586425781,0.47526216506958,2.24356412887573,0.497461954752604,47.3884301185608,STATISVM7,12,12,1,2026-10-08 15:40:25
nncl,nncl_numeric.search.cl_start,tuned_cl_start_s2026,j13,1,5,1.75590300559998,0.534939050674439,2.48609495162964,0.351180601119995,47.3884301185608,STATISVM7,12,12,1,2026-10-08 15:40:25
nncl,nncl_numeric.search.cl_start,tuned_cl_start_s2026,j14,1,5,1.63270306587219,0.481451034545898,2.36469912528992,0.326540613174439,47.3884301185608,STATISVM7,12,12,1,2026-10-08 15:40:25
nncl,nncl_numeric.search.cl_start,tuned_cl_start_s2026,j15,1,6,1.92254304885864,0.498042821884155,2.69739079475403,0.32042384147644,47.3884301185608,STATISVM7,12,12,1,2026-10-08 15:40:25
nncl,nncl_numeric.search.cl_start,tuned_cl_start_s2026,j16,1,5,1.45948600769043,0.54714298248291,2.24715900421143,0.291897201538086,47.3884301185608,STATISVM7,12,12,1,2026-10-08 15:40:25
nncl,nncl_numeric.search.cl_start,tuned_cl_start_s2026,j17,1,3,1.28513717651367,0.557220935821533,2.07416296005249,0.428379058837891,47.3884301185608,STATISVM7,12,12,1,2026-10-08 15:40:25
nncl,nncl_numeric.search.cl_start,tuned_cl_start_s2026,j18,1,3,1.37616801261902,0.547053098678589,2.13382911682129,0.458722670873006,47.3884301185608,STATISVM7,12,12,1,2026-10-08 15:40:25
nncl,nncl_numeric.search.cl_start,tuned_cl_start_s2026,j19,1,5,1.76919889450073,0.578444957733154,2.57173490524292,0.353839778900147,47.3884301185608,STATISVM7,12,12,1,2026-10-08 15:40:25
nncl,nncl_numeric.search.cl_start,tuned_cl_start_s2027,j1,1,3,1.30770301818848,0.51665997505188,2.03801703453064,0.435901006062826,50.2420964241028,STATISVM7,12,12,1,2026-10-08 15:41:16
nncl,nncl_numeric.search.cl_start,tuned_cl_start_s2027,j2,1,10,2.16146898269653,0.553602933883667,2.94874501228333,0.216146898269653,50.2420964241028,STATISVM7,12,12,1,2026-10-08 15:41:16
nncl,nncl_numeric.search.cl_start,tuned_cl_start_s2027,j3,1,10,2.21403789520264,0.570338010787964,2.99904799461365,0.221403789520264,50.2420964241028,STATISVM7,12,12,1,2026-10-08 15:41:16
nncl,nncl_numeric.search.cl_start,tuned_cl_start_s2027,j4,1,7,1.90387892723084,0.520621061325073,2.64970707893372,0.271982703890119,50.2420964241028,STATISVM7,12,12,1,2026-10-08 15:41:16
nncl,nncl_numeric.search.cl_start,tuned_cl_start_s2027,j5,1,10,2.19484114646912,0.600718021392822,3.02658200263977,0.219484114646912,50.2420964241028,STATISVM7,12,12,1,2026-10-08 15:41:16
nncl,nncl_numeric.search.cl_start,tuned_cl_start_s2027,j6,1,4,1.71753215789795,0.587799787521362,2.55024194717407,0.429383039474487,50.2420964241028,STATISVM7,12,12,1,2026-10-08 15:41:16
nncl,nncl_numeric.search.cl_start,tuned_cl_start_s2027,j7,1,10,2.12409591674805,0.604009866714478,2.96390795707703,0.212409591674805,50.2420964241028,STATISVM7,12,12,1,2026-10-08 15:41:16
nncl,nncl_numeric.search.cl_start,tuned_cl_start_s2027,j8,1,7,1.88405799865723,0.626080989837647,2.74652791023254,0.269151142665318,50.2420964241028,STATISVM7,12,12,1,2026-10-08 15:41:16
nncl,nncl_numeric.search.cl_start,tuned_cl_start_s2027,j9,1,3,1.44586300849915,0.638232946395874,2.30863904953003,0.481954336166382,50.2420964241028,STATISVM7,12,12,1,2026-10-08 15:41:16
nncl,nncl_numeric.search.cl_start,tuned_cl_start_s2027,j10,1,3,1.3266429901123,0.600999116897583,2.13025212287903,0.442214330037435,50.2420964241028,STATISVM7,12,12,1,2026-10-08 15:41:16
nncl,nncl_numeric.search.cl_start,tuned_cl_start_s2027,j11,1,9,2.29286503791809,0.632781028747559,3.19152307510376,0.254762781990899,50.2420964241028,STATISVM7,12,12,1,2026-10-08 15:41:16
nncl,nncl_numeric.search.cl_start,tuned_cl_start_s2027,j12,1,3,1.54551696777344,0.649557113647461,2.47319602966309,0.515172322591146,50.2420964241028,STATISVM7,12,12,1,2026-10-08 15:41:16
nncl,nncl_numeric.search.cl_start,tuned_cl_start_s2027,j13,1,3,1.60017991065979,0.758239984512329,2.60354208946228,0.533393303553263,50.2420964241028,STATISVM7,12,12,1,2026-10-08 15:41:16
nncl,nncl_numeric.search.cl_start,tuned_cl_start_s2027,j14,1,7,2.02474594116211,0.630300045013428,2.90709590911865,0.289249420166016,50.2420964241028,STATISVM7,12,12,1,2026-10-08 15:41:16
nncl,nncl_numeric.search.cl_start,tuned_cl_start_s2027,j15,1,5,1.71936988830566,0.679315090179443,2.6251699924469,0.343873977661133,50.2420964241028,STATISVM7,12,12,1,2026-10-08 15:41:16
nncl,nncl_numeric.search.cl_start,tuned_cl_start_s2027,j16,1,8,1.97871613502502,0.638278961181641,2.84874105453491,0.247339516878128,50.2420964241028,STATISVM7,12,12,1,2026-10-08 15:41:16
nncl,nncl_numeric.search.cl_start,tuned_cl_start_s2027,j17,1,3,1.45696210861206,0.71665096282959,2.3581440448761,0.48565403620402,50.2420964241028,STATISVM7,12,12,1,2026-10-08 15:41:16
nncl,nncl_numeric.search.cl_start,tuned_cl_start_s2027,j18,1,4,1.35953116416931,0.708034038543701,2.30653309822083,0.339882791042328,50.2420964241028,STATISVM7,12,12,1,2026-10-08 15:41:16
nncl,nncl_numeric.search.cl_start,tuned_cl_start_s2027,j19,1,5,1.66785597801209,0.694993019104004,2.56648302078247,0.333571195602417,50.2420964241028,STATISVM7,12,12,1,2026-10-08 15:41:16
nncl,nncl_numeric.search.early_stop,tuned_early_stop_s2026,j1,1,10,2.30386710166931,0.583930015563965,3.09797310829163,0.230386710166931,54.9115786552429,STATISVM7,12,12,1,2026-10-08 15:40:33
nncl,nncl_numeric.search.early_stop,tuned_early_stop_s2026,j2,1,10,2.35889506340027,0.427140951156616,3.02859592437744,0.235889506340027,54.9115786552429,STATISVM7,12,12,1,2026-10-08 15:40:33
nncl,nncl_numeric.search.early_stop,tuned_early_stop_s2026,j3,1,10,1.95717310905457,0.411729097366333,2.58192205429077,0.195717310905457,54.9115786552429,STATISVM7,12,12,1,2026-10-08 15:40:33
nncl,nncl_numeric.search.early_stop,tuned_early_stop_s2026,j4,1,10,2.04303693771362,0.396881103515625,2.66606307029724,0.204303693771362,54.9115786552429,STATISVM7,12,12,1,2026-10-08 15:40:33
nncl,nncl_numeric.search.early_stop,tuned_early_stop_s2026,j5,1,10,2.14349794387817,0.421138048171997,2.81810212135315,0.214349794387817,54.9115786552429,STATISVM7,12,12,1,2026-10-08 15:40:33
nncl,nncl_numeric.search.early_stop,tuned_early_stop_s2026,j6,1,10,2.35895490646362,0.415426015853882,3.03662395477295,0.235895490646362,54.9115786552429,STATISVM7,12,12,1,2026-10-08 15:40:33
nncl,nncl_numeric.search.early_stop,tuned_early_stop_s2026,j7,1,10,2.14686107635498,0.453171968460083,2.83564615249634,0.214686107635498,54.9115786552429,STATISVM7,12,12,1,2026-10-08 15:40:33
nncl,nncl_numeric.search.early_stop,tuned_early_stop_s2026,j8,1,10,2.24290704727173,0.435696125030518,2.91486310958862,0.224290704727173,54.9115786552429,STATISVM7,12,12,1,2026-10-08 15:40:33
nncl,nncl_numeric.search.early_stop,tuned_early_stop_s2026,j9,1,10,2.2690851688385,0.421374797821045,2.9302020072937,0.22690851688385,54.9115786552429,STATISVM7,12,12,1,2026-10-08 15:40:33
nncl,nncl_numeric.search.early_stop,tuned_early_stop_s2026,j10,1,10,2.13527894020081,0.505949020385742,2.84521508216858,0.213527894020081,54.9115786552429,STATISVM7,12,12,1,2026-10-08 15:40:33
nncl,nncl_numeric.search.early_stop,tuned_early_stop_s2026,j11,1,10,2.26251697540283,0.421841859817505,2.89769196510315,0.226251697540283,54.9115786552429,STATISVM7,12,12,1,2026-10-08 15:40:33
nncl,nncl_numeric.search.early_stop,tuned_early_stop_s2026,j12,1,10,2.13648104667664,0.520263910293579,2.85589504241943,0.213648104667664,54.9115786552429,STATISVM7,12,12,1,2026-10-08 15:40:33
nncl,nncl_numeric.search.early_stop,tuned_early_stop_s2026,j13,1,10,2.13839101791382,0.503881931304932,2.86019897460938,0.213839101791382,54.9115786552429,STATISVM7,12,12,1,2026-10-08 15:40:33
nncl,nncl_numeric.search.early_stop,tuned_early_stop_s2026,j14,1,10,2.0247540473938,0.507292985916138,2.7324640750885,0.20247540473938,54.9115786552429,STATISVM7,12,12,1,2026-10-08 15:40:33
nncl,nncl_numeric.search.early_stop,tuned_early_stop_s2026,j15,1,10,2.27043604850769,0.532588005065918,3.03345203399658,0.227043604850769,54.9115786552429,STATISVM7,12,12,1,2026-10-08 15:40:33
nncl,nncl_numeric.search.early_stop,tuned_early_stop_s2026,j16,1,10,2.23721790313721,0.491964101791382,2.97067308425903,0.223721790313721,54.9115786552429,STATISVM7,12,12,1,2026-10-08 15:40:33
nncl,nncl_numeric.search.early_stop,tuned_early_stop_s2026,j17,1,10,2.06040287017822,0.491497993469238,2.77120399475098,0.206040287017822,54.9115786552429,STATISVM7,12,12,1,2026-10-08 15:40:33
nncl,nncl_numeric.search.early_stop,tuned_early_stop_s2026,j18,1,10,2.18050599098206,0.500149011611939,2.90988993644714,0.218050599098206,54.9115786552429,STATISVM7,12,12,1,2026-10-08 15:40:33
nncl,nncl_numeric.search.early_stop,tuned_early_stop_s2026,j19,1,10,2.32722020149231,0.524739980697632,3.12490296363831,0.232722020149231,54.9115786552429,STATISVM7,12,12,1,2026-10-08 15:40:33
nncl,nncl_numeric.search.early_stop,tuned_early_stop_s2027,j1,1,10,2.08725690841675,0.508553981781006,2.82354187965393,0.208725690841675,58.4865651130676,STATISVM7,12,12,1,2026-10-08 15:41:32
nncl,nncl_numeric.search.early_stop,tuned_early_stop_s2027,j2,1,10,2.22749185562134,0.557111024856567,3.03185200691223,0.222749185562134,58.4865651130676,STATISVM7,12,12,1,2026-10-08 15:41:32
nncl,nncl_numeric.search.early_stop,tuned_early_stop_s2027,j3,1,10,2.19511914253235,0.529410839080811,2.9384708404541,0.219511914253235,58.4865651130676,STATISVM7,12,12,1,2026-10-08 15:41:32
nncl,nncl_numeric.search.early_stop,tuned_early_stop_s2027,j4,1,10,2.0695538520813,0.522090196609497,2.82153701782227,0.20695538520813,58.4865651130676,STATISVM7,12,12,1,2026-10-08 15:41:32
nncl,nncl_numeric.search.early_stop,tuned_early_stop_s2027,j5,1,10,2.04105091094971,0.57253909111023,2.84040522575378,0.204105091094971,58.4865651130676,STATISVM7,12,12,1,2026-10-08 15:41:32
nncl,nncl_numeric.search.early_stop,tuned_early_stop_s2027,j6,1,10,2.51636099815369,0.588191986083984,3.33617520332336,0.251636099815369,58.4865651130676,STATISVM7,12,12,1,2026-10-08 15:41:32
nncl,nncl_numeric.search.early_stop,tuned_early_stop_s2027,j7,1,10,2.48531699180603,0.587434053421021,3.33954310417175,0.248531699180603,58.4865651130676,STATISVM7,12,12,1,2026-10-08 15:41:32
nncl,nncl_numeric.search.early_stop,tuned_early_stop_s2027,j8,1,10,2.41981387138367,0.660894155502319,3.3034131526947,0.241981387138367,58.4865651130676,STATISVM7,12,12,1,2026-10-08 15:41:32
nncl,nncl_numeric.search.early_stop,tuned_early_stop_s2027,j9,1,10,2.41891884803772,0.669477939605713,3.31199979782105,0.241891884803772,58.4865651130676,STATISVM7,12,12,1,2026-10-08 15:41:32
nncl,nncl_numeric.search.early_stop,tuned_early_stop_s2027,j10,1,10,2.2841911315918,0.670851945877075,3.18438410758972,0.22841911315918,58.4865651130676,STATISVM7,12,12,1,2026-10-08 15:41:32
nncl,nncl_numeric.search.early_stop,tuned_early_stop_s2027,j11,1,10,2.35248184204102,0.628350019454956,3.21352791786194,0.235248184204102,58.4865651130676,STATISVM7,12,12,1,2026-10-08 15:41:32
nncl,nncl_numeric.search.early_stop,tuned_early_stop_s2027,j12,1,10,2.21635293960571,0.645584106445313,3.1245391368866,0.221635293960571,58.4865651130676,STATISVM7,12,12,1,2026-10-08 15:41:32
nncl,nncl_numeric.search.early_stop,tuned_early_stop_s2027,j13,1,10,2.08025503158569,0.595576047897339,2.87610697746277,0.208025503158569,58.4865651130676,STATISVM7,12,12,1,2026-10-08 15:41:32
nncl,nncl_numeric.search.early_stop,tuned_early_stop_s2027,j14,1,10,1.96634793281555,0.614202976226807,2.77720093727112,0.196634793281555,58.4865651130676,STATISVM7,12,12,1,2026-10-08 15:41:32
nncl,nncl_numeric.search.early_stop,tuned_early_stop_s2027,j15,1,10,1.99111104011536,0.594293832778931,2.83284997940064,0.199111104011536,58.4865651130676,STATISVM7,12,12,1,2026-10-08 15:41:32
nncl,nncl_numeric.search.early_stop,tuned_early_stop_s2027,j16,1,10,2.27081298828125,0.728040933609009,3.31803894042969,0.227081298828125,58.4865651130676,STATISVM7,12,12,1,2026-10-08 15:41:32
nncl,nncl_numeric.search.early_stop,tuned_early_stop_s2027,j17,1,10,2.37335395812988,0.604640007019043,3.20956707000732,0.237335395812988,58.4865651130676,STATISVM7,12,12,1,2026-10-08 15:41:32
nncl,nncl_numeric.search.early_stop,tuned_early_stop_s2027,j18,1,10,2.21293592453003,0.725080966949463,3.18015193939209,0.221293592453003,58.4865651130676,STATISVM7,12,12,1,2026-10-08 15:41:32
nncl,nncl_numeric.search.early_stop,tuned_early_stop_s2027,j19,1,10,2.06794714927673,0.73795485496521,3.02325987815857,0.206794714927673,58.4865651130676,STATISVM7,12,12,1,2026-10-08 15:41:32
nncl,nncl_numeric.search.paper,tuned_paper_s2026,j1,1,5,1.33018898963928,0.783370971679688,2.32036685943604,0.266037797927856,46.5062050819397,STATISVM7,12,12,1,2026-10-08 15:35:04
nncl,nncl_numeric.search.paper,tuned_paper_s2026,j2,1,5,1.530522108078,0.778087854385376,2.50816082954407,0.306104421615601,46.5062050819397,STATISVM7,12,12,1,2026-10-08 15:35:04
nncl,nncl_numeric.search.paper,tuned_paper_s2026,j3,1,5,1.35141897201538,0.767259120941162,2.40652799606323,0.270283794403076,46.5062050819397,STATISVM7,12,12,1,2026-10-08 15:35:04
nncl,nncl_numeric.search.paper,tuned_paper_s2026,j4,1,5,1.38609194755554,0.875399112701416,2.50843811035156,0.277218389511108,46.5062050819397,STATISVM7,12,12,1,2026-10-08 15:35:04
nncl,nncl_numeric.search.paper,tuned_paper_s2026,j5,1,5,1.53939294815063,0.923527956008911,2.69836091995239,0.307878589630127,46.5062050819397,STATISVM7,12,12,1,2026-10-08 15:35:04
nncl,nncl_numeric.search.paper,tuned_paper_s2026,j6,1,5,1.53845500946045,0.97780704498291,2.74802899360657,0.30769100189209,46.5062050819397,STATISVM7,12,12,1,2026-10-08 15:35:04
nncl,nncl_numeric.search.paper,tuned_paper_s2026,j7,1,5,1.31576895713806,0.861392974853516,2.39833402633667,0.263153791427612,46.5062050819397,STATISVM7,12,12,1,2026-10-08 15:35:04
nncl,nncl_numeric.search.paper,tuned_paper_s2026,j8,1,5,1.35602807998657,0.786979913711548,2.36825609207153,0.271205615997314,46.5062050819397,STATISVM7,12,12,1,2026-10-08 15:35:04
nncl,nncl_numeric.search.paper,tuned_paper_s2026,j9,1,5,1.28565287590027,0.808631181716919,2.37761211395264,0.257130575180054,46.5062050819397,STATISVM7,12,12,1,2026-10-08 15:35:04
nncl,nncl_numeric.search.paper,tuned_paper_s2026,j10,1,5,1.40803718566895,0.868424892425537,2.48621702194214,0.281607437133789,46.5062050819397,STATISVM7,12,12,1,2026-10-08 15:35:04
nncl,nncl_numeric.search.paper,tuned_paper_s2026,j11,1,5,1.19372797012329,0.842968940734863,2.25029492378235,0.238745594024658,46.5062050819397,STATISVM7,12,12,1,2026-10-08 15:35:04
nncl,nncl_numeric.search.paper,tuned_paper_s2026,j12,1,5,1.2316210269928,0.80386209487915,2.23173522949219,0.24632420539856,46.5062050819397,STATISVM7,12,12,1,2026-10-08 15:35:04
nncl,nncl_numeric.search.paper,tuned_paper_s2026,j13,1,5,1.40195202827454,0.816837072372437,2.51082301139832,0.280390405654907,46.5062050819397,STATISVM7,12,12,1,2026-10-08 15:35:04
nncl,nncl_numeric.search.paper,tuned_paper_s2026,j14,1,5,1.27951097488403,0.807859897613525,2.28769397735596,0.255902194976807,46.5062050819397,STATISVM7,12,12,1,2026-10-08 15:35:04
nncl,nncl_numeric.search.paper,tuned_paper_s2026,j15,1,5,1.19442200660706,0.823019027709961,2.2581250667572,0.238884401321411,46.5062050819397,STATISVM7,12,12,1,2026-10-08 15:35:04
nncl,nncl_numeric.search.paper,tuned_paper_s2026,j16,1,5,1.47299480438232,0.935386180877686,2.63485312461853,0.294598960876465,46.5062050819397,STATISVM7,12,12,1,2026-10-08 15:35:04
nncl,nncl_numeric.search.paper,tuned_paper_s2026,j17,1,5,1.40314102172852,0.926007032394409,2.57512807846069,0.280628204345703,46.5062050819397,STATISVM7,12,12,1,2026-10-08 15:35:04
nncl,nncl_numeric.search.paper,tuned_paper_s2026,j18,1,5,1.41841387748718,0.870584011077881,2.50510382652283,0.283682775497437,46.5062050819397,STATISVM7,12,12,1,2026-10-08 15:35:04
nncl,nncl_numeric.search.paper,tuned_paper_s2026,j19,1,5,1.33771705627441,0.873154878616333,2.4321448802948,0.267543411254883,46.5062050819397,STATISVM7,12,12,1,2026-10-08 15:35:04
nncl,nncl_numeric.search.paper,tuned_paper_s2027,j1,1,5,1.36683297157288,0.59328818321228,2.26213097572327,0.273366594314575,38.4062747955322,STATISVM7,12,12,1,2026-10-08 15:40:17
nncl,nncl_numeric.search.paper,tuned_paper_s2027,j2,1,5,1.39487910270691,0.380834817886353,2.03744888305664,0.278975820541382,38.4062747955322,STATISVM7,12,12,1,2026-10-08 15:40:17
nncl,nncl_numeric.search.paper,tuned_paper_s2027,j3,1,5,1.48086595535278,0.395567893981934,2.13012385368347,0.296173191070557,38.4062747955322,STATISVM7,12,12,1,2026-10-08 15:40:17
nncl,nncl_numeric.search.paper,tuned_paper_s2027,j4,1,5,1.33530402183533,0.415357828140259,1.98338079452515,0.267060804367065,38.4062747955322,STATISVM7,12,12,1,2026-10-08 15:40:17
nncl,nncl_numeric.search.paper,tuned_paper_s2027,j5,1,5,1.28494620323181,0.387422800064087,1.9361789226532,0.256989240646362,38.4062747955322,STATISVM7,12,12,1,2026-10-08 15:40:17
nncl,nncl_numeric.search.paper,tuned_paper_s2027,j6,1,5,1.22729802131653,0.385324001312256,1.84896087646484,0.245459604263306,38.4062747955322,STATISVM7,12,12,1,2026-10-08 15:40:17
nncl,nncl_numeric.search.paper,tuned_paper_s2027,j7,1,5,1.24463486671448,0.419071197509766,1.89873814582825,0.248926973342896,38.4062747955322,STATISVM7,12,12,1,2026-10-08 15:40:17
nncl,nncl_numeric.search.paper,tuned_paper_s2027,j8,1,5,1.51685690879822,0.40173602104187,2.18857502937317,0.303371381759644,38.4062747955322,STATISVM7,12,12,1,2026-10-08 15:40:17
nncl,nncl_numeric.search.paper,tuned_paper_s2027,j9,1,5,1.50243902206421,0.439813137054443,2.15495014190674,0.300487804412842,38.4062747955322,STATISVM7,12,12,1,2026-10-08 15:40:17
nncl,nncl_numeric.search.paper,tuned_paper_s2027,j10,1,5,1.30115509033203,0.437448024749756,1.95255708694458,0.260231018066406,38.4062747955322,STATISVM7,12,12,1,2026-10-08 15:40:17
nncl,nncl_numeric.search.paper,tuned_paper_s2027,j11,1,5,1.17315602302551,0.449805974960327,1.84429693222046,0.234631204605103,38.4062747955322,STATISVM7,12,12,1,2026-10-08 15:40:17
nncl,nncl_numeric.search.paper,tuned_paper_s2027,j12,1,5,1.29955291748047,0.439569234848022,1.98619318008423,0.259910583496094,38.4062747955322,STATISVM7,12,12,1,2026-10-08 15:40:17
nncl,nncl_numeric.search.paper,tuned_paper_s2027,j13,1,5,1.3952419757843,0.430655002593994,2.05594611167908,0.27904839515686,38.4062747955322,STATISVM7,12,12,1,2026-10-08 15:40:17
nncl,nncl_numeric.search.paper,tuned_paper_s2027,j14,1,5,1.15937519073486,0.444936990737915,1.82533597946167,0.231875038146973,38.4062747955322,STATISVM7,12,12,1,2026-10-08 15:40:17
nncl,nncl_numeric.search.paper,tuned_paper_s2027,j15,1,5,1.33737802505493,0.459760904312134,2.11545586585999,0.267475605010986,38.4062747955322,STATISVM7,12,12,1,2026-10-08 15:40:17
nncl,nncl_numeric.search.paper,tuned_paper_s2027,j16,1,5,1.38780117034912,0.553596019744873,2.16720819473267,0.277560234069824,38.4062747955322,STATISVM7,12,12,1,2026-10-08 15:40:17
nncl,nncl_numeric.search.paper,tuned_paper_s2027,j17,1,5,1.2608540058136,0.489935159683228,1.95168805122376,0.25217080116272,38.4062747955322,STATISVM7,12,12,1,2026-10-08 15:40:17
nncl,nncl_numeric.search.paper,tuned_paper_s2027,j18,1,5,1.29788708686829,0.498806953430176,2.02278590202332,0.259577417373657,38.4062747955322,STATISVM7,12,12,1,2026-10-08 15:40:17
nncl,nncl_numeric.search.paper,tuned_paper_s2027,j19,1,5,1.33555197715759,0.477735996246338,2.04431986808777,0.267110395431519,38.4062747955322,STATISVM7,12,12,1,2026-10-08 15:40:17
nncl,nncl_numeric.search.cl_start,dropout=0.1,seed 2026 origin 15,14,,24.5350148677826,,,,89.4368710517883,STATISVM7,12,12,1,2026-10-08 15:34:44
nncl,nncl_numeric.search.cl_start,dropout=0.1,seed 2026 origin 18,17,,34.0382428169251,,,,89.4368710517883,STATISVM7,12,12,1,2026-10-08 15:34:44
nncl,nncl_numeric.search.cl_start,dropout=0,seed 2026 origin 15,14,,21.8265681266785,,,,84.8693821430206,STATISVM7,12,12,1,2026-10-08 15:33:15
nncl,nncl_numeric.search.cl_start,dropout=0,seed 2026 origin 18,17,,31.719970703125,,,,84.8693821430206,STATISVM7,12,12,1,2026-10-08 15:33:15
nncl,nncl_numeric.search.early_stop,dropout=0.1,seed 2026 origin 15,14,,30.6782958507538,,,,100.803031921387,STATISVM7,12,12,1,2026-10-08 15:35:13
nncl,nncl_numeric.search.early_stop,dropout=0.1,seed 2026 origin 18,17,,38.9906582832336,,,,100.803031921387,STATISVM7,12,12,1,2026-10-08 15:35:13
nncl,nncl_numeric.search.early_stop,dropout=0,seed 2026 origin 15,14,,28.7035946846008,,,,96.364795923233,STATISVM7,12,12,1,2026-10-08 15:33:32
nncl,nncl_numeric.search.early_stop,dropout=0,seed 2026 origin 18,17,,37.0867078304291,,,,96.364795923233,STATISVM7,12,12,1,2026-10-08 15:33:32
nncl,nncl_numeric.search.paper,"dropout=0.1, hidden=20, activation=tanh",seed 2026 origin 15,14,,19.2604382038116,,,,71.1187930107117,STATISVM7,12,12,1,2026-10-08 15:34:16
nncl,nncl_numeric.search.paper,"dropout=0.1, hidden=20, activation=tanh",seed 2026 origin 18,17,,24.0031187534332,,,,71.1187930107117,STATISVM7,12,12,1,2026-10-08 15:34:16
nncl,nncl_numeric.search.paper,"dropout=0, hidden=20, activation=tanh",seed 2026 origin 15,14,,17.3810420036316,,,,69.4259359836578,STATISVM7,12,12,1,2026-10-08 15:33:05
nncl,nncl_numeric.search.paper,"dropout=0, hidden=20, activation=tanh",seed 2026 origin 18,17,,22.0119321346283,,,,69.4259359836578,STATISVM7,12,12,1,2026-10-08 15:33:05
