model,task,run,fit,networks,epochs,seconds_fit,seconds_build,seconds_total,seconds_per_epoch,run_seconds,host,cores,workers,threads,time
bccnn,bccnn.fit.claims_split_refit,claims_split_refit,halves early_stop,1,100,7.61565113067627,,,0.0761565113067627,23.837042093277,STATISVM7,12,12,1,2026-10-08 15:18:57
bccnn,bccnn.fit.claims_split_refit,claims_split_refit,final refit,1,92,6.60212898254395,,,0.0717622715493907,23.837042093277,STATISVM7,12,12,1,2026-10-08 15:18:57
bccnn,bccnn.fit.rolling_origin_partition,rolling_origin_partition,1 early_stop,1,100,7.6478259563446,8.95275592803955,,0.076478259563446,31.1899251937866,STATISVM7,12,12,1,2026-10-08 15:19:04
bccnn,bccnn.fit.rolling_origin_partition,rolling_origin_partition,2 early_stop,1,100,6.91679215431213,0.331414937973022,,0.0691679215431213,31.1899251937866,STATISVM7,12,12,1,2026-10-08 15:19:04
bccnn,bccnn.fit.rolling_origin_partition,rolling_origin_partition,final early_stop,1,100,6.50241208076477,0.299376010894775,,0.0650241208076477,31.1899251937866,STATISVM7,12,12,1,2026-10-08 15:19:04
bccnn,bccnn.fit.rolling_origin_refit,rolling_origin_refit,1 early_stop,1,100,7.56214594841003,8.948734998703,,0.0756214594841003,45.9534151554108,STATISVM7,12,12,1,2026-10-08 15:19:19
bccnn,bccnn.fit.rolling_origin_refit,rolling_origin_refit,2 early_stop,1,100,6.59428906440735,0.323578834533691,,0.0659428906440735,45.9534151554108,STATISVM7,12,12,1,2026-10-08 15:19:19
bccnn,bccnn.fit.rolling_origin_refit,rolling_origin_refit,final early_stop,1,100,7.54666304588318,0.331876039505005,,0.0754666304588318,45.9534151554108,STATISVM7,12,12,1,2026-10-08 15:19:19
bccnn,bccnn.fit.rolling_origin_refit,rolling_origin_refit,1 refit,1,71,5.09086394309998,,,0.0717023090577461,45.9534151554108,STATISVM7,12,12,1,2026-10-08 15:19:19
bccnn,bccnn.fit.rolling_origin_refit,rolling_origin_refit,2 refit,1,100,6.60510301589966,,,0.0660510301589966,45.9534151554108,STATISVM7,12,12,1,2026-10-08 15:19:19
bccnn,bccnn.fit.rolling_origin_refit,rolling_origin_refit,final refit,1,1,0.961457014083862,,,0.961457014083862,45.9534151554108,STATISVM7,12,12,1,2026-10-08 15:19:19
bccnn,bccnn.bootstrap.claims_split_refit,c1,refit 1,1,92,6.10511183738709,,13.8275289535522,0.0663599112759466,33.7086887359619,STATISVM7,12,12,1,2026-10-08 15:20:25
bccnn,bccnn.bootstrap.claims_split_refit,c1,refit 2,1,92,6.07911801338196,,6.52034401893616,0.0660773697106735,33.7086887359619,STATISVM7,12,12,1,2026-10-08 15:20:25
bccnn,bccnn.bootstrap.claims_split_refit,c1,refit 3,1,92,5.87119507789612,,6.29608488082886,0.0638173378032187,33.7086887359619,STATISVM7,12,12,1,2026-10-08 15:20:25
bccnn,bccnn.bootstrap.claims_split_refit,c1,refit 4,1,92,6.65635895729065,,7.06473088264465,0.0723517277966375,33.7086887359619,STATISVM7,12,12,1,2026-10-08 15:20:25
bccnn,bccnn.bootstrap.claims_split_refit,c2,refit 5,1,92,6.0514349937439,,14.2705309391022,0.0657764673233032,34.3434431552887,STATISVM7,12,12,1,2026-10-08 15:21:55
bccnn,bccnn.bootstrap.claims_split_refit,c2,refit 6,1,92,6.075119972229,,6.47095608711243,0.0660339127416196,34.3434431552887,STATISVM7,12,12,1,2026-10-08 15:21:55
bccnn,bccnn.bootstrap.claims_split_refit,c2,refit 7,1,92,6.00670123100281,,6.45902013778687,0.0652902307717697,34.3434431552887,STATISVM7,12,12,1,2026-10-08 15:21:55
bccnn,bccnn.bootstrap.claims_split_refit,c2,refit 8,1,92,6.74559593200684,,7.14293599128723,0.0733216949131178,34.3434431552887,STATISVM7,12,12,1,2026-10-08 15:21:55
bccnn,bccnn.bootstrap.rolling_origin_partition,c1,refit 1,1,1,1.14982485771179,,8.8241879940033,1.14982485771179,13.3321497440338,STATISVM7,12,12,1,2026-10-08 15:20:05
bccnn,bccnn.bootstrap.rolling_origin_partition,c1,refit 2,1,1,1.07895588874817,,1.53129887580872,1.07895588874817,13.3321497440338,STATISVM7,12,12,1,2026-10-08 15:20:05
bccnn,bccnn.bootstrap.rolling_origin_partition,c1,refit 3,1,1,1.07326793670654,,1.47800397872925,1.07326793670654,13.3321497440338,STATISVM7,12,12,1,2026-10-08 15:20:05
bccnn,bccnn.bootstrap.rolling_origin_partition,c1,refit 4,1,1,1.07637691497803,,1.49865889549255,1.07637691497803,13.3321497440338,STATISVM7,12,12,1,2026-10-08 15:20:05
bccnn,bccnn.bootstrap.rolling_origin_partition,c2,refit 5,1,1,1.1991879940033,,9.43127179145813,1.1991879940033,13.8619298934937,STATISVM7,12,12,1,2026-10-08 15:21:24
bccnn,bccnn.bootstrap.rolling_origin_partition,c2,refit 6,1,1,1.14447999000549,,1.56921911239624,1.14447999000549,13.8619298934937,STATISVM7,12,12,1,2026-10-08 15:21:24
bccnn,bccnn.bootstrap.rolling_origin_partition,c2,refit 7,1,1,1.02684092521667,,1.43569898605347,1.02684092521667,13.8619298934937,STATISVM7,12,12,1,2026-10-08 15:21:24
bccnn,bccnn.bootstrap.rolling_origin_partition,c2,refit 8,1,1,1.0344569683075,,1.42574000358582,1.0344569683075,13.8619298934937,STATISVM7,12,12,1,2026-10-08 15:21:24
bccnn,bccnn.bootstrap.rolling_origin_refit,c1,refit 1,1,1,1.03862500190735,,9.23077607154846,1.03862500190735,13.7452020645142,STATISVM7,12,12,1,2026-10-08 15:20:01
bccnn,bccnn.bootstrap.rolling_origin_refit,c1,refit 2,1,1,1.12346792221069,,1.52971506118774,1.12346792221069,13.7452020645142,STATISVM7,12,12,1,2026-10-08 15:20:01
bccnn,bccnn.bootstrap.rolling_origin_refit,c1,refit 3,1,1,1.08388185501099,,1.48803400993347,1.08388185501099,13.7452020645142,STATISVM7,12,12,1,2026-10-08 15:20:01
bccnn,bccnn.bootstrap.rolling_origin_refit,c1,refit 4,1,1,1.09043598175049,,1.49667692184448,1.09043598175049,13.7452020645142,STATISVM7,12,12,1,2026-10-08 15:20:01
bccnn,bccnn.bootstrap.rolling_origin_refit,c2,refit 5,1,1,1.13969302177429,,9.2969708442688,1.13969302177429,13.776745557785,STATISVM7,12,12,1,2026-10-08 15:21:24
bccnn,bccnn.bootstrap.rolling_origin_refit,c2,refit 6,1,1,1.13135600090027,,1.54673385620117,1.13135600090027,13.776745557785,STATISVM7,12,12,1,2026-10-08 15:21:24
bccnn,bccnn.bootstrap.rolling_origin_refit,c2,refit 7,1,1,1.08055996894836,,1.50967693328857,1.08055996894836,13.776745557785,STATISVM7,12,12,1,2026-10-08 15:21:24
bccnn,bccnn.bootstrap.rolling_origin_refit,c2,refit 8,1,1,1.01898312568665,,1.42336392402649,1.01898312568665,13.776745557785,STATISVM7,12,12,1,2026-10-08 15:21:24
bccnn,bccnn.masking,s2026,halves early_stop,1,100,6.643,,,0.06643,20.7780001163483,STATISVM7,12,12,1,2026-10-08 15:20:13
bccnn,bccnn.masking,s2026,final refit 92,1,92,5.899,,,0.0641195652173913,20.7780001163483,STATISVM7,12,12,1,2026-10-08 15:20:13
bccnn,bccnn.masking,s2027,halves early_stop,1,100,6.715,,,0.06715,17.746260881424,STATISVM7,12,12,1,2026-10-08 15:21:43
bccnn,bccnn.masking,s2027,final refit 2,1,2,1.205,,,0.6025,17.746260881424,STATISVM7,12,12,1,2026-10-08 15:21:43
bccnn,bccnn.search,dropout=0.1,seed 2026 1 early_stop,1,100,6.42512917518616,,,0.0642512917518616,34.1289298534393,STATISVM7,12,12,1,2026-10-08 15:21:44
bccnn,bccnn.search,dropout=0.1,seed 2026 2 early_stop,1,100,6.39706110954285,,,0.0639706110954285,34.1289298534393,STATISVM7,12,12,1,2026-10-08 15:21:44
bccnn,bccnn.search,dropout=0.1,seed 2026 1 refit,1,71,5.21996688842773,,,0.0735206604003906,34.1289298534393,STATISVM7,12,12,1,2026-10-08 15:21:44
bccnn,bccnn.search,dropout=0.1,seed 2026 2 refit,1,100,6.5596718788147,,,0.065596718788147,34.1289298534393,STATISVM7,12,12,1,2026-10-08 15:21:44
bccnn,bccnn.search,dropout=0,seed 2026 1 early_stop,1,100,6.49506902694702,,,0.0649506902694702,16.6707310676575,STATISVM7,12,12,1,2026-10-08 15:22:01
bccnn,bccnn.search,dropout=0,seed 2026 2 early_stop,1,100,6.39479994773865,,,0.0639479994773865,16.6707310676575,STATISVM7,12,12,1,2026-10-08 15:22:01
bccnn,bccnn.search,dropout=0,seed 2026 1 refit,1,2,1.05966806411743,,,0.529834032058716,16.6707310676575,STATISVM7,12,12,1,2026-10-08 15:22:01
bccnn,bccnn.search,dropout=0,seed 2026 2 refit,1,2,0.944538116455078,,,0.472269058227539,16.6707310676575,STATISVM7,12,12,1,2026-10-08 15:22:01
bccnn,bccnn.search,final config.yml,1 early_stop,1,100,6.347,,,0.06347,32.8966436386108,STATISVM7,12,12,1,2026-10-08 15:23:02
bccnn,bccnn.search,final config.yml,1 refit,1,71,5.295,,,0.0745774647887324,32.8966436386108,STATISVM7,12,12,1,2026-10-08 15:23:02
bccnn,bccnn.search,final config.yml,2 early_stop,1,100,6.683,,,0.06683,32.8966436386108,STATISVM7,12,12,1,2026-10-08 15:23:02
bccnn,bccnn.search,final config.yml,2 refit,1,100,6.652,,,0.06652,32.8966436386108,STATISVM7,12,12,1,2026-10-08 15:23:02
bccnn,bccnn.search,final config.yml,final early_stop,1,100,6.528,,,0.06528,32.8966436386108,STATISVM7,12,12,1,2026-10-08 15:23:02
bccnn,bccnn.search,final config.yml,final refit,1,1,1.014,,,1.014,32.8966436386108,STATISVM7,12,12,1,2026-10-08 15:23:02
bccnn,bccnn.search,final chosen,1 early_stop,1,100,6.199,,,0.06199,21.8517253398895,STATISVM7,12,12,1,2026-10-08 15:23:02
bccnn,bccnn.search,final chosen,1 refit,1,2,1.03,,,0.515,21.8517253398895,STATISVM7,12,12,1,2026-10-08 15:23:02
bccnn,bccnn.search,final chosen,2 early_stop,1,100,6.271,,,0.06271,21.8517253398895,STATISVM7,12,12,1,2026-10-08 15:23:02
bccnn,bccnn.search,final chosen,2 refit,1,2,0.916,,,0.458,21.8517253398895,STATISVM7,12,12,1,2026-10-08 15:23:02
bccnn,bccnn.search,final chosen,final early_stop,1,100,6.32,,,0.0632,21.8517253398895,STATISVM7,12,12,1,2026-10-08 15:23:02
bccnn,bccnn.search,final chosen,final refit,1,2,0.915,,,0.4575,21.8517253398895,STATISVM7,12,12,1,2026-10-08 15:23:02
bccnn,bccnn.grid,grid_20_tanh_d0.1_rmsprop_b64_s2026,1 early_stop,1,300,18.371652841568,9.24649310112,,0.0612388428052266,90.905818939209,STATISVM7,12,12,1,2026-10-08 15:44:28
bccnn,bccnn.grid,grid_20_tanh_d0.1_rmsprop_b64_s2026,2 early_stop,1,300,15.3279790878296,0.247967004776001,,0.0510932636260986,90.905818939209,STATISVM7,12,12,1,2026-10-08 15:44:28
bccnn,bccnn.grid,grid_20_tanh_d0.1_rmsprop_b64_s2026,final early_stop,1,300,13.8469979763031,0.258551120758057,,0.0461566599210103,90.905818939209,STATISVM7,12,12,1,2026-10-08 15:44:28
bccnn,bccnn.grid,grid_20_tanh_d0.1_rmsprop_b64_s2026,1 refit 80,1,80,4.50310301780701,,,0.0562887877225876,90.905818939209,STATISVM7,12,12,1,2026-10-08 15:44:28
bccnn,bccnn.grid,grid_20_tanh_d0.1_rmsprop_b64_s2026,1 refit 83,1,83,4.59099698066711,,,0.0553132166345436,90.905818939209,STATISVM7,12,12,1,2026-10-08 15:44:28
bccnn,bccnn.grid,grid_20_tanh_d0.1_rmsprop_b64_s2026,1 refit 45,1,45,2.80650806427002,,,0.0623668458726671,90.905818939209,STATISVM7,12,12,1,2026-10-08 15:44:28
bccnn,bccnn.grid,grid_20_tanh_d0.1_rmsprop_b64_s2026,2 refit 1,1,1,0.672666072845459,,,0.672666072845459,90.905818939209,STATISVM7,12,12,1,2026-10-08 15:44:28
bccnn,bccnn.grid,grid_20_tanh_d0.1_rmsprop_b64_s2026,2 refit 5,1,5,0.85913610458374,,,0.171827220916748,90.905818939209,STATISVM7,12,12,1,2026-10-08 15:44:28
bccnn,bccnn.grid,grid_20_tanh_d0.1_rmsprop_b64_s2026,final refit 93,1,93,4.68280696868897,,,0.0503527631041824,90.905818939209,STATISVM7,12,12,1,2026-10-08 15:44:28
bccnn,bccnn.grid,grid_20_tanh_d0.1_rmsprop_b64_s2026,final refit 268,1,268,12.7299489974976,,,0.0474998096921551,90.905818939209,STATISVM7,12,12,1,2026-10-08 15:44:28
bccnn,bccnn.grid,grid_20_tanh_d0.1_rmsprop_b64_s2027,1 early_stop,1,300,16.4212779998779,9.34255909919739,,0.0547375933329264,92.1197500228882,STATISVM7,12,12,1,2026-10-08 15:44:39
bccnn,bccnn.grid,grid_20_tanh_d0.1_rmsprop_b64_s2027,2 early_stop,1,300,14.3804860115051,0.230289936065674,,0.0479349533716838,92.1197500228882,STATISVM7,12,12,1,2026-10-08 15:44:39
bccnn,bccnn.grid,grid_20_tanh_d0.1_rmsprop_b64_s2027,final early_stop,1,300,13.8811280727386,0.214093923568726,,0.0462704269091288,92.1197500228882,STATISVM7,12,12,1,2026-10-08 15:44:39
bccnn,bccnn.grid,grid_20_tanh_d0.1_rmsprop_b64_s2027,1 refit 295,1,295,14.4131660461426,,,0.048858189986924,92.1197500228882,STATISVM7,12,12,1,2026-10-08 15:44:39
bccnn,bccnn.grid,grid_20_tanh_d0.1_rmsprop_b64_s2027,2 refit 99,1,99,4.91435217857361,,,0.049639920995693,92.1197500228882,STATISVM7,12,12,1,2026-10-08 15:44:39
bccnn,bccnn.grid,grid_20_tanh_d0.1_rmsprop_b64_s2027,2 refit 98,1,98,4.69582390785217,,,0.0479165704882875,92.1197500228882,STATISVM7,12,12,1,2026-10-08 15:44:39
bccnn,bccnn.grid,grid_20_tanh_d0.1_rmsprop_b64_s2027,2 refit 32,1,32,1.87165403366089,,,0.0584891885519028,92.1197500228882,STATISVM7,12,12,1,2026-10-08 15:44:39
bccnn,bccnn.grid,grid_20_tanh_d0.1_rmsprop_b64_s2027,final refit 99,1,99,4.48945784568787,,,0.0453480590473522,92.1197500228882,STATISVM7,12,12,1,2026-10-08 15:44:39
bccnn,bccnn.grid,grid_20_tanh_d0.1_rmsprop_b64_s2027,final refit 46,1,46,2.27592301368713,,,0.0494765872540681,92.1197500228882,STATISVM7,12,12,1,2026-10-08 15:44:39
bccnn,bccnn.grid,grid_20_tanh_d0.1_rmsprop_b64_s2027,final refit 48,1,48,2.37493300437927,,,0.0494777709245682,92.1197500228882,STATISVM7,12,12,1,2026-10-08 15:44:39
bccnn,bccnn.grid,grid_20_tanh_d0.1_rmsprop_b64_s2028,1 early_stop,1,300,14.6818192005157,8.00197792053223,,0.0489393973350525,75.6310768127441,STATISVM7,12,12,1,2026-10-08 15:44:33
bccnn,bccnn.grid,grid_20_tanh_d0.1_rmsprop_b64_s2028,2 early_stop,1,300,13.8371140956879,0.240530014038086,,0.0461237136522929,75.6310768127441,STATISVM7,12,12,1,2026-10-08 15:44:33
bccnn,bccnn.grid,grid_20_tanh_d0.1_rmsprop_b64_s2028,final early_stop,1,300,13.5994710922241,0.245707988739014,,0.0453315703074137,75.6310768127441,STATISVM7,12,12,1,2026-10-08 15:44:33
bccnn,bccnn.grid,grid_20_tanh_d0.1_rmsprop_b64_s2028,1 refit 94,1,94,5.13610410690308,,,0.0546394053925859,75.6310768127441,STATISVM7,12,12,1,2026-10-08 15:44:33
bccnn,bccnn.grid,grid_20_tanh_d0.1_rmsprop_b64_s2028,1 refit 203,1,203,10.0825109481812,,,0.0496675416166559,75.6310768127441,STATISVM7,12,12,1,2026-10-08 15:44:33
bccnn,bccnn.grid,grid_20_tanh_d0.1_rmsprop_b64_s2028,1 refit 2,1,2,0.645771026611328,,,0.322885513305664,75.6310768127441,STATISVM7,12,12,1,2026-10-08 15:44:33
bccnn,bccnn.grid,grid_20_tanh_d0.1_rmsprop_b64_s2028,2 refit 51,1,51,2.75023198127747,,,0.0539261172799503,75.6310768127441,STATISVM7,12,12,1,2026-10-08 15:44:33
bccnn,bccnn.grid,grid_20_tanh_d0.1_rmsprop_b64_s2028,2 refit 48,1,48,2.52233004570007,,,0.0525485426187515,75.6310768127441,STATISVM7,12,12,1,2026-10-08 15:44:33
bccnn,bccnn.grid,grid_20_tanh_d0.1_rmsprop_b64_s2028,final refit 1,1,1,0.529991149902344,,,0.529991149902344,75.6310768127441,STATISVM7,12,12,1,2026-10-08 15:44:33
bccnn,bccnn.grid,grid_20_tanh_d0.1_rmsprop_b64_s2028,final refit 4,1,4,0.650529146194458,,,0.162632286548615,75.6310768127441,STATISVM7,12,12,1,2026-10-08 15:44:33
bccnn,bccnn.grid,grid_20_tanh_d0.1_rmsprop_b64_s2029,1 early_stop,1,300,14.7160851955414,6.65190005302429,,0.0490536173184713,84.8478298187256,STATISVM7,12,12,1,2026-10-08 15:44:47
bccnn,bccnn.grid,grid_20_tanh_d0.1_rmsprop_b64_s2029,2 early_stop,1,300,13.2018411159515,0.244728088378906,,0.0440061370531718,84.8478298187256,STATISVM7,12,12,1,2026-10-08 15:44:47
bccnn,bccnn.grid,grid_20_tanh_d0.1_rmsprop_b64_s2029,final early_stop,1,300,11.7189810276032,0.215145111083984,,0.0390632700920105,84.8478298187256,STATISVM7,12,12,1,2026-10-08 15:44:47
bccnn,bccnn.grid,grid_20_tanh_d0.1_rmsprop_b64_s2029,1 refit 93,1,93,4.99282908439636,,,0.0536863342408211,84.8478298187256,STATISVM7,12,12,1,2026-10-08 15:44:47
bccnn,bccnn.grid,grid_20_tanh_d0.1_rmsprop_b64_s2029,1 refit 163,1,163,7.9851450920105,,,0.0489886201963834,84.8478298187256,STATISVM7,12,12,1,2026-10-08 15:44:47
bccnn,bccnn.grid,grid_20_tanh_d0.1_rmsprop_b64_s2029,1 refit 161,1,161,7.77459716796875,,,0.0482894234035326,84.8478298187256,STATISVM7,12,12,1,2026-10-08 15:44:47
bccnn,bccnn.grid,grid_20_tanh_d0.1_rmsprop_b64_s2029,2 refit 43,1,43,2.84718894958496,,,0.0662136965019758,84.8478298187256,STATISVM7,12,12,1,2026-10-08 15:44:47
bccnn,bccnn.grid,grid_20_tanh_d0.1_rmsprop_b64_s2029,2 refit 247,1,247,10.7691979408264,,,0.0435999916632648,84.8478298187256,STATISVM7,12,12,1,2026-10-08 15:44:47
bccnn,bccnn.grid,grid_20_tanh_d0.1_rmsprop_b64_s2029,final refit 1,1,1,0.469559907913208,,,0.469559907913208,84.8478298187256,STATISVM7,12,12,1,2026-10-08 15:44:47
bccnn,bccnn.grid,grid_20_tanh_d0.1_rmsprop_b64_s2029,final refit 5,1,5,0.627435922622681,,,0.125487184524536,84.8478298187256,STATISVM7,12,12,1,2026-10-08 15:44:47
bccnn,bccnn.grid,grid_20_tanh_d0.1_rmsprop_bfull_s2026,1 early_stop,1,300,16.8173100948334,8.55942606925964,,0.0560577003161112,88.0337240695953,STATISVM7,12,12,1,2026-10-08 15:21:51
bccnn,bccnn.grid,grid_20_tanh_d0.1_rmsprop_bfull_s2026,2 early_stop,1,300,16.5716490745544,0.290125846862793,,0.0552388302485148,88.0337240695953,STATISVM7,12,12,1,2026-10-08 15:21:51
bccnn,bccnn.grid,grid_20_tanh_d0.1_rmsprop_bfull_s2026,final early_stop,1,300,16.9651110172272,0.280994176864624,,0.0565503700574239,88.0337240695953,STATISVM7,12,12,1,2026-10-08 15:21:51
bccnn,bccnn.grid,grid_20_tanh_d0.1_rmsprop_bfull_s2026,1 refit 3,1,3,0.863579988479614,,,0.287859996159871,88.0337240695953,STATISVM7,12,12,1,2026-10-08 15:21:51
bccnn,bccnn.grid,grid_20_tanh_d0.1_rmsprop_bfull_s2026,1 refit 47,1,47,2.93574404716492,,,0.0624626393013812,88.0337240695953,STATISVM7,12,12,1,2026-10-08 15:21:51
bccnn,bccnn.grid,grid_20_tanh_d0.1_rmsprop_bfull_s2026,2 refit 4,1,4,0.897387981414795,,,0.224346995353699,88.0337240695953,STATISVM7,12,12,1,2026-10-08 15:21:51
bccnn,bccnn.grid,grid_20_tanh_d0.1_rmsprop_bfull_s2026,2 refit 257,1,257,14.326061964035,,,0.0557434317666733,88.0337240695953,STATISVM7,12,12,1,2026-10-08 15:21:51
bccnn,bccnn.grid,grid_20_tanh_d0.1_rmsprop_bfull_s2026,final refit 3,1,3,0.767069101333618,,,0.255689700444539,88.0337240695953,STATISVM7,12,12,1,2026-10-08 15:21:51
bccnn,bccnn.grid,grid_20_tanh_d0.1_rmsprop_bfull_s2026,final refit 88,1,88,5.73219394683838,,,0.0651385675777089,88.0337240695953,STATISVM7,12,12,1,2026-10-08 15:21:51
bccnn,bccnn.grid,grid_20_tanh_d0.1_rmsprop_bfull_s2027,1 early_stop,1,300,18.9688529968262,9.00746297836304,,0.0632295099894206,103.268952846527,STATISVM7,12,12,1,2026-10-08 15:43:23
bccnn,bccnn.grid,grid_20_tanh_d0.1_rmsprop_bfull_s2027,2 early_stop,1,300,18.8766767978668,0.341814994812012,,0.0629222559928894,103.268952846527,STATISVM7,12,12,1,2026-10-08 15:43:23
bccnn,bccnn.grid,grid_20_tanh_d0.1_rmsprop_bfull_s2027,final early_stop,1,300,17.8636929988861,0.312162160873413,,0.0595456433296204,103.268952846527,STATISVM7,12,12,1,2026-10-08 15:43:23
bccnn,bccnn.grid,grid_20_tanh_d0.1_rmsprop_bfull_s2027,1 refit 2,1,2,0.829684019088745,,,0.414842009544373,103.268952846527,STATISVM7,12,12,1,2026-10-08 15:43:23
bccnn,bccnn.grid,grid_20_tanh_d0.1_rmsprop_bfull_s2027,1 refit 160,1,160,9.97531914710999,,,0.0623457446694374,103.268952846527,STATISVM7,12,12,1,2026-10-08 15:43:23
bccnn,bccnn.grid,grid_20_tanh_d0.1_rmsprop_bfull_s2027,2 refit 3,1,3,0.841678857803345,,,0.280559619267782,103.268952846527,STATISVM7,12,12,1,2026-10-08 15:43:23
bccnn,bccnn.grid,grid_20_tanh_d0.1_rmsprop_bfull_s2027,2 refit 251,1,251,16.3207879066467,,,0.0650230593890308,103.268952846527,STATISVM7,12,12,1,2026-10-08 15:43:23
bccnn,bccnn.grid,grid_20_tanh_d0.1_rmsprop_bfull_s2027,final refit 3,1,3,0.91771388053894,,,0.305904626846314,103.268952846527,STATISVM7,12,12,1,2026-10-08 15:43:23
bccnn,bccnn.grid,grid_20_tanh_d0.1_rmsprop_bfull_s2027,final refit 97,1,97,5.90267705917358,,,0.0608523408162225,103.268952846527,STATISVM7,12,12,1,2026-10-08 15:43:23
bccnn,bccnn.grid,grid_20_tanh_d0.1_rmsprop_bfull_s2028,1 early_stop,1,300,18.1046581268311,10.5215289592743,,0.0603488604227702,80.4184019565582,STATISVM7,12,12,1,2026-10-08 15:44:02
bccnn,bccnn.grid,grid_20_tanh_d0.1_rmsprop_bfull_s2028,2 early_stop,1,300,15.7867970466614,0.322648048400879,,0.0526226568222046,80.4184019565582,STATISVM7,12,12,1,2026-10-08 15:44:02
bccnn,bccnn.grid,grid_20_tanh_d0.1_rmsprop_bfull_s2028,final early_stop,1,300,13.2858901023865,0.264224052429199,,0.0442863003412883,80.4184019565582,STATISVM7,12,12,1,2026-10-08 15:44:02
bccnn,bccnn.grid,grid_20_tanh_d0.1_rmsprop_bfull_s2028,1 refit 2,1,2,0.824169874191284,,,0.412084937095642,80.4184019565582,STATISVM7,12,12,1,2026-10-08 15:44:02
bccnn,bccnn.grid,grid_20_tanh_d0.1_rmsprop_bfull_s2028,1 refit 6,1,6,1.08418798446655,,,0.180697997411092,80.4184019565582,STATISVM7,12,12,1,2026-10-08 15:44:02
bccnn,bccnn.grid,grid_20_tanh_d0.1_rmsprop_bfull_s2028,2 refit 2,1,2,0.628316164016724,,,0.314158082008362,80.4184019565582,STATISVM7,12,12,1,2026-10-08 15:44:02
bccnn,bccnn.grid,grid_20_tanh_d0.1_rmsprop_bfull_s2028,2 refit 73,1,73,3.97310614585876,,,0.0544261115871064,80.4184019565582,STATISVM7,12,12,1,2026-10-08 15:44:02
bccnn,bccnn.grid,grid_20_tanh_d0.1_rmsprop_bfull_s2028,final refit 4,1,4,0.705744028091431,,,0.176436007022858,80.4184019565582,STATISVM7,12,12,1,2026-10-08 15:44:02
bccnn,bccnn.grid,grid_20_tanh_d0.1_rmsprop_bfull_s2028,final refit 285,1,285,12.2578129768372,,,0.0430098700941655,80.4184019565582,STATISVM7,12,12,1,2026-10-08 15:44:02
bccnn,bccnn.grid,grid_20_tanh_d0.1_rmsprop_bfull_s2029,1 early_stop,1,300,17.6368699073792,9.48239707946777,,0.0587895663579305,76.9748930931091,STATISVM7,12,12,1,2026-10-08 15:44:14
bccnn,bccnn.grid,grid_20_tanh_d0.1_rmsprop_bfull_s2029,2 early_stop,1,300,13.3372509479523,0.238926887512207,,0.0444575031598409,76.9748930931091,STATISVM7,12,12,1,2026-10-08 15:44:14
bccnn,bccnn.grid,grid_20_tanh_d0.1_rmsprop_bfull_s2029,final early_stop,1,300,12.3368721008301,0.236426830291748,,0.0411229070027669,76.9748930931091,STATISVM7,12,12,1,2026-10-08 15:44:14
bccnn,bccnn.grid,grid_20_tanh_d0.1_rmsprop_bfull_s2029,1 refit 68,1,68,3.54626989364624,,,0.0521510278477388,76.9748930931091,STATISVM7,12,12,1,2026-10-08 15:44:14
bccnn,bccnn.grid,grid_20_tanh_d0.1_rmsprop_bfull_s2029,1 refit 74,1,74,3.91662788391113,,,0.0529274038366369,76.9748930931091,STATISVM7,12,12,1,2026-10-08 15:44:14
bccnn,bccnn.grid,grid_20_tanh_d0.1_rmsprop_bfull_s2029,1 refit 3,1,3,0.691329002380371,,,0.230443000793457,76.9748930931091,STATISVM7,12,12,1,2026-10-08 15:44:14
bccnn,bccnn.grid,grid_20_tanh_d0.1_rmsprop_bfull_s2029,2 refit 3,1,3,0.641138076782227,,,0.213712692260742,76.9748930931091,STATISVM7,12,12,1,2026-10-08 15:44:14
bccnn,bccnn.grid,grid_20_tanh_d0.1_rmsprop_bfull_s2029,2 refit 178,1,178,7.85648202896118,,,0.044137539488546,76.9748930931091,STATISVM7,12,12,1,2026-10-08 15:44:14
bccnn,bccnn.grid,grid_20_tanh_d0.1_rmsprop_bfull_s2029,final refit 2,1,2,0.541471004486084,,,0.270735502243042,76.9748930931091,STATISVM7,12,12,1,2026-10-08 15:44:14
bccnn,bccnn.grid,grid_20_tanh_d0.1_rmsprop_bfull_s2029,final refit 87,1,87,3.76277494430542,,,0.0432502867161543,76.9748930931091,STATISVM7,12,12,1,2026-10-08 15:44:14
nncl,nncl.cl_grid,clgrid_20_rmsprop_cl_paper_s2026,j1,1,5,1.23108291625977,0.565563201904297,2.02851009368896,0.246216583251953,36.8568170070648,STATISVM7,12,12,1,2026-10-08 15:20:48
nncl,nncl.cl_grid,clgrid_20_rmsprop_cl_paper_s2026,j2,1,5,1.2126030921936,0.417804002761841,1.83626818656921,0.242520618438721,36.8568170070648,STATISVM7,12,12,1,2026-10-08 15:20:48
nncl,nncl.cl_grid,clgrid_20_rmsprop_cl_paper_s2026,j3,1,5,1.11416912078857,0.391239881515503,1.72900986671448,0.222833824157715,36.8568170070648,STATISVM7,12,12,1,2026-10-08 15:20:48
nncl,nncl.cl_grid,clgrid_20_rmsprop_cl_paper_s2026,j4,1,5,1.27400803565979,0.408551931381226,1.91202902793884,0.254801607131958,36.8568170070648,STATISVM7,12,12,1,2026-10-08 15:20:48
nncl,nncl.cl_grid,clgrid_20_rmsprop_cl_paper_s2026,j5,1,5,1.34353280067444,0.450903177261353,2.00921010971069,0.268706560134888,36.8568170070648,STATISVM7,12,12,1,2026-10-08 15:20:48
nncl,nncl.cl_grid,clgrid_20_rmsprop_cl_paper_s2026,j6,1,5,1.32832622528076,0.420809984207153,2.0003490447998,0.265665245056152,36.8568170070648,STATISVM7,12,12,1,2026-10-08 15:20:48
nncl,nncl.cl_grid,clgrid_20_rmsprop_cl_paper_s2026,j7,1,5,1.27164602279663,0.419172048568726,1.91927099227905,0.254329204559326,36.8568170070648,STATISVM7,12,12,1,2026-10-08 15:20:48
nncl,nncl.cl_grid,clgrid_20_rmsprop_cl_paper_s2026,j8,1,5,1.36122393608093,0.436456918716431,2.00512981414795,0.272244787216187,36.8568170070648,STATISVM7,12,12,1,2026-10-08 15:20:48
nncl,nncl.cl_grid,clgrid_20_rmsprop_cl_paper_s2026,j9,1,5,1.20009994506836,0.431509017944336,1.86192297935486,0.240019989013672,36.8568170070648,STATISVM7,12,12,1,2026-10-08 15:20:48
nncl,nncl.cl_grid,clgrid_20_rmsprop_cl_paper_s2026,j10,1,5,1.25309991836548,0.412790060043335,1.89168620109558,0.250619983673096,36.8568170070648,STATISVM7,12,12,1,2026-10-08 15:20:48
nncl,nncl.cl_grid,clgrid_20_rmsprop_cl_paper_s2026,j11,1,5,1.21048188209534,0.415807962417603,1.81536793708801,0.242096376419067,36.8568170070648,STATISVM7,12,12,1,2026-10-08 15:20:48
nncl,nncl.cl_grid,clgrid_20_rmsprop_cl_paper_s2026,j12,1,5,1.23603892326355,0.42097020149231,1.8598952293396,0.24720778465271,36.8568170070648,STATISVM7,12,12,1,2026-10-08 15:20:48
nncl,nncl.cl_grid,clgrid_20_rmsprop_cl_paper_s2026,j13,1,5,1.25695991516113,0.446282148361206,1.96852517127991,0.251391983032227,36.8568170070648,STATISVM7,12,12,1,2026-10-08 15:20:48
nncl,nncl.cl_grid,clgrid_20_rmsprop_cl_paper_s2026,j14,1,5,1.295578956604,0.448158025741577,1.94854712486267,0.259115791320801,36.8568170070648,STATISVM7,12,12,1,2026-10-08 15:20:48
nncl,nncl.cl_grid,clgrid_20_rmsprop_cl_paper_s2026,j15,1,5,1.29328417778015,0.456201791763306,1.95597791671753,0.25865683555603,36.8568170070648,STATISVM7,12,12,1,2026-10-08 15:20:48
nncl,nncl.cl_grid,clgrid_20_rmsprop_cl_paper_s2026,j16,1,5,1.41056799888611,0.513568162918091,2.16326713562012,0.282113599777222,36.8568170070648,STATISVM7,12,12,1,2026-10-08 15:20:48
nncl,nncl.cl_grid,clgrid_20_rmsprop_cl_paper_s2026,j17,1,5,1.35384702682495,0.468178987503052,2.05150699615479,0.27076940536499,36.8568170070648,STATISVM7,12,12,1,2026-10-08 15:20:48
nncl,nncl.cl_grid,clgrid_20_rmsprop_cl_paper_s2026,j18,1,5,1.24123811721802,0.502057075500488,1.95406317710876,0.248247623443604,36.8568170070648,STATISVM7,12,12,1,2026-10-08 15:20:48
nncl,nncl.cl_grid,clgrid_20_rmsprop_cl_paper_s2026,j19,1,5,1.2527551651001,0.492555856704712,1.94628000259399,0.25055103302002,36.8568170070648,STATISVM7,12,12,1,2026-10-08 15:20:48
nncl,nncl.cl_grid,clgrid_20_rmsprop_cl_paper_s2027,j1,1,5,1.26474404335022,0.535820960998535,2.00108695030212,0.252948808670044,35.2356071472168,STATISVM7,12,12,1,2026-10-08 15:25:16
nncl,nncl.cl_grid,clgrid_20_rmsprop_cl_paper_s2027,j2,1,5,1.24541997909546,0.401174068450928,1.86052894592285,0.249083995819092,35.2356071472168,STATISVM7,12,12,1,2026-10-08 15:25:16
nncl,nncl.cl_grid,clgrid_20_rmsprop_cl_paper_s2027,j3,1,5,1.2380838394165,0.368947982788086,1.7899968624115,0.247616767883301,35.2356071472168,STATISVM7,12,12,1,2026-10-08 15:25:16
nncl,nncl.cl_grid,clgrid_20_rmsprop_cl_paper_s2027,j4,1,5,0.986207962036133,0.347443103790283,1.52343392372131,0.197241592407227,35.2356071472168,STATISVM7,12,12,1,2026-10-08 15:25:16
nncl,nncl.cl_grid,clgrid_20_rmsprop_cl_paper_s2027,j5,1,5,1.17975401878357,0.350707054138184,1.72815012931824,0.235950803756714,35.2356071472168,STATISVM7,12,12,1,2026-10-08 15:25:16
nncl,nncl.cl_grid,clgrid_20_rmsprop_cl_paper_s2027,j6,1,5,1.19341707229614,0.412595987319946,1.81201314926147,0.238683414459229,35.2356071472168,STATISVM7,12,12,1,2026-10-08 15:25:16
nncl,nncl.cl_grid,clgrid_20_rmsprop_cl_paper_s2027,j7,1,5,1.22995591163635,0.386433124542236,1.80038809776306,0.245991182327271,35.2356071472168,STATISVM7,12,12,1,2026-10-08 15:25:16
nncl,nncl.cl_grid,clgrid_20_rmsprop_cl_paper_s2027,j8,1,5,1.19418001174927,0.373076915740967,1.82133603096008,0.238836002349854,35.2356071472168,STATISVM7,12,12,1,2026-10-08 15:25:16
nncl,nncl.cl_grid,clgrid_20_rmsprop_cl_paper_s2027,j9,1,5,1.1643271446228,0.419181823730469,1.7925808429718,0.232865428924561,35.2356071472168,STATISVM7,12,12,1,2026-10-08 15:25:16
nncl,nncl.cl_grid,clgrid_20_rmsprop_cl_paper_s2027,j10,1,5,1.32767295837402,0.432054996490479,1.96737384796143,0.265534591674805,35.2356071472168,STATISVM7,12,12,1,2026-10-08 15:25:16
nncl,nncl.cl_grid,clgrid_20_rmsprop_cl_paper_s2027,j11,1,5,1.36316084861755,0.47587513923645,2.04321718215942,0.272632169723511,35.2356071472168,STATISVM7,12,12,1,2026-10-08 15:25:16
nncl,nncl.cl_grid,clgrid_20_rmsprop_cl_paper_s2027,j12,1,5,1.10021305084229,0.437541961669922,1.73901295661926,0.220042610168457,35.2356071472168,STATISVM7,12,12,1,2026-10-08 15:25:16
nncl,nncl.cl_grid,clgrid_20_rmsprop_cl_paper_s2027,j13,1,5,1.30337381362915,0.441184043884277,1.94934988021851,0.26067476272583,35.2356071472168,STATISVM7,12,12,1,2026-10-08 15:25:16
nncl,nncl.cl_grid,clgrid_20_rmsprop_cl_paper_s2027,j14,1,5,1.13484406471252,0.42697286605835,1.75238299369812,0.226968812942505,35.2356071472168,STATISVM7,12,12,1,2026-10-08 15:25:16
nncl,nncl.cl_grid,clgrid_20_rmsprop_cl_paper_s2027,j15,1,5,1.23488593101501,0.415600061416626,1.8367190361023,0.246977186203003,35.2356071472168,STATISVM7,12,12,1,2026-10-08 15:25:16
nncl,nncl.cl_grid,clgrid_20_rmsprop_cl_paper_s2027,j16,1,5,1.21788096427917,0.407319068908691,1.83707714080811,0.243576192855835,35.2356071472168,STATISVM7,12,12,1,2026-10-08 15:25:16
nncl,nncl.cl_grid,clgrid_20_rmsprop_cl_paper_s2027,j17,1,5,1.32401418685913,0.506414890289307,2.03972101211548,0.264802837371826,35.2356071472168,STATISVM7,12,12,1,2026-10-08 15:25:16
nncl,nncl.cl_grid,clgrid_20_rmsprop_cl_paper_s2027,j18,1,5,1.24411702156067,0.446222066879272,1.87724208831787,0.248823404312134,35.2356071472168,STATISVM7,12,12,1,2026-10-08 15:25:16
nncl,nncl.cl_grid,clgrid_20_rmsprop_cl_paper_s2027,j19,1,5,1.27324104309082,0.476726055145264,2.06399607658386,0.254648208618164,35.2356071472168,STATISVM7,12,12,1,2026-10-08 15:25:16
nncl,nncl.cl_grid,clgrid_20_rmsprop_cl_start_s2026,j1,1,3,1.02035093307495,0.53516697883606,1.76716184616089,0.34011697769165,39.036712884903,STATISVM7,12,12,1,2026-10-08 15:25:11
nncl,nncl.cl_grid,clgrid_20_rmsprop_cl_start_s2026,j2,1,10,1.95639204978943,0.383479833602905,2.52872800827026,0.195639204978943,39.036712884903,STATISVM7,12,12,1,2026-10-08 15:25:11
nncl,nncl.cl_grid,clgrid_20_rmsprop_cl_start_s2026,j3,1,10,1.57185316085815,0.378612995147705,2.1464741230011,0.157185316085815,39.036712884903,STATISVM7,12,12,1,2026-10-08 15:25:11
nncl,nncl.cl_grid,clgrid_20_rmsprop_cl_start_s2026,j4,1,6,1.33571791648865,0.379788160324097,1.9118549823761,0.222619652748108,39.036712884903,STATISVM7,12,12,1,2026-10-08 15:25:11
nncl,nncl.cl_grid,clgrid_20_rmsprop_cl_start_s2026,j5,1,10,1.79217100143433,0.420928955078125,2.43288207054138,0.179217100143433,39.036712884903,STATISVM7,12,12,1,2026-10-08 15:25:11
nncl,nncl.cl_grid,clgrid_20_rmsprop_cl_start_s2026,j6,1,7,1.52716398239136,0.397469997406006,2.14170002937317,0.218166283198765,39.036712884903,STATISVM7,12,12,1,2026-10-08 15:25:11
nncl,nncl.cl_grid,clgrid_20_rmsprop_cl_start_s2026,j7,1,9,1.54195594787598,0.387202024459839,2.103355884552,0.171328438652886,39.036712884903,STATISVM7,12,12,1,2026-10-08 15:25:11
nncl,nncl.cl_grid,clgrid_20_rmsprop_cl_start_s2026,j8,1,3,0.88298511505127,0.350536108016968,1.41004109382629,0.294328371683757,39.036712884903,STATISVM7,12,12,1,2026-10-08 15:25:11
nncl,nncl.cl_grid,clgrid_20_rmsprop_cl_start_s2026,j9,1,4,1.04523801803589,0.355451107025147,1.61043119430542,0.261309504508972,39.036712884903,STATISVM7,12,12,1,2026-10-08 15:25:11
nncl,nncl.cl_grid,clgrid_20_rmsprop_cl_start_s2026,j10,1,5,1.29237580299377,0.425808191299439,1.90371298789978,0.258475160598755,39.036712884903,STATISVM7,12,12,1,2026-10-08 15:25:11
nncl,nncl.cl_grid,clgrid_20_rmsprop_cl_start_s2026,j11,1,10,1.67545390129089,0.450753927230835,2.31725192070007,0.167545390129089,39.036712884903,STATISVM7,12,12,1,2026-10-08 15:25:11
nncl,nncl.cl_grid,clgrid_20_rmsprop_cl_start_s2026,j12,1,3,1.12107610702515,0.445298910140991,1.79523897171021,0.373692035675049,39.036712884903,STATISVM7,12,12,1,2026-10-08 15:25:11
nncl,nncl.cl_grid,clgrid_20_rmsprop_cl_start_s2026,j13,1,6,1.42333102226257,0.463364839553833,2.12605690956116,0.237221837043762,39.036712884903,STATISVM7,12,12,1,2026-10-08 15:25:11
nncl,nncl.cl_grid,clgrid_20_rmsprop_cl_start_s2026,j14,1,6,1.5088222026825,0.484213829040527,2.18612885475159,0.251470367113749,39.036712884903,STATISVM7,12,12,1,2026-10-08 15:25:11
nncl,nncl.cl_grid,clgrid_20_rmsprop_cl_start_s2026,j15,1,5,1.11406993865967,0.46779203414917,1.76047301292419,0.222813987731934,39.036712884903,STATISVM7,12,12,1,2026-10-08 15:25:11
nncl,nncl.cl_grid,clgrid_20_rmsprop_cl_start_s2026,j16,1,7,1.45351791381836,0.421425104141235,2.06703901290894,0.207645416259766,39.036712884903,STATISVM7,12,12,1,2026-10-08 15:25:11
nncl,nncl.cl_grid,clgrid_20_rmsprop_cl_start_s2026,j17,1,8,1.65505385398865,0.492592096328735,2.34424304962158,0.206881731748581,39.036712884903,STATISVM7,12,12,1,2026-10-08 15:25:11
nncl,nncl.cl_grid,clgrid_20_rmsprop_cl_start_s2026,j18,1,4,1.08392906188965,0.443563938140869,1.72310996055603,0.270982265472412,39.036712884903,STATISVM7,12,12,1,2026-10-08 15:25:11
nncl,nncl.cl_grid,clgrid_20_rmsprop_cl_start_s2026,j19,1,10,1.96489405632019,0.478024959564209,2.76082897186279,0.196489405632019,39.036712884903,STATISVM7,12,12,1,2026-10-08 15:25:11
nncl,nncl.cl_grid,clgrid_20_rmsprop_cl_start_s2027,j1,1,3,0.990442991256714,0.544042110443115,1.81074118614197,0.330147663752238,37.5813310146332,STATISVM7,12,12,1,2026-10-08 15:25:28
nncl,nncl.cl_grid,clgrid_20_rmsprop_cl_start_s2027,j2,1,10,1.81647109985352,0.385061025619507,2.43869495391846,0.181647109985352,37.5813310146332,STATISVM7,12,12,1,2026-10-08 15:25:28
nncl,nncl.cl_grid,clgrid_20_rmsprop_cl_start_s2027,j3,1,10,1.79015398025513,0.383291006088257,2.38653302192688,0.179015398025513,37.5813310146332,STATISVM7,12,12,1,2026-10-08 15:25:28
nncl,nncl.cl_grid,clgrid_20_rmsprop_cl_start_s2027,j4,1,3,1.12630796432495,0.40310001373291,1.74296593666077,0.375435988108317,37.5813310146332,STATISVM7,12,12,1,2026-10-08 15:25:28
nncl,nncl.cl_grid,clgrid_20_rmsprop_cl_start_s2027,j5,1,7,1.53155398368835,0.432324886322022,2.18428683280945,0.218793426241194,37.5813310146332,STATISVM7,12,12,1,2026-10-08 15:25:28
nncl,nncl.cl_grid,clgrid_20_rmsprop_cl_start_s2027,j6,1,3,0.859537124633789,0.393293857574463,1.44249796867371,0.28651237487793,37.5813310146332,STATISVM7,12,12,1,2026-10-08 15:25:28
nncl,nncl.cl_grid,clgrid_20_rmsprop_cl_start_s2027,j7,1,3,0.959567070007324,0.373430013656616,1.53523206710815,0.319855690002441,37.5813310146332,STATISVM7,12,12,1,2026-10-08 15:25:28
nncl,nncl.cl_grid,clgrid_20_rmsprop_cl_start_s2027,j8,1,4,1.07957983016968,0.434319019317627,1.71968603134155,0.269894957542419,37.5813310146332,STATISVM7,12,12,1,2026-10-08 15:25:28
nncl,nncl.cl_grid,clgrid_20_rmsprop_cl_start_s2027,j9,1,7,1.33079600334167,0.403298139572144,1.95627593994141,0.190113714763096,37.5813310146332,STATISVM7,12,12,1,2026-10-08 15:25:28
nncl,nncl.cl_grid,clgrid_20_rmsprop_cl_start_s2027,j10,1,4,1.10847306251526,0.397722005844116,1.69654011726379,0.277118265628815,37.5813310146332,STATISVM7,12,12,1,2026-10-08 15:25:28
nncl,nncl.cl_grid,clgrid_20_rmsprop_cl_start_s2027,j11,1,7,1.69343090057373,0.422205924987793,2.31624579429626,0.241918700081962,37.5813310146332,STATISVM7,12,12,1,2026-10-08 15:25:28
nncl,nncl.cl_grid,clgrid_20_rmsprop_cl_start_s2027,j12,1,6,1.46359014511108,0.428841829299927,2.09603500366211,0.243931690851847,37.5813310146332,STATISVM7,12,12,1,2026-10-08 15:25:28
nncl,nncl.cl_grid,clgrid_20_rmsprop_cl_start_s2027,j13,1,6,1.43805408477783,0.432226896286011,2.08049297332764,0.239675680796305,37.5813310146332,STATISVM7,12,12,1,2026-10-08 15:25:28
nncl,nncl.cl_grid,clgrid_20_rmsprop_cl_start_s2027,j14,1,6,1.24365496635437,0.441333055496216,1.86627316474915,0.207275827725728,37.5813310146332,STATISVM7,12,12,1,2026-10-08 15:25:28
nncl,nncl.cl_grid,clgrid_20_rmsprop_cl_start_s2027,j15,1,5,1.15114092826843,0.405921936035156,1.76791501045227,0.230228185653687,37.5813310146332,STATISVM7,12,12,1,2026-10-08 15:25:28
nncl,nncl.cl_grid,clgrid_20_rmsprop_cl_start_s2027,j16,1,7,1.45420002937317,0.481251001358032,2.15065503120422,0.207742861339024,37.5813310146332,STATISVM7,12,12,1,2026-10-08 15:25:28
nncl,nncl.cl_grid,clgrid_20_rmsprop_cl_start_s2027,j17,1,4,1.22568511962891,0.447772026062012,1.87183308601379,0.306421279907227,37.5813310146332,STATISVM7,12,12,1,2026-10-08 15:25:28
nncl,nncl.cl_grid,clgrid_20_rmsprop_cl_start_s2027,j18,1,4,1.21954298019409,0.416953086853027,1.89729189872742,0.304885745048523,37.5813310146332,STATISVM7,12,12,1,2026-10-08 15:25:28
nncl,nncl.cl_grid,clgrid_20_rmsprop_cl_start_s2027,j19,1,10,1.92141103744507,0.490049123764038,2.62113499641418,0.192141103744507,37.5813310146332,STATISVM7,12,12,1,2026-10-08 15:25:28
nncl,nncl.cl_grid,clgrid_20_sgd_cl_paper_s2026,j1,1,5,0.949701070785522,0.51724100112915,1.67780709266663,0.189940214157105,29.3511154651642,STATISVM7,12,12,1,2026-10-08 15:25:01
nncl,nncl.cl_grid,clgrid_20_sgd_cl_paper_s2026,j2,1,5,0.987532138824463,0.386445999145508,1.58891201019287,0.197506427764893,29.3511154651642,STATISVM7,12,12,1,2026-10-08 15:25:01
nncl,nncl.cl_grid,clgrid_20_sgd_cl_paper_s2026,j3,1,5,1.02941012382507,0.375995874404907,1.63124799728394,0.205882024765015,29.3511154651642,STATISVM7,12,12,1,2026-10-08 15:25:01
nncl,nncl.cl_grid,clgrid_20_sgd_cl_paper_s2026,j4,1,5,0.838412046432495,0.361910104751587,1.41725516319275,0.167682409286499,29.3511154651642,STATISVM7,12,12,1,2026-10-08 15:25:01
nncl,nncl.cl_grid,clgrid_20_sgd_cl_paper_s2026,j5,1,5,0.97126293182373,0.369931936264038,1.55792284011841,0.194252586364746,29.3511154651642,STATISVM7,12,12,1,2026-10-08 15:25:01
nncl,nncl.cl_grid,clgrid_20_sgd_cl_paper_s2026,j6,1,5,0.892103910446167,0.411394119262695,1.52245497703552,0.178420782089233,29.3511154651642,STATISVM7,12,12,1,2026-10-08 15:25:01
nncl,nncl.cl_grid,clgrid_20_sgd_cl_paper_s2026,j7,1,5,0.876034021377564,0.371953010559082,1.44774103164673,0.175206804275513,29.3511154651642,STATISVM7,12,12,1,2026-10-08 15:25:01
nncl,nncl.cl_grid,clgrid_20_sgd_cl_paper_s2026,j8,1,5,0.863709926605225,0.384757041931152,1.44963502883911,0.172741985321045,29.3511154651642,STATISVM7,12,12,1,2026-10-08 15:25:01
nncl,nncl.cl_grid,clgrid_20_sgd_cl_paper_s2026,j9,1,5,0.907945871353149,0.426593065261841,1.54023289680481,0.18158917427063,29.3511154651642,STATISVM7,12,12,1,2026-10-08 15:25:01
nncl,nncl.cl_grid,clgrid_20_sgd_cl_paper_s2026,j10,1,5,0.875168085098267,0.379064083099365,1.45605802536011,0.175033617019653,29.3511154651642,STATISVM7,12,12,1,2026-10-08 15:25:01
nncl,nncl.cl_grid,clgrid_20_sgd_cl_paper_s2026,j11,1,5,0.733102083206177,0.3348069190979,1.26172780990601,0.146620416641235,29.3511154651642,STATISVM7,12,12,1,2026-10-08 15:25:01
nncl,nncl.cl_grid,clgrid_20_sgd_cl_paper_s2026,j12,1,5,0.904329061508179,0.335164070129395,1.48270916938782,0.180865812301636,29.3511154651642,STATISVM7,12,12,1,2026-10-08 15:25:01
nncl,nncl.cl_grid,clgrid_20_sgd_cl_paper_s2026,j13,1,5,0.96933913230896,0.422165870666504,1.62290787696838,0.193867826461792,29.3511154651642,STATISVM7,12,12,1,2026-10-08 15:25:01
nncl,nncl.cl_grid,clgrid_20_sgd_cl_paper_s2026,j14,1,5,0.98735499382019,0.397288084030151,1.57437109947205,0.197470998764038,29.3511154651642,STATISVM7,12,12,1,2026-10-08 15:25:01
nncl,nncl.cl_grid,clgrid_20_sgd_cl_paper_s2026,j15,1,5,0.795156955718994,0.377377033233643,1.38050317764282,0.159031391143799,29.3511154651642,STATISVM7,12,12,1,2026-10-08 15:25:01
nncl,nncl.cl_grid,clgrid_20_sgd_cl_paper_s2026,j16,1,5,1.06961584091187,0.413802146911621,1.67469811439514,0.213923168182373,29.3511154651642,STATISVM7,12,12,1,2026-10-08 15:25:01
nncl,nncl.cl_grid,clgrid_20_sgd_cl_paper_s2026,j17,1,5,1.1069860458374,0.406552076339722,1.73682498931885,0.22139720916748,29.3511154651642,STATISVM7,12,12,1,2026-10-08 15:25:01
nncl,nncl.cl_grid,clgrid_20_sgd_cl_paper_s2026,j18,1,5,0.972330093383789,0.450675010681152,1.66567707061768,0.194466018676758,29.3511154651642,STATISVM7,12,12,1,2026-10-08 15:25:01
nncl,nncl.cl_grid,clgrid_20_sgd_cl_paper_s2026,j19,1,5,0.936698913574219,0.506869077682495,1.66242909431458,0.187339782714844,29.3511154651642,STATISVM7,12,12,1,2026-10-08 15:25:01
nncl,nncl.cl_grid,clgrid_20_sgd_cl_paper_s2027,j1,1,5,0.901479005813599,0.492451906204224,1.59067606925964,0.18029580116272,29.7181429862976,STATISVM7,12,12,1,2026-10-08 15:25:32
nncl,nncl.cl_grid,clgrid_20_sgd_cl_paper_s2027,j2,1,5,1.0190761089325,0.364950895309448,1.59693503379822,0.203815221786499,29.7181429862976,STATISVM7,12,12,1,2026-10-08 15:25:32
nncl,nncl.cl_grid,clgrid_20_sgd_cl_paper_s2027,j3,1,5,0.923626899719238,0.356750011444092,1.48063087463379,0.184725379943848,29.7181429862976,STATISVM7,12,12,1,2026-10-08 15:25:32
nncl,nncl.cl_grid,clgrid_20_sgd_cl_paper_s2027,j4,1,5,1.0668888092041,0.349158048629761,1.65809798240662,0.21337776184082,29.7181429862976,STATISVM7,12,12,1,2026-10-08 15:25:32
nncl,nncl.cl_grid,clgrid_20_sgd_cl_paper_s2027,j5,1,5,1.01579785346985,0.380105018615723,1.62465691566467,0.20315957069397,29.7181429862976,STATISVM7,12,12,1,2026-10-08 15:25:32
nncl,nncl.cl_grid,clgrid_20_sgd_cl_paper_s2027,j6,1,5,0.974592924118042,0.409912109375,1.59399509429932,0.194918584823608,29.7181429862976,STATISVM7,12,12,1,2026-10-08 15:25:32
nncl,nncl.cl_grid,clgrid_20_sgd_cl_paper_s2027,j7,1,5,0.946553945541382,0.389010190963745,1.51442217826843,0.189310789108276,29.7181429862976,STATISVM7,12,12,1,2026-10-08 15:25:32
nncl,nncl.cl_grid,clgrid_20_sgd_cl_paper_s2027,j8,1,5,0.80085301399231,0.365092992782593,1.3807430267334,0.160170602798462,29.7181429862976,STATISVM7,12,12,1,2026-10-08 15:25:32
nncl,nncl.cl_grid,clgrid_20_sgd_cl_paper_s2027,j9,1,5,1.09196305274963,0.423058986663818,1.72620105743408,0.218392610549927,29.7181429862976,STATISVM7,12,12,1,2026-10-08 15:25:32
nncl,nncl.cl_grid,clgrid_20_sgd_cl_paper_s2027,j10,1,5,0.873059988021851,0.374610900878906,1.45439386367798,0.17461199760437,29.7181429862976,STATISVM7,12,12,1,2026-10-08 15:25:32
nncl,nncl.cl_grid,clgrid_20_sgd_cl_paper_s2027,j11,1,5,1.00006318092346,0.381239891052246,1.59135699272156,0.200012636184692,29.7181429862976,STATISVM7,12,12,1,2026-10-08 15:25:32
nncl,nncl.cl_grid,clgrid_20_sgd_cl_paper_s2027,j12,1,5,0.940138816833496,0.413096189498901,1.57174706459045,0.188027763366699,29.7181429862976,STATISVM7,12,12,1,2026-10-08 15:25:32
nncl,nncl.cl_grid,clgrid_20_sgd_cl_paper_s2027,j13,1,5,0.90313982963562,0.392374992370605,1.49206590652466,0.180627965927124,29.7181429862976,STATISVM7,12,12,1,2026-10-08 15:25:32
nncl,nncl.cl_grid,clgrid_20_sgd_cl_paper_s2027,j14,1,5,0.930094957351685,0.402734994888306,1.52956008911133,0.186018991470337,29.7181429862976,STATISVM7,12,12,1,2026-10-08 15:25:32
nncl,nncl.cl_grid,clgrid_20_sgd_cl_paper_s2027,j15,1,5,0.923670053482056,0.389929056167603,1.56712293624878,0.184734010696411,29.7181429862976,STATISVM7,12,12,1,2026-10-08 15:25:32
nncl,nncl.cl_grid,clgrid_20_sgd_cl_paper_s2027,j16,1,5,0.99455714225769,0.47438907623291,1.69678902626038,0.198911428451538,29.7181429862976,STATISVM7,12,12,1,2026-10-08 15:25:32
nncl,nncl.cl_grid,clgrid_20_sgd_cl_paper_s2027,j17,1,5,0.965383052825928,0.410655975341797,1.57869696617126,0.193076610565186,29.7181429862976,STATISVM7,12,12,1,2026-10-08 15:25:32
nncl,nncl.cl_grid,clgrid_20_sgd_cl_paper_s2027,j18,1,5,0.841313123703003,0.378712892532349,1.41715288162231,0.168262624740601,29.7181429862976,STATISVM7,12,12,1,2026-10-08 15:25:32
nncl,nncl.cl_grid,clgrid_20_sgd_cl_paper_s2027,j19,1,5,0.982088804244995,0.446396112442017,1.65289902687073,0.196417760848999,29.7181429862976,STATISVM7,12,12,1,2026-10-08 15:25:32
nncl,nncl.cl_grid,clgrid_20_sgd_cl_start_s2026,j1,1,3,0.711755037307739,0.535140037536621,1.45744800567627,0.23725167910258,38.7956259250641,STATISVM7,12,12,1,2026-10-08 15:25:20
nncl,nncl.cl_grid,clgrid_20_sgd_cl_start_s2026,j2,1,10,1.65210795402527,0.377339124679565,2.2462899684906,0.165210795402527,38.7956259250641,STATISVM7,12,12,1,2026-10-08 15:25:20
nncl,nncl.cl_grid,clgrid_20_sgd_cl_start_s2026,j3,1,10,1.28058695793152,0.389985084533691,1.90040707588196,0.128058695793152,38.7956259250641,STATISVM7,12,12,1,2026-10-08 15:25:20
nncl,nncl.cl_grid,clgrid_20_sgd_cl_start_s2026,j4,1,10,1.40524888038635,0.34040904045105,1.92123007774353,0.140524888038635,38.7956259250641,STATISVM7,12,12,1,2026-10-08 15:25:20
nncl,nncl.cl_grid,clgrid_20_sgd_cl_start_s2026,j5,1,10,1.63547301292419,0.312956094741821,2.19833087921143,0.163547301292419,38.7956259250641,STATISVM7,12,12,1,2026-10-08 15:25:20
nncl,nncl.cl_grid,clgrid_20_sgd_cl_start_s2026,j6,1,10,1.52343511581421,0.38484001159668,2.10719108581543,0.152343511581421,38.7956259250641,STATISVM7,12,12,1,2026-10-08 15:25:20
nncl,nncl.cl_grid,clgrid_20_sgd_cl_start_s2026,j7,1,10,1.68510007858276,0.3731849193573,2.26383709907532,0.168510007858276,38.7956259250641,STATISVM7,12,12,1,2026-10-08 15:25:20
nncl,nncl.cl_grid,clgrid_20_sgd_cl_start_s2026,j8,1,10,1.79210615158081,0.396799802780151,2.38656497001648,0.179210615158081,38.7956259250641,STATISVM7,12,12,1,2026-10-08 15:25:20
nncl,nncl.cl_grid,clgrid_20_sgd_cl_start_s2026,j9,1,10,1.65322494506836,0.371438026428223,2.25209999084473,0.165322494506836,38.7956259250641,STATISVM7,12,12,1,2026-10-08 15:25:20
nncl,nncl.cl_grid,clgrid_20_sgd_cl_start_s2026,j10,1,10,1.69470691680908,0.386951208114624,2.25758600234985,0.169470691680908,38.7956259250641,STATISVM7,12,12,1,2026-10-08 15:25:20
nncl,nncl.cl_grid,clgrid_20_sgd_cl_start_s2026,j11,1,10,1.60402297973633,0.365056037902832,2.16809487342834,0.160402297973633,38.7956259250641,STATISVM7,12,12,1,2026-10-08 15:25:20
nncl,nncl.cl_grid,clgrid_20_sgd_cl_start_s2026,j12,1,3,0.69952392578125,0.458231925964356,1.39922094345093,0.233174641927083,38.7956259250641,STATISVM7,12,12,1,2026-10-08 15:25:20
nncl,nncl.cl_grid,clgrid_20_sgd_cl_start_s2026,j13,1,3,0.769004106521606,0.386554956436157,1.35730314254761,0.256334702173869,38.7956259250641,STATISVM7,12,12,1,2026-10-08 15:25:20
nncl,nncl.cl_grid,clgrid_20_sgd_cl_start_s2026,j14,1,10,1.49118900299072,0.412636995315552,2.09472513198853,0.149118900299072,38.7956259250641,STATISVM7,12,12,1,2026-10-08 15:25:20
nncl,nncl.cl_grid,clgrid_20_sgd_cl_start_s2026,j15,1,10,1.84715604782105,0.385838985443115,2.44158291816711,0.184715604782105,38.7956259250641,STATISVM7,12,12,1,2026-10-08 15:25:20
nncl,nncl.cl_grid,clgrid_20_sgd_cl_start_s2026,j16,1,10,1.62964296340942,0.416316032409668,2.30319595336914,0.162964296340942,38.7956259250641,STATISVM7,12,12,1,2026-10-08 15:25:20
nncl,nncl.cl_grid,clgrid_20_sgd_cl_start_s2026,j17,1,10,1.56367206573486,0.405471801757813,2.16247892379761,0.156367206573486,38.7956259250641,STATISVM7,12,12,1,2026-10-08 15:25:20
nncl,nncl.cl_grid,clgrid_20_sgd_cl_start_s2026,j18,1,10,1.34643793106079,0.39013409614563,1.92620301246643,0.134643793106079,38.7956259250641,STATISVM7,12,12,1,2026-10-08 15:25:20
nncl,nncl.cl_grid,clgrid_20_sgd_cl_start_s2026,j19,1,10,1.33548188209534,0.393008947372437,1.9518358707428,0.133548188209534,38.7956259250641,STATISVM7,12,12,1,2026-10-08 15:25:20
nncl,nncl.cl_grid,clgrid_20_sgd_cl_start_s2027,j1,1,3,0.728791952133179,0.496216058731079,1.41684103012085,0.24293065071106,35.7514219284058,STATISVM7,12,12,1,2026-10-08 15:25:38
nncl,nncl.cl_grid,clgrid_20_sgd_cl_start_s2027,j2,1,10,1.61581087112427,0.365535020828247,2.17806196212769,0.161581087112427,35.7514219284058,STATISVM7,12,12,1,2026-10-08 15:25:38
nncl,nncl.cl_grid,clgrid_20_sgd_cl_start_s2027,j3,1,10,1.51814794540405,0.347938060760498,2.05247688293457,0.151814794540405,35.7514219284058,STATISVM7,12,12,1,2026-10-08 15:25:38
nncl,nncl.cl_grid,clgrid_20_sgd_cl_start_s2027,j4,1,3,0.721240997314453,0.364192008972168,1.29423308372498,0.240413665771484,35.7514219284058,STATISVM7,12,12,1,2026-10-08 15:25:38
nncl,nncl.cl_grid,clgrid_20_sgd_cl_start_s2027,j5,1,10,1.70397591590881,0.383018016815186,2.30688691139221,0.170397591590881,35.7514219284058,STATISVM7,12,12,1,2026-10-08 15:25:38
nncl,nncl.cl_grid,clgrid_20_sgd_cl_start_s2027,j6,1,10,1.42166805267334,0.38888692855835,1.99831104278564,0.142166805267334,35.7514219284058,STATISVM7,12,12,1,2026-10-08 15:25:38
nncl,nncl.cl_grid,clgrid_20_sgd_cl_start_s2027,j7,1,10,1.52009797096252,0.367347955703735,2.10912203788757,0.152009797096252,35.7514219284058,STATISVM7,12,12,1,2026-10-08 15:25:38
nncl,nncl.cl_grid,clgrid_20_sgd_cl_start_s2027,j8,1,10,1.37883400917053,0.383527040481567,1.95974707603455,0.137883400917053,35.7514219284058,STATISVM7,12,12,1,2026-10-08 15:25:38
nncl,nncl.cl_grid,clgrid_20_sgd_cl_start_s2027,j9,1,10,1.41689801216126,0.353362083435059,1.99105501174927,0.141689801216126,35.7514219284058,STATISVM7,12,12,1,2026-10-08 15:25:38
nncl,nncl.cl_grid,clgrid_20_sgd_cl_start_s2027,j10,1,10,1.77796101570129,0.3799889087677,2.37234592437744,0.177796101570129,35.7514219284058,STATISVM7,12,12,1,2026-10-08 15:25:38
nncl,nncl.cl_grid,clgrid_20_sgd_cl_start_s2027,j11,1,10,1.46969890594482,0.388476133346558,2.06064105033875,0.146969890594482,35.7514219284058,STATISVM7,12,12,1,2026-10-08 15:25:38
nncl,nncl.cl_grid,clgrid_20_sgd_cl_start_s2027,j12,1,3,0.697389125823975,0.389001846313477,1.3266818523407,0.232463041941325,35.7514219284058,STATISVM7,12,12,1,2026-10-08 15:25:38
nncl,nncl.cl_grid,clgrid_20_sgd_cl_start_s2027,j13,1,3,0.842271089553833,0.363056898117065,1.43181085586548,0.280757029851278,35.7514219284058,STATISVM7,12,12,1,2026-10-08 15:25:38
nncl,nncl.cl_grid,clgrid_20_sgd_cl_start_s2027,j14,1,10,1.41901087760925,0.379621028900147,1.97580194473267,0.141901087760925,35.7514219284058,STATISVM7,12,12,1,2026-10-08 15:25:38
nncl,nncl.cl_grid,clgrid_20_sgd_cl_start_s2027,j15,1,3,0.644927978515625,0.375047206878662,1.21018099784851,0.214975992838542,35.7514219284058,STATISVM7,12,12,1,2026-10-08 15:25:38
nncl,nncl.cl_grid,clgrid_20_sgd_cl_start_s2027,j16,1,10,1.61237692832947,0.433748006820679,2.2995080947876,0.161237692832947,35.7514219284058,STATISVM7,12,12,1,2026-10-08 15:25:38
nncl,nncl.cl_grid,clgrid_20_sgd_cl_start_s2027,j17,1,10,1.47716188430786,0.422404050827026,2.08961200714111,0.147716188430786,35.7514219284058,STATISVM7,12,12,1,2026-10-08 15:25:38
nncl,nncl.cl_grid,clgrid_20_sgd_cl_start_s2027,j18,1,3,0.629796981811523,0.380637168884277,1.30737519264221,0.209932327270508,35.7514219284058,STATISVM7,12,12,1,2026-10-08 15:25:38
nncl,nncl.cl_grid,clgrid_20_sgd_cl_start_s2027,j19,1,10,1.67359781265259,0.470288038253784,2.37072896957397,0.167359781265259,35.7514219284058,STATISVM7,12,12,1,2026-10-08 15:25:38
nncl,nncl.grid,grid_20_rmsprop_early_stop_s2026,j1,1,10,1.61098194122314,0.483792066574097,2.28532004356384,0.161098194122314,46.0322070121765,STATISVM7,12,12,1,2026-10-08 15:24:46
nncl,nncl.grid,grid_20_rmsprop_early_stop_s2026,j2,1,10,1.90280914306641,0.350799798965454,2.47662997245789,0.190280914306641,46.0322070121765,STATISVM7,12,12,1,2026-10-08 15:24:46
nncl,nncl.grid,grid_20_rmsprop_early_stop_s2026,j3,1,10,1.71812200546265,0.371685028076172,2.28243112564087,0.171812200546265,46.0322070121765,STATISVM7,12,12,1,2026-10-08 15:24:46
nncl,nncl.grid,grid_20_rmsprop_early_stop_s2026,j4,1,10,1.79693198204041,0.377410173416138,2.38595318794251,0.179693198204041,46.0322070121765,STATISVM7,12,12,1,2026-10-08 15:24:46
nncl,nncl.grid,grid_20_rmsprop_early_stop_s2026,j5,1,10,1.71725106239319,0.385277986526489,2.30452609062195,0.171725106239319,46.0322070121765,STATISVM7,12,12,1,2026-10-08 15:24:46
nncl,nncl.grid,grid_20_rmsprop_early_stop_s2026,j6,1,10,1.84908103942871,0.395437955856323,2.45339298248291,0.184908103942871,46.0322070121765,STATISVM7,12,12,1,2026-10-08 15:24:46
nncl,nncl.grid,grid_20_rmsprop_early_stop_s2026,j7,1,10,1.56710600852966,0.381772994995117,2.13627004623413,0.156710600852966,46.0322070121765,STATISVM7,12,12,1,2026-10-08 15:24:46
nncl,nncl.grid,grid_20_rmsprop_early_stop_s2026,j8,1,10,1.67922902107239,0.369725942611694,2.27392888069153,0.167922902107239,46.0322070121765,STATISVM7,12,12,1,2026-10-08 15:24:46
nncl,nncl.grid,grid_20_rmsprop_early_stop_s2026,j9,1,10,1.94987010955811,0.414710998535156,2.56980895996094,0.194987010955811,46.0322070121765,STATISVM7,12,12,1,2026-10-08 15:24:46
nncl,nncl.grid,grid_20_rmsprop_early_stop_s2026,j10,1,10,1.93773698806763,0.433664798736572,2.61572098731995,0.193773698806763,46.0322070121765,STATISVM7,12,12,1,2026-10-08 15:24:46
nncl,nncl.grid,grid_20_rmsprop_early_stop_s2026,j11,1,10,1.72304105758667,0.444642782211304,2.37237596511841,0.172304105758667,46.0322070121765,STATISVM7,12,12,1,2026-10-08 15:24:46
nncl,nncl.grid,grid_20_rmsprop_early_stop_s2026,j12,1,10,1.75893688201904,0.420830011367798,2.42913889884949,0.175893688201904,46.0322070121765,STATISVM7,12,12,1,2026-10-08 15:24:46
nncl,nncl.grid,grid_20_rmsprop_early_stop_s2026,j13,1,10,1.75366902351379,0.454726934432983,2.40098094940186,0.175366902351379,46.0322070121765,STATISVM7,12,12,1,2026-10-08 15:24:46
nncl,nncl.grid,grid_20_rmsprop_early_stop_s2026,j14,1,10,2.055095911026,0.400902032852173,2.69331407546997,0.2055095911026,46.0322070121765,STATISVM7,12,12,1,2026-10-08 15:24:46
nncl,nncl.grid,grid_20_rmsprop_early_stop_s2026,j15,1,10,1.71934795379639,0.452618837356567,2.38177299499512,0.171934795379639,46.0322070121765,STATISVM7,12,12,1,2026-10-08 15:24:46
nncl,nncl.grid,grid_20_rmsprop_early_stop_s2026,j16,1,10,1.88729190826416,0.415525913238525,2.51350498199463,0.188729190826416,46.0322070121765,STATISVM7,12,12,1,2026-10-08 15:24:46
nncl,nncl.grid,grid_20_rmsprop_early_stop_s2026,j17,1,10,1.98120808601379,0.496942043304443,2.71748495101929,0.198120808601379,46.0322070121765,STATISVM7,12,12,1,2026-10-08 15:24:46
nncl,nncl.grid,grid_20_rmsprop_early_stop_s2026,j18,1,10,1.7313220500946,0.458739042282105,2.38454794883728,0.17313220500946,46.0322070121765,STATISVM7,12,12,1,2026-10-08 15:24:46
nncl,nncl.grid,grid_20_rmsprop_early_stop_s2026,j19,1,10,1.66233897209167,0.497276067733765,2.35510396957397,0.166233897209167,46.0322070121765,STATISVM7,12,12,1,2026-10-08 15:24:46
nncl,nncl.grid,grid_20_rmsprop_early_stop_s2027,j1,1,10,1.59017300605774,0.497508049011231,2.28715705871582,0.159017300605774,46.5207459926605,STATISVM7,12,12,1,2026-10-08 15:25:01
nncl,nncl.grid,grid_20_rmsprop_early_stop_s2027,j2,1,10,1.79706692695618,0.380917072296143,2.37318205833435,0.179706692695618,46.5207459926605,STATISVM7,12,12,1,2026-10-08 15:25:01
nncl,nncl.grid,grid_20_rmsprop_early_stop_s2027,j3,1,10,1.72782611846924,0.36888599395752,2.34463119506836,0.172782611846924,46.5207459926605,STATISVM7,12,12,1,2026-10-08 15:25:01
nncl,nncl.grid,grid_20_rmsprop_early_stop_s2027,j4,1,10,2.05173301696777,0.367623805999756,2.63686680793762,0.205173301696777,46.5207459926605,STATISVM7,12,12,1,2026-10-08 15:25:01
nncl,nncl.grid,grid_20_rmsprop_early_stop_s2027,j5,1,10,1.74564504623413,0.378803968429565,2.32952189445496,0.174564504623413,46.5207459926605,STATISVM7,12,12,1,2026-10-08 15:25:01
nncl,nncl.grid,grid_20_rmsprop_early_stop_s2027,j6,1,10,1.80470085144043,0.367741107940674,2.43324899673462,0.180470085144043,46.5207459926605,STATISVM7,12,12,1,2026-10-08 15:25:01
nncl,nncl.grid,grid_20_rmsprop_early_stop_s2027,j7,1,10,1.99984097480774,0.418033123016357,2.62004113197327,0.199984097480774,46.5207459926605,STATISVM7,12,12,1,2026-10-08 15:25:01
nncl,nncl.grid,grid_20_rmsprop_early_stop_s2027,j8,1,10,1.82083296775818,0.484816074371338,2.6043860912323,0.182083296775818,46.5207459926605,STATISVM7,12,12,1,2026-10-08 15:25:01
nncl,nncl.grid,grid_20_rmsprop_early_stop_s2027,j9,1,10,1.95397400856018,0.407745122909546,2.56650900840759,0.195397400856018,46.5207459926605,STATISVM7,12,12,1,2026-10-08 15:25:01
nncl,nncl.grid,grid_20_rmsprop_early_stop_s2027,j10,1,10,1.77413201332092,0.395933866500855,2.37665510177612,0.177413201332092,46.5207459926605,STATISVM7,12,12,1,2026-10-08 15:25:01
nncl,nncl.grid,grid_20_rmsprop_early_stop_s2027,j11,1,10,1.63078999519348,0.416229963302612,2.2769091129303,0.163078999519348,46.5207459926605,STATISVM7,12,12,1,2026-10-08 15:25:01
nncl,nncl.grid,grid_20_rmsprop_early_stop_s2027,j12,1,10,1.79257202148438,0.413364887237549,2.40969204902649,0.179257202148438,46.5207459926605,STATISVM7,12,12,1,2026-10-08 15:25:01
nncl,nncl.grid,grid_20_rmsprop_early_stop_s2027,j13,1,10,1.72991394996643,0.438877105712891,2.3582980632782,0.172991394996643,46.5207459926605,STATISVM7,12,12,1,2026-10-08 15:25:01
nncl,nncl.grid,grid_20_rmsprop_early_stop_s2027,j14,1,10,1.43068695068359,0.407916069030762,2.02099704742432,0.143068695068359,46.5207459926605,STATISVM7,12,12,1,2026-10-08 15:25:01
nncl,nncl.grid,grid_20_rmsprop_early_stop_s2027,j15,1,10,1.76635694503784,0.384252071380615,2.34221506118774,0.176635694503784,46.5207459926605,STATISVM7,12,12,1,2026-10-08 15:25:01
nncl,nncl.grid,grid_20_rmsprop_early_stop_s2027,j16,1,10,1.9852569103241,0.460976123809815,2.65052819252014,0.19852569103241,46.5207459926605,STATISVM7,12,12,1,2026-10-08 15:25:01
nncl,nncl.grid,grid_20_rmsprop_early_stop_s2027,j17,1,10,2.01677298545837,0.406274080276489,2.64284014701843,0.201677298545837,46.5207459926605,STATISVM7,12,12,1,2026-10-08 15:25:01
nncl,nncl.grid,grid_20_rmsprop_early_stop_s2027,j18,1,10,1.85475587844849,0.474528074264526,2.56903910636902,0.185475587844849,46.5207459926605,STATISVM7,12,12,1,2026-10-08 15:25:01
nncl,nncl.grid,grid_20_rmsprop_early_stop_s2027,j19,1,10,1.9329788684845,0.539443969726563,2.67802786827087,0.19329788684845,46.5207459926605,STATISVM7,12,12,1,2026-10-08 15:25:01
nncl,nncl.grid,grid_20_rmsprop_paper_s2026,j1,1,5,1.39335799217224,0.57589316368103,2.19768810272217,0.278671598434448,36.5913965702057,STATISVM7,12,12,1,2026-10-08 15:20:47
nncl,nncl.grid,grid_20_rmsprop_paper_s2026,j2,1,5,1.08815002441406,0.369148969650269,1.67622900009155,0.217630004882813,36.5913965702057,STATISVM7,12,12,1,2026-10-08 15:20:47
nncl,nncl.grid,grid_20_rmsprop_paper_s2026,j3,1,5,1.1454439163208,0.417350053787231,1.82127094268799,0.22908878326416,36.5913965702057,STATISVM7,12,12,1,2026-10-08 15:20:47
nncl,nncl.grid,grid_20_rmsprop_paper_s2026,j4,1,5,1.25899910926819,0.3888099193573,1.90546607971191,0.251799821853638,36.5913965702057,STATISVM7,12,12,1,2026-10-08 15:20:47
nncl,nncl.grid,grid_20_rmsprop_paper_s2026,j5,1,5,1.18079304695129,0.414047002792358,1.80748701095581,0.236158609390259,36.5913965702057,STATISVM7,12,12,1,2026-10-08 15:20:47
nncl,nncl.grid,grid_20_rmsprop_paper_s2026,j6,1,5,1.29731917381287,0.382189989089966,1.89748096466064,0.259463834762573,36.5913965702057,STATISVM7,12,12,1,2026-10-08 15:20:47
nncl,nncl.grid,grid_20_rmsprop_paper_s2026,j7,1,5,1.26160621643066,0.436156988143921,1.91625809669495,0.252321243286133,36.5913965702057,STATISVM7,12,12,1,2026-10-08 15:20:47
nncl,nncl.grid,grid_20_rmsprop_paper_s2026,j8,1,5,1.26020812988281,0.425774812698364,1.89574193954468,0.252041625976563,36.5913965702057,STATISVM7,12,12,1,2026-10-08 15:20:47
nncl,nncl.grid,grid_20_rmsprop_paper_s2026,j9,1,5,1.17903518676758,0.406054973602295,1.78095316886902,0.235807037353516,36.5913965702057,STATISVM7,12,12,1,2026-10-08 15:20:47
nncl,nncl.grid,grid_20_rmsprop_paper_s2026,j10,1,5,1.37445092201233,0.424990177154541,2.0111870765686,0.274890184402466,36.5913965702057,STATISVM7,12,12,1,2026-10-08 15:20:47
nncl,nncl.grid,grid_20_rmsprop_paper_s2026,j11,1,5,1.37764406204224,0.435583829879761,1.99510884284973,0.275528812408447,36.5913965702057,STATISVM7,12,12,1,2026-10-08 15:20:47
nncl,nncl.grid,grid_20_rmsprop_paper_s2026,j12,1,5,1.25121402740479,0.433274030685425,1.89838910102844,0.250242805480957,36.5913965702057,STATISVM7,12,12,1,2026-10-08 15:20:47
nncl,nncl.grid,grid_20_rmsprop_paper_s2026,j13,1,5,1.32658314704895,0.481151819229126,2.02410197257996,0.26531662940979,36.5913965702057,STATISVM7,12,12,1,2026-10-08 15:20:47
nncl,nncl.grid,grid_20_rmsprop_paper_s2026,j14,1,5,1.2417049407959,0.430057048797607,1.89031004905701,0.24834098815918,36.5913965702057,STATISVM7,12,12,1,2026-10-08 15:20:47
nncl,nncl.grid,grid_20_rmsprop_paper_s2026,j15,1,5,1.24956703186035,0.465137958526611,1.94148302078247,0.24991340637207,36.5913965702057,STATISVM7,12,12,1,2026-10-08 15:20:47
nncl,nncl.grid,grid_20_rmsprop_paper_s2026,j16,1,5,1.3459939956665,0.497889995574951,2.05040907859802,0.269198799133301,36.5913965702057,STATISVM7,12,12,1,2026-10-08 15:20:47
nncl,nncl.grid,grid_20_rmsprop_paper_s2026,j17,1,5,1.31389403343201,0.497920989990234,2.02122497558594,0.262778806686401,36.5913965702057,STATISVM7,12,12,1,2026-10-08 15:20:47
nncl,nncl.grid,grid_20_rmsprop_paper_s2026,j18,1,5,1.29191303253174,0.487265110015869,2.00404906272888,0.258382606506348,36.5913965702057,STATISVM7,12,12,1,2026-10-08 15:20:47
nncl,nncl.grid,grid_20_rmsprop_paper_s2026,j19,1,5,1.20528793334961,0.463091135025024,1.85655808448792,0.241057586669922,36.5913965702057,STATISVM7,12,12,1,2026-10-08 15:20:47
nncl,nncl.grid,grid_20_rmsprop_paper_s2027,j1,1,5,1.34177398681641,0.488394021987915,2.03231596946716,0.268354797363281,35.468444108963,STATISVM7,12,12,1,2026-10-08 15:24:50
nncl,nncl.grid,grid_20_rmsprop_paper_s2027,j2,1,5,1.10253000259399,0.398704051971436,1.72789692878723,0.220506000518799,35.468444108963,STATISVM7,12,12,1,2026-10-08 15:24:50
nncl,nncl.grid,grid_20_rmsprop_paper_s2027,j3,1,5,1.27431201934814,0.39471697807312,1.91119003295898,0.254862403869629,35.468444108963,STATISVM7,12,12,1,2026-10-08 15:24:50
nncl,nncl.grid,grid_20_rmsprop_paper_s2027,j4,1,5,1.31894302368164,0.414958000183105,1.94767999649048,0.263788604736328,35.468444108963,STATISVM7,12,12,1,2026-10-08 15:24:50
nncl,nncl.grid,grid_20_rmsprop_paper_s2027,j5,1,5,1.32450294494629,0.474219083786011,2.06739401817322,0.264900588989258,35.468444108963,STATISVM7,12,12,1,2026-10-08 15:24:50
nncl,nncl.grid,grid_20_rmsprop_paper_s2027,j6,1,5,1.14949488639832,0.379416942596436,1.71081590652466,0.229898977279663,35.468444108963,STATISVM7,12,12,1,2026-10-08 15:24:50
nncl,nncl.grid,grid_20_rmsprop_paper_s2027,j7,1,5,1.25586199760437,0.406442880630493,1.86234402656555,0.251172399520874,35.468444108963,STATISVM7,12,12,1,2026-10-08 15:24:50
nncl,nncl.grid,grid_20_rmsprop_paper_s2027,j8,1,5,1.29600501060486,0.401210069656372,1.90743398666382,0.259201002120972,35.468444108963,STATISVM7,12,12,1,2026-10-08 15:24:50
nncl,nncl.grid,grid_20_rmsprop_paper_s2027,j9,1,5,1.09038305282593,0.39489483833313,1.71094703674316,0.218076610565186,35.468444108963,STATISVM7,12,12,1,2026-10-08 15:24:50
nncl,nncl.grid,grid_20_rmsprop_paper_s2027,j10,1,5,1.2725989818573,0.402234077453613,1.87531304359436,0.25451979637146,35.468444108963,STATISVM7,12,12,1,2026-10-08 15:24:50
nncl,nncl.grid,grid_20_rmsprop_paper_s2027,j11,1,5,1.37538504600525,0.429914951324463,2.00253987312317,0.27507700920105,35.468444108963,STATISVM7,12,12,1,2026-10-08 15:24:50
nncl,nncl.grid,grid_20_rmsprop_paper_s2027,j12,1,5,1.36100792884827,0.406418085098267,1.96994805335999,0.272201585769653,35.468444108963,STATISVM7,12,12,1,2026-10-08 15:24:50
nncl,nncl.grid,grid_20_rmsprop_paper_s2027,j13,1,5,1.22554612159729,0.404248952865601,1.85824298858643,0.245109224319458,35.468444108963,STATISVM7,12,12,1,2026-10-08 15:24:50
nncl,nncl.grid,grid_20_rmsprop_paper_s2027,j14,1,5,1.1852810382843,0.462657928466797,1.89896297454834,0.23705620765686,35.468444108963,STATISVM7,12,12,1,2026-10-08 15:24:50
nncl,nncl.grid,grid_20_rmsprop_paper_s2027,j15,1,5,1.21418690681458,0.432818174362183,1.84818911552429,0.242837381362915,35.468444108963,STATISVM7,12,12,1,2026-10-08 15:24:50
nncl,nncl.grid,grid_20_rmsprop_paper_s2027,j16,1,5,1.19993090629578,0.476406097412109,1.94092202186584,0.239986181259155,35.468444108963,STATISVM7,12,12,1,2026-10-08 15:24:50
nncl,nncl.grid,grid_20_rmsprop_paper_s2027,j17,1,5,1.06182312965393,0.439332962036133,1.6790931224823,0.212364625930786,35.468444108963,STATISVM7,12,12,1,2026-10-08 15:24:50
nncl,nncl.grid,grid_20_rmsprop_paper_s2027,j18,1,5,1.12470602989197,0.413203001022339,1.71692514419556,0.224941205978394,35.468444108963,STATISVM7,12,12,1,2026-10-08 15:24:50
nncl,nncl.grid,grid_20_rmsprop_paper_s2027,j19,1,5,1.18594002723694,0.40645694732666,1.80028986930847,0.237188005447388,35.468444108963,STATISVM7,12,12,1,2026-10-08 15:24:50
nncl,nncl.grid,grid_20_sgd_early_stop_s2026,j1,1,10,1.48092412948608,0.488522052764893,2.1783230304718,0.148092412948608,39.7988538742065,STATISVM7,12,12,1,2026-10-08 15:24:45
nncl,nncl.grid,grid_20_sgd_early_stop_s2026,j2,1,10,1.70105504989624,0.351463794708252,2.26613879203796,0.170105504989624,39.7988538742065,STATISVM7,12,12,1,2026-10-08 15:24:45
nncl,nncl.grid,grid_20_sgd_early_stop_s2026,j3,1,10,1.40825700759888,0.379436016082764,2.01257109642029,0.140825700759888,39.7988538742065,STATISVM7,12,12,1,2026-10-08 15:24:45
nncl,nncl.grid,grid_20_sgd_early_stop_s2026,j4,1,10,1.31923484802246,0.395884990692139,1.91527390480042,0.131923484802246,39.7988538742065,STATISVM7,12,12,1,2026-10-08 15:24:45
nncl,nncl.grid,grid_20_sgd_early_stop_s2026,j5,1,10,1.37902808189392,0.398036003112793,1.96831917762756,0.137902808189392,39.7988538742065,STATISVM7,12,12,1,2026-10-08 15:24:45
nncl,nncl.grid,grid_20_sgd_early_stop_s2026,j6,1,10,1.36444306373596,0.341892957687378,1.89210200309753,0.136444306373596,39.7988538742065,STATISVM7,12,12,1,2026-10-08 15:24:45
nncl,nncl.grid,grid_20_sgd_early_stop_s2026,j7,1,10,1.40814805030823,0.370755910873413,1.9723699092865,0.140814805030823,39.7988538742065,STATISVM7,12,12,1,2026-10-08 15:24:45
nncl,nncl.grid,grid_20_sgd_early_stop_s2026,j8,1,10,1.80363988876343,0.402687072753906,2.452143907547,0.180363988876343,39.7988538742065,STATISVM7,12,12,1,2026-10-08 15:24:45
nncl,nncl.grid,grid_20_sgd_early_stop_s2026,j9,1,10,1.77441382408142,0.387372970581055,2.3620548248291,0.177441382408142,39.7988538742065,STATISVM7,12,12,1,2026-10-08 15:24:45
nncl,nncl.grid,grid_20_sgd_early_stop_s2026,j10,1,10,1.63654899597168,0.404937028884888,2.24834609031677,0.163654899597168,39.7988538742065,STATISVM7,12,12,1,2026-10-08 15:24:45
nncl,nncl.grid,grid_20_sgd_early_stop_s2026,j11,1,10,1.34669899940491,0.384948015213013,1.94990801811218,0.134669899940491,39.7988538742065,STATISVM7,12,12,1,2026-10-08 15:24:45
nncl,nncl.grid,grid_20_sgd_early_stop_s2026,j12,1,10,1.51017999649048,0.405740976333618,2.16511082649231,0.151017999649048,39.7988538742065,STATISVM7,12,12,1,2026-10-08 15:24:45
nncl,nncl.grid,grid_20_sgd_early_stop_s2026,j13,1,10,1.56922698020935,0.401225090026855,2.19766712188721,0.156922698020935,39.7988538742065,STATISVM7,12,12,1,2026-10-08 15:24:45
nncl,nncl.grid,grid_20_sgd_early_stop_s2026,j14,1,10,1.71247315406799,0.397670984268189,2.30995607376099,0.171247315406799,39.7988538742065,STATISVM7,12,12,1,2026-10-08 15:24:45
nncl,nncl.grid,grid_20_sgd_early_stop_s2026,j15,1,10,1.38160610198975,0.386619091033936,1.95961713790894,0.138160610198975,39.7988538742065,STATISVM7,12,12,1,2026-10-08 15:24:45
nncl,nncl.grid,grid_20_sgd_early_stop_s2026,j16,1,10,1.50195503234863,0.396202802658081,2.14386892318726,0.150195503234863,39.7988538742065,STATISVM7,12,12,1,2026-10-08 15:24:45
nncl,nncl.grid,grid_20_sgd_early_stop_s2026,j17,1,10,1.62574195861816,0.446725130081177,2.2734911441803,0.162574195861816,39.7988538742065,STATISVM7,12,12,1,2026-10-08 15:24:45
nncl,nncl.grid,grid_20_sgd_early_stop_s2026,j18,1,3,0.663167953491211,0.412519931793213,1.27408885955811,0.22105598449707,39.7988538742065,STATISVM7,12,12,1,2026-10-08 15:24:45
nncl,nncl.grid,grid_20_sgd_early_stop_s2026,j19,1,10,1.63202309608459,0.438462018966675,2.25750303268433,0.163202309608459,39.7988538742065,STATISVM7,12,12,1,2026-10-08 15:24:45
nncl,nncl.grid,grid_20_sgd_early_stop_s2027,j1,1,10,1.43011212348938,0.537070989608765,2.18643999099731,0.143011212348938,39.1763775348663,STATISVM7,12,12,1,2026-10-08 15:25:05
nncl,nncl.grid,grid_20_sgd_early_stop_s2027,j2,1,10,1.44668197631836,0.430055141448975,2.09096693992615,0.144668197631836,39.1763775348663,STATISVM7,12,12,1,2026-10-08 15:25:05
nncl,nncl.grid,grid_20_sgd_early_stop_s2027,j3,1,10,1.5218460559845,0.351371049880981,2.09985303878784,0.15218460559845,39.1763775348663,STATISVM7,12,12,1,2026-10-08 15:25:05
nncl,nncl.grid,grid_20_sgd_early_stop_s2027,j4,1,10,1.62017798423767,0.377965211868286,2.20339512825012,0.162017798423767,39.1763775348663,STATISVM7,12,12,1,2026-10-08 15:25:05
nncl,nncl.grid,grid_20_sgd_early_stop_s2027,j5,1,10,1.4006609916687,0.383440971374512,1.99974608421326,0.14006609916687,39.1763775348663,STATISVM7,12,12,1,2026-10-08 15:25:05
nncl,nncl.grid,grid_20_sgd_early_stop_s2027,j6,1,10,1.42450022697449,0.370678901672363,2.0081479549408,0.142450022697449,39.1763775348663,STATISVM7,12,12,1,2026-10-08 15:25:05
nncl,nncl.grid,grid_20_sgd_early_stop_s2027,j7,1,10,1.55713295936584,0.389405012130737,2.15466809272766,0.155713295936584,39.1763775348663,STATISVM7,12,12,1,2026-10-08 15:25:05
nncl,nncl.grid,grid_20_sgd_early_stop_s2027,j8,1,10,1.48712706565857,0.380133867263794,2.11660194396973,0.148712706565857,39.1763775348663,STATISVM7,12,12,1,2026-10-08 15:25:05
nncl,nncl.grid,grid_20_sgd_early_stop_s2027,j9,1,10,1.62005400657654,0.394243001937866,2.24171304702759,0.162005400657654,39.1763775348663,STATISVM7,12,12,1,2026-10-08 15:25:05
nncl,nncl.grid,grid_20_sgd_early_stop_s2027,j10,1,10,1.32585692405701,0.394863128662109,1.88924813270569,0.132585692405701,39.1763775348663,STATISVM7,12,12,1,2026-10-08 15:25:05
nncl,nncl.grid,grid_20_sgd_early_stop_s2027,j11,1,10,1.1937301158905,0.308248996734619,1.68497109413147,0.11937301158905,39.1763775348663,STATISVM7,12,12,1,2026-10-08 15:25:05
nncl,nncl.grid,grid_20_sgd_early_stop_s2027,j12,1,10,1.66121602058411,0.333040952682495,2.21843504905701,0.166121602058411,39.1763775348663,STATISVM7,12,12,1,2026-10-08 15:25:05
nncl,nncl.grid,grid_20_sgd_early_stop_s2027,j13,1,10,1.469642162323,0.38395094871521,2.05163288116455,0.1469642162323,39.1763775348663,STATISVM7,12,12,1,2026-10-08 15:25:05
nncl,nncl.grid,grid_20_sgd_early_stop_s2027,j14,1,10,1.41865301132202,0.392864942550659,2.03306007385254,0.141865301132202,39.1763775348663,STATISVM7,12,12,1,2026-10-08 15:25:05
nncl,nncl.grid,grid_20_sgd_early_stop_s2027,j15,1,10,1.53265619277954,0.416709899902344,2.16077709197998,0.153265619277954,39.1763775348663,STATISVM7,12,12,1,2026-10-08 15:25:05
nncl,nncl.grid,grid_20_sgd_early_stop_s2027,j16,1,10,2.028892993927,0.421555042266846,2.68263292312622,0.2028892993927,39.1763775348663,STATISVM7,12,12,1,2026-10-08 15:25:05
nncl,nncl.grid,grid_20_sgd_early_stop_s2027,j17,1,10,1.50367307662964,0.413686037063599,2.11929702758789,0.150367307662964,39.1763775348663,STATISVM7,12,12,1,2026-10-08 15:25:05
nncl,nncl.grid,grid_20_sgd_early_stop_s2027,j18,1,3,0.617455005645752,0.411670207977295,1.21673011779785,0.205818335215251,39.1763775348663,STATISVM7,12,12,1,2026-10-08 15:25:05
nncl,nncl.grid,grid_20_sgd_early_stop_s2027,j19,1,10,1.41358017921448,0.378284931182861,2.01806092262268,0.141358017921448,39.1763775348663,STATISVM7,12,12,1,2026-10-08 15:25:05
nncl,nncl.grid,grid_20_sgd_paper_s2026,j1,1,5,0.919570922851562,0.500592947006226,1.61757397651672,0.183914184570313,29.6525661945343,STATISVM7,12,12,1,2026-10-08 15:24:35
nncl,nncl.grid,grid_20_sgd_paper_s2026,j2,1,5,0.851893901824951,0.36642599105835,1.4316999912262,0.17037878036499,29.6525661945343,STATISVM7,12,12,1,2026-10-08 15:24:35
nncl,nncl.grid,grid_20_sgd_paper_s2026,j3,1,5,0.873982906341553,0.386583089828491,1.49210906028748,0.174796581268311,29.6525661945343,STATISVM7,12,12,1,2026-10-08 15:24:35
nncl,nncl.grid,grid_20_sgd_paper_s2026,j4,1,5,0.792545080184937,0.39241099357605,1.38227820396423,0.158509016036987,29.6525661945343,STATISVM7,12,12,1,2026-10-08 15:24:35
nncl,nncl.grid,grid_20_sgd_paper_s2026,j5,1,5,0.995894908905029,0.378651142120361,1.57399606704712,0.199178981781006,29.6525661945343,STATISVM7,12,12,1,2026-10-08 15:24:35
nncl,nncl.grid,grid_20_sgd_paper_s2026,j6,1,5,0.999285221099854,0.365628004074097,1.58292818069458,0.199857044219971,29.6525661945343,STATISVM7,12,12,1,2026-10-08 15:24:35
nncl,nncl.grid,grid_20_sgd_paper_s2026,j7,1,5,0.806417942047119,0.347254991531372,1.40793108940125,0.161283588409424,29.6525661945343,STATISVM7,12,12,1,2026-10-08 15:24:35
nncl,nncl.grid,grid_20_sgd_paper_s2026,j8,1,5,0.882151126861572,0.367647886276245,1.45493197441101,0.176430225372314,29.6525661945343,STATISVM7,12,12,1,2026-10-08 15:24:35
nncl,nncl.grid,grid_20_sgd_paper_s2026,j9,1,5,1.11899399757385,0.356369018554688,1.7225170135498,0.223798799514771,29.6525661945343,STATISVM7,12,12,1,2026-10-08 15:24:35
nncl,nncl.grid,grid_20_sgd_paper_s2026,j10,1,5,0.904129981994629,0.387104988098145,1.52891111373901,0.180825996398926,29.6525661945343,STATISVM7,12,12,1,2026-10-08 15:24:35
nncl,nncl.grid,grid_20_sgd_paper_s2026,j11,1,5,0.968850135803223,0.344325065612793,1.5440731048584,0.193770027160645,29.6525661945343,STATISVM7,12,12,1,2026-10-08 15:24:35
nncl,nncl.grid,grid_20_sgd_paper_s2026,j12,1,5,0.999857902526855,0.41061806678772,1.64090704917908,0.199971580505371,29.6525661945343,STATISVM7,12,12,1,2026-10-08 15:24:35
nncl,nncl.grid,grid_20_sgd_paper_s2026,j13,1,5,1.13090085983276,0.434684038162231,1.78627395629883,0.226180171966553,29.6525661945343,STATISVM7,12,12,1,2026-10-08 15:24:35
nncl,nncl.grid,grid_20_sgd_paper_s2026,j14,1,5,0.988725900650024,0.413694143295288,1.60424518585205,0.197745180130005,29.6525661945343,STATISVM7,12,12,1,2026-10-08 15:24:35
nncl,nncl.grid,grid_20_sgd_paper_s2026,j15,1,5,0.941448926925659,0.396384000778198,1.56509709358215,0.188289785385132,29.6525661945343,STATISVM7,12,12,1,2026-10-08 15:24:35
nncl,nncl.grid,grid_20_sgd_paper_s2026,j16,1,5,0.843553066253662,0.41585111618042,1.46143698692322,0.168710613250732,29.6525661945343,STATISVM7,12,12,1,2026-10-08 15:24:35
nncl,nncl.grid,grid_20_sgd_paper_s2026,j17,1,5,0.831480026245117,0.417056083679199,1.4488890171051,0.166296005249023,29.6525661945343,STATISVM7,12,12,1,2026-10-08 15:24:35
nncl,nncl.grid,grid_20_sgd_paper_s2026,j18,1,5,0.874912023544312,0.509711980819702,1.57767200469971,0.174982404708862,29.6525661945343,STATISVM7,12,12,1,2026-10-08 15:24:35
nncl,nncl.grid,grid_20_sgd_paper_s2026,j19,1,5,1.21822810173035,0.41571307182312,1.82909512519836,0.243645620346069,29.6525661945343,STATISVM7,12,12,1,2026-10-08 15:24:35
nncl,nncl.grid,grid_20_sgd_paper_s2027,j1,1,5,0.950644969940186,0.494564056396484,1.64984893798828,0.190128993988037,30.0430424213409,STATISVM7,12,12,1,2026-10-08 15:24:44
nncl,nncl.grid,grid_20_sgd_paper_s2027,j2,1,5,0.856544017791748,0.35916805267334,1.41905307769775,0.17130880355835,30.0430424213409,STATISVM7,12,12,1,2026-10-08 15:24:44
nncl,nncl.grid,grid_20_sgd_paper_s2027,j3,1,5,1.02117800712585,0.388232946395874,1.61705708503723,0.204235601425171,30.0430424213409,STATISVM7,12,12,1,2026-10-08 15:24:44
nncl,nncl.grid,grid_20_sgd_paper_s2027,j4,1,5,1.05878400802612,0.387412786483765,1.66512799263001,0.211756801605225,30.0430424213409,STATISVM7,12,12,1,2026-10-08 15:24:44
nncl,nncl.grid,grid_20_sgd_paper_s2027,j5,1,5,1.20550489425659,0.395380973815918,1.82021808624268,0.241100978851318,30.0430424213409,STATISVM7,12,12,1,2026-10-08 15:24:44
nncl,nncl.grid,grid_20_sgd_paper_s2027,j6,1,5,0.924324989318848,0.411175966262817,1.55549597740173,0.18486499786377,30.0430424213409,STATISVM7,12,12,1,2026-10-08 15:24:44
nncl,nncl.grid,grid_20_sgd_paper_s2027,j7,1,5,0.97746205329895,0.398375034332275,1.57147097587585,0.19549241065979,30.0430424213409,STATISVM7,12,12,1,2026-10-08 15:24:44
nncl,nncl.grid,grid_20_sgd_paper_s2027,j8,1,5,0.832247972488403,0.391263961791992,1.42750000953674,0.166449594497681,30.0430424213409,STATISVM7,12,12,1,2026-10-08 15:24:44
nncl,nncl.grid,grid_20_sgd_paper_s2027,j9,1,5,1.03980088233948,0.382291078567505,1.63508105278015,0.207960176467896,30.0430424213409,STATISVM7,12,12,1,2026-10-08 15:24:44
nncl,nncl.grid,grid_20_sgd_paper_s2027,j10,1,5,0.879164218902588,0.412612915039063,1.50411009788513,0.175832843780518,30.0430424213409,STATISVM7,12,12,1,2026-10-08 15:24:44
nncl,nncl.grid,grid_20_sgd_paper_s2027,j11,1,5,0.913109064102173,0.380706787109375,1.53464889526367,0.182621812820435,30.0430424213409,STATISVM7,12,12,1,2026-10-08 15:24:44
nncl,nncl.grid,grid_20_sgd_paper_s2027,j12,1,5,0.978698968887329,0.381392002105713,1.61707496643066,0.195739793777466,30.0430424213409,STATISVM7,12,12,1,2026-10-08 15:24:44
nncl,nncl.grid,grid_20_sgd_paper_s2027,j13,1,5,0.995070934295654,0.417801141738892,1.64650201797485,0.199014186859131,30.0430424213409,STATISVM7,12,12,1,2026-10-08 15:24:44
nncl,nncl.grid,grid_20_sgd_paper_s2027,j14,1,5,0.850507020950317,0.381330966949463,1.43152403831482,0.170101404190063,30.0430424213409,STATISVM7,12,12,1,2026-10-08 15:24:44
nncl,nncl.grid,grid_20_sgd_paper_s2027,j15,1,5,0.916795015335083,0.418154954910278,1.5383448600769,0.183359003067017,30.0430424213409,STATISVM7,12,12,1,2026-10-08 15:24:44
nncl,nncl.grid,grid_20_sgd_paper_s2027,j16,1,5,1.04828095436096,0.416633129119873,1.68799304962158,0.209656190872192,30.0430424213409,STATISVM7,12,12,1,2026-10-08 15:24:44
nncl,nncl.grid,grid_20_sgd_paper_s2027,j17,1,5,0.84675407409668,0.432003021240234,1.47676610946655,0.169350814819336,30.0430424213409,STATISVM7,12,12,1,2026-10-08 15:24:44
nncl,nncl.grid,grid_20_sgd_paper_s2027,j18,1,5,0.956488132476807,0.429086923599243,1.57674407958984,0.191297626495361,30.0430424213409,STATISVM7,12,12,1,2026-10-08 15:24:44
nncl,nncl.grid,grid_20_sgd_paper_s2027,j19,1,5,0.964931964874268,0.48746395111084,1.66848111152649,0.192986392974854,30.0430424213409,STATISVM7,12,12,1,2026-10-08 15:24:44
nncl,nncl.main,paper_q10,j1,1,5,1.1807541847229,0.485496282577515,1.84704566001892,0.23615083694458,30.8412213325501,vm,4,4,1,2026-10-08 12:01:05
nncl,nncl.main,paper_q10,j2,1,5,1.16226315498352,0.327924489974976,1.71881294250488,0.232452630996704,30.8412213325501,vm,4,4,1,2026-10-08 12:01:05
nncl,nncl.main,paper_q10,j3,1,5,0.923314571380615,0.330299139022827,1.42264676094055,0.184662914276123,30.8412213325501,vm,4,4,1,2026-10-08 12:01:05
nncl,nncl.main,paper_q10,j4,1,5,1.06904125213623,0.318379163742065,1.5956175327301,0.213808250427246,30.8412213325501,vm,4,4,1,2026-10-08 12:01:05
nncl,nncl.main,paper_q10,j5,1,5,1.08011388778687,0.320436239242554,1.64203095436096,0.216022777557373,30.8412213325501,vm,4,4,1,2026-10-08 12:01:05
nncl,nncl.main,paper_q10,j6,1,5,1.04442358016968,0.305249214172363,1.52662920951843,0.208884716033936,30.8412213325501,vm,4,4,1,2026-10-08 12:01:05
nncl,nncl.main,paper_q10,j7,1,5,1.24362444877625,0.401928663253784,1.84308838844299,0.248724889755249,30.8412213325501,vm,4,4,1,2026-10-08 12:01:05
nncl,nncl.main,paper_q10,j8,1,5,1.05738139152527,0.352159976959229,1.64838981628418,0.211476278305054,30.8412213325501,vm,4,4,1,2026-10-08 12:01:05
nncl,nncl.main,paper_q10,j9,1,5,0.98797345161438,0.357023239135742,1.51708507537842,0.197594690322876,30.8412213325501,vm,4,4,1,2026-10-08 12:01:05
nncl,nncl.main,paper_q10,j10,1,5,1.01365303993225,0.356863260269165,1.56403851509094,0.20273060798645,30.8412213325501,vm,4,4,1,2026-10-08 12:01:05
nncl,nncl.main,paper_q10,j11,1,5,0.909958600997925,0.344372510910034,1.47910451889038,0.181991720199585,30.8412213325501,vm,4,4,1,2026-10-08 12:01:05
nncl,nncl.main,paper_q10,j12,1,5,1.00411128997803,0.371885776519775,1.55671238899231,0.200822257995605,30.8412213325501,vm,4,4,1,2026-10-08 12:01:05
nncl,nncl.main,paper_q10,j13,1,5,1.10189151763916,0.365034580230713,1.64373707771301,0.220378303527832,30.8412213325501,vm,4,4,1,2026-10-08 12:01:05
nncl,nncl.main,paper_q10,j14,1,5,0.953450679779053,0.359954118728638,1.49736976623535,0.190690135955811,30.8412213325501,vm,4,4,1,2026-10-08 12:01:05
nncl,nncl.main,paper_q10,j15,1,5,1.13908791542053,0.388488054275513,1.70527863502502,0.227817583084106,30.8412213325501,vm,4,4,1,2026-10-08 12:01:05
nncl,nncl.main,paper_q10,j16,1,5,1.1047534942627,0.425210952758789,1.71863007545471,0.220950698852539,30.8412213325501,vm,4,4,1,2026-10-08 12:01:05
nncl,nncl.main,paper_q10,j17,1,5,1.26005363464355,0.428613901138306,1.88112258911133,0.252010726928711,30.8412213325501,vm,4,4,1,2026-10-08 12:01:05
nncl,nncl.main,paper_q10,j18,1,5,0.91875958442688,0.420810461044312,1.49683213233948,0.183751916885376,30.8412213325501,vm,4,4,1,2026-10-08 12:01:05
nncl,nncl.main,paper_q10,j19,1,5,0.9527747631073,0.411617040634155,1.53704929351807,0.19055495262146,30.8412213325501,vm,4,4,1,2026-10-08 12:01:05
nncl,nncl.main,paper_q20,j1,1,5,1.23909616470337,0.508892059326172,1.92916870117188,0.247819232940674,32.2173173427582,vm,4,4,1,2026-10-08 12:01:31
nncl,nncl.main,paper_q20,j2,1,5,0.937570095062256,0.336471796035767,1.45298552513123,0.187514019012451,32.2173173427582,vm,4,4,1,2026-10-08 12:01:31
nncl,nncl.main,paper_q20,j3,1,5,0.925343751907349,0.336408615112305,1.42789912223816,0.18506875038147,32.2173173427582,vm,4,4,1,2026-10-08 12:01:31
nncl,nncl.main,paper_q20,j4,1,5,1.19404482841492,0.341564893722534,1.69897508621216,0.238808965682983,32.2173173427582,vm,4,4,1,2026-10-08 12:01:31
nncl,nncl.main,paper_q20,j5,1,5,0.947193384170532,0.314298868179321,1.47699117660522,0.189438676834106,32.2173173427582,vm,4,4,1,2026-10-08 12:01:31
nncl,nncl.main,paper_q20,j6,1,5,1.13704037666321,0.372424840927124,1.70613837242126,0.227408075332642,32.2173173427582,vm,4,4,1,2026-10-08 12:01:31
nncl,nncl.main,paper_q20,j7,1,5,1.26991701126099,0.341142892837524,1.83905124664307,0.253983402252197,32.2173173427582,vm,4,4,1,2026-10-08 12:01:31
nncl,nncl.main,paper_q20,j8,1,5,1.11530470848084,0.34325098991394,1.66132616996765,0.223060941696167,32.2173173427582,vm,4,4,1,2026-10-08 12:01:31
nncl,nncl.main,paper_q20,j9,1,5,1.28322672843933,0.315158128738403,1.80025005340576,0.256645345687866,32.2173173427582,vm,4,4,1,2026-10-08 12:01:31
nncl,nncl.main,paper_q20,j10,1,5,1.19771647453308,0.36037540435791,1.74748373031616,0.239543294906616,32.2173173427582,vm,4,4,1,2026-10-08 12:01:31
nncl,nncl.main,paper_q20,j11,1,5,1.10278725624084,0.333943128585815,1.62074732780457,0.220557451248169,32.2173173427582,vm,4,4,1,2026-10-08 12:01:31
nncl,nncl.main,paper_q20,j12,1,5,1.21503686904907,0.376668930053711,1.78956294059753,0.243007373809814,32.2173173427582,vm,4,4,1,2026-10-08 12:01:31
nncl,nncl.main,paper_q20,j13,1,5,1.02880072593689,0.373879909515381,1.56253457069397,0.205760145187378,32.2173173427582,vm,4,4,1,2026-10-08 12:01:31
nncl,nncl.main,paper_q20,j14,1,5,1.06479001045227,0.419976711273193,1.70895338058472,0.212958002090454,32.2173173427582,vm,4,4,1,2026-10-08 12:01:31
nncl,nncl.main,paper_q20,j15,1,5,0.972566843032837,0.364772081375122,1.52596521377563,0.194513368606567,32.2173173427582,vm,4,4,1,2026-10-08 12:01:31
nncl,nncl.main,paper_q20,j16,1,5,1.16663527488709,0.38558030128479,1.79746770858765,0.233327054977417,32.2173173427582,vm,4,4,1,2026-10-08 12:01:31
nncl,nncl.main,paper_q20,j17,1,5,1.04770183563232,0.43941855430603,1.71297979354858,0.209540367126465,32.2173173427582,vm,4,4,1,2026-10-08 12:01:31
nncl,nncl.main,paper_q20,j18,1,5,1.24665975570679,0.406831979751587,1.88716149330139,0.249331951141357,32.2173173427582,vm,4,4,1,2026-10-08 12:01:31
nncl,nncl.main,paper_q20,j19,1,5,1.25563430786133,0.440011024475098,1.87167572975159,0.251126861572266,32.2173173427582,vm,4,4,1,2026-10-08 12:01:31
nncl,nncl.main,paper_q5,j1,1,5,1.22060894966126,0.450276136398315,1.86125755310059,0.244121789932251,31.6715023517609,vm,4,4,1,2026-10-08 12:01:06
nncl,nncl.main,paper_q5,j2,1,5,1.06963777542114,0.340636253356934,1.63803458213806,0.213927555084229,31.6715023517609,vm,4,4,1,2026-10-08 12:01:06
nncl,nncl.main,paper_q5,j3,1,5,0.990255117416382,0.320163488388062,1.49653124809265,0.198051023483276,31.6715023517609,vm,4,4,1,2026-10-08 12:01:06
nncl,nncl.main,paper_q5,j4,1,5,1.10350513458252,0.313639879226685,1.60053205490112,0.220701026916504,31.6715023517609,vm,4,4,1,2026-10-08 12:01:06
nncl,nncl.main,paper_q5,j5,1,5,1.1604425907135,0.319521903991699,1.65391850471497,0.2320885181427,31.6715023517609,vm,4,4,1,2026-10-08 12:01:06
nncl,nncl.main,paper_q5,j6,1,5,1.04959440231323,0.30933403968811,1.59148526191711,0.209918880462646,31.6715023517609,vm,4,4,1,2026-10-08 12:01:06
nncl,nncl.main,paper_q5,j7,1,5,1.10744643211365,0.325775146484375,1.6057436466217,0.22148928642273,31.6715023517609,vm,4,4,1,2026-10-08 12:01:06
nncl,nncl.main,paper_q5,j8,1,5,1.1038966178894,0.359437465667725,1.67739939689636,0.220779323577881,31.6715023517609,vm,4,4,1,2026-10-08 12:01:06
nncl,nncl.main,paper_q5,j9,1,5,0.990547895431519,0.360225439071655,1.55147457122803,0.198109579086304,31.6715023517609,vm,4,4,1,2026-10-08 12:01:06
nncl,nncl.main,paper_q5,j10,1,5,0.965929746627808,0.351507425308228,1.4747953414917,0.193185949325562,31.6715023517609,vm,4,4,1,2026-10-08 12:01:06
nncl,nncl.main,paper_q5,j11,1,5,0.943260908126831,0.369903087615967,1.48641967773438,0.188652181625366,31.6715023517609,vm,4,4,1,2026-10-08 12:01:06
nncl,nncl.main,paper_q5,j12,1,5,1.15198087692261,0.470836400985718,1.81709432601929,0.230396175384522,31.6715023517609,vm,4,4,1,2026-10-08 12:01:06
nncl,nncl.main,paper_q5,j13,1,5,1.1677782535553,0.40821647644043,1.7854061126709,0.23355565071106,31.6715023517609,vm,4,4,1,2026-10-08 12:01:06
nncl,nncl.main,paper_q5,j14,1,5,1.17628288269043,0.368834018707275,1.73802137374878,0.235256576538086,31.6715023517609,vm,4,4,1,2026-10-08 12:01:06
nncl,nncl.main,paper_q5,j15,1,5,1.356196641922,0.435997724533081,1.98889636993408,0.271239328384399,31.6715023517609,vm,4,4,1,2026-10-08 12:01:06
nncl,nncl.main,paper_q5,j16,1,5,1.12667632102966,0.395386695861816,1.72003602981567,0.225335264205933,31.6715023517609,vm,4,4,1,2026-10-08 12:01:06
nncl,nncl.main,paper_q5,j17,1,5,1.30779337882996,0.408774852752686,1.92819404602051,0.261558675765991,31.6715023517609,vm,4,4,1,2026-10-08 12:01:06
nncl,nncl.main,paper_q5,j18,1,5,0.936955451965332,0.40690803527832,1.53631734848022,0.187391090393066,31.6715023517609,vm,4,4,1,2026-10-08 12:01:06
nncl,nncl.main,paper_q5,j19,1,5,0.930581569671631,0.386401176452637,1.51994490623474,0.186116313934326,31.6715023517609,vm,4,4,1,2026-10-08 12:01:06
nncl,nncl.main,s1_adam,j1,1,5,1.29427075386047,0.400763750076294,1.88394021987915,0.258854150772095,38.3548913002014,vm,4,4,1,2026-10-08 12:01:44
nncl,nncl.main,s1_adam,j2,1,5,1.34209442138672,0.440495252609253,1.95927882194519,0.268418884277344,38.3548913002014,vm,4,4,1,2026-10-08 12:01:44
nncl,nncl.main,s1_adam,j3,1,5,1.33420848846436,0.424339771270752,1.95883512496948,0.266841697692871,38.3548913002014,vm,4,4,1,2026-10-08 12:01:44
nncl,nncl.main,s1_adam,j4,1,5,1.20877456665039,0.457140922546387,1.89408469200134,0.241754913330078,38.3548913002014,vm,4,4,1,2026-10-08 12:01:44
nncl,nncl.main,s1_adam,j5,1,5,1.25675964355469,0.466369152069092,1.89978933334351,0.251351928710938,38.3548913002014,vm,4,4,1,2026-10-08 12:01:44
nncl,nncl.main,s1_adam,j6,1,5,1.23825311660767,0.454653739929199,1.90667152404785,0.247650623321533,38.3548913002014,vm,4,4,1,2026-10-08 12:01:44
nncl,nncl.main,s1_adam,j7,1,5,1.1578893661499,0.449819564819336,1.80508971214294,0.23157787322998,38.3548913002014,vm,4,4,1,2026-10-08 12:01:44
nncl,nncl.main,s1_adam,j8,1,5,1.27161121368408,0.43078875541687,1.89849662780762,0.254322242736816,38.3548913002014,vm,4,4,1,2026-10-08 12:01:44
nncl,nncl.main,s1_adam,j9,1,5,1.37718605995178,0.453071355819702,2.00611186027527,0.275437211990356,38.3548913002014,vm,4,4,1,2026-10-08 12:01:44
nncl,nncl.main,s1_adam,j10,1,5,1.36259651184082,0.458292722702026,2.0207417011261,0.272519302368164,38.3548913002014,vm,4,4,1,2026-10-08 12:01:44
nncl,nncl.main,s1_adam,j11,1,5,1.25922298431396,0.577165842056274,2.02600646018982,0.251844596862793,38.3548913002014,vm,4,4,1,2026-10-08 12:01:44
nncl,nncl.main,s1_adam,j12,1,5,1.39525294303894,0.50074315071106,2.12567543983459,0.279050588607788,38.3548913002014,vm,4,4,1,2026-10-08 12:01:44
nncl,nncl.main,s1_adam,j13,1,5,1.7622492313385,0.60335111618042,2.58039331436157,0.3524498462677,38.3548913002014,vm,4,4,1,2026-10-08 12:01:44
nncl,nncl.main,s1_adam,j14,1,5,1.59190583229065,0.57921314239502,2.37105584144592,0.31838116645813,38.3548913002014,vm,4,4,1,2026-10-08 12:01:44
nncl,nncl.main,s1_adam,j15,1,5,1.1594500541687,0.508805990219116,1.83014798164368,0.23189001083374,38.3548913002014,vm,4,4,1,2026-10-08 12:01:44
nncl,nncl.main,s1_adam,j16,1,5,1.46913909912109,0.529468774795532,2.21863317489624,0.293827819824219,38.3548913002014,vm,4,4,1,2026-10-08 12:01:44
nncl,nncl.main,s1_adam,j17,1,5,1.26090478897095,0.494284152984619,1.98399090766907,0.252180957794189,38.3548913002014,vm,4,4,1,2026-10-08 12:01:44
nncl,nncl.main,s1_adam,j18,1,5,1.34171271324158,0.502199649810791,2.01448082923889,0.268342542648315,38.3548913002014,vm,4,4,1,2026-10-08 12:01:44
nncl,nncl.main,s1_adam,j19,1,5,1.17837285995483,0.520485877990723,1.97146773338318,0.235674571990967,38.3548913002014,vm,4,4,1,2026-10-08 12:01:44
nncl,nncl.main,s2_early_stop,j1,1,10,1.89590454101563,0.445815801620483,2.57982707023621,0.189590454101563,49.8104908466339,vm,4,4,1,2026-10-08 12:01:56
nncl,nncl.main,s2_early_stop,j2,1,10,1.92452836036682,0.417398691177368,2.57021450996399,0.192452836036682,49.8104908466339,vm,4,4,1,2026-10-08 12:01:56
nncl,nncl.main,s2_early_stop,j3,1,10,1.92396092414856,0.422520160675049,2.52639126777649,0.192396092414856,49.8104908466339,vm,4,4,1,2026-10-08 12:01:56
nncl,nncl.main,s2_early_stop,j4,1,10,2.00524258613586,0.435911655426025,2.65406394004822,0.200524258613586,49.8104908466339,vm,4,4,1,2026-10-08 12:01:56
nncl,nncl.main,s2_early_stop,j5,1,10,1.80754470825195,0.458502292633057,2.43617653846741,0.180754470825195,49.8104908466339,vm,4,4,1,2026-10-08 12:01:56
nncl,nncl.main,s2_early_stop,j6,1,10,1.98034501075745,0.416093349456787,2.68893837928772,0.198034501075745,49.8104908466339,vm,4,4,1,2026-10-08 12:01:56
nncl,nncl.main,s2_early_stop,j7,1,10,1.8465940952301,0.451620578765869,2.49689149856567,0.18465940952301,49.8104908466339,vm,4,4,1,2026-10-08 12:01:56
nncl,nncl.main,s2_early_stop,j8,1,10,2.21916699409485,0.451192855834961,2.85697460174561,0.221916699409485,49.8104908466339,vm,4,4,1,2026-10-08 12:01:56
nncl,nncl.main,s2_early_stop,j9,1,10,2.11058712005615,0.528899669647217,2.87811923027039,0.211058712005615,49.8104908466339,vm,4,4,1,2026-10-08 12:01:56
nncl,nncl.main,s2_early_stop,j10,1,10,2.09064340591431,0.575483322143555,2.8541157245636,0.209064340591431,49.8104908466339,vm,4,4,1,2026-10-08 12:01:56
nncl,nncl.main,s2_early_stop,j11,1,10,2.00790786743164,0.516707897186279,2.71867084503174,0.200790786743164,49.8104908466339,vm,4,4,1,2026-10-08 12:01:56
nncl,nncl.main,s2_early_stop,j12,1,10,2.19146251678467,0.471431255340576,2.89894819259644,0.219146251678467,49.8104908466339,vm,4,4,1,2026-10-08 12:01:56
nncl,nncl.main,s2_early_stop,j13,1,10,1.9643132686615,0.519330263137817,2.65293025970459,0.19643132686615,49.8104908466339,vm,4,4,1,2026-10-08 12:01:56
nncl,nncl.main,s2_early_stop,j14,1,10,1.88995504379272,0.492106437683106,2.56383180618286,0.188995504379272,49.8104908466339,vm,4,4,1,2026-10-08 12:01:56
nncl,nncl.main,s2_early_stop,j15,1,10,1.52005791664124,0.500557899475098,2.18706870079041,0.152005791664124,49.8104908466339,vm,4,4,1,2026-10-08 12:01:56
nncl,nncl.main,s2_early_stop,j16,1,10,1.96955966949463,0.491570711135864,2.63199734687805,0.196955966949463,49.8104908466339,vm,4,4,1,2026-10-08 12:01:56
nncl,nncl.main,s2_early_stop,j17,1,10,1.99636650085449,0.543225765228272,2.78166580200195,0.199636650085449,49.8104908466339,vm,4,4,1,2026-10-08 12:01:56
nncl,nncl.main,s2_early_stop,j18,1,10,1.80888342857361,0.516147375106812,2.48652529716492,0.180888342857361,49.8104908466339,vm,4,4,1,2026-10-08 12:01:56
nncl,nncl.main,s2_early_stop,j19,1,10,1.61512398719788,0.56847357749939,2.34713983535767,0.161512398719788,49.8104908466339,vm,4,4,1,2026-10-08 12:01:56
nncl,nncl.main,s3_cl_start,j1,1,3,1.19805669784546,0.501669406890869,1.87788105010986,0.399352232615153,39.2952270507813,vm,4,4,1,2026-10-08 12:01:53
nncl,nncl.main,s3_cl_start,j2,1,10,2.00476384162903,0.307235956192017,2.50502014160156,0.200476384162903,39.2952270507813,vm,4,4,1,2026-10-08 12:01:53
nncl,nncl.main,s3_cl_start,j3,1,10,2.24049091339111,0.309804439544678,2.71845936775208,0.224049091339111,39.2952270507813,vm,4,4,1,2026-10-08 12:01:53
nncl,nncl.main,s3_cl_start,j4,1,7,1.46094489097595,0.327151536941528,1.96469712257385,0.208706412996565,39.2952270507813,vm,4,4,1,2026-10-08 12:01:53
nncl,nncl.main,s3_cl_start,j5,1,10,2.00847887992859,0.35809850692749,2.55970120429993,0.200847887992859,39.2952270507813,vm,4,4,1,2026-10-08 12:01:53
nncl,nncl.main,s3_cl_start,j6,1,6,1.42790174484253,0.384470701217651,1.99780917167664,0.237983624140422,39.2952270507813,vm,4,4,1,2026-10-08 12:01:53
nncl,nncl.main,s3_cl_start,j7,1,10,2.06318426132202,0.361008405685425,2.67703771591187,0.206318426132202,39.2952270507813,vm,4,4,1,2026-10-08 12:01:53
nncl,nncl.main,s3_cl_start,j8,1,10,2.32212471961975,0.423564195632935,2.95914602279663,0.232212471961975,39.2952270507813,vm,4,4,1,2026-10-08 12:01:53
nncl,nncl.main,s3_cl_start,j9,1,8,1.67481732368469,0.37171745300293,2.23276114463806,0.209352165460587,39.2952270507813,vm,4,4,1,2026-10-08 12:01:53
nncl,nncl.main,s3_cl_start,j10,1,8,1.61981105804443,0.373135328292847,2.24237442016602,0.202476382255554,39.2952270507813,vm,4,4,1,2026-10-08 12:01:53
nncl,nncl.main,s3_cl_start,j11,1,3,0.963165044784546,0.342716932296753,1.5055079460144,0.321055014928182,39.2952270507813,vm,4,4,1,2026-10-08 12:01:53
nncl,nncl.main,s3_cl_start,j12,1,3,1.07487177848816,0.462657928466797,1.76947665214539,0.358290592829386,39.2952270507813,vm,4,4,1,2026-10-08 12:01:53
nncl,nncl.main,s3_cl_start,j13,1,3,0.96586537361145,0.379414081573486,1.57744193077087,0.32195512453715,39.2952270507813,vm,4,4,1,2026-10-08 12:01:53
nncl,nncl.main,s3_cl_start,j14,1,10,1.66924095153809,0.408221483230591,2.23798704147339,0.166924095153809,39.2952270507813,vm,4,4,1,2026-10-08 12:01:53
nncl,nncl.main,s3_cl_start,j15,1,3,0.867413759231567,0.373393535614014,1.40546178817749,0.289137919743856,39.2952270507813,vm,4,4,1,2026-10-08 12:01:53
nncl,nncl.main,s3_cl_start,j16,1,3,0.997524499893188,0.379844665527344,1.56864905357361,0.332508166631063,39.2952270507813,vm,4,4,1,2026-10-08 12:01:53
nncl,nncl.main,s3_cl_start,j17,1,6,1.52881479263306,0.387903213500977,2.105473279953,0.254802465438843,39.2952270507813,vm,4,4,1,2026-10-08 12:01:53
nncl,nncl.main,s3_cl_start,j18,1,4,1.13482761383057,0.466810703277588,1.79587841033936,0.283706903457642,39.2952270507813,vm,4,4,1,2026-10-08 12:01:53
nncl,nncl.main,s3_cl_start,j19,1,3,0.975245952606201,0.450243234634399,1.59446358680725,0.325081984202067,39.2952270507813,vm,4,4,1,2026-10-08 12:01:53
nncl,nncl.search.cl_start,tuned_cl_start_s2026,j1,1,3,1.55138802528381,0.96779990196228,2.77220797538757,0.517129341761271,55.464733839035,STATISVM7,12,12,1,2026-10-08 15:29:10
nncl,nncl.search.cl_start,tuned_cl_start_s2026,j2,1,10,2.34761500358582,0.998522996902466,3.55725407600403,0.234761500358582,55.464733839035,STATISVM7,12,12,1,2026-10-08 15:29:10
nncl,nncl.search.cl_start,tuned_cl_start_s2026,j3,1,10,2.07321691513062,1.04231715202332,3.33764910697937,0.207321691513062,55.464733839035,STATISVM7,12,12,1,2026-10-08 15:29:10
nncl,nncl.search.cl_start,tuned_cl_start_s2026,j4,1,7,2.183345079422,0.861546993255615,3.37818217277527,0.311906439917428,55.464733839035,STATISVM7,12,12,1,2026-10-08 15:29:10
nncl,nncl.search.cl_start,tuned_cl_start_s2026,j5,1,10,2.13376903533936,0.89554500579834,3.25560593605042,0.213376903533936,55.464733839035,STATISVM7,12,12,1,2026-10-08 15:29:10
nncl,nncl.search.cl_start,tuned_cl_start_s2026,j6,1,6,1.73869299888611,0.932775020599365,2.88235998153687,0.289782166481018,55.464733839035,STATISVM7,12,12,1,2026-10-08 15:29:10
nncl,nncl.search.cl_start,tuned_cl_start_s2026,j7,1,10,2.02787280082703,0.868727207183838,3.11771702766418,0.202787280082703,55.464733839035,STATISVM7,12,12,1,2026-10-08 15:29:10
nncl,nncl.search.cl_start,tuned_cl_start_s2026,j8,1,10,2.22965216636658,0.916522026062012,3.37709617614746,0.222965216636658,55.464733839035,STATISVM7,12,12,1,2026-10-08 15:29:10
nncl,nncl.search.cl_start,tuned_cl_start_s2026,j9,1,8,1.79611802101135,0.888370037078857,2.87152218818665,0.224514752626419,55.464733839035,STATISVM7,12,12,1,2026-10-08 15:29:10
nncl,nncl.search.cl_start,tuned_cl_start_s2026,j10,1,8,1.82540798187256,0.86205792427063,2.88584685325623,0.22817599773407,55.464733839035,STATISVM7,12,12,1,2026-10-08 15:29:10
nncl,nncl.search.cl_start,tuned_cl_start_s2026,j11,1,3,1.33025884628296,0.91549015045166,2.46491003036499,0.443419615427653,55.464733839035,STATISVM7,12,12,1,2026-10-08 15:29:10
nncl,nncl.search.cl_start,tuned_cl_start_s2026,j12,1,3,1.31421804428101,0.918098926544189,2.46539688110352,0.438072681427002,55.464733839035,STATISVM7,12,12,1,2026-10-08 15:29:10
nncl,nncl.search.cl_start,tuned_cl_start_s2026,j13,1,3,1.35692405700684,0.937770843505859,2.56702995300293,0.452308019002279,55.464733839035,STATISVM7,12,12,1,2026-10-08 15:29:10
nncl,nncl.search.cl_start,tuned_cl_start_s2026,j14,1,10,2.39336585998535,0.932068109512329,3.53410601615906,0.239336585998535,55.464733839035,STATISVM7,12,12,1,2026-10-08 15:29:10
nncl,nncl.search.cl_start,tuned_cl_start_s2026,j15,1,3,1.46121406555176,1.0083019733429,2.71307587623596,0.487071355183919,55.464733839035,STATISVM7,12,12,1,2026-10-08 15:29:10
nncl,nncl.search.cl_start,tuned_cl_start_s2026,j16,1,3,1.30984091758728,0.919309139251709,2.45725417137146,0.43661363919576,55.464733839035,STATISVM7,12,12,1,2026-10-08 15:29:10
nncl,nncl.search.cl_start,tuned_cl_start_s2026,j17,1,6,1.74991393089294,0.930649042129517,2.89525008201599,0.291652321815491,55.464733839035,STATISVM7,12,12,1,2026-10-08 15:29:10
nncl,nncl.search.cl_start,tuned_cl_start_s2026,j18,1,4,1.29757905006409,0.946388006210327,2.4490761756897,0.324394762516022,55.464733839035,STATISVM7,12,12,1,2026-10-08 15:29:10
nncl,nncl.search.cl_start,tuned_cl_start_s2026,j19,1,3,1.32354497909546,0.965822219848633,2.48319315910339,0.441181659698486,55.464733839035,STATISVM7,12,12,1,2026-10-08 15:29:10
nncl,nncl.search.cl_start,tuned_cl_start_s2027,j1,1,3,1.08198094367981,1.03461694717407,2.32588696479797,0.360660314559937,52.6339621543884,STATISVM7,12,12,1,2026-10-08 15:30:03
nncl,nncl.search.cl_start,tuned_cl_start_s2027,j2,1,10,2.10332894325256,0.88217306137085,3.18363213539124,0.210332894325256,52.6339621543884,STATISVM7,12,12,1,2026-10-08 15:30:03
nncl,nncl.search.cl_start,tuned_cl_start_s2027,j3,1,10,1.87700510025024,0.991473913192749,3.06320595741272,0.187700510025024,52.6339621543884,STATISVM7,12,12,1,2026-10-08 15:30:03
nncl,nncl.search.cl_start,tuned_cl_start_s2027,j4,1,3,1.18027496337891,0.949543952941895,2.34914803504944,0.393424987792969,52.6339621543884,STATISVM7,12,12,1,2026-10-08 15:30:03
nncl,nncl.search.cl_start,tuned_cl_start_s2027,j5,1,10,1.85819792747498,1.00253796577454,3.11402583122253,0.185819792747498,52.6339621543884,STATISVM7,12,12,1,2026-10-08 15:30:03
nncl,nncl.search.cl_start,tuned_cl_start_s2027,j6,1,5,1.45409083366394,1.09647798538208,2.78479099273682,0.290818166732788,52.6339621543884,STATISVM7,12,12,1,2026-10-08 15:30:03
nncl,nncl.search.cl_start,tuned_cl_start_s2027,j7,1,8,1.81619095802307,1.5271680355072,3.66158199310303,0.227023869752884,52.6339621543884,STATISVM7,12,12,1,2026-10-08 15:30:03
nncl,nncl.search.cl_start,tuned_cl_start_s2027,j8,1,10,2.11940884590149,0.847085952758789,3.23225283622742,0.211940884590149,52.6339621543884,STATISVM7,12,12,1,2026-10-08 15:30:03
nncl,nncl.search.cl_start,tuned_cl_start_s2027,j9,1,3,1.3019289970398,0.843768119812012,2.37699103355408,0.433976332346598,52.6339621543884,STATISVM7,12,12,1,2026-10-08 15:30:03
nncl,nncl.search.cl_start,tuned_cl_start_s2027,j10,1,10,1.83690404891968,1.08416390419006,3.16888499259949,0.183690404891968,52.6339621543884,STATISVM7,12,12,1,2026-10-08 15:30:03
nncl,nncl.search.cl_start,tuned_cl_start_s2027,j11,1,3,1.2705569267273,0.881942987442017,2.39080595970154,0.423518975575765,52.6339621543884,STATISVM7,12,12,1,2026-10-08 15:30:03
nncl,nncl.search.cl_start,tuned_cl_start_s2027,j12,1,7,1.46312594413757,0.830757141113281,2.50862002372742,0.209017992019653,52.6339621543884,STATISVM7,12,12,1,2026-10-08 15:30:03
nncl,nncl.search.cl_start,tuned_cl_start_s2027,j13,1,3,1.28513693809509,0.944946050643921,2.43160390853882,0.428378979365031,52.6339621543884,STATISVM7,12,12,1,2026-10-08 15:30:03
nncl,nncl.search.cl_start,tuned_cl_start_s2027,j14,1,5,1.46115303039551,0.910566091537476,2.63502407073975,0.292230606079102,52.6339621543884,STATISVM7,12,12,1,2026-10-08 15:30:03
nncl,nncl.search.cl_start,tuned_cl_start_s2027,j15,1,3,1.43648719787598,1.01646780967712,2.68895483016968,0.478829065958659,52.6339621543884,STATISVM7,12,12,1,2026-10-08 15:30:03
nncl,nncl.search.cl_start,tuned_cl_start_s2027,j16,1,5,1.5062530040741,1.03660798072815,2.79584288597107,0.301250600814819,52.6339621543884,STATISVM7,12,12,1,2026-10-08 15:30:03
nncl,nncl.search.cl_start,tuned_cl_start_s2027,j17,1,6,1.58918595314026,0.944057941436768,2.73735189437866,0.264864325523376,52.6339621543884,STATISVM7,12,12,1,2026-10-08 15:30:03
nncl,nncl.search.cl_start,tuned_cl_start_s2027,j18,1,4,1.30797696113586,0.892473936080933,2.44489789009094,0.326994240283966,52.6339621543884,STATISVM7,12,12,1,2026-10-08 15:30:03
nncl,nncl.search.cl_start,tuned_cl_start_s2027,j19,1,5,1.53201198577881,0.990109920501709,2.74045991897583,0.306402397155762,52.6339621543884,STATISVM7,12,12,1,2026-10-08 15:30:03
nncl,nncl.search.early_stop,tuned_early_stop_s2026,j1,1,10,2.38126015663147,0.745021820068359,3.36878395080566,0.238126015663147,59.9097354412079,STATISVM7,12,12,1,2026-10-08 15:29:54
nncl,nncl.search.early_stop,tuned_early_stop_s2026,j2,1,10,2.2458508014679,0.851791143417358,3.30759716033936,0.22458508014679,59.9097354412079,STATISVM7,12,12,1,2026-10-08 15:29:54
nncl,nncl.search.early_stop,tuned_early_stop_s2026,j3,1,10,2.0279278755188,0.793394088745117,3.06087803840637,0.20279278755188,59.9097354412079,STATISVM7,12,12,1,2026-10-08 15:29:54
nncl,nncl.search.early_stop,tuned_early_stop_s2026,j4,1,10,2.2032949924469,0.796387910842896,3.21864295005798,0.22032949924469,59.9097354412079,STATISVM7,12,12,1,2026-10-08 15:29:54
nncl,nncl.search.early_stop,tuned_early_stop_s2026,j5,1,10,2.00049901008606,0.793638944625855,2.99786186218262,0.200049901008606,59.9097354412079,STATISVM7,12,12,1,2026-10-08 15:29:54
nncl,nncl.search.early_stop,tuned_early_stop_s2026,j6,1,10,1.79601311683655,0.809968948364258,2.77619910240173,0.179601311683655,59.9097354412079,STATISVM7,12,12,1,2026-10-08 15:29:54
nncl,nncl.search.early_stop,tuned_early_stop_s2026,j7,1,10,2.1209409236908,0.730823040008545,3.05552887916565,0.21209409236908,59.9097354412079,STATISVM7,12,12,1,2026-10-08 15:29:54
nncl,nncl.search.early_stop,tuned_early_stop_s2026,j8,1,10,1.98397207260132,0.839624881744385,3.03736209869385,0.198397207260132,59.9097354412079,STATISVM7,12,12,1,2026-10-08 15:29:54
nncl,nncl.search.early_stop,tuned_early_stop_s2026,j9,1,10,1.99855399131775,0.812988042831421,3.00221705436707,0.199855399131775,59.9097354412079,STATISVM7,12,12,1,2026-10-08 15:29:54
nncl,nncl.search.early_stop,tuned_early_stop_s2026,j10,1,10,1.97255516052246,0.831260919570923,3.01877999305725,0.197255516052246,59.9097354412079,STATISVM7,12,12,1,2026-10-08 15:29:54
nncl,nncl.search.early_stop,tuned_early_stop_s2026,j11,1,10,1.96820402145386,0.838521003723145,3.03747701644897,0.196820402145386,59.9097354412079,STATISVM7,12,12,1,2026-10-08 15:29:54
nncl,nncl.search.early_stop,tuned_early_stop_s2026,j12,1,10,1.98770594596863,0.865999937057495,3.08302307128906,0.198770594596863,59.9097354412079,STATISVM7,12,12,1,2026-10-08 15:29:54
nncl,nncl.search.early_stop,tuned_early_stop_s2026,j13,1,10,1.94953179359436,0.846148014068604,3.02751994132996,0.194953179359436,59.9097354412079,STATISVM7,12,12,1,2026-10-08 15:29:54
nncl,nncl.search.early_stop,tuned_early_stop_s2026,j14,1,10,2.13829207420349,0.835036039352417,3.27586317062378,0.213829207420349,59.9097354412079,STATISVM7,12,12,1,2026-10-08 15:29:54
nncl,nncl.search.early_stop,tuned_early_stop_s2026,j15,1,10,2.03159809112549,0.885324954986572,3.11109805107117,0.203159809112549,59.9097354412079,STATISVM7,12,12,1,2026-10-08 15:29:54
nncl,nncl.search.early_stop,tuned_early_stop_s2026,j16,1,10,1.96738696098328,0.868510961532593,3.06803512573242,0.196738696098328,59.9097354412079,STATISVM7,12,12,1,2026-10-08 15:29:54
nncl,nncl.search.early_stop,tuned_early_stop_s2026,j17,1,10,2.23003578186035,0.83647608757019,3.32829999923706,0.223003578186035,59.9097354412079,STATISVM7,12,12,1,2026-10-08 15:29:54
nncl,nncl.search.early_stop,tuned_early_stop_s2026,j18,1,10,2.20912218093872,0.903198957443237,3.37540698051453,0.220912218093872,59.9097354412079,STATISVM7,12,12,1,2026-10-08 15:29:54
nncl,nncl.search.early_stop,tuned_early_stop_s2026,j19,1,10,2.60440397262573,0.948271036148071,3.7591609954834,0.260440397262573,59.9097354412079,STATISVM7,12,12,1,2026-10-08 15:29:54
nncl,nncl.search.early_stop,tuned_early_stop_s2027,j1,1,10,2.00807881355286,0.890107154846191,3.10257601737976,0.200807881355286,63.3238620758057,STATISVM7,12,12,1,2026-10-08 15:30:58
nncl,nncl.search.early_stop,tuned_early_stop_s2027,j2,1,10,2.01722693443298,0.897057056427002,3.13609910011292,0.201722693443298,63.3238620758057,STATISVM7,12,12,1,2026-10-08 15:30:58
nncl,nncl.search.early_stop,tuned_early_stop_s2027,j3,1,10,1.99306797981262,0.928467035293579,3.11800503730774,0.199306797981262,63.3238620758057,STATISVM7,12,12,1,2026-10-08 15:30:58
nncl,nncl.search.early_stop,tuned_early_stop_s2027,j4,1,10,2.016282081604,0.85430908203125,3.09870719909668,0.2016282081604,63.3238620758057,STATISVM7,12,12,1,2026-10-08 15:30:58
nncl,nncl.search.early_stop,tuned_early_stop_s2027,j5,1,10,2.01622200012207,0.937324047088623,3.15476012229919,0.201622200012207,63.3238620758057,STATISVM7,12,12,1,2026-10-08 15:30:58
nncl,nncl.search.early_stop,tuned_early_stop_s2027,j6,1,10,1.97373604774475,0.944098949432373,3.11753797531128,0.197373604774475,63.3238620758057,STATISVM7,12,12,1,2026-10-08 15:30:58
nncl,nncl.search.early_stop,tuned_early_stop_s2027,j7,1,10,2.11644196510315,0.945320129394531,3.2993631362915,0.211644196510315,63.3238620758057,STATISVM7,12,12,1,2026-10-08 15:30:58
nncl,nncl.search.early_stop,tuned_early_stop_s2027,j8,1,10,2.19861006736755,1.03004288673401,3.50779294967651,0.219861006736755,63.3238620758057,STATISVM7,12,12,1,2026-10-08 15:30:58
nncl,nncl.search.early_stop,tuned_early_stop_s2027,j9,1,10,1.99854493141174,1.09194612503052,3.31630492210388,0.199854493141174,63.3238620758057,STATISVM7,12,12,1,2026-10-08 15:30:58
nncl,nncl.search.early_stop,tuned_early_stop_s2027,j10,1,10,2.15684795379639,0.959618091583252,3.34620094299316,0.215684795379639,63.3238620758057,STATISVM7,12,12,1,2026-10-08 15:30:58
nncl,nncl.search.early_stop,tuned_early_stop_s2027,j11,1,10,2.02075600624084,1.04074096679688,3.3323769569397,0.202075600624084,63.3238620758057,STATISVM7,12,12,1,2026-10-08 15:30:58
nncl,nncl.search.early_stop,tuned_early_stop_s2027,j12,1,10,2.13374018669128,1.01886582374573,3.47518491744995,0.213374018669128,63.3238620758057,STATISVM7,12,12,1,2026-10-08 15:30:58
nncl,nncl.search.early_stop,tuned_early_stop_s2027,j13,1,10,2.17225694656372,1.12352395057678,3.53465390205383,0.217225694656372,63.3238620758057,STATISVM7,12,12,1,2026-10-08 15:30:58
nncl,nncl.search.early_stop,tuned_early_stop_s2027,j14,1,10,2.17276096343994,1.15986394882202,3.59453201293945,0.217276096343994,63.3238620758057,STATISVM7,12,12,1,2026-10-08 15:30:58
nncl,nncl.search.early_stop,tuned_early_stop_s2027,j15,1,10,1.91138815879822,1.13140201568604,3.26342296600342,0.191138815879822,63.3238620758057,STATISVM7,12,12,1,2026-10-08 15:30:58
nncl,nncl.search.early_stop,tuned_early_stop_s2027,j16,1,10,2.44267988204956,1.05821800231934,3.70397400856018,0.244267988204956,63.3238620758057,STATISVM7,12,12,1,2026-10-08 15:30:58
nncl,nncl.search.early_stop,tuned_early_stop_s2027,j17,1,10,2.03346395492554,1.18621110916138,3.45038509368897,0.203346395492554,63.3238620758057,STATISVM7,12,12,1,2026-10-08 15:30:58
nncl,nncl.search.early_stop,tuned_early_stop_s2027,j18,1,10,2.28674483299255,1.03331303596497,3.55256390571594,0.228674483299255,63.3238620758057,STATISVM7,12,12,1,2026-10-08 15:30:58
nncl,nncl.search.early_stop,tuned_early_stop_s2027,j19,1,10,2.02647590637207,0.988796949386597,3.21942090988159,0.202647590637207,63.3238620758057,STATISVM7,12,12,1,2026-10-08 15:30:58
nncl,nncl.search.paper,tuned_paper_s2026,j1,1,5,1.26292204856873,0.782062768936157,2.27822589874268,0.252584409713745,45.355229139328,STATISVM7,12,12,1,2026-10-08 15:28:37
nncl,nncl.search.paper,tuned_paper_s2026,j2,1,5,1.20499300956726,0.756423950195313,2.16262888908386,0.240998601913452,45.355229139328,STATISVM7,12,12,1,2026-10-08 15:28:37
nncl,nncl.search.paper,tuned_paper_s2026,j3,1,5,1.31467580795288,0.724232196807861,2.27036714553833,0.262935161590576,45.355229139328,STATISVM7,12,12,1,2026-10-08 15:28:37
nncl,nncl.search.paper,tuned_paper_s2026,j4,1,5,1.34892702102661,0.744455099105835,2.31819701194763,0.269785404205322,45.355229139328,STATISVM7,12,12,1,2026-10-08 15:28:37
nncl,nncl.search.paper,tuned_paper_s2026,j5,1,5,1.32596302032471,0.744086980819702,2.27977919578552,0.265192604064941,45.355229139328,STATISVM7,12,12,1,2026-10-08 15:28:37
nncl,nncl.search.paper,tuned_paper_s2026,j6,1,5,1.29021096229553,0.761706113815308,2.26867604255676,0.258042192459106,45.355229139328,STATISVM7,12,12,1,2026-10-08 15:28:37
nncl,nncl.search.paper,tuned_paper_s2026,j7,1,5,1.28637719154358,0.744874954223633,2.24439597129822,0.257275438308716,45.355229139328,STATISVM7,12,12,1,2026-10-08 15:28:37
nncl,nncl.search.paper,tuned_paper_s2026,j8,1,5,1.70160603523254,0.770630836486816,2.69770884513855,0.340321207046509,45.355229139328,STATISVM7,12,12,1,2026-10-08 15:28:37
nncl,nncl.search.paper,tuned_paper_s2026,j9,1,5,1.15059804916382,0.8890221118927,2.27132511138916,0.230119609832764,45.355229139328,STATISVM7,12,12,1,2026-10-08 15:28:37
nncl,nncl.search.paper,tuned_paper_s2026,j10,1,5,1.37542390823364,0.789972066879273,2.40604496002197,0.275084781646729,45.355229139328,STATISVM7,12,12,1,2026-10-08 15:28:37
nncl,nncl.search.paper,tuned_paper_s2026,j11,1,5,1.60812401771545,0.916783094406128,2.92028903961182,0.321624803543091,45.355229139328,STATISVM7,12,12,1,2026-10-08 15:28:37
nncl,nncl.search.paper,tuned_paper_s2026,j12,1,5,1.44991803169251,1.31839203834534,3.15825605392456,0.289983606338501,45.355229139328,STATISVM7,12,12,1,2026-10-08 15:28:37
nncl,nncl.search.paper,tuned_paper_s2026,j13,1,5,1.37307119369507,0.688241004943848,2.28297114372253,0.274614238739014,45.355229139328,STATISVM7,12,12,1,2026-10-08 15:28:37
nncl,nncl.search.paper,tuned_paper_s2026,j14,1,5,1.24471712112427,0.734947919845581,2.2355101108551,0.248943424224854,45.355229139328,STATISVM7,12,12,1,2026-10-08 15:28:37
nncl,nncl.search.paper,tuned_paper_s2026,j15,1,5,1.43026208877563,0.715790987014771,2.36883401870728,0.286052417755127,45.355229139328,STATISVM7,12,12,1,2026-10-08 15:28:37
nncl,nncl.search.paper,tuned_paper_s2026,j16,1,5,1.30745887756348,0.63236403465271,2.1769289970398,0.261491775512695,45.355229139328,STATISVM7,12,12,1,2026-10-08 15:28:37
nncl,nncl.search.paper,tuned_paper_s2026,j17,1,5,1.31152606010437,0.706212997436523,2.2282509803772,0.262305212020874,45.355229139328,STATISVM7,12,12,1,2026-10-08 15:28:37
nncl,nncl.search.paper,tuned_paper_s2026,j18,1,5,1.26385188102722,0.713418960571289,2.19174385070801,0.252770376205444,45.355229139328,STATISVM7,12,12,1,2026-10-08 15:28:37
nncl,nncl.search.paper,tuned_paper_s2026,j19,1,5,1.65322780609131,0.748094081878662,2.59509587287903,0.330645561218262,45.355229139328,STATISVM7,12,12,1,2026-10-08 15:28:37
nncl,nncl.search.paper,tuned_paper_s2027,j1,1,5,1.15873408317566,0.70707106590271,2.06967806816101,0.231746816635132,43.3356664180756,STATISVM7,12,12,1,2026-10-08 15:29:21
nncl,nncl.search.paper,tuned_paper_s2027,j2,1,5,1.23027205467224,0.740642070770264,2.20081114768982,0.246054410934448,43.3356664180756,STATISVM7,12,12,1,2026-10-08 15:29:21
nncl,nncl.search.paper,tuned_paper_s2027,j3,1,5,1.21689391136169,0.701740980148315,2.15125608444214,0.243378782272339,43.3356664180756,STATISVM7,12,12,1,2026-10-08 15:29:21
nncl,nncl.search.paper,tuned_paper_s2027,j4,1,5,1.2418749332428,0.771911144256592,2.23555111885071,0.24837498664856,43.3356664180756,STATISVM7,12,12,1,2026-10-08 15:29:21
nncl,nncl.search.paper,tuned_paper_s2027,j5,1,5,1.2847580909729,0.730007886886597,2.21203994750977,0.25695161819458,43.3356664180756,STATISVM7,12,12,1,2026-10-08 15:29:21
nncl,nncl.search.paper,tuned_paper_s2027,j6,1,5,1.36812090873718,0.735729217529297,2.34368920326233,0.273624181747437,43.3356664180756,STATISVM7,12,12,1,2026-10-08 15:29:21
nncl,nncl.search.paper,tuned_paper_s2027,j7,1,5,1.34477710723877,0.755599975585938,2.34589004516602,0.268955421447754,43.3356664180756,STATISVM7,12,12,1,2026-10-08 15:29:21
nncl,nncl.search.paper,tuned_paper_s2027,j8,1,5,1.53736901283264,0.773370027542114,2.52825713157654,0.307473802566528,43.3356664180756,STATISVM7,12,12,1,2026-10-08 15:29:21
nncl,nncl.search.paper,tuned_paper_s2027,j9,1,5,1.5046648979187,0.73668098449707,2.51007103919983,0.30093297958374,43.3356664180756,STATISVM7,12,12,1,2026-10-08 15:29:21
nncl,nncl.search.paper,tuned_paper_s2027,j10,1,5,1.40350604057312,0.773846864700317,2.39002394676209,0.280701208114624,43.3356664180756,STATISVM7,12,12,1,2026-10-08 15:29:21
nncl,nncl.search.paper,tuned_paper_s2027,j11,1,5,1.38737106323242,0.789509057998657,2.40181612968445,0.277474212646484,43.3356664180756,STATISVM7,12,12,1,2026-10-08 15:29:21
nncl,nncl.search.paper,tuned_paper_s2027,j12,1,5,1.2893271446228,0.804361820220947,2.31709694862366,0.257865428924561,43.3356664180756,STATISVM7,12,12,1,2026-10-08 15:29:21
nncl,nncl.search.paper,tuned_paper_s2027,j13,1,5,1.25535297393799,0.782212018966675,2.23164892196655,0.251070594787598,43.3356664180756,STATISVM7,12,12,1,2026-10-08 15:29:21
nncl,nncl.search.paper,tuned_paper_s2027,j14,1,5,1.31338620185852,0.768941879272461,2.27961993217468,0.262677240371704,43.3356664180756,STATISVM7,12,12,1,2026-10-08 15:29:21
nncl,nncl.search.paper,tuned_paper_s2027,j15,1,5,1.14791488647461,0.788268089294434,2.1261899471283,0.229582977294922,43.3356664180756,STATISVM7,12,12,1,2026-10-08 15:29:21
nncl,nncl.search.paper,tuned_paper_s2027,j16,1,5,1.17584800720215,0.73698616027832,2.14853405952454,0.23516960144043,43.3356664180756,STATISVM7,12,12,1,2026-10-08 15:29:21
nncl,nncl.search.paper,tuned_paper_s2027,j17,1,5,1.28245210647583,0.818028926849365,2.35575294494629,0.256490421295166,43.3356664180756,STATISVM7,12,12,1,2026-10-08 15:29:21
nncl,nncl.search.paper,tuned_paper_s2027,j18,1,5,1.20914816856384,0.831999778747559,2.23429083824158,0.241829633712769,43.3356664180756,STATISVM7,12,12,1,2026-10-08 15:29:21
nncl,nncl.search.paper,tuned_paper_s2027,j19,1,5,1.16551113128662,0.85469388961792,2.25344896316528,0.233102226257324,43.3356664180756,STATISVM7,12,12,1,2026-10-08 15:29:21
nncl,nncl.search.cl_start,dropout=0.1,seed 2026 origin 15,14,,24.6177988052368,,,,85.0284268856049,STATISVM7,12,12,1,2026-10-08 15:28:13
nncl,nncl.search.cl_start,dropout=0.1,seed 2026 origin 18,17,,30.1471571922302,,,,85.0284268856049,STATISVM7,12,12,1,2026-10-08 15:28:13
nncl,nncl.search.cl_start,dropout=0,seed 2026 origin 15,14,,22.8913278579712,,,,82.6985340118408,STATISVM7,12,12,1,2026-10-08 15:26:48
nncl,nncl.search.cl_start,dropout=0,seed 2026 origin 18,17,,29.1305751800537,,,,82.6985340118408,STATISVM7,12,12,1,2026-10-08 15:26:48
nncl,nncl.search.early_stop,dropout=0.1,seed 2026 origin 15,14,,31.6607954502106,,,,100.867896080017,STATISVM7,12,12,1,2026-10-08 15:28:54
nncl,nncl.search.early_stop,dropout=0.1,seed 2026 origin 18,17,,39.1956162452698,,,,100.867896080017,STATISVM7,12,12,1,2026-10-08 15:28:54
nncl,nncl.search.early_stop,dropout=0,seed 2026 origin 15,14,,30.0182640552521,,,,96.9422781467438,STATISVM7,12,12,1,2026-10-08 15:27:13
nncl,nncl.search.early_stop,dropout=0,seed 2026 origin 18,17,,37.0019245147705,,,,96.9422781467438,STATISVM7,12,12,1,2026-10-08 15:27:13
nncl,nncl.search.paper,"dropout=0.1, hidden=20, activation=tanh",seed 2026 origin 15,14,,19.2119987010956,,,,70.4403970241547,STATISVM7,12,12,1,2026-10-08 15:27:51
nncl,nncl.search.paper,"dropout=0.1, hidden=20, activation=tanh",seed 2026 origin 18,17,,23.7848553657532,,,,70.4403970241547,STATISVM7,12,12,1,2026-10-08 15:27:51
nncl,nncl.search.paper,"dropout=0, hidden=20, activation=tanh",seed 2026 origin 15,14,,17.5641384124756,,,,70.0999898910523,STATISVM7,12,12,1,2026-10-08 15:26:41
nncl,nncl.search.paper,"dropout=0, hidden=20, activation=tanh",seed 2026 origin 18,17,,23.1961588859558,,,,70.0999898910523,STATISVM7,12,12,1,2026-10-08 15:26:41
nncl,nncl_numeric.cl_grid,clgrid_20_rmsprop_cl_paper_s2026,j1,1,5,1.34529185295105,0.547656059265137,2.12399697303772,0.26905837059021,37.5672590732574,STATISVM7,12,12,1,2026-10-08 15:20:59
nncl,nncl_numeric.cl_grid,clgrid_20_rmsprop_cl_paper_s2026,j2,1,5,1.31524705886841,0.446398019790649,2.04302597045898,0.263049411773682,37.5672590732574,STATISVM7,12,12,1,2026-10-08 15:20:59
nncl,nncl_numeric.cl_grid,clgrid_20_rmsprop_cl_paper_s2026,j3,1,5,1.17501497268677,0.395642042160034,1.78079199790955,0.235002994537354,37.5672590732574,STATISVM7,12,12,1,2026-10-08 15:20:59
nncl,nncl_numeric.cl_grid,clgrid_20_rmsprop_cl_paper_s2026,j4,1,5,1.29352998733521,0.370020866394043,1.88283705711365,0.258705997467041,37.5672590732574,STATISVM7,12,12,1,2026-10-08 15:20:59
nncl,nncl_numeric.cl_grid,clgrid_20_rmsprop_cl_paper_s2026,j5,1,5,1.29192805290222,0.44521689414978,1.92860388755798,0.258385610580444,37.5672590732574,STATISVM7,12,12,1,2026-10-08 15:20:59
nncl,nncl_numeric.cl_grid,clgrid_20_rmsprop_cl_paper_s2026,j6,1,5,1.23564386367798,0.413323163986206,1.85489416122437,0.247128772735596,37.5672590732574,STATISVM7,12,12,1,2026-10-08 15:20:59
nncl,nncl_numeric.cl_grid,clgrid_20_rmsprop_cl_paper_s2026,j7,1,5,1.23400902748108,0.4371018409729,1.89304494857788,0.246801805496216,37.5672590732574,STATISVM7,12,12,1,2026-10-08 15:20:59
nncl,nncl_numeric.cl_grid,clgrid_20_rmsprop_cl_paper_s2026,j8,1,5,1.28149795532227,0.442239999771118,1.9459810256958,0.256299591064453,37.5672590732574,STATISVM7,12,12,1,2026-10-08 15:20:59
nncl,nncl_numeric.cl_grid,clgrid_20_rmsprop_cl_paper_s2026,j9,1,5,1.21900701522827,0.447976112365723,1.8763370513916,0.243801403045654,37.5672590732574,STATISVM7,12,12,1,2026-10-08 15:20:59
nncl,nncl_numeric.cl_grid,clgrid_20_rmsprop_cl_paper_s2026,j10,1,5,1.4428448677063,0.475391149520874,2.14440298080444,0.28856897354126,37.5672590732574,STATISVM7,12,12,1,2026-10-08 15:20:59
nncl,nncl_numeric.cl_grid,clgrid_20_rmsprop_cl_paper_s2026,j11,1,5,1.38163280487061,0.448264122009277,2.04338097572327,0.276326560974121,37.5672590732574,STATISVM7,12,12,1,2026-10-08 15:20:59
nncl,nncl_numeric.cl_grid,clgrid_20_rmsprop_cl_paper_s2026,j12,1,5,1.41083407402039,0.466126918792725,2.097904920578,0.282166814804077,37.5672590732574,STATISVM7,12,12,1,2026-10-08 15:20:59
nncl,nncl_numeric.cl_grid,clgrid_20_rmsprop_cl_paper_s2026,j13,1,5,1.23526000976563,0.439851999282837,1.91482305526733,0.247052001953125,37.5672590732574,STATISVM7,12,12,1,2026-10-08 15:20:59
nncl,nncl_numeric.cl_grid,clgrid_20_rmsprop_cl_paper_s2026,j14,1,5,1.10724210739136,0.463696956634522,1.78348112106323,0.221448421478271,37.5672590732574,STATISVM7,12,12,1,2026-10-08 15:20:59
nncl,nncl_numeric.cl_grid,clgrid_20_rmsprop_cl_paper_s2026,j15,1,5,1.4899730682373,0.501467943191528,2.22071504592896,0.297994613647461,37.5672590732574,STATISVM7,12,12,1,2026-10-08 15:20:59
nncl,nncl_numeric.cl_grid,clgrid_20_rmsprop_cl_paper_s2026,j16,1,5,1.32871699333191,0.454777956008911,1.99456787109375,0.265743398666382,37.5672590732574,STATISVM7,12,12,1,2026-10-08 15:20:59
nncl,nncl_numeric.cl_grid,clgrid_20_rmsprop_cl_paper_s2026,j17,1,5,1.3252170085907,0.471201181411743,2.00503015518188,0.26504340171814,37.5672590732574,STATISVM7,12,12,1,2026-10-08 15:20:59
nncl,nncl_numeric.cl_grid,clgrid_20_rmsprop_cl_paper_s2026,j18,1,5,1.31632709503174,0.496233940124512,2.05518198013306,0.263265419006348,37.5672590732574,STATISVM7,12,12,1,2026-10-08 15:20:59
nncl,nncl_numeric.cl_grid,clgrid_20_rmsprop_cl_paper_s2026,j19,1,5,1.24183416366577,0.527156829833984,1.97825789451599,0.248366832733154,37.5672590732574,STATISVM7,12,12,1,2026-10-08 15:20:59
nncl,nncl_numeric.cl_grid,clgrid_20_rmsprop_cl_paper_s2027,j1,1,5,1.29504609107971,0.634196996688843,2.17770910263062,0.259009218215942,36.8847832679749,STATISVM7,12,12,1,2026-10-08 15:32:03
nncl,nncl_numeric.cl_grid,clgrid_20_rmsprop_cl_paper_s2027,j2,1,5,1.43529415130615,0.425443887710571,2.06769204139709,0.28705883026123,36.8847832679749,STATISVM7,12,12,1,2026-10-08 15:32:03
nncl,nncl_numeric.cl_grid,clgrid_20_rmsprop_cl_paper_s2027,j3,1,5,1.34560012817383,0.472226858139038,2.02594685554504,0.269120025634766,36.8847832679749,STATISVM7,12,12,1,2026-10-08 15:32:03
nncl,nncl_numeric.cl_grid,clgrid_20_rmsprop_cl_paper_s2027,j4,1,5,1.44488310813904,0.377963066101074,2.0433042049408,0.288976621627808,36.8847832679749,STATISVM7,12,12,1,2026-10-08 15:32:03
nncl,nncl_numeric.cl_grid,clgrid_20_rmsprop_cl_paper_s2027,j5,1,5,1.20915389060974,0.399244070053101,1.81152701377869,0.241830778121948,36.8847832679749,STATISVM7,12,12,1,2026-10-08 15:32:03
nncl,nncl_numeric.cl_grid,clgrid_20_rmsprop_cl_paper_s2027,j6,1,5,1.28830313682556,0.383313894271851,1.89047789573669,0.257660627365112,36.8847832679749,STATISVM7,12,12,1,2026-10-08 15:32:03
nncl,nncl_numeric.cl_grid,clgrid_20_rmsprop_cl_paper_s2027,j7,1,5,1.43142509460449,0.419250011444092,2.06533908843994,0.286285018920898,36.8847832679749,STATISVM7,12,12,1,2026-10-08 15:32:03
nncl,nncl_numeric.cl_grid,clgrid_20_rmsprop_cl_paper_s2027,j8,1,5,1.30596685409546,0.404700994491577,1.90349388122559,0.261193370819092,36.8847832679749,STATISVM7,12,12,1,2026-10-08 15:32:03
nncl,nncl_numeric.cl_grid,clgrid_20_rmsprop_cl_paper_s2027,j9,1,5,1.12067604064941,0.405699014663696,1.71734690666199,0.224135208129883,36.8847832679749,STATISVM7,12,12,1,2026-10-08 15:32:03
nncl,nncl_numeric.cl_grid,clgrid_20_rmsprop_cl_paper_s2027,j10,1,5,1.16081285476685,0.420127153396606,1.78389716148376,0.232162570953369,36.8847832679749,STATISVM7,12,12,1,2026-10-08 15:32:03
nncl,nncl_numeric.cl_grid,clgrid_20_rmsprop_cl_paper_s2027,j11,1,5,1.11797189712524,0.431852102279663,1.75142121315002,0.223594379425049,36.8847832679749,STATISVM7,12,12,1,2026-10-08 15:32:03
nncl,nncl_numeric.cl_grid,clgrid_20_rmsprop_cl_paper_s2027,j12,1,5,1.08417105674744,0.416347026824951,1.68492412567139,0.216834211349487,36.8847832679749,STATISVM7,12,12,1,2026-10-08 15:32:03
nncl,nncl_numeric.cl_grid,clgrid_20_rmsprop_cl_paper_s2027,j13,1,5,1.50495100021362,0.410607099533081,2.1343469619751,0.300990200042725,36.8847832679749,STATISVM7,12,12,1,2026-10-08 15:32:03
nncl,nncl_numeric.cl_grid,clgrid_20_rmsprop_cl_paper_s2027,j14,1,5,1.45713305473328,0.432810068130493,2.08554911613464,0.291426610946655,36.8847832679749,STATISVM7,12,12,1,2026-10-08 15:32:03
nncl,nncl_numeric.cl_grid,clgrid_20_rmsprop_cl_paper_s2027,j15,1,5,1.27496910095215,0.462385892868042,1.96992301940918,0.25499382019043,36.8847832679749,STATISVM7,12,12,1,2026-10-08 15:32:03
nncl,nncl_numeric.cl_grid,clgrid_20_rmsprop_cl_paper_s2027,j16,1,5,1.35717797279358,0.464586973190308,2.04630494117737,0.271435594558716,36.8847832679749,STATISVM7,12,12,1,2026-10-08 15:32:03
nncl,nncl_numeric.cl_grid,clgrid_20_rmsprop_cl_paper_s2027,j17,1,5,1.10518908500671,0.425686836242676,1.71885585784912,0.221037817001343,36.8847832679749,STATISVM7,12,12,1,2026-10-08 15:32:03
nncl,nncl_numeric.cl_grid,clgrid_20_rmsprop_cl_paper_s2027,j18,1,5,1.38850212097168,0.485647916793823,2.09803986549377,0.277700424194336,36.8847832679749,STATISVM7,12,12,1,2026-10-08 15:32:03
nncl,nncl_numeric.cl_grid,clgrid_20_rmsprop_cl_paper_s2027,j19,1,5,1.21688103675842,0.480106115341187,1.90868401527405,0.243376207351685,36.8847832679749,STATISVM7,12,12,1,2026-10-08 15:32:03
nncl,nncl_numeric.cl_grid,clgrid_20_rmsprop_cl_start_s2026,j1,1,4,1.124342918396,0.529384136199951,1.85307121276855,0.281085729598999,38.8007507324219,STATISVM7,12,12,1,2026-10-08 15:31:55
nncl,nncl_numeric.cl_grid,clgrid_20_rmsprop_cl_start_s2026,j2,1,10,1.8730320930481,0.362605094909668,2.45465302467346,0.18730320930481,38.8007507324219,STATISVM7,12,12,1,2026-10-08 15:31:55
nncl,nncl_numeric.cl_grid,clgrid_20_rmsprop_cl_start_s2026,j3,1,10,1.90322709083557,0.400748014450073,2.55933403968811,0.190322709083557,38.8007507324219,STATISVM7,12,12,1,2026-10-08 15:31:55
nncl,nncl_numeric.cl_grid,clgrid_20_rmsprop_cl_start_s2026,j4,1,3,1.03981900215149,0.400669097900391,1.67329502105713,0.346606334050496,38.8007507324219,STATISVM7,12,12,1,2026-10-08 15:31:55
nncl,nncl_numeric.cl_grid,clgrid_20_rmsprop_cl_start_s2026,j5,1,5,1.24506497383118,0.382236003875732,1.88111996650696,0.249012994766235,38.8007507324219,STATISVM7,12,12,1,2026-10-08 15:31:55
nncl,nncl_numeric.cl_grid,clgrid_20_rmsprop_cl_start_s2026,j6,1,5,1.21461606025696,0.485167980194092,1.93413805961609,0.242923212051392,38.8007507324219,STATISVM7,12,12,1,2026-10-08 15:31:55
nncl,nncl_numeric.cl_grid,clgrid_20_rmsprop_cl_start_s2026,j7,1,5,1.35455203056335,0.436357975006104,2.06096196174622,0.270910406112671,38.8007507324219,STATISVM7,12,12,1,2026-10-08 15:31:55
nncl,nncl_numeric.cl_grid,clgrid_20_rmsprop_cl_start_s2026,j8,1,3,1.08227205276489,0.470927000045776,1.82473707199097,0.360757350921631,38.8007507324219,STATISVM7,12,12,1,2026-10-08 15:31:55
nncl,nncl_numeric.cl_grid,clgrid_20_rmsprop_cl_start_s2026,j9,1,4,1.26983714103699,0.452166080474854,1.93728518486023,0.317459285259247,38.8007507324219,STATISVM7,12,12,1,2026-10-08 15:31:55
nncl,nncl_numeric.cl_grid,clgrid_20_rmsprop_cl_start_s2026,j10,1,3,1.05464601516724,0.455376148223877,1.713534116745,0.351548671722412,38.8007507324219,STATISVM7,12,12,1,2026-10-08 15:31:55
nncl,nncl_numeric.cl_grid,clgrid_20_rmsprop_cl_start_s2026,j11,1,6,1.29835486412048,0.408530950546265,1.95059895515442,0.216392477353414,38.8007507324219,STATISVM7,12,12,1,2026-10-08 15:31:55
nncl,nncl_numeric.cl_grid,clgrid_20_rmsprop_cl_start_s2026,j12,1,9,1.7824330329895,0.486588001251221,2.50291204452515,0.198048114776611,38.8007507324219,STATISVM7,12,12,1,2026-10-08 15:31:55
nncl,nncl_numeric.cl_grid,clgrid_20_rmsprop_cl_start_s2026,j13,1,4,1.20645189285278,0.407953023910522,1.82317900657654,0.301612973213196,38.8007507324219,STATISVM7,12,12,1,2026-10-08 15:31:55
nncl,nncl_numeric.cl_grid,clgrid_20_rmsprop_cl_start_s2026,j14,1,10,1.67705011367798,0.42887806892395,2.32675099372864,0.167705011367798,38.8007507324219,STATISVM7,12,12,1,2026-10-08 15:31:55
nncl,nncl_numeric.cl_grid,clgrid_20_rmsprop_cl_start_s2026,j15,1,4,1.0847589969635,0.434821128845215,1.69296503067017,0.271189749240875,38.8007507324219,STATISVM7,12,12,1,2026-10-08 15:31:55
nncl,nncl_numeric.cl_grid,clgrid_20_rmsprop_cl_start_s2026,j16,1,5,1.26508498191834,0.427767038345337,1.88033199310303,0.253016996383667,38.8007507324219,STATISVM7,12,12,1,2026-10-08 15:31:55
nncl,nncl_numeric.cl_grid,clgrid_20_rmsprop_cl_start_s2026,j17,1,10,1.97344899177551,0.430238008499146,2.63484907150269,0.197344899177551,38.8007507324219,STATISVM7,12,12,1,2026-10-08 15:31:55
nncl,nncl_numeric.cl_grid,clgrid_20_rmsprop_cl_start_s2026,j18,1,4,1.17011690139771,0.46592903137207,1.88818597793579,0.292529225349426,38.8007507324219,STATISVM7,12,12,1,2026-10-08 15:31:55
nncl,nncl_numeric.cl_grid,clgrid_20_rmsprop_cl_start_s2026,j19,1,7,1.45492911338806,0.463073015213013,2.20884799957275,0.207847016198295,38.8007507324219,STATISVM7,12,12,1,2026-10-08 15:31:55
nncl,nncl_numeric.cl_grid,clgrid_20_rmsprop_cl_start_s2027,j1,1,3,1.01427507400513,0.569243907928467,1.81347393989563,0.338091691335042,39.1021957397461,STATISVM7,12,12,1,2026-10-08 15:32:31
nncl,nncl_numeric.cl_grid,clgrid_20_rmsprop_cl_start_s2027,j2,1,10,1.85226893424988,0.397503137588501,2.45013999938965,0.185226893424988,39.1021957397461,STATISVM7,12,12,1,2026-10-08 15:32:31
nncl,nncl_numeric.cl_grid,clgrid_20_rmsprop_cl_start_s2027,j3,1,10,1.87663102149963,0.376349925994873,2.45087480545044,0.187663102149963,39.1021957397461,STATISVM7,12,12,1,2026-10-08 15:32:31
nncl,nncl_numeric.cl_grid,clgrid_20_rmsprop_cl_start_s2027,j4,1,3,0.953279972076416,0.394955158233643,1.53799104690552,0.317759990692139,39.1021957397461,STATISVM7,12,12,1,2026-10-08 15:32:31
nncl,nncl_numeric.cl_grid,clgrid_20_rmsprop_cl_start_s2027,j5,1,3,1.07921099662781,0.441888809204102,1.74184679985046,0.359736998875936,39.1021957397461,STATISVM7,12,12,1,2026-10-08 15:32:31
nncl,nncl_numeric.cl_grid,clgrid_20_rmsprop_cl_start_s2027,j6,1,5,1.40863585472107,0.38065505027771,1.99304103851318,0.281727170944214,39.1021957397461,STATISVM7,12,12,1,2026-10-08 15:32:31
nncl,nncl_numeric.cl_grid,clgrid_20_rmsprop_cl_start_s2027,j7,1,10,1.9118058681488,0.382496118545532,2.49114918708801,0.19118058681488,39.1021957397461,STATISVM7,12,12,1,2026-10-08 15:32:31
nncl,nncl_numeric.cl_grid,clgrid_20_rmsprop_cl_start_s2027,j8,1,10,1.70403981208801,0.387155055999756,2.28798294067383,0.170403981208801,39.1021957397461,STATISVM7,12,12,1,2026-10-08 15:32:31
nncl,nncl_numeric.cl_grid,clgrid_20_rmsprop_cl_start_s2027,j9,1,7,1.35616493225098,0.417373180389404,1.95805501937866,0.193737847464425,39.1021957397461,STATISVM7,12,12,1,2026-10-08 15:32:31
nncl,nncl_numeric.cl_grid,clgrid_20_rmsprop_cl_start_s2027,j10,1,7,1.50745606422424,0.403418064117432,2.20898604393005,0.215350866317749,39.1021957397461,STATISVM7,12,12,1,2026-10-08 15:32:31
nncl,nncl_numeric.cl_grid,clgrid_20_rmsprop_cl_start_s2027,j11,1,6,1.48040294647217,0.443150043487549,2.13351798057556,0.246733824412028,39.1021957397461,STATISVM7,12,12,1,2026-10-08 15:32:31
nncl,nncl_numeric.cl_grid,clgrid_20_rmsprop_cl_start_s2027,j12,1,6,1.53107309341431,0.428056955337524,2.22858905792236,0.255178848902384,39.1021957397461,STATISVM7,12,12,1,2026-10-08 15:32:31
nncl,nncl_numeric.cl_grid,clgrid_20_rmsprop_cl_start_s2027,j13,1,4,1.22766709327698,0.419524908065796,1.8448178768158,0.306916773319244,39.1021957397461,STATISVM7,12,12,1,2026-10-08 15:32:31
nncl,nncl_numeric.cl_grid,clgrid_20_rmsprop_cl_start_s2027,j14,1,10,1.92266297340393,0.433207988739014,2.58643007278442,0.192266297340393,39.1021957397461,STATISVM7,12,12,1,2026-10-08 15:32:31
nncl,nncl_numeric.cl_grid,clgrid_20_rmsprop_cl_start_s2027,j15,1,4,1.14463806152344,0.460819959640503,1.88471508026123,0.286159515380859,39.1021957397461,STATISVM7,12,12,1,2026-10-08 15:32:31
nncl,nncl_numeric.cl_grid,clgrid_20_rmsprop_cl_start_s2027,j16,1,7,1.45162606239319,0.463994979858398,2.14124703407288,0.207375151770456,39.1021957397461,STATISVM7,12,12,1,2026-10-08 15:32:31
nncl,nncl_numeric.cl_grid,clgrid_20_rmsprop_cl_start_s2027,j17,1,4,1.12914204597473,0.445051908493042,1.79370880126953,0.282285511493683,39.1021957397461,STATISVM7,12,12,1,2026-10-08 15:32:31
nncl,nncl_numeric.cl_grid,clgrid_20_rmsprop_cl_start_s2027,j18,1,3,1.03483891487122,0.478551864624023,1.85604381561279,0.344946304957072,39.1021957397461,STATISVM7,12,12,1,2026-10-08 15:32:31
nncl,nncl_numeric.cl_grid,clgrid_20_rmsprop_cl_start_s2027,j19,1,3,1.00489902496338,0.46921706199646,1.69958519935608,0.33496634165446,39.1021957397461,STATISVM7,12,12,1,2026-10-08 15:32:31
nncl,nncl_numeric.cl_grid,clgrid_20_sgd_cl_paper_s2026,j1,1,5,1.02928018569946,0.555214881896973,1.80988192558289,0.205856037139893,30.8650283813477,STATISVM7,12,12,1,2026-10-08 15:31:52
nncl,nncl_numeric.cl_grid,clgrid_20_sgd_cl_paper_s2026,j2,1,5,0.925775051116943,0.426862955093384,1.58800411224365,0.185155010223389,30.8650283813477,STATISVM7,12,12,1,2026-10-08 15:31:52
nncl,nncl_numeric.cl_grid,clgrid_20_sgd_cl_paper_s2026,j3,1,5,1.04114603996277,0.359582901000977,1.59614896774292,0.208229207992554,30.8650283813477,STATISVM7,12,12,1,2026-10-08 15:31:52
nncl,nncl_numeric.cl_grid,clgrid_20_sgd_cl_paper_s2026,j4,1,5,1.08843111991882,0.432952880859375,1.78307604789734,0.217686223983765,30.8650283813477,STATISVM7,12,12,1,2026-10-08 15:31:52
nncl,nncl_numeric.cl_grid,clgrid_20_sgd_cl_paper_s2026,j5,1,5,1.0517418384552,0.37394905090332,1.6418080329895,0.21034836769104,30.8650283813477,STATISVM7,12,12,1,2026-10-08 15:31:52
nncl,nncl_numeric.cl_grid,clgrid_20_sgd_cl_paper_s2026,j6,1,5,1.06287097930908,0.394068002700806,1.67888402938843,0.212574195861816,30.8650283813477,STATISVM7,12,12,1,2026-10-08 15:31:52
nncl,nncl_numeric.cl_grid,clgrid_20_sgd_cl_paper_s2026,j7,1,5,1.14021921157837,0.384239912033081,1.72052192687988,0.228043842315674,30.8650283813477,STATISVM7,12,12,1,2026-10-08 15:31:52
nncl,nncl_numeric.cl_grid,clgrid_20_sgd_cl_paper_s2026,j8,1,5,0.924476146697998,0.390650987625122,1.52737498283386,0.1848952293396,30.8650283813477,STATISVM7,12,12,1,2026-10-08 15:31:52
nncl,nncl_numeric.cl_grid,clgrid_20_sgd_cl_paper_s2026,j9,1,5,0.913636922836304,0.399907112121582,1.52331519126892,0.182727384567261,30.8650283813477,STATISVM7,12,12,1,2026-10-08 15:31:52
nncl,nncl_numeric.cl_grid,clgrid_20_sgd_cl_paper_s2026,j10,1,5,0.850683927536011,0.390979051589966,1.47429299354553,0.170136785507202,30.8650283813477,STATISVM7,12,12,1,2026-10-08 15:31:52
nncl,nncl_numeric.cl_grid,clgrid_20_sgd_cl_paper_s2026,j11,1,5,0.943737983703613,0.437267065048218,1.75662207603455,0.188747596740723,30.8650283813477,STATISVM7,12,12,1,2026-10-08 15:31:52
nncl,nncl_numeric.cl_grid,clgrid_20_sgd_cl_paper_s2026,j12,1,5,1.1717700958252,0.45243501663208,1.84586405754089,0.234354019165039,30.8650283813477,STATISVM7,12,12,1,2026-10-08 15:31:52
nncl,nncl_numeric.cl_grid,clgrid_20_sgd_cl_paper_s2026,j13,1,5,1.12022495269775,0.431267976760864,1.73621296882629,0.224044990539551,30.8650283813477,STATISVM7,12,12,1,2026-10-08 15:31:52
nncl,nncl_numeric.cl_grid,clgrid_20_sgd_cl_paper_s2026,j14,1,5,0.832900047302246,0.379500150680542,1.41575908660889,0.166580009460449,30.8650283813477,STATISVM7,12,12,1,2026-10-08 15:31:52
nncl,nncl_numeric.cl_grid,clgrid_20_sgd_cl_paper_s2026,j15,1,5,0.948514938354492,0.433677911758423,1.58326697349548,0.189702987670898,30.8650283813477,STATISVM7,12,12,1,2026-10-08 15:31:52
nncl,nncl_numeric.cl_grid,clgrid_20_sgd_cl_paper_s2026,j16,1,5,0.808120965957642,0.383210897445679,1.39644598960876,0.161624193191528,30.8650283813477,STATISVM7,12,12,1,2026-10-08 15:31:52
nncl,nncl_numeric.cl_grid,clgrid_20_sgd_cl_paper_s2026,j17,1,5,0.925578832626343,0.391769170761108,1.50190210342407,0.185115766525269,30.8650283813477,STATISVM7,12,12,1,2026-10-08 15:31:52
nncl,nncl_numeric.cl_grid,clgrid_20_sgd_cl_paper_s2026,j18,1,5,0.931321859359741,0.370959997177124,1.53079986572266,0.186264371871948,30.8650283813477,STATISVM7,12,12,1,2026-10-08 15:31:52
nncl,nncl_numeric.cl_grid,clgrid_20_sgd_cl_paper_s2026,j19,1,5,1.1264328956604,0.42826509475708,1.75484704971313,0.22528657913208,30.8650283813477,STATISVM7,12,12,1,2026-10-08 15:31:52
nncl,nncl_numeric.cl_grid,clgrid_20_sgd_cl_paper_s2027,j1,1,5,0.986402988433838,0.567471981048584,1.76503396034241,0.197280597686768,29.5192737579346,STATISVM7,12,12,1,2026-10-08 15:32:22
nncl,nncl_numeric.cl_grid,clgrid_20_sgd_cl_paper_s2027,j2,1,5,1.00400996208191,0.337203025817871,1.5483980178833,0.200801992416382,29.5192737579346,STATISVM7,12,12,1,2026-10-08 15:32:22
nncl,nncl_numeric.cl_grid,clgrid_20_sgd_cl_paper_s2027,j3,1,5,0.880728960037231,0.374177932739258,1.48104405403137,0.176145792007446,29.5192737579346,STATISVM7,12,12,1,2026-10-08 15:32:22
nncl,nncl_numeric.cl_grid,clgrid_20_sgd_cl_paper_s2027,j4,1,5,0.810784101486206,0.391518831253052,1.38513898849487,0.162156820297241,29.5192737579346,STATISVM7,12,12,1,2026-10-08 15:32:22
nncl,nncl_numeric.cl_grid,clgrid_20_sgd_cl_paper_s2027,j5,1,5,0.899863958358765,0.36133599281311,1.46421480178833,0.179972791671753,29.5192737579346,STATISVM7,12,12,1,2026-10-08 15:32:22
nncl,nncl_numeric.cl_grid,clgrid_20_sgd_cl_paper_s2027,j6,1,5,1.01282620429993,0.436277866363525,1.72011208534241,0.202565240859985,29.5192737579346,STATISVM7,12,12,1,2026-10-08 15:32:22
nncl,nncl_numeric.cl_grid,clgrid_20_sgd_cl_paper_s2027,j7,1,5,0.879453182220459,0.485338926315308,1.61325693130493,0.175890636444092,29.5192737579346,STATISVM7,12,12,1,2026-10-08 15:32:22
nncl,nncl_numeric.cl_grid,clgrid_20_sgd_cl_paper_s2027,j8,1,5,0.850917816162109,0.3802649974823,1.416090965271,0.170183563232422,29.5192737579346,STATISVM7,12,12,1,2026-10-08 15:32:22
nncl,nncl_numeric.cl_grid,clgrid_20_sgd_cl_paper_s2027,j9,1,5,0.915152072906494,0.360789060592651,1.50489711761475,0.183030414581299,29.5192737579346,STATISVM7,12,12,1,2026-10-08 15:32:22
nncl,nncl_numeric.cl_grid,clgrid_20_sgd_cl_paper_s2027,j10,1,5,1.00604605674744,0.390826940536499,1.59492707252502,0.201209211349487,29.5192737579346,STATISVM7,12,12,1,2026-10-08 15:32:22
nncl,nncl_numeric.cl_grid,clgrid_20_sgd_cl_paper_s2027,j11,1,5,0.822793960571289,0.384878873825073,1.41473484039307,0.164558792114258,29.5192737579346,STATISVM7,12,12,1,2026-10-08 15:32:22
nncl,nncl_numeric.cl_grid,clgrid_20_sgd_cl_paper_s2027,j12,1,5,0.926846027374268,0.386337995529175,1.5077121257782,0.185369205474854,29.5192737579346,STATISVM7,12,12,1,2026-10-08 15:32:22
nncl,nncl_numeric.cl_grid,clgrid_20_sgd_cl_paper_s2027,j13,1,5,0.988590955734253,0.450896978378296,1.65276288986206,0.197718191146851,29.5192737579346,STATISVM7,12,12,1,2026-10-08 15:32:22
nncl,nncl_numeric.cl_grid,clgrid_20_sgd_cl_paper_s2027,j14,1,5,0.923720836639404,0.418817043304443,1.55504393577576,0.184744167327881,29.5192737579346,STATISVM7,12,12,1,2026-10-08 15:32:22
nncl,nncl_numeric.cl_grid,clgrid_20_sgd_cl_paper_s2027,j15,1,5,1.01609492301941,0.421299934387207,1.64370584487915,0.203218984603882,29.5192737579346,STATISVM7,12,12,1,2026-10-08 15:32:22
nncl,nncl_numeric.cl_grid,clgrid_20_sgd_cl_paper_s2027,j16,1,5,0.929215908050537,0.433327198028564,1.59772515296936,0.185843181610107,29.5192737579346,STATISVM7,12,12,1,2026-10-08 15:32:22
nncl,nncl_numeric.cl_grid,clgrid_20_sgd_cl_paper_s2027,j17,1,5,0.86791205406189,0.377619981765747,1.44401812553406,0.173582410812378,29.5192737579346,STATISVM7,12,12,1,2026-10-08 15:32:22
nncl,nncl_numeric.cl_grid,clgrid_20_sgd_cl_paper_s2027,j18,1,5,0.945064067840576,0.407744884490967,1.5657069683075,0.189012813568115,29.5192737579346,STATISVM7,12,12,1,2026-10-08 15:32:22
nncl,nncl_numeric.cl_grid,clgrid_20_sgd_cl_paper_s2027,j19,1,5,1.00168299674988,0.428952932357788,1.64474987983704,0.200336599349976,29.5192737579346,STATISVM7,12,12,1,2026-10-08 15:32:22
nncl,nncl_numeric.cl_grid,clgrid_20_sgd_cl_start_s2026,j1,1,3,0.877686023712158,0.558393955230713,1.66691303253174,0.292562007904053,38.5888872146606,STATISVM7,12,12,1,2026-10-08 15:32:06
nncl,nncl_numeric.cl_grid,clgrid_20_sgd_cl_start_s2026,j2,1,10,1.68179297447205,0.39028000831604,2.29139685630798,0.168179297447205,38.5888872146606,STATISVM7,12,12,1,2026-10-08 15:32:06
nncl,nncl_numeric.cl_grid,clgrid_20_sgd_cl_start_s2026,j3,1,10,1.69274997711182,0.403403043746948,2.29463696479797,0.169274997711182,38.5888872146606,STATISVM7,12,12,1,2026-10-08 15:32:06
nncl,nncl_numeric.cl_grid,clgrid_20_sgd_cl_start_s2026,j4,1,10,1.81576609611511,0.37409782409668,2.38969397544861,0.181576609611511,38.5888872146606,STATISVM7,12,12,1,2026-10-08 15:32:06
nncl,nncl_numeric.cl_grid,clgrid_20_sgd_cl_start_s2026,j5,1,10,1.44872903823853,0.404712915420532,2.084557056427,0.144872903823853,38.5888872146606,STATISVM7,12,12,1,2026-10-08 15:32:06
nncl,nncl_numeric.cl_grid,clgrid_20_sgd_cl_start_s2026,j6,1,3,0.735065937042236,0.44038200378418,1.418860912323,0.245021979014079,38.5888872146606,STATISVM7,12,12,1,2026-10-08 15:32:06
nncl,nncl_numeric.cl_grid,clgrid_20_sgd_cl_start_s2026,j7,1,10,1.68211483955383,0.485753059387207,2.4454128742218,0.168211483955383,38.5888872146606,STATISVM7,12,12,1,2026-10-08 15:32:06
nncl,nncl_numeric.cl_grid,clgrid_20_sgd_cl_start_s2026,j8,1,10,1.33881902694702,0.404140949249268,1.90730285644531,0.133881902694702,38.5888872146606,STATISVM7,12,12,1,2026-10-08 15:32:06
nncl,nncl_numeric.cl_grid,clgrid_20_sgd_cl_start_s2026,j9,1,10,1.67859697341919,0.366672992706299,2.25214314460754,0.167859697341919,38.5888872146606,STATISVM7,12,12,1,2026-10-08 15:32:06
nncl,nncl_numeric.cl_grid,clgrid_20_sgd_cl_start_s2026,j10,1,10,1.28774094581604,0.376277923583984,1.86050581932068,0.128774094581604,38.5888872146606,STATISVM7,12,12,1,2026-10-08 15:32:06
nncl,nncl_numeric.cl_grid,clgrid_20_sgd_cl_start_s2026,j11,1,10,1.84336519241333,0.405871868133545,2.53569984436035,0.184336519241333,38.5888872146606,STATISVM7,12,12,1,2026-10-08 15:32:06
nncl,nncl_numeric.cl_grid,clgrid_20_sgd_cl_start_s2026,j12,1,10,1.83222913742065,0.443277835845947,2.51394104957581,0.183222913742065,38.5888872146606,STATISVM7,12,12,1,2026-10-08 15:32:06
nncl,nncl_numeric.cl_grid,clgrid_20_sgd_cl_start_s2026,j13,1,3,0.730158090591431,0.407699823379517,1.33734583854675,0.243386030197144,38.5888872146606,STATISVM7,12,12,1,2026-10-08 15:32:06
nncl,nncl_numeric.cl_grid,clgrid_20_sgd_cl_start_s2026,j14,1,10,1.51215791702271,0.369640111923218,2.07902312278748,0.151215791702271,38.5888872146606,STATISVM7,12,12,1,2026-10-08 15:32:06
nncl,nncl_numeric.cl_grid,clgrid_20_sgd_cl_start_s2026,j15,1,3,0.805087089538574,0.420996904373169,1.43835401535034,0.268362363179525,38.5888872146606,STATISVM7,12,12,1,2026-10-08 15:32:06
nncl,nncl_numeric.cl_grid,clgrid_20_sgd_cl_start_s2026,j16,1,10,1.50438404083252,0.396600961685181,2.11293983459473,0.150438404083252,38.5888872146606,STATISVM7,12,12,1,2026-10-08 15:32:06
nncl,nncl_numeric.cl_grid,clgrid_20_sgd_cl_start_s2026,j17,1,10,1.73386597633362,0.404454946517944,2.35407900810242,0.173386597633362,38.5888872146606,STATISVM7,12,12,1,2026-10-08 15:32:06
nncl,nncl_numeric.cl_grid,clgrid_20_sgd_cl_start_s2026,j18,1,3,0.857786893844605,0.439060926437378,1.52028393745422,0.285928964614868,38.5888872146606,STATISVM7,12,12,1,2026-10-08 15:32:06
nncl,nncl_numeric.cl_grid,clgrid_20_sgd_cl_start_s2026,j19,1,10,1.47175192832947,0.398064136505127,2.08579707145691,0.147175192832947,38.5888872146606,STATISVM7,12,12,1,2026-10-08 15:32:06
nncl,nncl_numeric.cl_grid,clgrid_20_sgd_cl_start_s2027,j1,1,3,0.736418962478638,0.524619817733765,1.48941993713379,0.245472987492879,38.4371502399445,STATISVM7,12,12,1,2026-10-08 15:32:37
nncl,nncl_numeric.cl_grid,clgrid_20_sgd_cl_start_s2027,j2,1,10,1.72310209274292,0.366559028625488,2.33557915687561,0.172310209274292,38.4371502399445,STATISVM7,12,12,1,2026-10-08 15:32:37
nncl,nncl_numeric.cl_grid,clgrid_20_sgd_cl_start_s2027,j3,1,10,1.424800157547,0.382572889328003,2.04964804649353,0.1424800157547,38.4371502399445,STATISVM7,12,12,1,2026-10-08 15:32:37
nncl,nncl_numeric.cl_grid,clgrid_20_sgd_cl_start_s2027,j4,1,3,0.813691139221191,0.336680889129639,1.37687301635742,0.271230379740397,38.4371502399445,STATISVM7,12,12,1,2026-10-08 15:32:37
nncl,nncl_numeric.cl_grid,clgrid_20_sgd_cl_start_s2027,j5,1,10,1.60950398445129,0.367936134338379,2.1743950843811,0.160950398445129,38.4371502399445,STATISVM7,12,12,1,2026-10-08 15:32:37
nncl,nncl_numeric.cl_grid,clgrid_20_sgd_cl_start_s2027,j6,1,10,1.32233881950378,0.344075202941895,1.86151003837585,0.132233881950378,38.4371502399445,STATISVM7,12,12,1,2026-10-08 15:32:37
nncl,nncl_numeric.cl_grid,clgrid_20_sgd_cl_start_s2027,j7,1,10,1.76887392997742,0.360184907913208,2.3589289188385,0.176887392997742,38.4371502399445,STATISVM7,12,12,1,2026-10-08 15:32:37
nncl,nncl_numeric.cl_grid,clgrid_20_sgd_cl_start_s2027,j8,1,10,1.74185609817505,0.404042959213257,2.34465193748474,0.174185609817505,38.4371502399445,STATISVM7,12,12,1,2026-10-08 15:32:37
nncl,nncl_numeric.cl_grid,clgrid_20_sgd_cl_start_s2027,j9,1,10,1.47359704971313,0.393204927444458,2.0984959602356,0.147359704971313,38.4371502399445,STATISVM7,12,12,1,2026-10-08 15:32:37
nncl,nncl_numeric.cl_grid,clgrid_20_sgd_cl_start_s2027,j10,1,10,1.60366320610046,0.402985811233521,2.23564887046814,0.160366320610046,38.4371502399445,STATISVM7,12,12,1,2026-10-08 15:32:37
nncl,nncl_numeric.cl_grid,clgrid_20_sgd_cl_start_s2027,j11,1,10,1.43425893783569,0.389112949371338,2.07002997398376,0.143425893783569,38.4371502399445,STATISVM7,12,12,1,2026-10-08 15:32:37
nncl,nncl_numeric.cl_grid,clgrid_20_sgd_cl_start_s2027,j12,1,3,0.877768993377686,0.411638975143433,1.51820611953735,0.292589664459229,38.4371502399445,STATISVM7,12,12,1,2026-10-08 15:32:37
nncl,nncl_numeric.cl_grid,clgrid_20_sgd_cl_start_s2027,j13,1,3,0.842792987823486,0.408179044723511,1.51123404502869,0.280930995941162,38.4371502399445,STATISVM7,12,12,1,2026-10-08 15:32:37
nncl,nncl_numeric.cl_grid,clgrid_20_sgd_cl_start_s2027,j14,1,10,1.62471508979797,0.396979093551636,2.21911215782166,0.162471508979797,38.4371502399445,STATISVM7,12,12,1,2026-10-08 15:32:37
nncl,nncl_numeric.cl_grid,clgrid_20_sgd_cl_start_s2027,j15,1,3,0.847526073455811,0.384403944015503,1.47397994995117,0.282508691151937,38.4371502399445,STATISVM7,12,12,1,2026-10-08 15:32:37
nncl,nncl_numeric.cl_grid,clgrid_20_sgd_cl_start_s2027,j16,1,10,1.64275097846985,0.431437015533447,2.29237604141235,0.164275097846985,38.4371502399445,STATISVM7,12,12,1,2026-10-08 15:32:37
nncl,nncl_numeric.cl_grid,clgrid_20_sgd_cl_start_s2027,j17,1,10,1.75406002998352,0.40206503868103,2.45629000663757,0.175406002998352,38.4371502399445,STATISVM7,12,12,1,2026-10-08 15:32:37
nncl,nncl_numeric.cl_grid,clgrid_20_sgd_cl_start_s2027,j18,1,10,1.66274905204773,0.456954956054688,2.38521099090576,0.166274905204773,38.4371502399445,STATISVM7,12,12,1,2026-10-08 15:32:37
nncl,nncl_numeric.cl_grid,clgrid_20_sgd_cl_start_s2027,j19,1,10,1.52642703056335,0.41824197769165,2.18555998802185,0.152642703056335,38.4371502399445,STATISVM7,12,12,1,2026-10-08 15:32:37
nncl,nncl_numeric.grid,grid_20_rmsprop_early_stop_s2026,j1,1,10,1.97431302070618,0.530419826507568,2.70720076560974,0.197431302070618,48.6752886772156,STATISVM7,12,12,1,2026-10-08 15:31:35
nncl,nncl_numeric.grid,grid_20_rmsprop_early_stop_s2026,j2,1,10,2.02745795249939,0.422620058059692,2.66196918487549,0.202745795249939,48.6752886772156,STATISVM7,12,12,1,2026-10-08 15:31:35
nncl,nncl_numeric.grid,grid_20_rmsprop_early_stop_s2026,j3,1,10,1.98107409477234,0.359976053237915,2.61728692054749,0.198107409477234,48.6752886772156,STATISVM7,12,12,1,2026-10-08 15:31:35
nncl,nncl_numeric.grid,grid_20_rmsprop_early_stop_s2026,j4,1,10,1.84149813652039,0.426748991012573,2.47493505477905,0.184149813652039,48.6752886772156,STATISVM7,12,12,1,2026-10-08 15:31:35
nncl,nncl_numeric.grid,grid_20_rmsprop_early_stop_s2026,j5,1,10,2.07158589363098,0.383121013641357,2.64687085151672,0.207158589363098,48.6752886772156,STATISVM7,12,12,1,2026-10-08 15:31:35
nncl,nncl_numeric.grid,grid_20_rmsprop_early_stop_s2026,j6,1,10,1.64380598068237,0.386436939239502,2.24877405166626,0.164380598068237,48.6752886772156,STATISVM7,12,12,1,2026-10-08 15:31:35
nncl,nncl_numeric.grid,grid_20_rmsprop_early_stop_s2026,j7,1,10,1.8882269859314,0.40922999382019,2.51326203346252,0.18882269859314,48.6752886772156,STATISVM7,12,12,1,2026-10-08 15:31:35
nncl,nncl_numeric.grid,grid_20_rmsprop_early_stop_s2026,j8,1,10,1.82159280776978,0.394137144088745,2.43232703208923,0.182159280776978,48.6752886772156,STATISVM7,12,12,1,2026-10-08 15:31:35
nncl,nncl_numeric.grid,grid_20_rmsprop_early_stop_s2026,j9,1,10,1.80167293548584,0.432538986206055,2.43394112586975,0.180167293548584,48.6752886772156,STATISVM7,12,12,1,2026-10-08 15:31:35
nncl,nncl_numeric.grid,grid_20_rmsprop_early_stop_s2026,j10,1,10,1.9178581237793,0.452022790908814,2.55511784553528,0.19178581237793,48.6752886772156,STATISVM7,12,12,1,2026-10-08 15:31:35
nncl,nncl_numeric.grid,grid_20_rmsprop_early_stop_s2026,j11,1,10,1.7243230342865,0.404124975204468,2.45679593086243,0.17243230342865,48.6752886772156,STATISVM7,12,12,1,2026-10-08 15:31:35
nncl,nncl_numeric.grid,grid_20_rmsprop_early_stop_s2026,j12,1,10,1.92121505737305,0.429259777069092,2.5473039150238,0.192121505737305,48.6752886772156,STATISVM7,12,12,1,2026-10-08 15:31:35
nncl,nncl_numeric.grid,grid_20_rmsprop_early_stop_s2026,j13,1,10,1.79449200630188,0.452792882919312,2.4640109539032,0.179449200630188,48.6752886772156,STATISVM7,12,12,1,2026-10-08 15:31:35
nncl,nncl_numeric.grid,grid_20_rmsprop_early_stop_s2026,j14,1,10,1.95746302604675,0.471286058425903,2.64800810813904,0.195746302604675,48.6752886772156,STATISVM7,12,12,1,2026-10-08 15:31:35
nncl,nncl_numeric.grid,grid_20_rmsprop_early_stop_s2026,j15,1,10,1.88121199607849,0.465281009674072,2.55835103988647,0.188121199607849,48.6752886772156,STATISVM7,12,12,1,2026-10-08 15:31:35
nncl,nncl_numeric.grid,grid_20_rmsprop_early_stop_s2026,j16,1,10,2.01792883872986,0.44792914390564,2.69767808914185,0.201792883872986,48.6752886772156,STATISVM7,12,12,1,2026-10-08 15:31:35
nncl,nncl_numeric.grid,grid_20_rmsprop_early_stop_s2026,j17,1,10,1.92946290969849,0.521664142608643,2.6433219909668,0.192946290969849,48.6752886772156,STATISVM7,12,12,1,2026-10-08 15:31:35
nncl,nncl_numeric.grid,grid_20_rmsprop_early_stop_s2026,j18,1,10,2.09632897377014,0.484436988830566,2.84374094009399,0.209632897377014,48.6752886772156,STATISVM7,12,12,1,2026-10-08 15:31:35
nncl,nncl_numeric.grid,grid_20_rmsprop_early_stop_s2026,j19,1,10,1.77150106430054,0.52545690536499,2.52439284324646,0.177150106430054,48.6752886772156,STATISVM7,12,12,1,2026-10-08 15:31:35
nncl,nncl_numeric.grid,grid_20_rmsprop_early_stop_s2027,j1,1,10,1.75129294395447,0.543031930923462,2.48290085792542,0.175129294395447,48.1356010437012,STATISVM7,12,12,1,2026-10-08 15:31:58
nncl,nncl_numeric.grid,grid_20_rmsprop_early_stop_s2027,j2,1,10,1.82286787033081,0.380467176437378,2.40471005439758,0.182286787033081,48.1356010437012,STATISVM7,12,12,1,2026-10-08 15:31:58
nncl,nncl_numeric.grid,grid_20_rmsprop_early_stop_s2027,j3,1,10,1.81031894683838,0.368932008743286,2.39051079750061,0.181031894683838,48.1356010437012,STATISVM7,12,12,1,2026-10-08 15:31:58
nncl,nncl_numeric.grid,grid_20_rmsprop_early_stop_s2027,j4,1,10,1.93421506881714,0.365195989608765,2.53814697265625,0.193421506881714,48.1356010437012,STATISVM7,12,12,1,2026-10-08 15:31:58
nncl,nncl_numeric.grid,grid_20_rmsprop_early_stop_s2027,j5,1,10,2.10163998603821,0.385648012161255,2.70844411849976,0.210163998603821,48.1356010437012,STATISVM7,12,12,1,2026-10-08 15:31:58
nncl,nncl_numeric.grid,grid_20_rmsprop_early_stop_s2027,j6,1,10,1.78576707839966,0.404064893722534,2.44151902198792,0.178576707839966,48.1356010437012,STATISVM7,12,12,1,2026-10-08 15:31:58
nncl,nncl_numeric.grid,grid_20_rmsprop_early_stop_s2027,j7,1,10,1.99825191497803,0.430514097213745,2.65601801872253,0.199825191497803,48.1356010437012,STATISVM7,12,12,1,2026-10-08 15:31:58
nncl,nncl_numeric.grid,grid_20_rmsprop_early_stop_s2027,j8,1,10,1.98847103118896,0.41230297088623,2.68944311141968,0.198847103118896,48.1356010437012,STATISVM7,12,12,1,2026-10-08 15:31:58
nncl,nncl_numeric.grid,grid_20_rmsprop_early_stop_s2027,j9,1,10,1.90695595741272,0.402005910873413,2.52569484710693,0.190695595741272,48.1356010437012,STATISVM7,12,12,1,2026-10-08 15:31:58
nncl,nncl_numeric.grid,grid_20_rmsprop_early_stop_s2027,j10,1,10,1.90549397468567,0.428906202316284,2.5799720287323,0.190549397468567,48.1356010437012,STATISVM7,12,12,1,2026-10-08 15:31:58
nncl,nncl_numeric.grid,grid_20_rmsprop_early_stop_s2027,j11,1,10,1.89649200439453,0.433069944381714,2.62950396537781,0.189649200439453,48.1356010437012,STATISVM7,12,12,1,2026-10-08 15:31:58
nncl,nncl_numeric.grid,grid_20_rmsprop_early_stop_s2027,j12,1,10,1.91046905517578,0.45173192024231,2.55754494667053,0.191046905517578,48.1356010437012,STATISVM7,12,12,1,2026-10-08 15:31:58
nncl,nncl_numeric.grid,grid_20_rmsprop_early_stop_s2027,j13,1,10,1.76131987571716,0.459456920623779,2.41758894920349,0.176131987571716,48.1356010437012,STATISVM7,12,12,1,2026-10-08 15:31:58
nncl,nncl_numeric.grid,grid_20_rmsprop_early_stop_s2027,j14,1,10,2.00301003456116,0.425129175186157,2.6156702041626,0.200301003456116,48.1356010437012,STATISVM7,12,12,1,2026-10-08 15:31:58
nncl,nncl_numeric.grid,grid_20_rmsprop_early_stop_s2027,j15,1,10,1.86285400390625,0.434377193450928,2.50706815719605,0.186285400390625,48.1356010437012,STATISVM7,12,12,1,2026-10-08 15:31:58
nncl,nncl_numeric.grid,grid_20_rmsprop_early_stop_s2027,j16,1,10,1.89642310142517,0.404481887817383,2.57663607597351,0.189642310142517,48.1356010437012,STATISVM7,12,12,1,2026-10-08 15:31:58
nncl,nncl_numeric.grid,grid_20_rmsprop_early_stop_s2027,j17,1,10,1.94651818275452,0.430972814559937,2.58236002922058,0.194651818275452,48.1356010437012,STATISVM7,12,12,1,2026-10-08 15:31:58
nncl,nncl_numeric.grid,grid_20_rmsprop_early_stop_s2027,j18,1,10,1.8104031085968,0.455451965332031,2.45144605636597,0.18104031085968,48.1356010437012,STATISVM7,12,12,1,2026-10-08 15:31:58
nncl,nncl_numeric.grid,grid_20_rmsprop_early_stop_s2027,j19,1,10,1.75888204574585,0.41840386390686,2.38042283058167,0.175888204574585,48.1356010437012,STATISVM7,12,12,1,2026-10-08 15:31:58
nncl,nncl_numeric.grid,grid_20_rmsprop_paper_s2026,j1,1,5,1.18919205665588,0.511718988418579,1.88535594940186,0.237838411331177,37.1303732395172,STATISVM7,12,12,1,2026-10-08 15:20:53
nncl,nncl_numeric.grid,grid_20_rmsprop_paper_s2026,j2,1,5,1.27689695358276,0.414121150970459,1.89505910873413,0.255379390716553,37.1303732395172,STATISVM7,12,12,1,2026-10-08 15:20:53
nncl,nncl_numeric.grid,grid_20_rmsprop_paper_s2026,j3,1,5,1.2780909538269,0.395089149475098,1.89611220359802,0.255618190765381,37.1303732395172,STATISVM7,12,12,1,2026-10-08 15:20:53
nncl,nncl_numeric.grid,grid_20_rmsprop_paper_s2026,j4,1,5,1.26447105407715,0.362179040908814,1.88365912437439,0.25289421081543,37.1303732395172,STATISVM7,12,12,1,2026-10-08 15:20:53
nncl,nncl_numeric.grid,grid_20_rmsprop_paper_s2026,j5,1,5,1.30678105354309,0.437425851821899,1.97036504745483,0.261356210708618,37.1303732395172,STATISVM7,12,12,1,2026-10-08 15:20:53
nncl,nncl_numeric.grid,grid_20_rmsprop_paper_s2026,j6,1,5,1.09510087966919,0.41991114616394,1.72989010810852,0.219020175933838,37.1303732395172,STATISVM7,12,12,1,2026-10-08 15:20:53
nncl,nncl_numeric.grid,grid_20_rmsprop_paper_s2026,j7,1,5,1.31506896018982,0.413219213485718,1.95924711227417,0.263013792037964,37.1303732395172,STATISVM7,12,12,1,2026-10-08 15:20:53
nncl,nncl_numeric.grid,grid_20_rmsprop_paper_s2026,j8,1,5,1.41204285621643,0.427430152893066,2.06625008583069,0.282408571243286,37.1303732395172,STATISVM7,12,12,1,2026-10-08 15:20:53
nncl,nncl_numeric.grid,grid_20_rmsprop_paper_s2026,j9,1,5,1.27831697463989,0.404597997665405,1.89012503623962,0.255663394927979,37.1303732395172,STATISVM7,12,12,1,2026-10-08 15:20:53
nncl,nncl_numeric.grid,grid_20_rmsprop_paper_s2026,j10,1,5,1.33684420585632,0.46632981300354,2.03071594238281,0.267368841171265,37.1303732395172,STATISVM7,12,12,1,2026-10-08 15:20:53
nncl,nncl_numeric.grid,grid_20_rmsprop_paper_s2026,j11,1,5,1.40134310722351,0.418538808822632,2.01709079742432,0.280268621444702,37.1303732395172,STATISVM7,12,12,1,2026-10-08 15:20:53
nncl,nncl_numeric.grid,grid_20_rmsprop_paper_s2026,j12,1,5,1.30216193199158,0.44147801399231,1.95054388046265,0.260432386398315,37.1303732395172,STATISVM7,12,12,1,2026-10-08 15:20:53
nncl,nncl_numeric.grid,grid_20_rmsprop_paper_s2026,j13,1,5,1.3646719455719,0.463244915008545,2.04806303977966,0.27293438911438,37.1303732395172,STATISVM7,12,12,1,2026-10-08 15:20:53
nncl,nncl_numeric.grid,grid_20_rmsprop_paper_s2026,j14,1,5,1.26250600814819,0.425489902496338,1.90004086494446,0.252501201629639,37.1303732395172,STATISVM7,12,12,1,2026-10-08 15:20:53
nncl,nncl_numeric.grid,grid_20_rmsprop_paper_s2026,j15,1,5,1.24733591079712,0.467623949050903,1.98516392707825,0.249467182159424,37.1303732395172,STATISVM7,12,12,1,2026-10-08 15:20:53
nncl,nncl_numeric.grid,grid_20_rmsprop_paper_s2026,j16,1,5,1.25860810279846,0.419121026992798,1.8812460899353,0.251721620559692,37.1303732395172,STATISVM7,12,12,1,2026-10-08 15:20:53
nncl,nncl_numeric.grid,grid_20_rmsprop_paper_s2026,j17,1,5,1.23492503166199,0.450934886932373,2.03176188468933,0.246985006332397,37.1303732395172,STATISVM7,12,12,1,2026-10-08 15:20:53
nncl,nncl_numeric.grid,grid_20_rmsprop_paper_s2026,j18,1,5,1.48719596862793,0.518947124481201,2.20833396911621,0.297439193725586,37.1303732395172,STATISVM7,12,12,1,2026-10-08 15:20:53
nncl,nncl_numeric.grid,grid_20_rmsprop_paper_s2026,j19,1,5,1.22414588928223,0.461120128631592,1.90134906768799,0.244829177856445,37.1303732395172,STATISVM7,12,12,1,2026-10-08 15:20:53
nncl,nncl_numeric.grid,grid_20_rmsprop_paper_s2027,j1,1,5,1.3962299823761,0.550946950912476,2.15813994407654,0.27924599647522,37.3021502494812,STATISVM7,12,12,1,2026-10-08 15:31:42
nncl,nncl_numeric.grid,grid_20_rmsprop_paper_s2027,j2,1,5,1.28113698959351,0.385861873626709,1.87722301483154,0.256227397918701,37.3021502494812,STATISVM7,12,12,1,2026-10-08 15:31:42
nncl,nncl_numeric.grid,grid_20_rmsprop_paper_s2027,j3,1,5,1.11773300170898,0.520559072494507,1.8444299697876,0.223546600341797,37.3021502494812,STATISVM7,12,12,1,2026-10-08 15:31:42
nncl,nncl_numeric.grid,grid_20_rmsprop_paper_s2027,j4,1,5,1.16939401626587,0.374669075012207,1.73540592193604,0.233878803253174,37.3021502494812,STATISVM7,12,12,1,2026-10-08 15:31:42
nncl,nncl_numeric.grid,grid_20_rmsprop_paper_s2027,j5,1,5,1.38651585578918,0.358710050582886,1.9580180644989,0.277303171157837,37.3021502494812,STATISVM7,12,12,1,2026-10-08 15:31:42
nncl,nncl_numeric.grid,grid_20_rmsprop_paper_s2027,j6,1,5,1.26217603683472,0.397626876831055,1.8749840259552,0.252435207366943,37.3021502494812,STATISVM7,12,12,1,2026-10-08 15:31:42
nncl,nncl_numeric.grid,grid_20_rmsprop_paper_s2027,j7,1,5,1.1264169216156,0.394896030426025,1.72545790672302,0.22528338432312,37.3021502494812,STATISVM7,12,12,1,2026-10-08 15:31:42
nncl,nncl_numeric.grid,grid_20_rmsprop_paper_s2027,j8,1,5,1.35344099998474,0.464357137680054,2.05787205696106,0.270688199996948,37.3021502494812,STATISVM7,12,12,1,2026-10-08 15:31:42
nncl,nncl_numeric.grid,grid_20_rmsprop_paper_s2027,j9,1,5,1.38672113418579,0.420117855072022,2.01179099082947,0.277344226837158,37.3021502494812,STATISVM7,12,12,1,2026-10-08 15:31:42
nncl,nncl_numeric.grid,grid_20_rmsprop_paper_s2027,j10,1,5,1.22481489181519,0.421577930450439,1.85912799835205,0.244962978363037,37.3021502494812,STATISVM7,12,12,1,2026-10-08 15:31:42
nncl,nncl_numeric.grid,grid_20_rmsprop_paper_s2027,j11,1,5,1.30335712432861,0.423171997070313,1.94709706306458,0.260671424865723,37.3021502494812,STATISVM7,12,12,1,2026-10-08 15:31:42
nncl,nncl_numeric.grid,grid_20_rmsprop_paper_s2027,j12,1,5,1.40824818611145,0.470752000808716,2.11246919631958,0.28164963722229,37.3021502494812,STATISVM7,12,12,1,2026-10-08 15:31:42
nncl,nncl_numeric.grid,grid_20_rmsprop_paper_s2027,j13,1,5,1.27407193183899,0.475173950195313,2.00517296791077,0.254814386367798,37.3021502494812,STATISVM7,12,12,1,2026-10-08 15:31:42
nncl,nncl_numeric.grid,grid_20_rmsprop_paper_s2027,j14,1,5,1.44386696815491,0.485152959823608,2.19587111473084,0.288773393630981,37.3021502494812,STATISVM7,12,12,1,2026-10-08 15:31:42
nncl,nncl_numeric.grid,grid_20_rmsprop_paper_s2027,j15,1,5,1.29334187507629,0.463459014892578,2.0166609287262,0.258668375015259,37.3021502494812,STATISVM7,12,12,1,2026-10-08 15:31:42
nncl,nncl_numeric.grid,grid_20_rmsprop_paper_s2027,j16,1,5,1.2789671421051,0.471757888793945,1.92347002029419,0.255793428421021,37.3021502494812,STATISVM7,12,12,1,2026-10-08 15:31:42
nncl,nncl_numeric.grid,grid_20_rmsprop_paper_s2027,j17,1,5,1.38328981399536,0.450388193130493,2.14920997619629,0.276657962799072,37.3021502494812,STATISVM7,12,12,1,2026-10-08 15:31:42
nncl,nncl_numeric.grid,grid_20_rmsprop_paper_s2027,j18,1,5,1.12760400772095,0.49015998840332,1.8804190158844,0.225520801544189,37.3021502494812,STATISVM7,12,12,1,2026-10-08 15:31:42
nncl,nncl_numeric.grid,grid_20_rmsprop_paper_s2027,j19,1,5,1.29760980606079,0.466031074523926,1.96933007240295,0.259521961212158,37.3021502494812,STATISVM7,12,12,1,2026-10-08 15:31:42
nncl,nncl_numeric.grid,grid_20_sgd_early_stop_s2026,j1,1,10,1.58090996742249,0.512974977493286,2.29591393470764,0.158090996742249,41.9084391593933,STATISVM7,12,12,1,2026-10-08 15:31:48
nncl,nncl_numeric.grid,grid_20_sgd_early_stop_s2026,j2,1,10,1.42400288581848,0.368721008300781,2.07813906669617,0.142400288581848,41.9084391593933,STATISVM7,12,12,1,2026-10-08 15:31:48
nncl,nncl_numeric.grid,grid_20_sgd_early_stop_s2026,j3,1,10,1.3831889629364,0.432067155838013,2.02486205101013,0.13831889629364,41.9084391593933,STATISVM7,12,12,1,2026-10-08 15:31:48
nncl,nncl_numeric.grid,grid_20_sgd_early_stop_s2026,j4,1,10,1.45029211044312,0.368752956390381,2.04811000823975,0.145029211044312,41.9084391593933,STATISVM7,12,12,1,2026-10-08 15:31:48
nncl,nncl_numeric.grid,grid_20_sgd_early_stop_s2026,j5,1,10,1.54993891716003,0.371496200561523,2.12744617462158,0.154993891716003,41.9084391593933,STATISVM7,12,12,1,2026-10-08 15:31:48
nncl,nncl_numeric.grid,grid_20_sgd_early_stop_s2026,j6,1,10,1.38587689399719,0.39846396446228,2.04966306686401,0.138587689399719,41.9084391593933,STATISVM7,12,12,1,2026-10-08 15:31:48
nncl,nncl_numeric.grid,grid_20_sgd_early_stop_s2026,j7,1,10,1.56762290000916,0.411978006362915,2.2061779499054,0.156762290000916,41.9084391593933,STATISVM7,12,12,1,2026-10-08 15:31:48
nncl,nncl_numeric.grid,grid_20_sgd_early_stop_s2026,j8,1,10,1.70188999176025,0.426451921463013,2.39567494392395,0.170188999176025,41.9084391593933,STATISVM7,12,12,1,2026-10-08 15:31:48
nncl,nncl_numeric.grid,grid_20_sgd_early_stop_s2026,j9,1,10,1.59083294868469,0.395879030227661,2.18453192710876,0.159083294868469,41.9084391593933,STATISVM7,12,12,1,2026-10-08 15:31:48
nncl,nncl_numeric.grid,grid_20_sgd_early_stop_s2026,j10,1,10,1.64412784576416,0.421288013458252,2.38237500190735,0.164412784576416,41.9084391593933,STATISVM7,12,12,1,2026-10-08 15:31:48
nncl,nncl_numeric.grid,grid_20_sgd_early_stop_s2026,j11,1,10,1.70552206039429,0.442487955093384,2.38798093795776,0.170552206039429,41.9084391593933,STATISVM7,12,12,1,2026-10-08 15:31:48
nncl,nncl_numeric.grid,grid_20_sgd_early_stop_s2026,j12,1,10,1.6406581401825,0.423866033554077,2.36483716964722,0.16406581401825,41.9084391593933,STATISVM7,12,12,1,2026-10-08 15:31:48
nncl,nncl_numeric.grid,grid_20_sgd_early_stop_s2026,j13,1,10,1.48870801925659,0.451324939727783,2.1711061000824,0.148870801925659,41.9084391593933,STATISVM7,12,12,1,2026-10-08 15:31:48
nncl,nncl_numeric.grid,grid_20_sgd_early_stop_s2026,j14,1,10,1.48887920379639,0.441333770751953,2.12710690498352,0.148887920379639,41.9084391593933,STATISVM7,12,12,1,2026-10-08 15:31:48
nncl,nncl_numeric.grid,grid_20_sgd_early_stop_s2026,j15,1,10,1.75149297714233,0.403781890869141,2.37475800514221,0.175149297714233,41.9084391593933,STATISVM7,12,12,1,2026-10-08 15:31:48
nncl,nncl_numeric.grid,grid_20_sgd_early_stop_s2026,j16,1,10,1.70025610923767,0.518406867980957,2.46187496185303,0.170025610923767,41.9084391593933,STATISVM7,12,12,1,2026-10-08 15:31:48
nncl,nncl_numeric.grid,grid_20_sgd_early_stop_s2026,j17,1,10,1.38489007949829,0.50586199760437,2.0819730758667,0.138489007949829,41.9084391593933,STATISVM7,12,12,1,2026-10-08 15:31:48
nncl,nncl_numeric.grid,grid_20_sgd_early_stop_s2026,j18,1,10,1.61112308502197,0.392407894134522,2.21359491348267,0.161112308502197,41.9084391593933,STATISVM7,12,12,1,2026-10-08 15:31:48
nncl,nncl_numeric.grid,grid_20_sgd_early_stop_s2026,j19,1,10,1.34820199012756,0.382539033889771,1.93231296539307,0.134820199012756,41.9084391593933,STATISVM7,12,12,1,2026-10-08 15:31:48
nncl,nncl_numeric.grid,grid_20_sgd_early_stop_s2027,j1,1,10,1.52723908424377,0.541470050811768,2.27120018005371,0.152723908424377,42.245406627655,STATISVM7,12,12,1,2026-10-08 15:31:57
nncl,nncl_numeric.grid,grid_20_sgd_early_stop_s2027,j2,1,10,1.6029360294342,0.357645034790039,2.18242001533508,0.16029360294342,42.245406627655,STATISVM7,12,12,1,2026-10-08 15:31:57
nncl,nncl_numeric.grid,grid_20_sgd_early_stop_s2027,j3,1,10,1.57889699935913,0.371599912643433,2.19127893447876,0.157889699935913,42.245406627655,STATISVM7,12,12,1,2026-10-08 15:31:57
nncl,nncl_numeric.grid,grid_20_sgd_early_stop_s2027,j4,1,10,1.73169183731079,0.40839695930481,2.38598299026489,0.173169183731079,42.245406627655,STATISVM7,12,12,1,2026-10-08 15:31:57
nncl,nncl_numeric.grid,grid_20_sgd_early_stop_s2027,j5,1,10,1.83552598953247,0.408179998397827,2.48733592033386,0.183552598953247,42.245406627655,STATISVM7,12,12,1,2026-10-08 15:31:57
nncl,nncl_numeric.grid,grid_20_sgd_early_stop_s2027,j6,1,10,1.73762106895447,0.387801885604858,2.34054589271545,0.173762106895447,42.245406627655,STATISVM7,12,12,1,2026-10-08 15:31:57
nncl,nncl_numeric.grid,grid_20_sgd_early_stop_s2027,j7,1,10,1.57656502723694,0.390658140182495,2.17678809165955,0.157656502723694,42.245406627655,STATISVM7,12,12,1,2026-10-08 15:31:57
nncl,nncl_numeric.grid,grid_20_sgd_early_stop_s2027,j8,1,10,1.58764100074768,0.429475069046021,2.21556305885315,0.158764100074768,42.245406627655,STATISVM7,12,12,1,2026-10-08 15:31:57
nncl,nncl_numeric.grid,grid_20_sgd_early_stop_s2027,j9,1,10,1.67113208770752,0.453119039535523,2.33766198158264,0.167113208770752,42.245406627655,STATISVM7,12,12,1,2026-10-08 15:31:57
nncl,nncl_numeric.grid,grid_20_sgd_early_stop_s2027,j10,1,10,1.50018715858459,0.391654968261719,2.13443994522095,0.150018715858459,42.245406627655,STATISVM7,12,12,1,2026-10-08 15:31:57
nncl,nncl_numeric.grid,grid_20_sgd_early_stop_s2027,j11,1,10,1.92590093612671,0.390789985656738,2.59100484848022,0.192590093612671,42.245406627655,STATISVM7,12,12,1,2026-10-08 15:31:57
nncl,nncl_numeric.grid,grid_20_sgd_early_stop_s2027,j12,1,10,1.69322204589844,0.41631293296814,2.30268907546997,0.169322204589844,42.245406627655,STATISVM7,12,12,1,2026-10-08 15:31:57
nncl,nncl_numeric.grid,grid_20_sgd_early_stop_s2027,j13,1,10,1.47314500808716,0.383354902267456,2.09542989730835,0.147314500808716,42.245406627655,STATISVM7,12,12,1,2026-10-08 15:31:57
nncl,nncl_numeric.grid,grid_20_sgd_early_stop_s2027,j14,1,10,1.53737592697144,0.408411979675293,2.16311693191528,0.153737592697144,42.245406627655,STATISVM7,12,12,1,2026-10-08 15:31:57
nncl,nncl_numeric.grid,grid_20_sgd_early_stop_s2027,j15,1,10,1.45019793510437,0.384177923202515,2.02785682678223,0.145019793510437,42.245406627655,STATISVM7,12,12,1,2026-10-08 15:31:57
nncl,nncl_numeric.grid,grid_20_sgd_early_stop_s2027,j16,1,10,1.63397192955017,0.394794940948486,2.27812695503235,0.163397192955017,42.245406627655,STATISVM7,12,12,1,2026-10-08 15:31:57
nncl,nncl_numeric.grid,grid_20_sgd_early_stop_s2027,j17,1,10,1.72144293785095,0.418193101882935,2.3609790802002,0.172144293785095,42.245406627655,STATISVM7,12,12,1,2026-10-08 15:31:57
nncl,nncl_numeric.grid,grid_20_sgd_early_stop_s2027,j18,1,3,0.649487018585205,0.42455005645752,1.29126691818237,0.216495672861735,42.245406627655,STATISVM7,12,12,1,2026-10-08 15:31:57
nncl,nncl_numeric.grid,grid_20_sgd_early_stop_s2027,j19,1,10,1.70929718017578,0.475765943527222,2.41171908378601,0.170929718017578,42.245406627655,STATISVM7,12,12,1,2026-10-08 15:31:57
nncl,nncl_numeric.grid,grid_20_sgd_paper_s2026,j1,1,5,0.915676832199097,0.509316205978394,1.60494303703308,0.183135366439819,31.063622713089,STATISVM7,12,12,1,2026-10-08 15:31:33
nncl,nncl_numeric.grid,grid_20_sgd_paper_s2026,j2,1,5,1.14897584915161,0.389832973480225,1.77012395858765,0.229795169830322,31.063622713089,STATISVM7,12,12,1,2026-10-08 15:31:33
nncl,nncl_numeric.grid,grid_20_sgd_paper_s2026,j3,1,5,0.962876081466675,0.385437965393066,1.54997205734253,0.192575216293335,31.063622713089,STATISVM7,12,12,1,2026-10-08 15:31:33
nncl,nncl_numeric.grid,grid_20_sgd_paper_s2026,j4,1,5,0.888254880905151,0.368596076965332,1.47629904747009,0.17765097618103,31.063622713089,STATISVM7,12,12,1,2026-10-08 15:31:33
nncl,nncl_numeric.grid,grid_20_sgd_paper_s2026,j5,1,5,0.962955951690674,0.369197130203247,1.56971120834351,0.192591190338135,31.063622713089,STATISVM7,12,12,1,2026-10-08 15:31:33
nncl,nncl_numeric.grid,grid_20_sgd_paper_s2026,j6,1,5,1.11280107498169,0.389479875564575,1.74406099319458,0.222560214996338,31.063622713089,STATISVM7,12,12,1,2026-10-08 15:31:33
nncl,nncl_numeric.grid,grid_20_sgd_paper_s2026,j7,1,5,0.805426836013794,0.356442213058472,1.36891603469849,0.161085367202759,31.063622713089,STATISVM7,12,12,1,2026-10-08 15:31:33
nncl,nncl_numeric.grid,grid_20_sgd_paper_s2026,j8,1,5,1.06778502464294,0.402489900588989,1.6766369342804,0.213557004928589,31.063622713089,STATISVM7,12,12,1,2026-10-08 15:31:33
nncl,nncl_numeric.grid,grid_20_sgd_paper_s2026,j9,1,5,1.05741715431213,0.384014844894409,1.64046883583069,0.211483430862427,31.063622713089,STATISVM7,12,12,1,2026-10-08 15:31:33
nncl,nncl_numeric.grid,grid_20_sgd_paper_s2026,j10,1,5,0.909534931182861,0.38516092300415,1.55411386489868,0.181906986236572,31.063622713089,STATISVM7,12,12,1,2026-10-08 15:31:33
nncl,nncl_numeric.grid,grid_20_sgd_paper_s2026,j11,1,5,1.00571417808533,0.414631843566895,1.65803790092468,0.201142835617065,31.063622713089,STATISVM7,12,12,1,2026-10-08 15:31:33
nncl,nncl_numeric.grid,grid_20_sgd_paper_s2026,j12,1,5,1.03589200973511,0.408057928085327,1.68202900886536,0.207178401947021,31.063622713089,STATISVM7,12,12,1,2026-10-08 15:31:33
nncl,nncl_numeric.grid,grid_20_sgd_paper_s2026,j13,1,5,1.11063385009766,0.402559995651245,1.73312282562256,0.222126770019531,31.063622713089,STATISVM7,12,12,1,2026-10-08 15:31:33
nncl,nncl_numeric.grid,grid_20_sgd_paper_s2026,j14,1,5,0.910927057266235,0.414638042449951,1.53122091293335,0.182185411453247,31.063622713089,STATISVM7,12,12,1,2026-10-08 15:31:33
nncl,nncl_numeric.grid,grid_20_sgd_paper_s2026,j15,1,5,0.950485944747925,0.428126096725464,1.63179206848145,0.190097188949585,31.063622713089,STATISVM7,12,12,1,2026-10-08 15:31:33
nncl,nncl_numeric.grid,grid_20_sgd_paper_s2026,j16,1,5,0.971690893173218,0.43276309967041,1.66273617744446,0.194338178634644,31.063622713089,STATISVM7,12,12,1,2026-10-08 15:31:33
nncl,nncl_numeric.grid,grid_20_sgd_paper_s2026,j17,1,5,0.986427068710327,0.436164855957031,1.65866184234619,0.197285413742065,31.063622713089,STATISVM7,12,12,1,2026-10-08 15:31:33
nncl,nncl_numeric.grid,grid_20_sgd_paper_s2026,j18,1,5,1.04604911804199,0.433498859405518,1.74975299835205,0.209209823608398,31.063622713089,STATISVM7,12,12,1,2026-10-08 15:31:33
nncl,nncl_numeric.grid,grid_20_sgd_paper_s2026,j19,1,5,1.1439688205719,0.453168153762817,1.80102300643921,0.22879376411438,31.063622713089,STATISVM7,12,12,1,2026-10-08 15:31:33
nncl,nncl_numeric.grid,grid_20_sgd_paper_s2027,j1,1,5,0.867424011230469,0.593677043914795,1.64563512802124,0.173484802246094,31.3883745670319,STATISVM7,12,12,1,2026-10-08 15:31:42
nncl,nncl_numeric.grid,grid_20_sgd_paper_s2027,j2,1,5,0.944849014282227,0.35359001159668,1.58235001564026,0.188969802856445,31.3883745670319,STATISVM7,12,12,1,2026-10-08 15:31:42
nncl,nncl_numeric.grid,grid_20_sgd_paper_s2027,j3,1,5,0.898658990859985,0.385990858078003,1.52667379379272,0.179731798171997,31.3883745670319,STATISVM7,12,12,1,2026-10-08 15:31:42
nncl,nncl_numeric.grid,grid_20_sgd_paper_s2027,j4,1,5,0.953076839447021,0.37605094909668,1.54473781585693,0.190615367889404,31.3883745670319,STATISVM7,12,12,1,2026-10-08 15:31:42
nncl,nncl_numeric.grid,grid_20_sgd_paper_s2027,j5,1,5,0.925678968429565,0.378399133682251,1.5300669670105,0.185135793685913,31.3883745670319,STATISVM7,12,12,1,2026-10-08 15:31:42
nncl,nncl_numeric.grid,grid_20_sgd_paper_s2027,j6,1,5,1.07018709182739,0.404646873474121,1.70249605178833,0.214037418365479,31.3883745670319,STATISVM7,12,12,1,2026-10-08 15:31:42
nncl,nncl_numeric.grid,grid_20_sgd_paper_s2027,j7,1,5,1.00582790374756,0.426069974899292,1.67597699165344,0.201165580749512,31.3883745670319,STATISVM7,12,12,1,2026-10-08 15:31:42
nncl,nncl_numeric.grid,grid_20_sgd_paper_s2027,j8,1,5,1.05300998687744,0.420629024505615,1.68276000022888,0.210601997375488,31.3883745670319,STATISVM7,12,12,1,2026-10-08 15:31:42
nncl,nncl_numeric.grid,grid_20_sgd_paper_s2027,j9,1,5,1.10484504699707,0.409677982330322,1.77662706375122,0.220969009399414,31.3883745670319,STATISVM7,12,12,1,2026-10-08 15:31:42
nncl,nncl_numeric.grid,grid_20_sgd_paper_s2027,j10,1,5,0.945570230484009,0.401418924331665,1.58633995056152,0.189114046096802,31.3883745670319,STATISVM7,12,12,1,2026-10-08 15:31:42
nncl,nncl_numeric.grid,grid_20_sgd_paper_s2027,j11,1,5,0.961302042007446,0.456902980804443,1.65010595321655,0.192260408401489,31.3883745670319,STATISVM7,12,12,1,2026-10-08 15:31:42
nncl,nncl_numeric.grid,grid_20_sgd_paper_s2027,j12,1,5,0.958544015884399,0.443621873855591,1.6322009563446,0.19170880317688,31.3883745670319,STATISVM7,12,12,1,2026-10-08 15:31:42
nncl,nncl_numeric.grid,grid_20_sgd_paper_s2027,j13,1,5,1.0657479763031,0.453457117080689,1.78852295875549,0.21314959526062,31.3883745670319,STATISVM7,12,12,1,2026-10-08 15:31:42
nncl,nncl_numeric.grid,grid_20_sgd_paper_s2027,j14,1,5,0.925674915313721,0.460706949234009,1.60410404205322,0.185134983062744,31.3883745670319,STATISVM7,12,12,1,2026-10-08 15:31:42
nncl,nncl_numeric.grid,grid_20_sgd_paper_s2027,j15,1,5,1.07801389694214,0.451792001724243,1.71516299247742,0.215602779388428,31.3883745670319,STATISVM7,12,12,1,2026-10-08 15:31:42
nncl,nncl_numeric.grid,grid_20_sgd_paper_s2027,j16,1,5,0.852950096130371,0.424453973770142,1.48770499229431,0.170590019226074,31.3883745670319,STATISVM7,12,12,1,2026-10-08 15:31:42
nncl,nncl_numeric.grid,grid_20_sgd_paper_s2027,j17,1,5,1.07648682594299,0.418261051177979,1.74059295654297,0.215297365188599,31.3883745670319,STATISVM7,12,12,1,2026-10-08 15:31:42
nncl,nncl_numeric.grid,grid_20_sgd_paper_s2027,j18,1,5,1.12689304351807,0.437562942504883,1.79582095146179,0.225378608703613,31.3883745670319,STATISVM7,12,12,1,2026-10-08 15:31:42
nncl,nncl_numeric.grid,grid_20_sgd_paper_s2027,j19,1,5,1.10093688964844,0.404659032821655,1.72049498558044,0.220187377929688,31.3883745670319,STATISVM7,12,12,1,2026-10-08 15:31:42
nncl,nncl_numeric.main,paper_q10,j1,1,5,0.92858624458313,0.436042070388794,1.56506180763245,0.185717248916626,30.9409847259522,vm,4,4,1,2026-10-08 12:02:25
nncl,nncl_numeric.main,paper_q10,j2,1,5,0.866724491119385,0.323913812637329,1.35873460769653,0.173344898223877,30.9409847259522,vm,4,4,1,2026-10-08 12:02:25
nncl,nncl_numeric.main,paper_q10,j3,1,5,0.958282947540283,0.292399168014526,1.40029692649841,0.191656589508057,30.9409847259522,vm,4,4,1,2026-10-08 12:02:25
nncl,nncl_numeric.main,paper_q10,j4,1,5,1.01112508773804,0.294019460678101,1.52213144302368,0.202225017547607,30.9409847259522,vm,4,4,1,2026-10-08 12:02:25
nncl,nncl_numeric.main,paper_q10,j5,1,5,0.931308269500732,0.385056257247925,1.47640490531921,0.186261653900146,30.9409847259522,vm,4,4,1,2026-10-08 12:02:25
nncl,nncl_numeric.main,paper_q10,j6,1,5,1.12963938713074,0.307354927062988,1.67739915847778,0.225927877426147,30.9409847259522,vm,4,4,1,2026-10-08 12:02:25
nncl,nncl_numeric.main,paper_q10,j7,1,5,1.37318754196167,0.335650682449341,1.92175030708313,0.274637508392334,30.9409847259522,vm,4,4,1,2026-10-08 12:02:25
nncl,nncl_numeric.main,paper_q10,j8,1,5,1.00525832176209,0.366015672683716,1.58699178695679,0.201051664352417,30.9409847259522,vm,4,4,1,2026-10-08 12:02:25
nncl,nncl_numeric.main,paper_q10,j9,1,5,1.04879784584045,0.450360536575317,1.72238898277283,0.209759569168091,30.9409847259522,vm,4,4,1,2026-10-08 12:02:25
nncl,nncl_numeric.main,paper_q10,j10,1,5,0.893890619277954,0.325440406799316,1.38402366638184,0.178778123855591,30.9409847259522,vm,4,4,1,2026-10-08 12:02:25
nncl,nncl_numeric.main,paper_q10,j11,1,5,0.923972606658936,0.325929641723633,1.42953944206238,0.184794521331787,30.9409847259522,vm,4,4,1,2026-10-08 12:02:25
nncl,nncl_numeric.main,paper_q10,j12,1,5,1.1548273563385,0.333678245544434,1.67357087135315,0.2309654712677,30.9409847259522,vm,4,4,1,2026-10-08 12:02:25
nncl,nncl_numeric.main,paper_q10,j13,1,5,1.093594789505,0.35568118095398,1.65190434455872,0.218718957901001,30.9409847259522,vm,4,4,1,2026-10-08 12:02:25
nncl,nncl_numeric.main,paper_q10,j14,1,5,1.14458703994751,0.351667881011963,1.70905303955078,0.228917407989502,30.9409847259522,vm,4,4,1,2026-10-08 12:02:25
nncl,nncl_numeric.main,paper_q10,j15,1,5,1.21248340606689,0.475616455078125,1.86256074905396,0.242496681213379,30.9409847259522,vm,4,4,1,2026-10-08 12:02:25
nncl,nncl_numeric.main,paper_q10,j16,1,5,1.04596853256226,0.343011856079102,1.58610105514526,0.209193706512451,30.9409847259522,vm,4,4,1,2026-10-08 12:02:25
nncl,nncl_numeric.main,paper_q10,j17,1,5,1.11592698097229,0.403479099273682,1.69544911384583,0.223185396194458,30.9409847259522,vm,4,4,1,2026-10-08 12:02:25
nncl,nncl_numeric.main,paper_q10,j18,1,5,1.20355367660522,0.401619911193848,1.90580320358276,0.240710735321045,30.9409847259522,vm,4,4,1,2026-10-08 12:02:25
nncl,nncl_numeric.main,paper_q10,j19,1,5,1.16111040115356,0.429949045181274,1.81181931495667,0.232222080230713,30.9409847259522,vm,4,4,1,2026-10-08 12:02:25
nncl,nncl_numeric.main,paper_q20,j1,1,5,0.933249235153198,0.42238712310791,1.55436944961548,0.18664984703064,32.6179332733154,vm,4,4,1,2026-10-08 12:02:42
nncl,nncl_numeric.main,paper_q20,j2,1,5,0.96258282661438,0.310198545455933,1.43924283981323,0.192516565322876,32.6179332733154,vm,4,4,1,2026-10-08 12:02:42
nncl,nncl_numeric.main,paper_q20,j3,1,5,1.32783389091492,0.307529211044312,1.86334753036499,0.265566778182983,32.6179332733154,vm,4,4,1,2026-10-08 12:02:42
nncl,nncl_numeric.main,paper_q20,j4,1,5,1.21942925453186,0.325820922851563,1.71965289115906,0.243885850906372,32.6179332733154,vm,4,4,1,2026-10-08 12:02:42
nncl,nncl_numeric.main,paper_q20,j5,1,5,1.08015131950378,0.330491304397583,1.68559861183167,0.216030263900757,32.6179332733154,vm,4,4,1,2026-10-08 12:02:42
nncl,nncl_numeric.main,paper_q20,j6,1,5,1.26107001304626,0.360501527786255,1.79027676582336,0.252214002609253,32.6179332733154,vm,4,4,1,2026-10-08 12:02:42
nncl,nncl_numeric.main,paper_q20,j7,1,5,1.14331293106079,0.342557191848755,1.70117235183716,0.228662586212158,32.6179332733154,vm,4,4,1,2026-10-08 12:02:42
nncl,nncl_numeric.main,paper_q20,j8,1,5,0.931271314620972,0.362549066543579,1.46847248077393,0.186254262924194,32.6179332733154,vm,4,4,1,2026-10-08 12:02:42
nncl,nncl_numeric.main,paper_q20,j9,1,5,1.2678234577179,0.343649387359619,1.80437803268433,0.253564691543579,32.6179332733154,vm,4,4,1,2026-10-08 12:02:42
nncl,nncl_numeric.main,paper_q20,j10,1,5,1.07590055465698,0.349200963973999,1.67332530021667,0.215180110931396,32.6179332733154,vm,4,4,1,2026-10-08 12:02:42
nncl,nncl_numeric.main,paper_q20,j11,1,5,1.12560296058655,0.392912149429321,1.72118854522705,0.22512059211731,32.6179332733154,vm,4,4,1,2026-10-08 12:02:42
nncl,nncl_numeric.main,paper_q20,j12,1,5,1.1805374622345,0.414284706115723,1.83221054077148,0.236107492446899,32.6179332733154,vm,4,4,1,2026-10-08 12:02:42
nncl,nncl_numeric.main,paper_q20,j13,1,5,1.31028318405151,0.432085752487183,1.93713784217834,0.262056636810303,32.6179332733154,vm,4,4,1,2026-10-08 12:02:42
nncl,nncl_numeric.main,paper_q20,j14,1,5,1.08911776542664,0.386191129684448,1.6502320766449,0.217823553085327,32.6179332733154,vm,4,4,1,2026-10-08 12:02:42
nncl,nncl_numeric.main,paper_q20,j15,1,5,0.956401348114014,0.367349863052368,1.48062515258789,0.191280269622803,32.6179332733154,vm,4,4,1,2026-10-08 12:02:42
nncl,nncl_numeric.main,paper_q20,j16,1,5,1.06151151657104,0.375803470611572,1.68948554992676,0.212302303314209,32.6179332733154,vm,4,4,1,2026-10-08 12:02:42
nncl,nncl_numeric.main,paper_q20,j17,1,5,1.27150511741638,0.397258758544922,1.87264084815979,0.254301023483276,32.6179332733154,vm,4,4,1,2026-10-08 12:02:42
nncl,nncl_numeric.main,paper_q20,j18,1,5,1.10645651817322,0.411458015441895,1.74354982376099,0.221291303634644,32.6179332733154,vm,4,4,1,2026-10-08 12:02:42
nncl,nncl_numeric.main,paper_q20,j19,1,5,1.23292398452759,0.511595249176025,1.99102663993835,0.246584796905518,32.6179332733154,vm,4,4,1,2026-10-08 12:02:42
nncl,nncl_numeric.main,paper_q5,j1,1,5,1.13471627235413,0.550537824630737,1.93828392028809,0.226943254470825,30.8130226135254,vm,4,4,1,2026-10-08 12:02:10
nncl,nncl_numeric.main,paper_q5,j2,1,5,1.15347957611084,0.296264886856079,1.61891269683838,0.230695915222168,30.8130226135254,vm,4,4,1,2026-10-08 12:02:10
nncl,nncl_numeric.main,paper_q5,j3,1,5,1.23197984695435,0.341608762741089,1.75743222236633,0.246395969390869,30.8130226135254,vm,4,4,1,2026-10-08 12:02:10
nncl,nncl_numeric.main,paper_q5,j4,1,5,0.926026582717896,0.310162782669067,1.40016865730286,0.185205316543579,30.8130226135254,vm,4,4,1,2026-10-08 12:02:10
nncl,nncl_numeric.main,paper_q5,j5,1,5,0.927782297134399,0.331635236740112,1.42650675773621,0.18555645942688,30.8130226135254,vm,4,4,1,2026-10-08 12:02:10
nncl,nncl_numeric.main,paper_q5,j6,1,5,1.10947227478027,0.29477596282959,1.59028267860413,0.221894454956055,30.8130226135254,vm,4,4,1,2026-10-08 12:02:10
nncl,nncl_numeric.main,paper_q5,j7,1,5,1.04053425788879,0.30450177192688,1.52197289466858,0.208106851577759,30.8130226135254,vm,4,4,1,2026-10-08 12:02:10
nncl,nncl_numeric.main,paper_q5,j8,1,5,1.23871040344238,0.375762224197388,1.87944793701172,0.247742080688477,30.8130226135254,vm,4,4,1,2026-10-08 12:02:10
nncl,nncl_numeric.main,paper_q5,j9,1,5,1.14760828018188,0.332788228988647,1.65864825248718,0.229521656036377,30.8130226135254,vm,4,4,1,2026-10-08 12:02:10
nncl,nncl_numeric.main,paper_q5,j10,1,5,0.9308021068573,0.349713802337647,1.47112369537354,0.18616042137146,30.8130226135254,vm,4,4,1,2026-10-08 12:02:10
nncl,nncl_numeric.main,paper_q5,j11,1,5,0.812571525573731,0.318176746368408,1.27629733085632,0.162514305114746,30.8130226135254,vm,4,4,1,2026-10-08 12:02:10
nncl,nncl_numeric.main,paper_q5,j12,1,5,0.961515188217163,0.382214307785034,1.50923728942871,0.192303037643433,30.8130226135254,vm,4,4,1,2026-10-08 12:02:10
nncl,nncl_numeric.main,paper_q5,j13,1,5,0.952743530273438,0.341979265213013,1.52603244781494,0.190548706054688,30.8130226135254,vm,4,4,1,2026-10-08 12:02:10
nncl,nncl_numeric.main,paper_q5,j14,1,5,0.92719292640686,0.421245574951172,1.52043199539185,0.185438585281372,30.8130226135254,vm,4,4,1,2026-10-08 12:02:10
nncl,nncl_numeric.main,paper_q5,j15,1,5,1.50308394432068,0.370963335037231,2.09048175811768,0.300616788864136,30.8130226135254,vm,4,4,1,2026-10-08 12:02:10
nncl,nncl_numeric.main,paper_q5,j16,1,5,1.03881144523621,0.403047323226929,1.6687753200531,0.207762289047241,30.8130226135254,vm,4,4,1,2026-10-08 12:02:10
nncl,nncl_numeric.main,paper_q5,j17,1,5,1.27145934104919,0.373788595199585,1.84704875946045,0.254291868209839,30.8130226135254,vm,4,4,1,2026-10-08 12:02:10
nncl,nncl_numeric.main,paper_q5,j18,1,5,1.10496735572815,0.388159990310669,1.65021753311157,0.22099347114563,30.8130226135254,vm,4,4,1,2026-10-08 12:02:10
nncl,nncl_numeric.main,paper_q5,j19,1,5,0.916570663452148,0.383189678192139,1.46172046661377,0.18331413269043,30.8130226135254,vm,4,4,1,2026-10-08 12:02:10
nncl,nncl_numeric.main,s1_adam,j1,1,5,1.14130234718323,0.405001878738403,1.76646733283997,0.228260469436646,37.8454287052155,vm,4,4,1,2026-10-08 12:02:48
nncl,nncl_numeric.main,s1_adam,j2,1,5,1.31076788902283,0.408812284469605,1.92476463317871,0.262153577804565,37.8454287052155,vm,4,4,1,2026-10-08 12:02:48
nncl,nncl_numeric.main,s1_adam,j3,1,5,1.25566148757935,0.421874523162842,1.91059303283691,0.251132297515869,37.8454287052155,vm,4,4,1,2026-10-08 12:02:48
nncl,nncl_numeric.main,s1_adam,j4,1,5,1.3803083896637,0.425678253173828,1.97622227668762,0.276061677932739,37.8454287052155,vm,4,4,1,2026-10-08 12:02:48
nncl,nncl_numeric.main,s1_adam,j5,1,5,1.27652072906494,0.401832818984985,1.85914587974548,0.255304145812988,37.8454287052155,vm,4,4,1,2026-10-08 12:02:48
nncl,nncl_numeric.main,s1_adam,j6,1,5,1.45880007743835,0.444539070129395,2.13041210174561,0.291760015487671,37.8454287052155,vm,4,4,1,2026-10-08 12:02:48
nncl,nncl_numeric.main,s1_adam,j7,1,5,1.42455768585205,0.446168661117554,2.06797051429749,0.28491153717041,37.8454287052155,vm,4,4,1,2026-10-08 12:02:48
nncl,nncl_numeric.main,s1_adam,j8,1,5,1.32605147361755,0.468307495117188,1.96442604064941,0.265210294723511,37.8454287052155,vm,4,4,1,2026-10-08 12:02:48
nncl,nncl_numeric.main,s1_adam,j9,1,5,1.38907766342163,0.471959590911865,2.08717203140259,0.277815532684326,37.8454287052155,vm,4,4,1,2026-10-08 12:02:48
nncl,nncl_numeric.main,s1_adam,j10,1,5,1.35039377212524,0.48793363571167,2.02608013153076,0.270078754425049,37.8454287052155,vm,4,4,1,2026-10-08 12:02:48
nncl,nncl_numeric.main,s1_adam,j11,1,5,1.04754185676575,0.515468835830689,1.77009201049805,0.209508371353149,37.8454287052155,vm,4,4,1,2026-10-08 12:02:48
nncl,nncl_numeric.main,s1_adam,j12,1,5,1.41655087471008,0.470988512039185,2.07299995422363,0.283310174942017,37.8454287052155,vm,4,4,1,2026-10-08 12:02:48
nncl,nncl_numeric.main,s1_adam,j13,1,5,1.36449670791626,0.480732679367065,2.06073713302612,0.272899341583252,37.8454287052155,vm,4,4,1,2026-10-08 12:02:48
nncl,nncl_numeric.main,s1_adam,j14,1,5,1.50440168380737,0.478858947753906,2.15733313560486,0.300880336761475,37.8454287052155,vm,4,4,1,2026-10-08 12:02:48
nncl,nncl_numeric.main,s1_adam,j15,1,5,1.55180907249451,0.525345087051392,2.34900808334351,0.310361814498901,37.8454287052155,vm,4,4,1,2026-10-08 12:02:48
nncl,nncl_numeric.main,s1_adam,j16,1,5,1.09180808067322,0.692928791046143,1.95539259910584,0.218361616134644,37.8454287052155,vm,4,4,1,2026-10-08 12:02:48
nncl,nncl_numeric.main,s1_adam,j17,1,5,1.01852536201477,0.524107456207275,1.7108154296875,0.203705072402954,37.8454287052155,vm,4,4,1,2026-10-08 12:02:48
nncl,nncl_numeric.main,s1_adam,j18,1,5,1.15214538574219,0.501521587371826,1.8540198802948,0.230429077148438,37.8454287052155,vm,4,4,1,2026-10-08 12:02:48
nncl,nncl_numeric.main,s1_adam,j19,1,5,1.36429286003113,0.608844757080078,2.2017765045166,0.272858572006226,37.8454287052155,vm,4,4,1,2026-10-08 12:02:48
nncl,nncl_numeric.main,s2_early_stop,j1,1,10,1.94366693496704,0.461736440658569,2.57948231697083,0.194366693496704,45.0834894180298,vm,4,4,1,2026-10-08 12:03:04
nncl,nncl_numeric.main,s2_early_stop,j2,1,10,1.81370949745178,0.309024810791016,2.33317303657532,0.181370949745178,45.0834894180298,vm,4,4,1,2026-10-08 12:03:04
nncl,nncl_numeric.main,s2_early_stop,j3,1,10,1.82305955886841,0.316979646682739,2.31680679321289,0.182305955886841,45.0834894180298,vm,4,4,1,2026-10-08 12:03:04
nncl,nncl_numeric.main,s2_early_stop,j4,1,10,2.0499119758606,0.323600292205811,2.56427216529846,0.20499119758606,45.0834894180298,vm,4,4,1,2026-10-08 12:03:04
nncl,nncl_numeric.main,s2_early_stop,j5,1,10,1.867751121521,0.31921124458313,2.3765652179718,0.1867751121521,45.0834894180298,vm,4,4,1,2026-10-08 12:03:04
nncl,nncl_numeric.main,s2_early_stop,j6,1,10,1.7184886932373,0.34272289276123,2.2706286907196,0.17184886932373,45.0834894180298,vm,4,4,1,2026-10-08 12:03:04
nncl,nncl_numeric.main,s2_early_stop,j7,1,10,1.92037677764893,0.368717193603516,2.5094153881073,0.192037677764893,45.0834894180298,vm,4,4,1,2026-10-08 12:03:04
nncl,nncl_numeric.main,s2_early_stop,j8,1,10,1.87635326385498,0.393351554870605,2.48157143592834,0.187635326385498,45.0834894180298,vm,4,4,1,2026-10-08 12:03:04
nncl,nncl_numeric.main,s2_early_stop,j9,1,10,1.95378994941711,0.375484466552734,2.55330419540405,0.195378994941711,45.0834894180298,vm,4,4,1,2026-10-08 12:03:04
nncl,nncl_numeric.main,s2_early_stop,j10,1,10,1.69306921958923,0.556529521942139,2.41282868385315,0.169306921958923,45.0834894180298,vm,4,4,1,2026-10-08 12:03:04
nncl,nncl_numeric.main,s2_early_stop,j11,1,10,1.53421449661255,0.352169990539551,2.0797119140625,0.153421449661255,45.0834894180298,vm,4,4,1,2026-10-08 12:03:04
nncl,nncl_numeric.main,s2_early_stop,j12,1,10,2.15409445762634,0.415141344070435,2.77295732498169,0.215409445762634,45.0834894180298,vm,4,4,1,2026-10-08 12:03:04
nncl,nncl_numeric.main,s2_early_stop,j13,1,10,1.55827236175537,0.412950277328491,2.16872882843018,0.155827236175537,45.0834894180298,vm,4,4,1,2026-10-08 12:03:04
nncl,nncl_numeric.main,s2_early_stop,j14,1,10,1.72175145149231,0.40714955329895,2.32892274856567,0.172175145149231,45.0834894180298,vm,4,4,1,2026-10-08 12:03:04
nncl,nncl_numeric.main,s2_early_stop,j15,1,10,1.57362604141235,0.415535449981689,2.14864587783813,0.157362604141235,45.0834894180298,vm,4,4,1,2026-10-08 12:03:04
nncl,nncl_numeric.main,s2_early_stop,j16,1,10,1.40096378326416,0.344786405563355,1.90392851829529,0.140096378326416,45.0834894180298,vm,4,4,1,2026-10-08 12:03:04
nncl,nncl_numeric.main,s2_early_stop,j17,1,10,2.09989309310913,0.404723167419434,2.74640154838562,0.209989309310913,45.0834894180298,vm,4,4,1,2026-10-08 12:03:04
nncl,nncl_numeric.main,s2_early_stop,j18,1,10,1.54420208930969,0.464824438095093,2.20262813568115,0.154420208930969,45.0834894180298,vm,4,4,1,2026-10-08 12:03:04
nncl,nncl_numeric.main,s2_early_stop,j19,1,10,1.75077724456787,0.390837669372559,2.3335165977478,0.175077724456787,45.0834894180298,vm,4,4,1,2026-10-08 12:03:04
nncl,nncl_numeric.main,s3_cl_start,j1,1,5,1.15192770957947,0.370285034179688,1.68812990188599,0.230385541915894,37.9923202991486,vm,4,4,1,2026-10-08 12:03:04
nncl,nncl_numeric.main,s3_cl_start,j2,1,10,2.02945017814636,0.477332353591919,2.77965712547302,0.202945017814636,37.9923202991486,vm,4,4,1,2026-10-08 12:03:04
nncl,nncl_numeric.main,s3_cl_start,j3,1,10,1.97023868560791,0.490745306015015,2.69549012184143,0.197023868560791,37.9923202991486,vm,4,4,1,2026-10-08 12:03:04
nncl,nncl_numeric.main,s3_cl_start,j4,1,4,1.26123261451721,0.428424596786499,1.87968468666077,0.315308153629303,37.9923202991486,vm,4,4,1,2026-10-08 12:03:04
nncl,nncl_numeric.main,s3_cl_start,j5,1,9,1.9097306728363,0.431926488876343,2.60257983207703,0.212192296981812,37.9923202991486,vm,4,4,1,2026-10-08 12:03:04
nncl,nncl_numeric.main,s3_cl_start,j6,1,3,1.04326772689819,0.463017463684082,1.82727789878845,0.347755908966064,37.9923202991486,vm,4,4,1,2026-10-08 12:03:04
nncl,nncl_numeric.main,s3_cl_start,j7,1,9,1.93466067314148,0.467584371566773,2.59837460517883,0.21496229701572,37.9923202991486,vm,4,4,1,2026-10-08 12:03:04
nncl,nncl_numeric.main,s3_cl_start,j8,1,8,1.26328444480896,0.458605766296387,1.88746404647827,0.15791055560112,37.9923202991486,vm,4,4,1,2026-10-08 12:03:04
nncl,nncl_numeric.main,s3_cl_start,j9,1,3,0.915552139282227,0.460845232009888,1.54610705375671,0.305184046427409,37.9923202991486,vm,4,4,1,2026-10-08 12:03:04
nncl,nncl_numeric.main,s3_cl_start,j10,1,5,1.18834042549133,0.482008457183838,1.86462426185608,0.237668085098267,37.9923202991486,vm,4,4,1,2026-10-08 12:03:04
nncl,nncl_numeric.main,s3_cl_start,j11,1,3,0.980993986129761,0.648480653762817,1.86026740074158,0.326997995376587,37.9923202991486,vm,4,4,1,2026-10-08 12:03:04
nncl,nncl_numeric.main,s3_cl_start,j12,1,3,0.915499448776245,0.453004360198975,1.53875517845154,0.305166482925415,37.9923202991486,vm,4,4,1,2026-10-08 12:03:04
nncl,nncl_numeric.main,s3_cl_start,j13,1,3,1.07016205787659,0.522549867630005,1.83567976951599,0.356720685958862,37.9923202991486,vm,4,4,1,2026-10-08 12:03:04
nncl,nncl_numeric.main,s3_cl_start,j14,1,4,1.03131341934204,0.53776741027832,1.72230076789856,0.25782835483551,37.9923202991486,vm,4,4,1,2026-10-08 12:03:04
nncl,nncl_numeric.main,s3_cl_start,j15,1,8,1.24868249893188,0.476112365722656,1.88239288330078,0.156085312366486,37.9923202991486,vm,4,4,1,2026-10-08 12:03:04
nncl,nncl_numeric.main,s3_cl_start,j16,1,6,1.56656742095947,0.467042446136475,2.27034854888916,0.261094570159912,37.9923202991486,vm,4,4,1,2026-10-08 12:03:04
nncl,nncl_numeric.main,s3_cl_start,j17,1,4,1.13766074180603,0.548367977142334,1.88093209266663,0.284415185451508,37.9923202991486,vm,4,4,1,2026-10-08 12:03:04
nncl,nncl_numeric.main,s3_cl_start,j18,1,3,0.918252468109131,0.533173561096191,1.62095594406128,0.306084156036377,37.9923202991486,vm,4,4,1,2026-10-08 12:03:04
nncl,nncl_numeric.main,s3_cl_start,j19,1,8,1.29920792579651,0.514005422592163,2.01129817962646,0.162400990724564,37.9923202991486,vm,4,4,1,2026-10-08 12:03:04
nncl,nncl_numeric.search.cl_start,tuned_cl_start_s2026,j1,1,5,1.64190196990967,0.628294944763184,2.49655890464783,0.328380393981934,44.8715491294861,STATISVM7,12,12,1,2026-10-08 15:40:23
nncl,nncl_numeric.search.cl_start,tuned_cl_start_s2026,j2,1,10,2.4596381187439,0.381639957427979,3.12145400047302,0.24596381187439,44.8715491294861,STATISVM7,12,12,1,2026-10-08 15:40:23
nncl,nncl_numeric.search.cl_start,tuned_cl_start_s2026,j3,1,10,2.08883094787598,0.449980974197388,2.77122092247009,0.208883094787598,44.8715491294861,STATISVM7,12,12,1,2026-10-08 15:40:23
nncl,nncl_numeric.search.cl_start,tuned_cl_start_s2026,j4,1,4,1.29550194740295,0.390263080596924,1.92070198059082,0.323875486850739,44.8715491294861,STATISVM7,12,12,1,2026-10-08 15:40:23
nncl,nncl_numeric.search.cl_start,tuned_cl_start_s2026,j5,1,9,2.02861905097961,0.428619146347046,2.67532205581665,0.225402116775513,44.8715491294861,STATISVM7,12,12,1,2026-10-08 15:40:23
nncl,nncl_numeric.search.cl_start,tuned_cl_start_s2026,j6,1,3,1.26878690719605,0.425753116607666,1.91784310340881,0.422928969065348,44.8715491294861,STATISVM7,12,12,1,2026-10-08 15:40:23
nncl,nncl_numeric.search.cl_start,tuned_cl_start_s2026,j7,1,9,2.03450489044189,0.442065000534058,2.68317794799805,0.226056098937988,44.8715491294861,STATISVM7,12,12,1,2026-10-08 15:40:23
nncl,nncl_numeric.search.cl_start,tuned_cl_start_s2026,j8,1,8,1.83432006835938,0.476516008377075,2.55136203765869,0.229290008544922,44.8715491294861,STATISVM7,12,12,1,2026-10-08 15:40:23
nncl,nncl_numeric.search.cl_start,tuned_cl_start_s2026,j9,1,3,1.3860809803009,0.433725118637085,2.06355905532837,0.462026993433635,44.8715491294861,STATISVM7,12,12,1,2026-10-08 15:40:23
nncl,nncl_numeric.search.cl_start,tuned_cl_start_s2026,j10,1,5,1.61894989013672,0.451467990875244,2.30051207542419,0.323789978027344,44.8715491294861,STATISVM7,12,12,1,2026-10-08 15:40:23
nncl,nncl_numeric.search.cl_start,tuned_cl_start_s2026,j11,1,3,1.46745681762695,0.461730003356934,2.15286087989807,0.489152272542318,44.8715491294861,STATISVM7,12,12,1,2026-10-08 15:40:23
nncl,nncl_numeric.search.cl_start,tuned_cl_start_s2026,j12,1,3,1.18887400627136,0.416476011276245,1.82813811302185,0.396291335423787,44.8715491294861,STATISVM7,12,12,1,2026-10-08 15:40:23
nncl,nncl_numeric.search.cl_start,tuned_cl_start_s2026,j13,1,3,1.34867286682129,0.452348947525024,2.07105088233948,0.449557622273763,44.8715491294861,STATISVM7,12,12,1,2026-10-08 15:40:23
nncl,nncl_numeric.search.cl_start,tuned_cl_start_s2026,j14,1,4,1.50651502609253,0.498515844345093,2.22926497459412,0.376628756523132,44.8715491294861,STATISVM7,12,12,1,2026-10-08 15:40:23
nncl,nncl_numeric.search.cl_start,tuned_cl_start_s2026,j15,1,8,1.87256383895874,0.467581987380981,2.57381391525269,0.234070479869843,44.8715491294861,STATISVM7,12,12,1,2026-10-08 15:40:23
nncl,nncl_numeric.search.cl_start,tuned_cl_start_s2026,j16,1,6,1.7004599571228,0.550043106079102,2.49319410324097,0.283409992853801,44.8715491294861,STATISVM7,12,12,1,2026-10-08 15:40:23
nncl,nncl_numeric.search.cl_start,tuned_cl_start_s2026,j17,1,4,1.23252701759338,0.585138082504273,2.0023341178894,0.308131754398346,44.8715491294861,STATISVM7,12,12,1,2026-10-08 15:40:23
nncl,nncl_numeric.search.cl_start,tuned_cl_start_s2026,j18,1,3,1.28374409675598,0.57912278175354,2.07279396057129,0.42791469891866,44.8715491294861,STATISVM7,12,12,1,2026-10-08 15:40:23
nncl,nncl_numeric.search.cl_start,tuned_cl_start_s2026,j19,1,8,2.18007302284241,0.518164157867432,2.94638609886169,0.272509127855301,44.8715491294861,STATISVM7,12,12,1,2026-10-08 15:40:23
nncl,nncl_numeric.search.cl_start,tuned_cl_start_s2027,j1,1,3,1.40446305274963,0.516625881195068,2.14061594009399,0.468154350916545,48.9591810703278,STATISVM7,12,12,1,2026-10-08 15:41:12
nncl,nncl_numeric.search.cl_start,tuned_cl_start_s2027,j2,1,10,2.21034789085388,0.563554048538208,2.9964759349823,0.221034789085388,48.9591810703278,STATISVM7,12,12,1,2026-10-08 15:41:12
nncl,nncl_numeric.search.cl_start,tuned_cl_start_s2027,j3,1,10,2.08640503883362,0.521908044815064,2.81363415718079,0.208640503883362,48.9591810703278,STATISVM7,12,12,1,2026-10-08 15:41:12
nncl,nncl_numeric.search.cl_start,tuned_cl_start_s2027,j4,1,3,1.41429996490479,0.559712886810303,2.20797204971313,0.471433321634928,48.9591810703278,STATISVM7,12,12,1,2026-10-08 15:41:12
nncl,nncl_numeric.search.cl_start,tuned_cl_start_s2027,j5,1,10,2.29234194755554,0.541352987289429,3.0503830909729,0.229234194755554,48.9591810703278,STATISVM7,12,12,1,2026-10-08 15:41:12
nncl,nncl_numeric.search.cl_start,tuned_cl_start_s2027,j6,1,3,1.43877601623535,0.569905042648315,2.26459908485413,0.479592005411784,48.9591810703278,STATISVM7,12,12,1,2026-10-08 15:41:12
nncl,nncl_numeric.search.cl_start,tuned_cl_start_s2027,j7,1,10,2.11504697799683,0.590111017227173,2.9301769733429,0.211504697799683,48.9591810703278,STATISVM7,12,12,1,2026-10-08 15:41:12
nncl,nncl_numeric.search.cl_start,tuned_cl_start_s2027,j8,1,9,2.04903292655945,0.592844963073731,2.88626790046692,0.227670325173272,48.9591810703278,STATISVM7,12,12,1,2026-10-08 15:41:12
nncl,nncl_numeric.search.cl_start,tuned_cl_start_s2027,j9,1,8,2.00578880310059,0.612595081329346,2.84767293930054,0.250723600387573,48.9591810703278,STATISVM7,12,12,1,2026-10-08 15:41:12
nncl,nncl_numeric.search.cl_start,tuned_cl_start_s2027,j10,1,4,1.42932891845703,0.608736991882324,2.27060484886169,0.357332229614258,48.9591810703278,STATISVM7,12,12,1,2026-10-08 15:41:12
nncl,nncl_numeric.search.cl_start,tuned_cl_start_s2027,j11,1,5,1.51984906196594,0.608906030654907,2.35967612266541,0.303969812393189,48.9591810703278,STATISVM7,12,12,1,2026-10-08 15:41:12
nncl,nncl_numeric.search.cl_start,tuned_cl_start_s2027,j12,1,3,1.46229410171509,0.636013031005859,2.36967206001282,0.487431367238363,48.9591810703278,STATISVM7,12,12,1,2026-10-08 15:41:12
nncl,nncl_numeric.search.cl_start,tuned_cl_start_s2027,j13,1,3,1.30330395698547,0.681066989898682,2.24093794822693,0.434434652328491,48.9591810703278,STATISVM7,12,12,1,2026-10-08 15:41:12
nncl,nncl_numeric.search.cl_start,tuned_cl_start_s2027,j14,1,10,2.50250291824341,0.717590093612671,3.44462418556213,0.250250291824341,48.9591810703278,STATISVM7,12,12,1,2026-10-08 15:41:12
nncl,nncl_numeric.search.cl_start,tuned_cl_start_s2027,j15,1,5,1.79138803482056,0.64909815788269,2.72836208343506,0.358277606964111,48.9591810703278,STATISVM7,12,12,1,2026-10-08 15:41:12
nncl,nncl_numeric.search.cl_start,tuned_cl_start_s2027,j16,1,3,1.271723985672,0.627095937728882,2.13469791412354,0.423907995223999,48.9591810703278,STATISVM7,12,12,1,2026-10-08 15:41:12
nncl,nncl_numeric.search.cl_start,tuned_cl_start_s2027,j17,1,7,1.72718906402588,0.647448062896729,2.58735799789429,0.24674129486084,48.9591810703278,STATISVM7,12,12,1,2026-10-08 15:41:12
nncl,nncl_numeric.search.cl_start,tuned_cl_start_s2027,j18,1,3,1.36104512214661,0.687733888626099,2.31509685516357,0.453681707382202,48.9591810703278,STATISVM7,12,12,1,2026-10-08 15:41:12
nncl,nncl_numeric.search.cl_start,tuned_cl_start_s2027,j19,1,3,1.49235892295837,0.664963006973267,2.37035298347473,0.497452974319458,48.9591810703278,STATISVM7,12,12,1,2026-10-08 15:41:12
nncl,nncl_numeric.search.early_stop,tuned_early_stop_s2026,j1,1,10,2.12413287162781,0.612064123153687,2.95581007003784,0.212413287162781,62.1976208686829,STATISVM7,12,12,1,2026-10-08 15:42:14
nncl,nncl_numeric.search.early_stop,tuned_early_stop_s2026,j2,1,10,2.24587988853455,0.629094123840332,3.0922532081604,0.224587988853455,62.1976208686829,STATISVM7,12,12,1,2026-10-08 15:42:14
nncl,nncl_numeric.search.early_stop,tuned_early_stop_s2026,j3,1,10,2.33234596252441,0.621729850769043,3.19103598594666,0.233234596252441,62.1976208686829,STATISVM7,12,12,1,2026-10-08 15:42:14
nncl,nncl_numeric.search.early_stop,tuned_early_stop_s2026,j4,1,10,2.1414430141449,0.667089939117432,3.04262208938599,0.21414430141449,62.1976208686829,STATISVM7,12,12,1,2026-10-08 15:42:14
nncl,nncl_numeric.search.early_stop,tuned_early_stop_s2026,j5,1,10,2.23492908477783,0.659406900405884,3.16610097885132,0.223492908477783,62.1976208686829,STATISVM7,12,12,1,2026-10-08 15:42:14
nncl,nncl_numeric.search.early_stop,tuned_early_stop_s2026,j6,1,10,2.4596688747406,0.704674005508423,3.3942129611969,0.24596688747406,62.1976208686829,STATISVM7,12,12,1,2026-10-08 15:42:14
nncl,nncl_numeric.search.early_stop,tuned_early_stop_s2026,j7,1,10,2.11731004714966,0.674311876296997,3.01262879371643,0.211731004714966,62.1976208686829,STATISVM7,12,12,1,2026-10-08 15:42:14
nncl,nncl_numeric.search.early_stop,tuned_early_stop_s2026,j8,1,10,2.15851497650146,0.623541116714478,3.03552508354187,0.215851497650146,62.1976208686829,STATISVM7,12,12,1,2026-10-08 15:42:14
nncl,nncl_numeric.search.early_stop,tuned_early_stop_s2026,j9,1,10,2.17187595367432,0.6976158618927,3.12933588027954,0.217187595367432,62.1976208686829,STATISVM7,12,12,1,2026-10-08 15:42:14
nncl,nncl_numeric.search.early_stop,tuned_early_stop_s2026,j10,1,10,2.27243614196777,0.734358072280884,3.30598211288452,0.227243614196777,62.1976208686829,STATISVM7,12,12,1,2026-10-08 15:42:14
nncl,nncl_numeric.search.early_stop,tuned_early_stop_s2026,j11,1,10,2.37908792495728,0.789917945861816,3.41534900665283,0.237908792495728,62.1976208686829,STATISVM7,12,12,1,2026-10-08 15:42:14
nncl,nncl_numeric.search.early_stop,tuned_early_stop_s2026,j12,1,10,2.18944191932678,0.722266912460327,3.20914793014526,0.218944191932678,62.1976208686829,STATISVM7,12,12,1,2026-10-08 15:42:14
nncl,nncl_numeric.search.early_stop,tuned_early_stop_s2026,j13,1,10,2.60922694206238,0.799307107925415,3.66348600387573,0.260922694206238,62.1976208686829,STATISVM7,12,12,1,2026-10-08 15:42:14
nncl,nncl_numeric.search.early_stop,tuned_early_stop_s2026,j14,1,10,2.19208717346191,0.808660984039307,3.23826098442078,0.219208717346191,62.1976208686829,STATISVM7,12,12,1,2026-10-08 15:42:14
nncl,nncl_numeric.search.early_stop,tuned_early_stop_s2026,j15,1,10,2.44055008888245,0.794291973114014,3.48090696334839,0.244055008888245,62.1976208686829,STATISVM7,12,12,1,2026-10-08 15:42:14
nncl,nncl_numeric.search.early_stop,tuned_early_stop_s2026,j16,1,10,2.68234491348267,0.780251979827881,3.73400092124939,0.268234491348267,62.1976208686829,STATISVM7,12,12,1,2026-10-08 15:42:14
nncl,nncl_numeric.search.early_stop,tuned_early_stop_s2026,j17,1,10,2.35536694526672,0.775640964508057,3.37698602676392,0.235536694526672,62.1976208686829,STATISVM7,12,12,1,2026-10-08 15:42:14
nncl,nncl_numeric.search.early_stop,tuned_early_stop_s2026,j18,1,10,2.22527003288269,0.806779861450195,3.2852349281311,0.222527003288269,62.1976208686829,STATISVM7,12,12,1,2026-10-08 15:42:14
nncl,nncl_numeric.search.early_stop,tuned_early_stop_s2026,j19,1,10,2.43969297409058,0.798271894454956,3.46874094009399,0.243969297409058,62.1976208686829,STATISVM7,12,12,1,2026-10-08 15:42:14
nncl,nncl_numeric.search.early_stop,tuned_early_stop_s2027,j1,1,10,2.28983306884766,0.838380098342896,3.4134681224823,0.228983306884766,64.5234386920929,STATISVM7,12,12,1,2026-10-08 15:43:19
nncl,nncl_numeric.search.early_stop,tuned_early_stop_s2027,j2,1,10,2.37745404243469,0.845118999481201,3.47475409507751,0.237745404243469,64.5234386920929,STATISVM7,12,12,1,2026-10-08 15:43:19
nncl,nncl_numeric.search.early_stop,tuned_early_stop_s2027,j3,1,10,2.33160305023193,0.866872787475586,3.49363780021668,0.233160305023193,64.5234386920929,STATISVM7,12,12,1,2026-10-08 15:43:19
nncl,nncl_numeric.search.early_stop,tuned_early_stop_s2027,j4,1,10,2.26303601264954,0.836030006408691,3.38212108612061,0.226303601264954,64.5234386920929,STATISVM7,12,12,1,2026-10-08 15:43:19
nncl,nncl_numeric.search.early_stop,tuned_early_stop_s2027,j5,1,10,2.25910401344299,0.890849828720093,3.37591791152954,0.225910401344299,64.5234386920929,STATISVM7,12,12,1,2026-10-08 15:43:19
nncl,nncl_numeric.search.early_stop,tuned_early_stop_s2027,j6,1,10,2.34365892410278,0.881477117538452,3.4725661277771,0.234365892410278,64.5234386920929,STATISVM7,12,12,1,2026-10-08 15:43:19
nncl,nncl_numeric.search.early_stop,tuned_early_stop_s2027,j7,1,10,2.17782282829285,0.967059135437012,3.37886905670166,0.217782282829285,64.5234386920929,STATISVM7,12,12,1,2026-10-08 15:43:19
nncl,nncl_numeric.search.early_stop,tuned_early_stop_s2027,j8,1,10,2.25577807426453,0.839570045471191,3.3539400100708,0.225577807426453,64.5234386920929,STATISVM7,12,12,1,2026-10-08 15:43:19
nncl,nncl_numeric.search.early_stop,tuned_early_stop_s2027,j9,1,10,2.28013300895691,0.84512209892273,3.40354800224304,0.228013300895691,64.5234386920929,STATISVM7,12,12,1,2026-10-08 15:43:19
nncl,nncl_numeric.search.early_stop,tuned_early_stop_s2027,j10,1,10,2.1733238697052,0.923001050949097,3.32730603218079,0.21733238697052,64.5234386920929,STATISVM7,12,12,1,2026-10-08 15:43:19
nncl,nncl_numeric.search.early_stop,tuned_early_stop_s2027,j11,1,10,2.29074096679688,0.878592014312744,3.41869211196899,0.229074096679688,64.5234386920929,STATISVM7,12,12,1,2026-10-08 15:43:19
nncl,nncl_numeric.search.early_stop,tuned_early_stop_s2027,j12,1,10,2.25347805023193,0.895153045654297,3.38645100593567,0.225347805023193,64.5234386920929,STATISVM7,12,12,1,2026-10-08 15:43:19
nncl,nncl_numeric.search.early_stop,tuned_early_stop_s2027,j13,1,10,2.2581148147583,0.860423088073731,3.36128306388855,0.22581148147583,64.5234386920929,STATISVM7,12,12,1,2026-10-08 15:43:19
nncl,nncl_numeric.search.early_stop,tuned_early_stop_s2027,j14,1,10,2.26001882553101,0.888460159301758,3.43612909317017,0.226001882553101,64.5234386920929,STATISVM7,12,12,1,2026-10-08 15:43:19
nncl,nncl_numeric.search.early_stop,tuned_early_stop_s2027,j15,1,10,2.38028001785278,0.893313884735107,3.50373101234436,0.238028001785278,64.5234386920929,STATISVM7,12,12,1,2026-10-08 15:43:19
nncl,nncl_numeric.search.early_stop,tuned_early_stop_s2027,j16,1,10,2.239089012146,0.915578126907349,3.40598511695862,0.2239089012146,64.5234386920929,STATISVM7,12,12,1,2026-10-08 15:43:19
nncl,nncl_numeric.search.early_stop,tuned_early_stop_s2027,j17,1,10,2.1420910358429,0.931535959243774,3.30789995193481,0.21420910358429,64.5234386920929,STATISVM7,12,12,1,2026-10-08 15:43:19
nncl,nncl_numeric.search.early_stop,tuned_early_stop_s2027,j18,1,10,2.09558486938477,0.913510084152222,3.23142504692078,0.209558486938477,64.5234386920929,STATISVM7,12,12,1,2026-10-08 15:43:19
nncl,nncl_numeric.search.early_stop,tuned_early_stop_s2027,j19,1,10,2.20853996276855,0.947823047637939,3.39571404457092,0.220853996276855,64.5234386920929,STATISVM7,12,12,1,2026-10-08 15:43:19
nncl,nncl_numeric.search.paper,tuned_paper_s2026,j1,1,5,1.27452492713928,0.63015604019165,2.13176608085632,0.254904985427856,38.6213746070862,STATISVM7,12,12,1,2026-10-08 15:40:17
nncl,nncl_numeric.search.paper,tuned_paper_s2026,j2,1,5,1.31410098075867,0.456566095352173,2.01232695579529,0.262820196151733,38.6213746070862,STATISVM7,12,12,1,2026-10-08 15:40:17
nncl,nncl_numeric.search.paper,tuned_paper_s2026,j3,1,5,1.50055408477783,0.447021961212158,2.23211407661438,0.300110816955566,38.6213746070862,STATISVM7,12,12,1,2026-10-08 15:40:17
nncl,nncl_numeric.search.paper,tuned_paper_s2026,j4,1,5,1.23215007781982,0.407390832901001,1.8438708782196,0.246430015563965,38.6213746070862,STATISVM7,12,12,1,2026-10-08 15:40:17
nncl,nncl_numeric.search.paper,tuned_paper_s2026,j5,1,5,1.23330998420715,0.38545298576355,1.84625291824341,0.246661996841431,38.6213746070862,STATISVM7,12,12,1,2026-10-08 15:40:17
nncl,nncl_numeric.search.paper,tuned_paper_s2026,j6,1,5,1.2401328086853,0.416304111480713,1.90037298202515,0.248026561737061,38.6213746070862,STATISVM7,12,12,1,2026-10-08 15:40:17
nncl,nncl_numeric.search.paper,tuned_paper_s2026,j7,1,5,1.26217699050903,0.400372982025147,1.90638995170593,0.252435398101807,38.6213746070862,STATISVM7,12,12,1,2026-10-08 15:40:17
nncl,nncl_numeric.search.paper,tuned_paper_s2026,j8,1,5,1.30928993225098,0.408862113952637,1.97878408432007,0.261857986450195,38.6213746070862,STATISVM7,12,12,1,2026-10-08 15:40:17
nncl,nncl_numeric.search.paper,tuned_paper_s2026,j9,1,5,1.32574701309204,0.48526406288147,2.03756499290466,0.265149402618408,38.6213746070862,STATISVM7,12,12,1,2026-10-08 15:40:17
nncl,nncl_numeric.search.paper,tuned_paper_s2026,j10,1,5,1.33620190620422,0.448086977005005,2.01911187171936,0.267240381240845,38.6213746070862,STATISVM7,12,12,1,2026-10-08 15:40:17
nncl,nncl_numeric.search.paper,tuned_paper_s2026,j11,1,5,1.37596011161804,0.471174001693726,2.0509831905365,0.275192022323608,38.6213746070862,STATISVM7,12,12,1,2026-10-08 15:40:17
nncl,nncl_numeric.search.paper,tuned_paper_s2026,j12,1,5,1.44867992401123,0.425035953521729,2.11176705360413,0.289735984802246,38.6213746070862,STATISVM7,12,12,1,2026-10-08 15:40:17
nncl,nncl_numeric.search.paper,tuned_paper_s2026,j13,1,5,1.32887196540833,0.456989049911499,2.03978490829468,0.265774393081665,38.6213746070862,STATISVM7,12,12,1,2026-10-08 15:40:17
nncl,nncl_numeric.search.paper,tuned_paper_s2026,j14,1,5,1.28041481971741,0.514654159545898,2.01174306869507,0.256082963943481,38.6213746070862,STATISVM7,12,12,1,2026-10-08 15:40:17
nncl,nncl_numeric.search.paper,tuned_paper_s2026,j15,1,5,1.33461713790894,0.460127830505371,2.07337379455566,0.266923427581787,38.6213746070862,STATISVM7,12,12,1,2026-10-08 15:40:17
nncl,nncl_numeric.search.paper,tuned_paper_s2026,j16,1,5,1.47140693664551,0.572443008422852,2.2604079246521,0.294281387329102,38.6213746070862,STATISVM7,12,12,1,2026-10-08 15:40:17
nncl,nncl_numeric.search.paper,tuned_paper_s2026,j17,1,5,1.14352703094482,0.446990966796875,1.8049099445343,0.228705406188965,38.6213746070862,STATISVM7,12,12,1,2026-10-08 15:40:17
nncl,nncl_numeric.search.paper,tuned_paper_s2026,j18,1,5,1.56586217880249,0.452821969985962,2.2357439994812,0.313172435760498,38.6213746070862,STATISVM7,12,12,1,2026-10-08 15:40:17
nncl,nncl_numeric.search.paper,tuned_paper_s2026,j19,1,5,1.42075395584106,0.482197999954224,2.12410593032837,0.284150791168213,38.6213746070862,STATISVM7,12,12,1,2026-10-08 15:40:17
nncl,nncl_numeric.search.paper,tuned_paper_s2027,j1,1,5,1.29252505302429,0.433320045471191,1.93550419807434,0.258505010604858,40.7250688076019,STATISVM7,12,12,1,2026-10-08 15:40:58
nncl,nncl_numeric.search.paper,tuned_paper_s2027,j2,1,5,1.22046899795532,0.518334865570068,1.9392077922821,0.244093799591064,40.7250688076019,STATISVM7,12,12,1,2026-10-08 15:40:58
nncl,nncl_numeric.search.paper,tuned_paper_s2027,j3,1,5,1.46680879592896,0.511397123336792,2.22677612304688,0.293361759185791,40.7250688076019,STATISVM7,12,12,1,2026-10-08 15:40:58
nncl,nncl_numeric.search.paper,tuned_paper_s2027,j4,1,5,1.2966570854187,0.51126503944397,2.02681612968445,0.25933141708374,40.7250688076019,STATISVM7,12,12,1,2026-10-08 15:40:58
nncl,nncl_numeric.search.paper,tuned_paper_s2027,j5,1,5,1.360995054245,0.499681949615479,2.07958507537842,0.272199010848999,40.7250688076019,STATISVM7,12,12,1,2026-10-08 15:40:58
nncl,nncl_numeric.search.paper,tuned_paper_s2027,j6,1,5,1.30509495735168,0.513795852661133,2.0220148563385,0.261018991470337,40.7250688076019,STATISVM7,12,12,1,2026-10-08 15:40:58
nncl,nncl_numeric.search.paper,tuned_paper_s2027,j7,1,5,1.42541599273682,0.526477098464966,2.15076017379761,0.285083198547363,40.7250688076019,STATISVM7,12,12,1,2026-10-08 15:40:58
nncl,nncl_numeric.search.paper,tuned_paper_s2027,j8,1,5,1.29819583892822,0.503714084625244,2.01007699966431,0.259639167785645,40.7250688076019,STATISVM7,12,12,1,2026-10-08 15:40:58
nncl,nncl_numeric.search.paper,tuned_paper_s2027,j9,1,5,1.24359393119812,0.540971040725708,1.99309206008911,0.248718786239624,40.7250688076019,STATISVM7,12,12,1,2026-10-08 15:40:58
nncl,nncl_numeric.search.paper,tuned_paper_s2027,j10,1,5,1.295658826828,0.544047117233276,2.06818103790283,0.259131765365601,40.7250688076019,STATISVM7,12,12,1,2026-10-08 15:40:58
nncl,nncl_numeric.search.paper,tuned_paper_s2027,j11,1,5,1.36745810508728,0.572818040847778,2.16779708862305,0.273491621017456,40.7250688076019,STATISVM7,12,12,1,2026-10-08 15:40:58
nncl,nncl_numeric.search.paper,tuned_paper_s2027,j12,1,5,1.35110092163086,0.525660037994385,2.07601308822632,0.270220184326172,40.7250688076019,STATISVM7,12,12,1,2026-10-08 15:40:58
nncl,nncl_numeric.search.paper,tuned_paper_s2027,j13,1,5,1.23080897331238,0.559926986694336,2.02161502838135,0.246161794662476,40.7250688076019,STATISVM7,12,12,1,2026-10-08 15:40:58
nncl,nncl_numeric.search.paper,tuned_paper_s2027,j14,1,5,1.28283405303955,0.632523059844971,2.13264393806458,0.25656681060791,40.7250688076019,STATISVM7,12,12,1,2026-10-08 15:40:58
nncl,nncl_numeric.search.paper,tuned_paper_s2027,j15,1,5,1.35664701461792,0.564429998397827,2.20565414428711,0.271329402923584,40.7250688076019,STATISVM7,12,12,1,2026-10-08 15:40:58
nncl,nncl_numeric.search.paper,tuned_paper_s2027,j16,1,5,1.36529588699341,0.559410095214844,2.17708921432495,0.273059177398682,40.7250688076019,STATISVM7,12,12,1,2026-10-08 15:40:58
nncl,nncl_numeric.search.paper,tuned_paper_s2027,j17,1,5,1.47266006469727,0.725435972213745,2.42233896255493,0.294532012939453,40.7250688076019,STATISVM7,12,12,1,2026-10-08 15:40:58
nncl,nncl_numeric.search.paper,tuned_paper_s2027,j18,1,5,1.58615899085999,0.671864986419678,2.53944993019104,0.317231798171997,40.7250688076019,STATISVM7,12,12,1,2026-10-08 15:40:58
nncl,nncl_numeric.search.paper,tuned_paper_s2027,j19,1,5,1.68832302093506,0.587716102600098,2.53045296669006,0.337664604187012,40.7250688076019,STATISVM7,12,12,1,2026-10-08 15:40:58
nncl,nncl_numeric.search.cl_start,dropout=0.1,seed 2026 origin 15,14,,24.4637825489044,,,,85.9779419898987,STATISVM7,12,12,1,2026-10-08 15:35:00
nncl,nncl_numeric.search.cl_start,dropout=0.1,seed 2026 origin 18,17,,30.7493433952332,,,,85.9779419898987,STATISVM7,12,12,1,2026-10-08 15:35:00
nncl,nncl_numeric.search.cl_start,dropout=0,seed 2026 origin 15,14,,22.675431728363,,,,83.0190780162811,STATISVM7,12,12,1,2026-10-08 15:33:34
nncl,nncl_numeric.search.cl_start,dropout=0,seed 2026 origin 18,17,,28.6049954891205,,,,83.0190780162811,STATISVM7,12,12,1,2026-10-08 15:33:34
nncl,nncl_numeric.search.early_stop,dropout=0.1,seed 2026 origin 15,14,,31.0177009105682,,,,102.728167057037,STATISVM7,12,12,1,2026-10-08 15:41:11
nncl,nncl_numeric.search.early_stop,dropout=0.1,seed 2026 origin 18,17,,38.5997433662415,,,,102.728167057037,STATISVM7,12,12,1,2026-10-08 15:41:11
nncl,nncl_numeric.search.early_stop,dropout=0,seed 2026 origin 15,14,,30.6918427944183,,,,99.5006518363953,STATISVM7,12,12,1,2026-10-08 15:34:06
nncl,nncl_numeric.search.early_stop,dropout=0,seed 2026 origin 18,17,,37.1641561985016,,,,99.5006518363953,STATISVM7,12,12,1,2026-10-08 15:34:06
nncl,nncl_numeric.search.paper,"dropout=0.1, hidden=20, activation=tanh",seed 2026 origin 15,14,,19.3334622383118,,,,72.5026500225067,STATISVM7,12,12,1,2026-10-08 15:34:41
nncl,nncl_numeric.search.paper,"dropout=0.1, hidden=20, activation=tanh",seed 2026 origin 18,17,,24.5575830936432,,,,72.5026500225067,STATISVM7,12,12,1,2026-10-08 15:34:41
nncl,nncl_numeric.search.paper,"dropout=0, hidden=20, activation=tanh",seed 2026 origin 15,14,,17.7274842262268,,,,71.2309260368347,STATISVM7,12,12,1,2026-10-08 15:33:28
nncl,nncl_numeric.search.paper,"dropout=0, hidden=20, activation=tanh",seed 2026 origin 18,17,,23.2513825893402,,,,71.2309260368347,STATISVM7,12,12,1,2026-10-08 15:33:28
