method,total
glmReserve (refitted means),9741.54031885099
glmReserve (refitted means),9277.1205167239
glmReserve (refitted means),9771.35284008331
glmReserve (refitted means),9397.05107908431
glmReserve (refitted means),9514.19744000354
glmReserve (refitted means),9543.29277627478
glmReserve (refitted means),8989.13745582176
glmReserve (refitted means),9423.99757960877
glmReserve (refitted means),9427.21428932275
glmReserve (refitted means),9341.73928440327
glmReserve (refitted means),9448.11868572613
glmReserve (refitted means),9465.17365151864
glmReserve (refitted means),9741.03042216069
glmReserve (refitted means),9854.99425748931
glmReserve (refitted means),9808.5008983838
glmReserve (refitted means),9293.7124970356
glmReserve (refitted means),9362.37970901809
glmReserve (refitted means),9189.93510744533
glmReserve (refitted means),9915.99573816782
glmReserve (refitted means),9447.8354975462
glmReserve (refitted means),9505.011617943
glmReserve (refitted means),9905.10450497408
glmReserve (refitted means),9313.40120498649
glmReserve (refitted means),9528.95711101278
glmReserve (refitted means),9703.30282169419
glmReserve (refitted means),9866.64428831849
glmReserve (refitted means),9503.19020610851
glmReserve (refitted means),9279.04595215729
glmReserve (refitted means),10088.0206086744
glmReserve (refitted means),9813.40902295871
glmReserve (refitted means),9974.40067462052
glmReserve (refitted means),9427.02147134291
glmReserve (refitted means),10029.3775541222
glmReserve (refitted means),9488.47300401836
glmReserve (refitted means),9389.38453259034
glmReserve (refitted means),9519.21948944671
glmReserve (refitted means),9671.79479362319
glmReserve (refitted means),9544.26492596503
glmReserve (refitted means),9618.92011085212
glmReserve (refitted means),9605.32905708856
glmReserve (refitted means),9227.88096877634
glmReserve (refitted means),9379.04089695235
glmReserve (refitted means),9469.59196639669
glmReserve (refitted means),9276.37095399153
glmReserve (refitted means),10024.2290061155
glmReserve (refitted means),9744.29207816115
glmReserve (refitted means),9098.83023340226
glmReserve (refitted means),9425.48005102583
glmReserve (refitted means),10023.9550442845
glmReserve (refitted means),9537.5545287506
glmReserve (refitted means),9750.25728684199
glmReserve (refitted means),9215.94303190891
glmReserve (refitted means),9747.17959564974
glmReserve (refitted means),9410.53146776705
glmReserve (refitted means),9670.17513366154
glmReserve (refitted means),10119.6285358922
glmReserve (refitted means),9525.02197087459
glmReserve (refitted means),9384.25975059685
glmReserve (refitted means),9161.56347508508
glmReserve (refitted means),10329.0285642602
glmReserve (refitted means),9246.46621530042
glmReserve (refitted means),9841.20479715624
glmReserve (refitted means),9790.37138228948
glmReserve (refitted means),9410.75152789527
glmReserve (refitted means),9236.34977283765
glmReserve (refitted means),9265.3868512919
glmReserve (refitted means),9739.64949221525
glmReserve (refitted means),9699.20026678705
glmReserve (refitted means),9623.99183469148
glmReserve (refitted means),9327.73680229946
glmReserve (refitted means),9943.60500176415
glmReserve (refitted means),9256.13941306502
glmReserve (refitted means),9564.34403650118
glmReserve (refitted means),10044.0834618606
glmReserve (refitted means),9565.53178748404
glmReserve (refitted means),9219.8908720109
glmReserve (refitted means),9961.04532730143
glmReserve (refitted means),9457.60349220201
glmReserve (refitted means),9401.8326466611
glmReserve (refitted means),9559.45521598021
glmReserve (refitted means),9752.83470910465
glmReserve (refitted means),9723.18119565031
glmReserve (refitted means),9673.66898300345
glmReserve (refitted means),9626.56757627494
glmReserve (refitted means),9504.40292112206
glmReserve (refitted means),9110.52770200791
glmReserve (refitted means),10148.0635293236
glmReserve (refitted means),10069.0298644056
glmReserve (refitted means),9230.90479237855
glmReserve (refitted means),9102.33579875537
glmReserve (refitted means),9714.84611631552
glmReserve (refitted means),9409.90318591469
glmReserve (refitted means),9812.59624635909
glmReserve (refitted means),9716.77402153405
glmReserve (refitted means),9415.42835496809
glmReserve (refitted means),9593.42908245357
glmReserve (refitted means),9540.87280734671
glmReserve (refitted means),10051.8642227453
glmReserve (refitted means),9828.76716577507
glmReserve (refitted means),9397.6488780956
glmReserve (refitted means),9492.93529515843
glmReserve (refitted means),9489.59899299046
glmReserve (refitted means),9189.37767262084
glmReserve (refitted means),9563.08845064783
glmReserve (refitted means),9922.24467224467
glmReserve (refitted means),9848.43780863406
glmReserve (refitted means),9532.128968029
glmReserve (refitted means),9364.5397978934
glmReserve (refitted means),9345.75406771026
glmReserve (refitted means),9734.49728192812
glmReserve (refitted means),9591.82131371916
glmReserve (refitted means),9720.06188757625
glmReserve (refitted means),9722.09525386656
glmReserve (refitted means),9414.86951594633
glmReserve (refitted means),9639.76324468456
glmReserve (refitted means),9662.28614002351
glmReserve (refitted means),9740.39827674565
glmReserve (refitted means),9415.53729049127
glmReserve (refitted means),9272.60065509455
glmReserve (refitted means),9541.49656725424
glmReserve (refitted means),9574.91839912986
glmReserve (refitted means),9250.47741536076
glmReserve (refitted means),9770.27126455022
glmReserve (refitted means),9253.49577259654
glmReserve (refitted means),9534.49381117618
glmReserve (refitted means),9375.3497689948
glmReserve (refitted means),9778.57978281426
glmReserve (refitted means),9717.18741353531
glmReserve (refitted means),9866.23910684946
glmReserve (refitted means),9493.01006076863
glmReserve (refitted means),9592.62970979922
glmReserve (refitted means),9528.78389721778
glmReserve (refitted means),9511.58101154715
glmReserve (refitted means),9629.10293023272
glmReserve (refitted means),9684.55666882031
glmReserve (refitted means),9451.82707960263
glmReserve (refitted means),9321.54277515963
glmReserve (refitted means),9450.29654397108
glmReserve (refitted means),9984.98060309241
glmReserve (refitted means),9932.82990810872
glmReserve (refitted means),9319.55932457104
glmReserve (refitted means),9527.67830573124
glmReserve (refitted means),9545.49931065055
glmReserve (refitted means),9289.34509147679
glmReserve (refitted means),9356.49021629134
glmReserve (refitted means),9478.8107444066
glmReserve (refitted means),10251.2489716253
glmReserve (refitted means),9528.49583493658
glmReserve (refitted means),9024.38221412097
glmReserve (refitted means),9766.09514476048
glmReserve (refitted means),9271.60329968931
glmReserve (refitted means),9549.43251565846
glmReserve (refitted means),9360.28165971629
glmReserve (refitted means),9456.64184392486
glmReserve (refitted means),9306.05673677967
glmReserve (refitted means),9092.00552982903
glmReserve (refitted means),9613.21953932852
glmReserve (refitted means),9397.82659803408
glmReserve (refitted means),9486.59842127931
glmReserve (refitted means),9489.30100021812
glmReserve (refitted means),9498.85945244764
glmReserve (refitted means),9284.24274917833
glmReserve (refitted means),9900.16022957946
glmReserve (refitted means),9239.18413436064
glmReserve (refitted means),9610.64346094289
glmReserve (refitted means),9123.10749503593
glmReserve (refitted means),9431.51676747876
glmReserve (refitted means),9508.43190965002
glmReserve (refitted means),9450.66030925801
glmReserve (refitted means),9449.03002457119
glmReserve (refitted means),9457.62379878714
glmReserve (refitted means),9908.33450255442
glmReserve (refitted means),9294.26023738262
glmReserve (refitted means),9578.80592818784
glmReserve (refitted means),9821.17200224764
glmReserve (refitted means),9570.73744360212
glmReserve (refitted means),9465.53027635795
glmReserve (refitted means),9234.95623026343
glmReserve (refitted means),9769.2063824573
glmReserve (refitted means),9434.20891667536
glmReserve (refitted means),9817.71151204862
glmReserve (refitted means),9715.68647424878
glmReserve (refitted means),9409.61794147236
glmReserve (refitted means),9705.93506530351
glmReserve (refitted means),9736.85441072248
glmReserve (refitted means),9829.98105017403
glmReserve (refitted means),9505.97238306483
glmReserve (refitted means),9764.04527517993
glmReserve (refitted means),9290.47859160968
glmReserve (refitted means),10189.5686277313
glmReserve (refitted means),9408.68436600818
glmReserve (refitted means),9249.13224944814
glmReserve (refitted means),9510.4097238613
glmReserve (refitted means),9890.55879556893
glmReserve (refitted means),9440.78988718999
glmReserve (refitted means),9711.00281899968
glmReserve (refitted means),9395.28150237733
glmReserve (refitted means),9217.93246636836
glmReserve (refitted means),9452.85867478367
glmReserve (refitted means),9218.78242141828
glmReserve (refitted means),9453.49869384075
glmReserve (refitted means),9671.01218770461
glmReserve (refitted means),9844.84424964239
glmReserve (refitted means),9804.6695088646
glmReserve (refitted means),9443.06412901019
glmReserve (refitted means),9492.7573082277
glmReserve (refitted means),9452.78307498399
glmReserve (refitted means),9496.2840780019
glmReserve (refitted means),9834.46612015261
glmReserve (refitted means),9471.20971441193
glmReserve (refitted means),9479.84708780603
glmReserve (refitted means),9726.31341124613
glmReserve (refitted means),9490.29038475599
glmReserve (refitted means),9191.10528638948
glmReserve (refitted means),9731.20040924008
glmReserve (refitted means),9728.10054299947
glmReserve (refitted means),9546.15417049416
glmReserve (refitted means),9494.62853438244
glmReserve (refitted means),9720.95856179292
glmReserve (refitted means),9750.45154432568
glmReserve (refitted means),10057.4554645693
glmReserve (refitted means),9157.10244900642
glmReserve (refitted means),9417.47663911152
glmReserve (refitted means),9458.95895099982
glmReserve (refitted means),9505.27178328844
glmReserve (refitted means),9808.67140001076
glmReserve (refitted means),9594.94918582286
glmReserve (refitted means),9441.42324923991
glmReserve (refitted means),9748.12611156345
glmReserve (refitted means),9736.79260046537
glmReserve (refitted means),9159.43128462781
glmReserve (refitted means),9487.11791984402
glmReserve (refitted means),9442.53202738122
glmReserve (refitted means),9436.93602191968
glmReserve (refitted means),9836.78159394608
glmReserve (refitted means),9532.91947603178
glmReserve (refitted means),9375.56791614037
glmReserve (refitted means),9344.50417235326
glmReserve (refitted means),9620.65510167941
glmReserve (refitted means),9551.32940818317
glmReserve (refitted means),9543.8507579765
glmReserve (refitted means),9792.03358523032
glmReserve (refitted means),9553.58503348831
glmReserve (refitted means),10254.744289999
glmReserve (refitted means),9548.18641993627
glmReserve (refitted means),9690.12172349439
glmReserve (refitted means),9660.58810998814
glmReserve (refitted means),9515.42987362052
glmReserve (refitted means),9564.26760776975
glmReserve (refitted means),9109.70615037868
glmReserve (refitted means),9178.42090531158
glmReserve (refitted means),9238.66552336344
glmReserve (refitted means),9423.73251283488
glmReserve (refitted means),9766.43680849354
glmReserve (refitted means),9912.09734274021
glmReserve (refitted means),9594.64970833895
glmReserve (refitted means),9530.33034360043
glmReserve (refitted means),9636.65436517987
glmReserve (refitted means),9423.55002531802
glmReserve (refitted means),9882.88979028077
glmReserve (refitted means),9705.29755658932
glmReserve (refitted means),10321.5977991923
glmReserve (refitted means),9421.90116040518
glmReserve (refitted means),9746.19914321201
glmReserve (refitted means),9666.29119156141
glmReserve (refitted means),9185.71979120102
glmReserve (refitted means),9366.90093572821
glmReserve (refitted means),9309.09016450951
glmReserve (refitted means),9407.46347437574
glmReserve (refitted means),9195.70549822115
glmReserve (refitted means),9579.46385853942
glmReserve (refitted means),9498.7389794274
glmReserve (refitted means),9564.60018721629
glmReserve (refitted means),9243.64990909228
glmReserve (refitted means),9255.84364179881
glmReserve (refitted means),9471.46430205134
glmReserve (refitted means),9596.04985482599
glmReserve (refitted means),9243.0104001971
glmReserve (refitted means),9474.41611572223
glmReserve (refitted means),9861.56959057403
glmReserve (refitted means),9451.92831124043
glmReserve (refitted means),9674.20309703352
glmReserve (refitted means),9550.31706920035
glmReserve (refitted means),9864.52067944521
glmReserve (refitted means),9432.13412331053
glmReserve (refitted means),9876.1911932064
glmReserve (refitted means),9176.2772338664
glmReserve (refitted means),9790.94462089702
glmReserve (refitted means),9519.26615920489
glmReserve (refitted means),9501.42267112145
glmReserve (refitted means),9518.91995397551
glmReserve (refitted means),9628.45924875064
glmReserve (refitted means),9785.56165455839
glmReserve (refitted means),9169.59378048439
glmReserve (refitted means),9459.78296640966
glmReserve (refitted means),9514.68409054306
glmReserve (refitted means),9971.62132931838
glmReserve (refitted means),9726.76799154938
glmReserve (refitted means),10195.9291700196
glmReserve (refitted means),9517.67146337602
glmReserve (refitted means),10100.3380300416
glmReserve (refitted means),9304.10548433737
glmReserve (refitted means),9309.38067708045
glmReserve (refitted means),9595.06335635661
glmReserve (refitted means),9600.36588267511
glmReserve (refitted means),9569.3984245898
glmReserve (refitted means),10086.5006530078
glmReserve (refitted means),9626.45199066582
glmReserve (refitted means),9409.83653311735
glmReserve (refitted means),9658.86944986928
glmReserve (refitted means),9688.0176942898
glmReserve (refitted means),9713.39958515704
glmReserve (refitted means),9355.56987014846
glmReserve (refitted means),9343.26116219025
glmReserve (refitted means),9233.76139756497
glmReserve (refitted means),9901.03539137501
glmReserve (refitted means),9610.36141174497
glmReserve (refitted means),9168.80756956368
glmReserve (refitted means),9918.69572990024
glmReserve (refitted means),9615.62660177484
glmReserve (refitted means),9292.87793714495
glmReserve (refitted means),9250.61330810343
glmReserve (refitted means),9507.47669312795
glmReserve (refitted means),9171.97996731194
glmReserve (refitted means),9525.61248818503
glmReserve (refitted means),9356.36107046249
glmReserve (refitted means),9638.4272440644
glmReserve (refitted means),9609.16286196919
glmReserve (refitted means),9352.35715343658
glmReserve (refitted means),10031.3929011612
glmReserve (refitted means),9883.31799673777
glmReserve (refitted means),9396.97097051075
glmReserve (refitted means),9690.75788977159
glmReserve (refitted means),9506.37288252129
glmReserve (refitted means),9728.664801603
glmReserve (refitted means),9945.80465698672
glmReserve (refitted means),9307.10501984207
glmReserve (refitted means),9282.97677851816
glmReserve (refitted means),9580.99499722849
glmReserve (refitted means),9992.91036719337
glmReserve (refitted means),9623.75912049485
glmReserve (refitted means),9353.08476159081
glmReserve (refitted means),9406.02646499004
glmReserve (refitted means),9510.55572115201
glmReserve (refitted means),9895.07477454745
glmReserve (refitted means),9510.87192824047
glmReserve (refitted means),9198.8293855169
glmReserve (refitted means),9697.30309386552
glmReserve (refitted means),9481.17380870682
glmReserve (refitted means),9990.9149784938
glmReserve (refitted means),9327.15072615129
glmReserve (refitted means),9604.39032941784
glmReserve (refitted means),9931.56470520786
glmReserve (refitted means),9780.45596687702
glmReserve (refitted means),9425.18122655376
glmReserve (refitted means),9703.85673752622
glmReserve (refitted means),9914.26738453309
glmReserve (refitted means),9400.51155481437
glmReserve (refitted means),9697.98610459828
glmReserve (refitted means),9435.12076840547
glmReserve (refitted means),9642.57654142337
glmReserve (refitted means),9583.24768438143
glmReserve (refitted means),9518.89568187806
glmReserve (refitted means),9582.19006581663
glmReserve (refitted means),9183.52922212116
glmReserve (refitted means),9159.00033844811
glmReserve (refitted means),9633.61964882499
glmReserve (refitted means),9295.11526549636
glmReserve (refitted means),9460.38745173641
glmReserve (refitted means),9663.2182127427
glmReserve (refitted means),9849.66887503294
glmReserve (refitted means),9454.74726468909
glmReserve (refitted means),9671.8628131065
glmReserve (refitted means),9316.03088266557
glmReserve (refitted means),9971.40047750112
glmReserve (refitted means),9737.93446297849
glmReserve (refitted means),9446.98601839005
glmReserve (refitted means),9381.09092342533
glmReserve (refitted means),9395.65034581787
glmReserve (refitted means),9431.92782311375
glmReserve (refitted means),9787.14806947935
glmReserve (refitted means),9176.22472613256
glmReserve (refitted means),9840.08765591379
glmReserve (refitted means),9374.04806433373
glmReserve (refitted means),9535.01897917831
glmReserve (refitted means),9674.80767336758
glmReserve (refitted means),9021.83347195471
glmReserve (refitted means),9503.83976068375
glmReserve (refitted means),9604.71686590297
glmReserve (refitted means),9480.02883542109
glmReserve (refitted means),9661.19597548311
glmReserve (refitted means),9454.93835547582
glmReserve (refitted means),9621.4775266703
glmReserve (refitted means),10037.0348334258
glmReserve (refitted means),9662.13689818154
glmReserve (refitted means),9590.60846082436
glmReserve (refitted means),9217.63124038775
glmReserve (refitted means),9505.91658017247
glmReserve (refitted means),9321.0665243827
glmReserve (refitted means),9445.37254698519
glmReserve (refitted means),9800.63896115946
glmReserve (refitted means),9508.89238860505
glmReserve (refitted means),9246.25349016191
glmReserve (refitted means),9495.18041763659
glmReserve (refitted means),9730.66818413365
glmReserve (refitted means),9712.26447488427
glmReserve (refitted means),9608.35760994262
glmReserve (refitted means),9391.8153911108
glmReserve (refitted means),9454.98587965974
glmReserve (refitted means),9395.98595793139
glmReserve (refitted means),9600.5829123915
glmReserve (refitted means),9201.65642568651
glmReserve (refitted means),9356.84884797833
glmReserve (refitted means),9597.36716569199
glmReserve (refitted means),9217.51824436591
glmReserve (refitted means),9652.12654150651
glmReserve (refitted means),9492.20319592622
glmReserve (refitted means),9770.93272620084
glmReserve (refitted means),10069.1364187016
glmReserve (refitted means),9232.30857401361
glmReserve (refitted means),10058.3282952977
glmReserve (refitted means),9450.76675204103
glmReserve (refitted means),9459.28261887043
glmReserve (refitted means),9652.256338043
glmReserve (refitted means),9094.17276442705
glmReserve (refitted means),9703.09084852831
glmReserve (refitted means),9582.49373564538
glmReserve (refitted means),9588.92557990449
glmReserve (refitted means),9561.9360363292
glmReserve (refitted means),9461.01215697171
glmReserve (refitted means),9583.20843925424
glmReserve (refitted means),9583.26843768756
glmReserve (refitted means),9283.50970034405
glmReserve (refitted means),9582.45020737787
glmReserve (refitted means),9623.3896446117
glmReserve (refitted means),9700.04414684112
glmReserve (refitted means),9492.99071027757
glmReserve (refitted means),9579.58476314994
glmReserve (refitted means),9209.77843247713
glmReserve (refitted means),9158.1284603837
glmReserve (refitted means),9051.17307008291
glmReserve (refitted means),9549.37721019163
glmReserve (refitted means),9423.53651542768
glmReserve (refitted means),9512.54437314516
glmReserve (refitted means),9501.56833529794
glmReserve (refitted means),9338.93029210808
glmReserve (refitted means),9158.76912586687
glmReserve (refitted means),9637.63892974095
glmReserve (refitted means),9296.21755888833
glmReserve (refitted means),9913.91566987006
glmReserve (refitted means),9753.88200014114
glmReserve (refitted means),9163.27622090235
glmReserve (refitted means),9820.56861931974
glmReserve (refitted means),9366.14572865353
glmReserve (refitted means),9529.42971604629
glmReserve (refitted means),9440.91839823244
glmReserve (refitted means),9484.6789708415
glmReserve (refitted means),10215.218850479
glmReserve (refitted means),9247.80069135699
glmReserve (refitted means),9443.74264552372
glmReserve (refitted means),9550.09870016495
glmReserve (refitted means),9425.92670729275
glmReserve (refitted means),9357.40691884644
glmReserve (refitted means),9418.953785849
glmReserve (refitted means),9692.60483251466
glmReserve (refitted means),9529.28551413235
glmReserve (refitted means),9498.21700615725
glmReserve (refitted means),9385.32582151612
glmReserve (refitted means),9357.96375881317
glmReserve (refitted means),9463.15488010132
glmReserve (refitted means),9432.32764045757
glmReserve (refitted means),9864.82968665677
glmReserve (refitted means),9476.77198407136
glmReserve (refitted means),9293.6767679308
glmReserve (refitted means),9463.14217510287
glmReserve (refitted means),9716.34330610918
glmReserve (refitted means),9653.31395641777
glmReserve (refitted means),9789.55280213836
glmReserve (refitted means),9124.23044112657
glmReserve (refitted means),9727.27091629945
glmReserve (refitted means),9339.61630610067
glmReserve (refitted means),9673.17984644721
glmReserve (refitted means),10053.1490398656
glmReserve (refitted means),9472.11823435558
glmReserve (refitted means),9512.01205677394
glmReserve (refitted means),9272.92749313601
glmReserve (refitted means),9708.15850711863
glmReserve (refitted means),9750.8544584447
glmReserve (refitted means),9640.5905731555
glmReserve (refitted means),9536.81512049333
glmReserve (refitted means),9620.73456401665
glmReserve (refitted means),9730.96207997978
glmReserve (refitted means),9473.8557985582
glmReserve (refitted means),9039.23626888166
glmReserve (refitted means),9706.94298077506
glmReserve (refitted means),9164.37815197522
glmReserve (refitted means),9512.1677139151
glmReserve (refitted means),9563.74318945799
glmReserve (refitted means),9453.32353860663
glmReserve (refitted means),9663.52069725308
glmReserve (refitted means),9413.49310467024
glmReserve (refitted means),9447.17996128087
glmReserve (refitted means),9323.35401569907
glmReserve (refitted means),9498.06284054335
glmReserve (refitted means),9516.63000314817
glmReserve (refitted means),9129.743477626
glmReserve (refitted means),9360.43155552915
glmReserve (refitted means),10024.5849158236
glmReserve (refitted means),9422.63316390641
glmReserve (refitted means),9335.13092171797
glmReserve (refitted means),9131.45173734292
glmReserve (refitted means),9100.16188524637
glmReserve (refitted means),9638.64896334345
glmReserve (refitted means),9348.23328088913
glmReserve (refitted means),9453.55121634188
glmReserve (refitted means),9340.85229596175
glmReserve (refitted means),9177.29940697277
glmReserve (refitted means),9659.64715866385
glmReserve (refitted means),10142.6974936914
glmReserve (refitted means),9417.16089174306
glmReserve (refitted means),9250.86423921822
glmReserve (refitted means),9780.27420770417
glmReserve (refitted means),9315.89150696036
glmReserve (refitted means),9778.94593718737
glmReserve (refitted means),9691.94565353207
glmReserve (refitted means),9400.68821344876
glmReserve (refitted means),9456.68833385374
glmReserve (refitted means),9633.59836392731
glmReserve (refitted means),9617.22743458449
glmReserve (refitted means),9490.86995180836
glmReserve (refitted means),9461.01298987143
glmReserve (refitted means),9522.33482912552
glmReserve (refitted means),9714.58831743571
glmReserve (refitted means),9417.32232905947
glmReserve (refitted means),9473.32987385563
glmReserve (refitted means),9580.42183149314
glmReserve (refitted means),9701.63962621257
glmReserve (refitted means),9528.52038321259
glmReserve (refitted means),9789.37584000902
glmReserve (refitted means),9471.1417328992
glmReserve (refitted means),9590.00801774527
glmReserve (refitted means),9432.08042338446
glmReserve (refitted means),9274.08914946618
glmReserve (refitted means),9520.59959934718
glmReserve (refitted means),9667.71121069656
glmReserve (refitted means),9835.21378396565
glmReserve (refitted means),9751.97983556564
glmReserve (refitted means),9331.75249145619
glmReserve (refitted means),9724.59178183063
glmReserve (refitted means),9829.57888405278
glmReserve (refitted means),9535.08455381946
glmReserve (refitted means),9606.3232271296
glmReserve (refitted means),9261.62489726304
glmReserve (refitted means),9529.74062148277
glmReserve (refitted means),9045.45976666583
glmReserve (refitted means),9486.95013989582
glmReserve (refitted means),9852.05136834172
glmReserve (refitted means),9375.09987967617
glmReserve (refitted means),9254.06697808886
glmReserve (refitted means),9930.32165804522
glmReserve (refitted means),9549.23006192175
glmReserve (refitted means),9675.6595580514
glmReserve (refitted means),9347.95120309537
glmReserve (refitted means),9163.89019838205
glmReserve (refitted means),9903.55838757673
glmReserve (refitted means),9403.68588175081
glmReserve (refitted means),9234.83319911666
glmReserve (refitted means),9242.15642309786
glmReserve (refitted means),9392.39262825504
glmReserve (refitted means),9210.08356484858
glmReserve (refitted means),9612.6589539871
glmReserve (refitted means),9858.16065436649
glmReserve (refitted means),9364.20315984513
glmReserve (refitted means),9248.36298886198
glmReserve (refitted means),9730.52202041811
glmReserve (refitted means),9555.1195916504
glmReserve (refitted means),9553.02498688855
glmReserve (refitted means),9504.52159721367
glmReserve (refitted means),9590.56718723647
glmReserve (refitted means),9675.13236630608
glmReserve (refitted means),9598.73975381351
glmReserve (refitted means),9393.63155358632
glmReserve (refitted means),9726.18308761436
glmReserve (refitted means),10194.9874172484
glmReserve (refitted means),9296.53093352056
glmReserve (refitted means),9884.92068738618
glmReserve (refitted means),9567.69379282731
glmReserve (refitted means),9250.2734067533
glmReserve (refitted means),9580.01059587193
glmReserve (refitted means),9195.68541239786
glmReserve (refitted means),9387.25403111881
glmReserve (refitted means),9763.01310470557
glmReserve (refitted means),9714.68030488347
glmReserve (refitted means),9223.09793480107
glmReserve (refitted means),9610.53802320005
glmReserve (refitted means),9268.06378961207
glmReserve (refitted means),9720.07359527619
glmReserve (refitted means),9766.8109095438
glmReserve (refitted means),9501.2980820658
glmReserve (refitted means),9725.51294767487
glmReserve (refitted means),9874.26720911217
glmReserve (refitted means),9396.61057597654
glmReserve (refitted means),9561.01077996517
glmReserve (refitted means),9459.54841324487
glmReserve (refitted means),9316.63886068261
glmReserve (refitted means),9488.7845003319
glmReserve (refitted means),9220.81713073716
glmReserve (refitted means),10004.0974642764
glmReserve (refitted means),9779.66169550121
glmReserve (refitted means),9616.35071363881
glmReserve (refitted means),9791.07107207629
glmReserve (refitted means),9712.83507445925
glmReserve (refitted means),9553.12146083859
glmReserve (refitted means),9454.06761497606
glmReserve (refitted means),9365.92732292543
glmReserve (refitted means),8994.16791307667
glmReserve (refitted means),9664.20730219497
glmReserve (refitted means),9413.27058717003
glmReserve (refitted means),9306.60618368184
glmReserve (refitted means),9828.32691569835
glmReserve (refitted means),9504.3053896909
glmReserve (refitted means),9629.69179057693
glmReserve (refitted means),9522.07338452973
glmReserve (refitted means),9415.10024624162
glmReserve (refitted means),9346.11742872553
glmReserve (refitted means),9444.23321558816
glmReserve (refitted means),9650.12787179389
glmReserve (refitted means),9667.1956698253
glmReserve (refitted means),9638.3884475117
glmReserve (refitted means),9572.76476870657
glmReserve (refitted means),9357.83088856357
glmReserve (refitted means),9406.60768496528
glmReserve (refitted means),9755.80079112146
glmReserve (refitted means),9394.01104909681
glmReserve (refitted means),9720.61518355251
glmReserve (refitted means),9887.14458966669
glmReserve (refitted means),9388.03549615912
glmReserve (refitted means),9797.23069412147
glmReserve (refitted means),9828.53734305715
glmReserve (refitted means),9148.57757396182
glmReserve (refitted means),9552.38709828898
glmReserve (refitted means),9773.96755237606
glmReserve (refitted means),9443.03458115506
glmReserve (refitted means),9509.00651821075
glmReserve (refitted means),9235.05792573751
glmReserve (refitted means),9174.47562103871
glmReserve (refitted means),9603.6195811009
glmReserve (refitted means),9084.37352971574
glmReserve (refitted means),9380.16835974582
glmReserve (refitted means),9548.53152707419
glmReserve (refitted means),9749.51573053945
glmReserve (refitted means),9650.49348886761
glmReserve (refitted means),9129.51879056535
glmReserve (refitted means),9255.07450552108
glmReserve (refitted means),9547.27308065323
glmReserve (refitted means),9415.52470286199
glmReserve (refitted means),9631.33572686398
glmReserve (refitted means),9518.80080302235
glmReserve (refitted means),9476.47299957818
glmReserve (refitted means),9554.07797645779
glmReserve (refitted means),9375.60811968937
glmReserve (refitted means),9450.69729964539
glmReserve (refitted means),9503.27817908263
glmReserve (refitted means),9499.80329053541
glmReserve (refitted means),9310.50713095044
glmReserve (refitted means),9440.19567033135
glmReserve (refitted means),9425.88215001279
glmReserve (refitted means),9818.75700856972
glmReserve (refitted means),9566.29476854251
glmReserve (refitted means),9928.98186643432
glmReserve (refitted means),9602.52440518424
glmReserve (refitted means),9536.782376526
glmReserve (refitted means),9721.62041327534
glmReserve (refitted means),9885.90675685426
glmReserve (refitted means),9333.43378699258
glmReserve (refitted means),9639.91099029163
glmReserve (refitted means),9494.58974840365
glmReserve (refitted means),9555.7111950326
glmReserve (refitted means),9457.77064903864
glmReserve (refitted means),9533.29355924619
glmReserve (refitted means),9158.4962064639
glmReserve (refitted means),9709.46193002595
glmReserve (refitted means),9701.29768771269
glmReserve (refitted means),9077.83573118898
glmReserve (refitted means),9586.78557560829
glmReserve (refitted means),9202.95605488718
glmReserve (refitted means),9403.55342950175
glmReserve (refitted means),9741.61304928298
glmReserve (refitted means),9227.75686756208
glmReserve (refitted means),9190.8842748345
glmReserve (refitted means),9761.27937925517
glmReserve (refitted means),9276.96801089568
glmReserve (refitted means),9613.91189748344
glmReserve (refitted means),9161.69413679135
glmReserve (refitted means),9178.11724467351
glmReserve (refitted means),9221.22053889941
glmReserve (refitted means),9693.44515133804
glmReserve (refitted means),10040.3031919703
glmReserve (refitted means),9530.28441659495
glmReserve (refitted means),9806.94653840968
glmReserve (refitted means),9860.91878603642
glmReserve (refitted means),9269.3015631677
glmReserve (refitted means),9537.3552061317
glmReserve (refitted means),9615.62077662789
glmReserve (refitted means),9706.49541008751
glmReserve (refitted means),9353.29404672886
glmReserve (refitted means),9215.40416491649
glmReserve (refitted means),9610.91750163522
glmReserve (refitted means),9376.16383077323
glmReserve (refitted means),9224.41099257487
glmReserve (refitted means),9741.06733934904
glmReserve (refitted means),9689.99720947649
glmReserve (refitted means),9142.09374837339
glmReserve (refitted means),9410.69472033792
glmReserve (refitted means),9692.14618628123
glmReserve (refitted means),9598.21547805565
glmReserve (refitted means),9330.44949969697
glmReserve (refitted means),9619.95465339985
glmReserve (refitted means),9619.1933475511
glmReserve (refitted means),9287.23913060767
glmReserve (refitted means),9344.84932034121
glmReserve (refitted means),9402.72060215493
glmReserve (refitted means),9356.27973482928
glmReserve (refitted means),9761.27919174046
glmReserve (refitted means),10340.7657869446
glmReserve (refitted means),9242.61089677063
glmReserve (refitted means),9540.56162091547
glmReserve (refitted means),9146.91650357735
glmReserve (refitted means),9292.08301772464
glmReserve (refitted means),9811.49284184
glmReserve (refitted means),9327.02455293581
glmReserve (refitted means),9518.52997593842
glmReserve (refitted means),9979.31794722854
glmReserve (refitted means),9803.80307156856
glmReserve (refitted means),9728.0229879051
glmReserve (refitted means),9857.03664376851
glmReserve (refitted means),9451.30351632754
glmReserve (refitted means),9698.82194925086
glmReserve (refitted means),9723.46142314649
glmReserve (refitted means),9448.96411914587
glmReserve (refitted means),9737.59021390936
glmReserve (refitted means),9576.28712841349
glmReserve (refitted means),9211.43792852077
glmReserve (refitted means),9816.23776452813
glmReserve (refitted means),9425.23431831733
glmReserve (refitted means),9459.91469599461
glmReserve (refitted means),9723.86719416492
glmReserve (refitted means),9578.78119541627
glmReserve (refitted means),9604.1371914015
glmReserve (refitted means),9188.08672321283
glmReserve (refitted means),9410.73678088402
glmReserve (refitted means),9295.94717826757
glmReserve (refitted means),9328.65798224715
glmReserve (refitted means),9849.06537269923
glmReserve (refitted means),9307.26721889135
glmReserve (refitted means),9551.98680222369
glmReserve (refitted means),9701.85343510519
glmReserve (refitted means),9503.00982149967
glmReserve (refitted means),9680.0986691261
glmReserve (refitted means),9634.93582020132
glmReserve (refitted means),9619.2116181392
glmReserve (refitted means),9603.50054612089
glmReserve (refitted means),9656.38784705502
glmReserve (refitted means),9571.15448249571
glmReserve (refitted means),9189.49930094031
glmReserve (refitted means),9183.21734371282
glmReserve (refitted means),9717.11896701746
glmReserve (refitted means),9481.23281979934
glmReserve (refitted means),9125.12286880669
glmReserve (refitted means),9771.8104303326
glmReserve (refitted means),9607.75495448854
glmReserve (refitted means),9561.27214282924
glmReserve (refitted means),9209.98486712742
glmReserve (refitted means),9374.21141634984
glmReserve (refitted means),9364.64435205999
glmReserve (refitted means),9484.89684758309
glmReserve (refitted means),9441.31923544419
glmReserve (refitted means),9299.04161135985
glmReserve (refitted means),9938.40209402673
glmReserve (refitted means),9628.15842546771
glmReserve (refitted means),10098.4574486112
glmReserve (refitted means),9406.86224909954
glmReserve (refitted means),9722.39504079756
glmReserve (refitted means),9761.62210817055
glmReserve (refitted means),9260.36504732264
glmReserve (refitted means),9522.38053571953
glmReserve (refitted means),9647.83684763071
glmReserve (refitted means),9607.53030620022
glmReserve (refitted means),9335.89294612629
glmReserve (refitted means),9635.99180274543
glmReserve (refitted means),9539.50276223532
glmReserve (refitted means),9635.59211951181
glmReserve (refitted means),9730.38605855556
glmReserve (refitted means),10253.4992190173
glmReserve (refitted means),9522.33100224269
glmReserve (refitted means),9750.70380953394
glmReserve (refitted means),9540.52564873217
glmReserve (refitted means),9627.78564775777
glmReserve (refitted means),9191.41315806853
glmReserve (refitted means),9529.45988267653
glmReserve (refitted means),9421.27080008647
glmReserve (refitted means),9553.62415249793
glmReserve (refitted means),9946.15323688051
glmReserve (refitted means),9707.63727019251
glmReserve (refitted means),9680.70104315398
glmReserve (refitted means),9127.72884547535
glmReserve (refitted means),9125.40987070662
glmReserve (refitted means),9990.39659180712
glmReserve (refitted means),9439.72620181624
glmReserve (refitted means),9697.76181976926
glmReserve (refitted means),9393.85986104091
glmReserve (refitted means),9361.03379748098
glmReserve (refitted means),9539.76782068089
glmReserve (refitted means),9876.92633118927
glmReserve (refitted means),9666.20243545346
glmReserve (refitted means),9605.54771764406
glmReserve (refitted means),9153.42524992832
glmReserve (refitted means),9326.30250075551
glmReserve (refitted means),9537.34534744107
glmReserve (refitted means),9438.44085683664
glmReserve (refitted means),9309.23948372637
glmReserve (refitted means),9542.02591429874
glmReserve (refitted means),9390.43242338693
glmReserve (refitted means),9845.88077957534
glmReserve (refitted means),9806.61701073469
glmReserve (refitted means),9395.85011565606
glmReserve (refitted means),9382.99353314516
glmReserve (refitted means),9346.93349304826
glmReserve (refitted means),9375.41125866829
glmReserve (refitted means),9448.17906376169
glmReserve (refitted means),9269.26744104896
glmReserve (refitted means),10042.093602648
glmReserve (refitted means),9224.3692114258
glmReserve (refitted means),9424.01639276386
glmReserve (refitted means),9199.97456810628
glmReserve (refitted means),9422.22452905325
glmReserve (refitted means),9121.44005036561
glmReserve (refitted means),9877.93826029407
glmReserve (refitted means),9538.23511204885
glmReserve (refitted means),9089.5959203943
glmReserve (refitted means),9818.22146256073
glmReserve (refitted means),8985.25820241145
glmReserve (refitted means),9476.32193507848
glmReserve (refitted means),9529.49893277717
glmReserve (refitted means),9664.02740737889
glmReserve (refitted means),9568.93183362864
glmReserve (refitted means),9778.86755815635
glmReserve (refitted means),9512.14616191335
glmReserve (refitted means),9612.5454310216
glmReserve (refitted means),9581.2090468864
glmReserve (refitted means),9924.01268188822
glmReserve (refitted means),9568.49721781309
glmReserve (refitted means),9545.92907928867
glmReserve (refitted means),9174.39456971051
glmReserve (refitted means),9615.02552054454
glmReserve (refitted means),9315.01060264185
glmReserve (refitted means),9663.35141985679
glmReserve (refitted means),9161.4486597947
glmReserve (refitted means),9736.86637414947
glmReserve (refitted means),9712.95775511011
glmReserve (refitted means),9440.66409590098
glmReserve (refitted means),9394.53166670361
glmReserve (refitted means),10068.8852817702
glmReserve (refitted means),9374.83459208337
glmReserve (refitted means),9740.44012102433
glmReserve (refitted means),9714.56906093816
glmReserve (refitted means),9559.48843108566
glmReserve (refitted means),9515.64163938485
glmReserve (refitted means),9896.86071473913
glmReserve (refitted means),9535.24789762051
glmReserve (refitted means),9252.30379950602
glmReserve (refitted means),9298.37827668258
glmReserve (refitted means),9606.33085415262
glmReserve (refitted means),9272.06297209845
glmReserve (refitted means),9676.02628570604
glmReserve (refitted means),9323.01406375024
glmReserve (refitted means),9376.6114825576
glmReserve (refitted means),10112.5093232649
glmReserve (refitted means),10005.7414274649
glmReserve (refitted means),9595.9004449862
glmReserve (refitted means),10124.0586090714
glmReserve (refitted means),9364.80537490256
glmReserve (refitted means),9672.89266702632
glmReserve (refitted means),10129.6261737862
glmReserve (refitted means),9823.81492896916
glmReserve (refitted means),9540.13711318665
glmReserve (refitted means),9668.05022792119
glmReserve (refitted means),9215.19391535219
glmReserve (refitted means),9037.1095374363
glmReserve (refitted means),9129.84559152107
glmReserve (refitted means),9557.29124892389
glmReserve (refitted means),9763.94529206146
glmReserve (refitted means),9850.14808986494
glmReserve (refitted means),9596.08142028146
glmReserve (refitted means),9095.140501031
glmReserve (refitted means),9310.11153693041
glmReserve (refitted means),9599.10102963138
glmReserve (refitted means),9733.48681189023
glmReserve (refitted means),9266.60090988354
glmReserve (refitted means),9500.81066489523
glmReserve (refitted means),10343.277559278
glmReserve (refitted means),9765.74117924425
glmReserve (refitted means),9584.14969796065
glmReserve (refitted means),9665.89387028259
glmReserve (refitted means),9511.42714056101
glmReserve (refitted means),9606.36292519847
glmReserve (refitted means),9285.03052116811
glmReserve (refitted means),9905.91892648524
glmReserve (refitted means),9596.81974165361
glmReserve (refitted means),9243.73407170004
glmReserve (refitted means),9386.92186577957
glmReserve (refitted means),9320.45026714939
glmReserve (refitted means),9726.67823912087
glmReserve (refitted means),9289.2860590219
glmReserve (refitted means),9526.08654272627
glmReserve (refitted means),9818.96565712477
glmReserve (refitted means),9225.03511492765
glmReserve (refitted means),9652.40774038372
glmReserve (refitted means),9322.68470273829
glmReserve (refitted means),9278.57011860459
glmReserve (refitted means),9607.80336303764
glmReserve (refitted means),9555.71157534468
glmReserve (refitted means),9461.68946791798
glmReserve (refitted means),9206.46387265032
glmReserve (refitted means),9340.13201755713
glmReserve (refitted means),9281.24704108823
glmReserve (refitted means),9456.21397205103
glmReserve (refitted means),9635.86168462565
glmReserve (refitted means),9534.67301791033
glmReserve (refitted means),9342.10195389481
glmReserve (refitted means),9591.42415591899
glmReserve (refitted means),9745.39034299163
glmReserve (refitted means),9593.7259176687
glmReserve (refitted means),9277.2181341937
glmReserve (refitted means),9047.60202857643
glmReserve (refitted means),9362.5850369145
glmReserve (refitted means),9405.50913632469
glmReserve (refitted means),9567.73326592696
glmReserve (refitted means),9476.48963317875
glmReserve (refitted means),9425.09319836151
glmReserve (refitted means),9540.59535061353
glmReserve (refitted means),9764.21597179848
glmReserve (refitted means),9259.72398409734
glmReserve (refitted means),9151.45931860531
glmReserve (refitted means),9506.98165621594
glmReserve (refitted means),9359.31040990994
glmReserve (refitted means),9743.06633690821
glmReserve (refitted means),9605.27405751013
glmReserve (refitted means),9646.81819890391
glmReserve (refitted means),9838.17779574961
glmReserve (refitted means),9310.9011639204
glmReserve (refitted means),9620.49997584511
glmReserve (refitted means),9367.31101719638
glmReserve (refitted means),9295.70050395648
glmReserve (refitted means),9263.14661609644
glmReserve (refitted means),9510.93104007217
glmReserve (refitted means),9758.62205716322
glmReserve (refitted means),9524.3781324526
glmReserve (refitted means),9359.51932029066
glmReserve (refitted means),9534.53553601145
glmReserve (refitted means),9203.03178002949
glmReserve (refitted means),9319.75637302686
glmReserve (refitted means),9261.96016861609
glmReserve (refitted means),9895.88383537854
glmReserve (refitted means),9217.9096862978
glmReserve (refitted means),9915.36416553849
glmReserve (refitted means),9420.62086889513
glmReserve (refitted means),9456.23749873199
glmReserve (refitted means),9526.65235896486
glmReserve (refitted means),9545.01724871868
glmReserve (refitted means),9567.26827035362
glmReserve (refitted means),9454.88159824338
glmReserve (refitted means),9758.39714476546
glmReserve (refitted means),9665.28120745314
glmReserve (refitted means),9874.05330366764
glmReserve (refitted means),9650.93084814548
glmReserve (refitted means),9310.18273441953
glmReserve (refitted means),9463.9419049635
glmReserve (refitted means),9384.29852457631
glmReserve (refitted means),9152.69314686704
glmReserve (refitted means),9559.15021134481
glmReserve (refitted means),9766.53167411478
glmReserve (refitted means),9602.89766853509
glmReserve (refitted means),9417.48455810371
glmReserve (refitted means),9293.9032175261
glmReserve (refitted means),9437.39477712461
glmReserve (refitted means),9612.94951297068
glmReserve (refitted means),9342.09658840455
glmReserve (refitted means),9696.38402638906
glmReserve (refitted means),9082.36572911977
glmReserve (refitted means),9623.47890472853
glmReserve (refitted means),9429.04623105071
glmReserve (refitted means),9333.10262398396
glmReserve (refitted means),9335.83128103124
glmReserve (refitted means),9479.43724140367
glmReserve (refitted means),10035.0356189406
glmReserve (refitted means),9435.33033916349
glmReserve (refitted means),9074.20985118712
glmReserve (refitted means),9723.29138557022
glmReserve (refitted means),9515.40385572598
E&V 1999,9754.13724196796
E&V 1999,9507.76089074778
E&V 1999,10233.4337959579
E&V 1999,9378.68893007007
E&V 1999,9299.67149929817
E&V 1999,9005.47715003501
E&V 1999,9781.69353050013
E&V 1999,9402.0900064373
E&V 1999,9378.25169399868
E&V 1999,9450.00943473473
E&V 1999,9119.68503504422
E&V 1999,9520.65092167451
E&V 1999,9532.81013521482
E&V 1999,9654.58342152072
E&V 1999,9440.43988037674
E&V 1999,9725.02971481347
E&V 1999,9875.9017428223
E&V 1999,9286.67181685161
E&V 1999,9930.75888272021
E&V 1999,9287.07833112739
E&V 1999,9815.85005325735
E&V 1999,9201.2361250494
E&V 1999,9700.24555334085
E&V 1999,9339.54667952986
E&V 1999,9502.5977435015
E&V 1999,9699.78356131507
E&V 1999,9460.30940705312
E&V 1999,10063.3871525556
E&V 1999,9609.95556247116
E&V 1999,9083.73721994663
E&V 1999,9391.7951921679
E&V 1999,9627.03099791104
E&V 1999,9372.35998066751
E&V 1999,9747.76685301269
E&V 1999,9460.74428357074
E&V 1999,9501.3467544603
E&V 1999,9645.70255288611
E&V 1999,9349.42943189374
E&V 1999,9291.88602760387
E&V 1999,9252.91774329556
E&V 1999,9309.43355551293
E&V 1999,9258.49422578666
E&V 1999,9488.50329286551
E&V 1999,9516.14650779798
E&V 1999,9780.07087293147
E&V 1999,9731.29081519579
E&V 1999,9599.18733347689
E&V 1999,9390.90850553741
E&V 1999,9453.58787144838
E&V 1999,9462.77702661469
E&V 1999,9595.46643822965
E&V 1999,9132.32936875268
E&V 1999,9825.03965915041
E&V 1999,9662.62235065273
E&V 1999,9632.96460455077
E&V 1999,9571.88568658646
E&V 1999,9413.73942211353
E&V 1999,9413.0235495193
E&V 1999,9813.5222846604
E&V 1999,9679.02856663915
E&V 1999,9334.98840956389
E&V 1999,9287.27086494546
E&V 1999,9804.06564848811
E&V 1999,9390.67113146932
E&V 1999,9570.33544874391
E&V 1999,9491.87592625655
E&V 1999,9289.69391477524
E&V 1999,10411.2935600501
E&V 1999,9644.30406096289
E&V 1999,9673.60544201402
E&V 1999,9753.74018511161
E&V 1999,9655.61541403366
E&V 1999,9626.34630155786
E&V 1999,9412.52582651586
E&V 1999,9239.94809888009
E&V 1999,9250.32552895528
E&V 1999,9292.87610154658
E&V 1999,9303.31351187594
E&V 1999,9400.12131055957
E&V 1999,9666.14420267433
E&V 1999,9280.51552930585
E&V 1999,9303.87123550923
E&V 1999,9329.41378596611
E&V 1999,9839.48866801414
E&V 1999,9134.57766550217
E&V 1999,9900.93428211298
E&V 1999,9310.19024238473
E&V 1999,9443.08242745112
E&V 1999,9118.30754404782
E&V 1999,9633.02482932618
E&V 1999,9446.59215347823
E&V 1999,9341.88492268211
E&V 1999,9386.35212958025
E&V 1999,9552.20333244361
E&V 1999,9385.02650569892
E&V 1999,9363.52713887336
E&V 1999,9265.07000426984
E&V 1999,9256.93179095984
E&V 1999,9508.57241026771
E&V 1999,9300.19126702556
E&V 1999,9386.77153946274
E&V 1999,9351.29320131536
E&V 1999,9051.60037744495
E&V 1999,9511.74068883308
E&V 1999,9731.16023023625
E&V 1999,9425.74771133578
E&V 1999,9662.13480376345
E&V 1999,9396.94204144864
E&V 1999,9325.57924048778
E&V 1999,9306.4150915273
E&V 1999,9395.35122017631
E&V 1999,9500.13532098937
E&V 1999,9682.686625478
E&V 1999,9471.96509149048
E&V 1999,9792.48474730157
E&V 1999,9387.46215117962
E&V 1999,9307.7401821898
E&V 1999,9120.31829624586
E&V 1999,9615.62023017051
E&V 1999,9447.4210909531
E&V 1999,9061.46223967464
E&V 1999,9262.67046567963
E&V 1999,9440.72161168076
E&V 1999,9658.53924592581
E&V 1999,9700.40368833496
E&V 1999,9404.47478452432
E&V 1999,9171.32673127504
E&V 1999,9596.32051479631
E&V 1999,9637.74848303999
E&V 1999,9691.42831978516
E&V 1999,9695.22594941205
E&V 1999,9661.66285692609
E&V 1999,9205.50576478316
E&V 1999,9919.42287186528
E&V 1999,9088.58277499923
E&V 1999,9493.74127348783
E&V 1999,9692.60707218024
E&V 1999,9538.43511959241
E&V 1999,9553.82709742214
E&V 1999,9438.89603725874
E&V 1999,9459.49411483009
E&V 1999,9105.99990693576
E&V 1999,9232.30743131191
E&V 1999,9347.13366949498
E&V 1999,10136.9720393813
E&V 1999,9332.05273664913
E&V 1999,9522.12499402376
E&V 1999,9558.00566555882
E&V 1999,9341.97948608298
E&V 1999,9028.86712342262
E&V 1999,9420.1701443664
E&V 1999,9548.90072997243
E&V 1999,9382.82034423291
E&V 1999,9420.4594180161
E&V 1999,9610.38872161509
E&V 1999,9431.92619206991
E&V 1999,9537.68752883796
E&V 1999,9805.44403448939
E&V 1999,9309.63557626634
E&V 1999,9476.6077338822
E&V 1999,9155.2096163228
E&V 1999,9850.61181320281
E&V 1999,9258.31804181708
E&V 1999,9463.9688745976
E&V 1999,9760.13698427485
E&V 1999,9619.20703297015
E&V 1999,9455.07400950371
E&V 1999,9378.05295501708
E&V 1999,9740.22493825478
E&V 1999,9574.58602584991
E&V 1999,9743.14131686969
E&V 1999,9184.36322144091
E&V 1999,9525.35745045225
E&V 1999,9477.23154027551
E&V 1999,9926.59722238865
E&V 1999,9389.77443013368
E&V 1999,9450.80549923746
E&V 1999,9432.12067488423
E&V 1999,9271.80371284305
E&V 1999,9502.76548575565
E&V 1999,9636.56798921274
E&V 1999,9634.91645769825
E&V 1999,9608.16814753352
E&V 1999,9109.07217947526
E&V 1999,9629.94160958296
E&V 1999,9299.65731036139
E&V 1999,9702.39423657206
E&V 1999,9121.99573198102
E&V 1999,9617.1130186331
E&V 1999,9480.41616848408
E&V 1999,9485.76657075431
E&V 1999,9742.56039551045
E&V 1999,9240.52651353551
E&V 1999,9441.59327665165
E&V 1999,9921.17857682916
E&V 1999,9567.43709590849
E&V 1999,9621.28120384492
E&V 1999,9498.64474494975
E&V 1999,9287.52148359616
E&V 1999,9687.73988485516
E&V 1999,9382.60141883963
E&V 1999,9751.35272832485
E&V 1999,9347.63422023855
E&V 1999,9254.71852439532
E&V 1999,9196.1502663037
E&V 1999,9356.77893622953
E&V 1999,9092.13685587391
E&V 1999,9667.30027819857
E&V 1999,9135.37798917656
E&V 1999,9320.33697765427
E&V 1999,9828.06745689005
E&V 1999,9723.44151196344
E&V 1999,9632.22962333851
E&V 1999,10050.7727813875
E&V 1999,9511.61662305715
E&V 1999,9545.18450390831
E&V 1999,9629.65376103427
E&V 1999,9572.30072299654
E&V 1999,9539.09323949084
E&V 1999,9820.57803093093
E&V 1999,9763.49757867085
E&V 1999,9569.65816852575
E&V 1999,9407.99611114606
E&V 1999,9597.27564364938
E&V 1999,9167.31892084412
E&V 1999,9457.75155562243
E&V 1999,9298.15909546831
E&V 1999,9539.9970602447
E&V 1999,9131.06065291595
E&V 1999,9516.21332525705
E&V 1999,9316.21771440186
E&V 1999,9327.95758417185
E&V 1999,9364.16429232158
E&V 1999,9130.83808139722
E&V 1999,9615.8516644363
E&V 1999,9225.44333020826
E&V 1999,9789.78611604657
E&V 1999,9600.08766935238
E&V 1999,9567.77821785716
E&V 1999,9717.26618285606
E&V 1999,9492.15569570188
E&V 1999,9102.73269461487
E&V 1999,8994.53312380839
E&V 1999,9428.08829715217
E&V 1999,9550.11366235373
E&V 1999,9359.94194103468
E&V 1999,9466.6982924788
E&V 1999,9373.97874693933
E&V 1999,9341.19186339546
E&V 1999,9582.37620531423
E&V 1999,9565.32489785491
E&V 1999,9832.94079672639
E&V 1999,9665.66765081556
E&V 1999,9436.00493181179
E&V 1999,9366.25710342184
E&V 1999,9784.61165650415
E&V 1999,9471.83907037022
E&V 1999,9378.00753102753
E&V 1999,9790.0097125628
E&V 1999,9481.69727771899
E&V 1999,9696.37756704308
E&V 1999,9525.37164938631
E&V 1999,9336.88789457832
E&V 1999,9510.75812255763
E&V 1999,9661.66500135563
E&V 1999,9208.21311063546
E&V 1999,9444.22153574518
E&V 1999,9649.82576207599
E&V 1999,9425.74154764289
E&V 1999,9219.77744786194
E&V 1999,9716.19278332522
E&V 1999,9576.1738995859
E&V 1999,9464.46989267068
E&V 1999,9118.51965407593
E&V 1999,9574.10461267735
E&V 1999,9641.43822497992
E&V 1999,9301.37278463443
E&V 1999,9480.4452889619
E&V 1999,9607.17276579964
E&V 1999,9358.68938513423
E&V 1999,9352.20974646054
E&V 1999,9219.29058996633
E&V 1999,9249.03344601646
E&V 1999,9645.97739375633
E&V 1999,9616.85043476802
E&V 1999,9254.70912141001
E&V 1999,9457.9722420394
E&V 1999,9631.9820702629
E&V 1999,9548.58698133574
E&V 1999,9604.58679726661
E&V 1999,9491.23958319904
E&V 1999,9396.4477948562
E&V 1999,9315.00473398017
E&V 1999,9369.45082997801
E&V 1999,9071.70398352791
E&V 1999,9360.80147310655
E&V 1999,9184.30712424327
E&V 1999,9557.31393052195
E&V 1999,10421.5262976848
E&V 1999,9653.56067133524
E&V 1999,9677.51549486226
E&V 1999,9367.1572819492
E&V 1999,10186.2769755218
E&V 1999,9826.69912535117
E&V 1999,9659.12277200074
E&V 1999,9525.54858621471
E&V 1999,9627.65544852544
E&V 1999,9453.6644157767
E&V 1999,9228.50978250106
E&V 1999,9358.35937976963
E&V 1999,9397.05344734605
E&V 1999,9469.16832102086
E&V 1999,9096.27223670535
E&V 1999,9901.67245646306
E&V 1999,9551.17951849223
E&V 1999,9801.96588465994
E&V 1999,9887.71603089476
E&V 1999,9238.49498269344
E&V 1999,9780.62663929074
E&V 1999,9524.72836498123
E&V 1999,9489.30527511956
E&V 1999,9504.12268257437
E&V 1999,9358.38946274797
E&V 1999,9198.55619566852
E&V 1999,9593.18903387902
E&V 1999,9586.00148015369
E&V 1999,9378.04856050274
E&V 1999,9042.73283167778
E&V 1999,9619.6227254608
E&V 1999,9360.39323600657
E&V 1999,9307.4304486696
E&V 1999,9381.0991012129
E&V 1999,9537.7401184329
E&V 1999,9538.35335129758
E&V 1999,9591.04254247853
E&V 1999,9359.12064105045
E&V 1999,9236.46273662654
E&V 1999,9811.58164844011
E&V 1999,9217.26023135815
E&V 1999,9088.61572438765
E&V 1999,9960.97877635579
E&V 1999,9514.53340709116
E&V 1999,9544.88244396545
E&V 1999,9239.06443085808
E&V 1999,9874.35037589224
E&V 1999,9235.42537218522
E&V 1999,9489.56935020964
E&V 1999,9591.94201932762
E&V 1999,9215.23970352562
E&V 1999,9478.72086998504
E&V 1999,9692.20833474866
E&V 1999,9450.43493960931
E&V 1999,9671.18724852601
E&V 1999,9077.49309143503
E&V 1999,10075.9941520475
E&V 1999,9462.46982156946
E&V 1999,9359.93176628142
E&V 1999,9634.36301155308
E&V 1999,9723.49705846227
E&V 1999,9329.12651060241
E&V 1999,9353.16956269801
E&V 1999,9701.58091034659
E&V 1999,9593.86707306043
E&V 1999,9322.2868447295
E&V 1999,9290.6610322793
E&V 1999,9803.80685031154
E&V 1999,9484.93132090777
E&V 1999,9265.5845857413
E&V 1999,9365.91982155351
E&V 1999,9524.99562839142
E&V 1999,9427.84894835757
E&V 1999,9517.09773483122
E&V 1999,9499.00603869652
E&V 1999,9588.14388553497
E&V 1999,9544.93612130439
E&V 1999,9417.06948897348
E&V 1999,9327.54908715257
E&V 1999,9612.4747346472
E&V 1999,9539.0551073064
E&V 1999,9642.14389897622
E&V 1999,9612.32596509139
E&V 1999,9096.29942962128
E&V 1999,9159.65734804017
E&V 1999,9324.62361929962
E&V 1999,9531.55716139449
E&V 1999,9364.5337788807
E&V 1999,9555.49376671965
E&V 1999,9554.33735776985
E&V 1999,9520.03793160015
E&V 1999,9513.91632711507
E&V 1999,9549.89264252668
E&V 1999,9007.84707960257
E&V 1999,9199.94552494465
E&V 1999,9487.39843587947
E&V 1999,9710.63751978766
E&V 1999,9301.39266524756
E&V 1999,9326.08610141081
E&V 1999,9980.94682611932
E&V 1999,9682.97734148595
E&V 1999,9578.40336530197
E&V 1999,9408.22628513296
E&V 1999,9553.53524666768
E&V 1999,9071.28034360433
E&V 1999,9088.56960407435
E&V 1999,9315.00688171076
E&V 1999,9694.59626384772
E&V 1999,9043.03439795482
E&V 1999,9325.50460648924
E&V 1999,9197.76543556702
E&V 1999,9329.43941357217
E&V 1999,9201.60265633949
E&V 1999,9353.71562081768
E&V 1999,9498.39018761846
E&V 1999,9364.76852585376
E&V 1999,9527.65058073854
E&V 1999,9454.58402541233
E&V 1999,9358.54378375517
E&V 1999,9467.49428355393
E&V 1999,9334.22371547485
E&V 1999,9712.77288698068
E&V 1999,9533.11828321491
E&V 1999,9308.02868358733
E&V 1999,9226.99081131738
E&V 1999,9695.04965182403
E&V 1999,9435.70600790016
E&V 1999,9321.25099948649
E&V 1999,9579.60493225402
E&V 1999,9575.85281675051
E&V 1999,9654.74000698388
E&V 1999,9421.02069169804
E&V 1999,9843.89961790176
E&V 1999,9109.96731473596
E&V 1999,9511.94802846555
E&V 1999,9344.58037767042
E&V 1999,9637.90198061293
E&V 1999,9740.23084474146
E&V 1999,9351.18520378885
E&V 1999,9298.88355535467
E&V 1999,9524.26965244376
E&V 1999,9541.35779884687
E&V 1999,9501.82682224764
E&V 1999,9521.90581880075
E&V 1999,10022.9637527616
E&V 1999,9632.68704569964
E&V 1999,9585.61180157811
E&V 1999,9492.05613533404
E&V 1999,9530.95305570391
E&V 1999,9552.81151846697
E&V 1999,9625.54887502836
E&V 1999,9469.97186152975
E&V 1999,9314.5397040261
E&V 1999,9672.54517161652
E&V 1999,9418.15879585205
E&V 1999,9496.72526711893
E&V 1999,9464.73362182195
E&V 1999,9504.8386654962
E&V 1999,9733.21111431869
E&V 1999,9442.23236223689
E&V 1999,9504.77999360196
E&V 1999,9517.87546939418
E&V 1999,9124.72149019454
E&V 1999,9353.25365659673
E&V 1999,9606.97784929049
E&V 1999,9611.1450916994
E&V 1999,9329.77625235929
E&V 1999,9564.2724467713
E&V 1999,9071.77074086264
E&V 1999,9757.39113405136
E&V 1999,9462.57983294728
E&V 1999,9463.76699614275
E&V 1999,9558.31277460458
E&V 1999,8943.15141823123
E&V 1999,10004.9895129828
E&V 1999,9705.85518946342
E&V 1999,9392.09682169871
E&V 1999,9282.70196334603
E&V 1999,9633.39905439862
E&V 1999,10461.5928066838
E&V 1999,9589.85325502506
E&V 1999,9187.10047950871
E&V 1999,9695.43588028061
E&V 1999,9638.8870320506
E&V 1999,9206.91714587003
E&V 1999,9495.98764161473
E&V 1999,9286.33342093994
E&V 1999,9391.64121515287
E&V 1999,9522.37231757554
E&V 1999,9445.45231671601
E&V 1999,10071.408219443
E&V 1999,9483.34618313776
E&V 1999,9895.70918756522
E&V 1999,9559.49398357293
E&V 1999,9671.16335777485
E&V 1999,9549.63120214147
E&V 1999,9758.6763707924
E&V 1999,9354.48910742486
E&V 1999,9495.25516761576
E&V 1999,9390.69046392615
E&V 1999,9320.09297701113
E&V 1999,9465.03850582083
E&V 1999,9453.98102338839
E&V 1999,9751.03241238183
E&V 1999,9540.66177950311
E&V 1999,9708.44499133235
E&V 1999,9451.75186866396
E&V 1999,9460.38433066577
E&V 1999,9634.3621898119
E&V 1999,9396.86863191409
E&V 1999,9143.99958200972
E&V 1999,9342.7164011046
E&V 1999,9203.5422661816
E&V 1999,9327.37218927543
E&V 1999,9399.16658309318
E&V 1999,9151.68341931128
E&V 1999,10015.4463932335
E&V 1999,9486.55356241429
E&V 1999,9320.41961442074
E&V 1999,9840.20992537237
E&V 1999,9475.27122333858
E&V 1999,9766.87578938573
E&V 1999,9389.45414088658
E&V 1999,9263.74393871809
E&V 1999,9709.40824097758
E&V 1999,9632.71694576066
E&V 1999,9457.25664939596
E&V 1999,9218.84684614644
E&V 1999,9597.24465709862
E&V 1999,9478.73715620083
E&V 1999,9696.03931632537
E&V 1999,9640.54737987512
E&V 1999,9131.81117344955
E&V 1999,9206.47231984699
E&V 1999,9372.90291309598
E&V 1999,9398.47724839221
E&V 1999,9428.51088833922
E&V 1999,9465.954720941
E&V 1999,9269.27879560767
E&V 1999,9579.74367702307
E&V 1999,9316.07622956693
E&V 1999,9345.45871942987
E&V 1999,8994.28419005118
E&V 1999,9422.82915139754
E&V 1999,9989.19697903455
E&V 1999,9328.52976115946
E&V 1999,9592.79273408687
E&V 1999,9723.49756461643
E&V 1999,9635.60940152383
E&V 1999,9297.87282639345
E&V 1999,9552.49270897114
E&V 1999,9262.7788143696
E&V 1999,9301.66705255658
E&V 1999,9382.29184362766
E&V 1999,9532.96708840776
E&V 1999,9602.52944901724
E&V 1999,9734.84827407401
E&V 1999,9177.13256094438
E&V 1999,9139.14625841546
E&V 1999,9215.76406413583
E&V 1999,9441.43047322188
E&V 1999,9542.49903464586
E&V 1999,9444.58850406102
E&V 1999,9274.154296216
E&V 1999,9561.2210806991
E&V 1999,9314.67436043493
E&V 1999,9434.44754239636
E&V 1999,9454.17915063726
E&V 1999,9619.81390146896
E&V 1999,10114.8579677175
E&V 1999,9572.47199651999
E&V 1999,9740.38248769617
E&V 1999,9320.42089650115
E&V 1999,9240.0329181133
E&V 1999,9501.19282691191
E&V 1999,9531.15763586208
E&V 1999,9399.05445172808
E&V 1999,9439.17728342257
E&V 1999,9280.70121500062
E&V 1999,9942.14412801945
E&V 1999,9319.28163817526
E&V 1999,9217.9994435134
E&V 1999,9016.93638968952
E&V 1999,9662.15200646286
E&V 1999,9614.86366186265
E&V 1999,9407.75613449393
E&V 1999,9993.67356626855
E&V 1999,9174.09859744382
E&V 1999,9274.75547571514
E&V 1999,9634.78175258045
E&V 1999,9472.28828743386
E&V 1999,9984.99908959851
E&V 1999,9692.38604676434
E&V 1999,9356.29525043451
E&V 1999,9391.18866965754
E&V 1999,9341.69308457217
E&V 1999,9578.4492134892
E&V 1999,9476.0656853432
E&V 1999,9466.71664483531
E&V 1999,9721.83164557093
E&V 1999,9305.06880536591
E&V 1999,9491.91883703104
E&V 1999,9665.0425042666
E&V 1999,9758.32290257808
E&V 1999,9163.97767693373
E&V 1999,9436.52494273753
E&V 1999,9673.75112235203
E&V 1999,9447.24133974198
E&V 1999,9646.40416439108
E&V 1999,9155.09783551625
E&V 1999,9600.13752349362
E&V 1999,9140.97109930642
E&V 1999,9261.77542750975
E&V 1999,9521.1969154162
E&V 1999,9948.86970669828
E&V 1999,10090.3951468983
E&V 1999,9248.59488030807
E&V 1999,9275.32298654174
E&V 1999,9538.45451474022
E&V 1999,9223.92499724321
E&V 1999,10100.1912157708
E&V 1999,10178.6451797474
E&V 1999,9632.9647080904
E&V 1999,9766.65198214338
E&V 1999,9525.5791530678
E&V 1999,9588.10745325843
E&V 1999,9413.63974134101
E&V 1999,9720.51187741839
E&V 1999,9518.75892254965
E&V 1999,8990.52566287386
E&V 1999,9559.89743474592
E&V 1999,9775.21544086632
E&V 1999,8918.50127576118
E&V 1999,9502.85183691912
E&V 1999,9380.92398490049
E&V 1999,9320.7648347871
E&V 1999,9444.63309898046
E&V 1999,9308.58275145756
E&V 1999,9672.24831639786
E&V 1999,9454.79875400376
E&V 1999,9337.98212793439
E&V 1999,9070.760660983
E&V 1999,9237.1435369109
E&V 1999,9503.58561617696
E&V 1999,9521.31269896696
E&V 1999,9570.75763542668
E&V 1999,9929.7350232756
E&V 1999,9880.32427137026
E&V 1999,9380.89659195114
E&V 1999,9483.79350938179
E&V 1999,9399.38119174535
E&V 1999,9421.539405646
E&V 1999,9099.37772340398
E&V 1999,9713.89765575181
E&V 1999,9586.39664953271
E&V 1999,9216.40303865017
E&V 1999,9433.23493313994
E&V 1999,9213.64285600617
E&V 1999,9157.11602866696
E&V 1999,9302.13058872673
E&V 1999,9480.53537770671
E&V 1999,9327.17029416817
E&V 1999,9624.97824989681
E&V 1999,9244.52660464742
E&V 1999,9322.59014628391
E&V 1999,9366.97814738942
E&V 1999,9525.92204392702
E&V 1999,9680.40334506916
E&V 1999,9285.90518841341
E&V 1999,9103.43612635555
E&V 1999,9516.15671266269
E&V 1999,9637.46064758256
E&V 1999,9723.15949355649
E&V 1999,9577.86200602007
E&V 1999,9613.287206262
E&V 1999,8993.82212802863
E&V 1999,9453.69021033813
E&V 1999,9276.30743512017
E&V 1999,9371.1005277409
E&V 1999,9480.082786421
E&V 1999,9599.53269146948
E&V 1999,9649.55842600985
E&V 1999,9433.0080366758
E&V 1999,9321.02325171141
E&V 1999,9445.63462146031
E&V 1999,9615.3727442869
E&V 1999,9455.15608967524
E&V 1999,9305.83564432314
E&V 1999,9447.47385457473
E&V 1999,9189.99682414918
E&V 1999,9229.55308763106
E&V 1999,9576.23345472722
E&V 1999,9202.76738669449
E&V 1999,9143.67900736757
E&V 1999,9324.87585401296
E&V 1999,9353.68120385086
E&V 1999,9206.32708761014
E&V 1999,9386.35139299065
E&V 1999,9654.79138972628
E&V 1999,9434.22632907509
E&V 1999,10051.7533221834
E&V 1999,9491.16705369801
E&V 1999,9590.45652738778
E&V 1999,9524.86181464216
E&V 1999,9307.82203499566
E&V 1999,9316.83092114806
E&V 1999,9975.33855334015
E&V 1999,9064.26809041991
E&V 1999,9207.43876589658
E&V 1999,10083.5354623291
E&V 1999,9433.69458085179
E&V 1999,9716.76834331593
E&V 1999,9724.73367677176
E&V 1999,10083.9062177777
E&V 1999,9378.07866084632
E&V 1999,9309.5269391047
E&V 1999,9292.98938404657
E&V 1999,9666.95477404906
E&V 1999,9268.05660268122
E&V 1999,9560.69582611889
E&V 1999,9324.00501726159
E&V 1999,9589.07901952238
E&V 1999,9410.76080410929
E&V 1999,9404.7767894692
E&V 1999,10333.1361169835
E&V 1999,9524.13235580408
E&V 1999,9914.27171105492
E&V 1999,9689.68736750245
E&V 1999,9278.2464762436
E&V 1999,9355.75462147052
E&V 1999,9385.49652202198
E&V 1999,9429.05272421898
E&V 1999,9732.74241729128
E&V 1999,9703.14018668554
E&V 1999,9133.20753778125
E&V 1999,9570.34519938458
E&V 1999,9736.7154946504
E&V 1999,9426.71435430282
E&V 1999,10132.5687981186
E&V 1999,9311.87000722777
E&V 1999,9546.95016291238
E&V 1999,9436.60183533321
E&V 1999,9481.48843672655
E&V 1999,9294.96596155855
E&V 1999,9272.18043204825
E&V 1999,9782.89446510982
E&V 1999,9562.17100360677
E&V 1999,9252.13264179332
E&V 1999,9288.59463472168
E&V 1999,9495.24553716684
E&V 1999,9212.48229887261
E&V 1999,9401.3956127179
E&V 1999,9564.66348578369
E&V 1999,9531.27974178275
E&V 1999,9140.6053457038
E&V 1999,9331.10915728191
E&V 1999,9604.75929660313
E&V 1999,8968.50711386428
E&V 1999,9756.78710707666
E&V 1999,9374.17715458429
E&V 1999,9130.33807596036
E&V 1999,9306.43593107468
E&V 1999,9259.42036089026
E&V 1999,9622.42634162029
E&V 1999,9266.38805946738
E&V 1999,9692.05318166029
E&V 1999,9077.07603542937
E&V 1999,9382.1925106014
E&V 1999,9481.06728629356
E&V 1999,9187.35890351408
E&V 1999,9334.42799632801
E&V 1999,9218.51568827469
E&V 1999,9006.33468601464
E&V 1999,9827.19870987879
E&V 1999,9512.970299523
E&V 1999,9373.05027099374
E&V 1999,9384.03631300468
E&V 1999,9716.44336886388
E&V 1999,9179.69744649747
E&V 1999,9294.45409834946
E&V 1999,9363.44705625913
E&V 1999,9613.06138832782
E&V 1999,9562.22069526752
E&V 1999,9336.09115847924
E&V 1999,9472.77179291402
E&V 1999,9418.92525611991
E&V 1999,9308.83670849869
E&V 1999,9500.4957535222
E&V 1999,9608.22135412825
E&V 1999,10132.8127869773
E&V 1999,9923.74347251092
E&V 1999,9708.97874216682
E&V 1999,9608.16690403906
E&V 1999,9588.73609938005
E&V 1999,9489.746713079
E&V 1999,10103.4231983446
E&V 1999,9717.80990676619
E&V 1999,9578.24543094459
E&V 1999,10003.6870903905
E&V 1999,9618.36411848694
E&V 1999,9426.46210451909
E&V 1999,9860.43281466459
E&V 1999,9907.62058703074
E&V 1999,9579.57456582452
E&V 1999,9617.9869206115
E&V 1999,9557.55825958198
E&V 1999,9510.13204739852
E&V 1999,9503.70308124459
E&V 1999,9450.8800393928
E&V 1999,9828.87973009161
E&V 1999,8974.55033901275
E&V 1999,9551.35040752863
E&V 1999,9353.13746009044
E&V 1999,9340.59482069266
E&V 1999,9422.58891047396
E&V 1999,9336.40141371433
E&V 1999,9443.58397004837
E&V 1999,9193.02501428964
E&V 1999,9427.94062256584
E&V 1999,9543.14685367649
E&V 1999,9383.44610780445
E&V 1999,9557.92417118655
E&V 1999,9709.59157821286
E&V 1999,9460.06951425146
E&V 1999,9309.34354102449
E&V 1999,9360.32188046486
E&V 1999,9491.15241585951
E&V 1999,9392.34106177372
E&V 1999,9609.6074195978
E&V 1999,9325.30739188918
E&V 1999,9153.07815026184
E&V 1999,9273.58173914779
E&V 1999,10002.3386880097
E&V 1999,9192.33228240146
E&V 1999,9612.76887457288
E&V 1999,9575.86557824758
E&V 1999,9341.12969018458
E&V 1999,9643.30770897933
E&V 1999,9653.50441704764
E&V 1999,9310.42328387664
E&V 1999,9467.43926999729
E&V 1999,9729.53707132424
E&V 1999,9761.1786046324
E&V 1999,9477.59732877732
E&V 1999,9639.80862587542
E&V 1999,9659.37986301708
E&V 1999,9604.18592524391
E&V 1999,9336.41323858537
E&V 1999,9331.96586646186
E&V 1999,8914.85932492273
E&V 1999,9206.85730184355
E&V 1999,9538.18197584386
E&V 1999,9568.90281993658
E&V 1999,10060.5036588112
E&V 1999,9482.62168274483
E&V 1999,9357.20087077439
E&V 1999,10267.9115173207
E&V 1999,9406.09234751885
E&V 1999,9568.41421497504
E&V 1999,9575.17933959534
E&V 1999,9533.51863152686
E&V 1999,9309.07606778293
E&V 1999,9354.90000820679
E&V 1999,9214.06767886482
E&V 1999,9782.02292984866
E&V 1999,9296.8305324149
E&V 1999,9457.53686543371
E&V 1999,9525.26305180549
E&V 1999,9542.37696798224
E&V 1999,9651.22572010028
E&V 1999,9457.61966622024
E&V 1999,9491.96053618275
E&V 1999,9512.34651862624
E&V 1999,9205.04162007301
E&V 1999,9367.78868903677
E&V 1999,9489.80561799091
E&V 1999,9474.24420328569
E&V 1999,9396.2696249312
E&V 1999,9447.34462849494
E&V 1999,9435.14187088041
E&V 1999,9849.97387138544
E&V 1999,9383.34226579123
E&V 1999,9268.46831212593
E&V 1999,9572.98035740191
E&V 1999,9539.03569267957
E&V 1999,9582.45320246314
E&V 1999,9077.72684212177
E&V 1999,9201.43567759412
E&V 1999,9045.86782919601
E&V 1999,9433.96442671467
E&V 1999,9850.38596447894
E&V 1999,9451.5285498552
E&V 1999,8928.20325484497
E&V 1999,9534.29300354497
E&V 1999,9927.0618179639
E&V 1999,9574.02198608779
E&V 1999,9526.08532584599
E&V 1999,9301.06568029987
E&V 1999,9407.11398734924
E&V 1999,9881.62222409359
E&V 1999,9437.15610275202
E&V 1999,9671.00246933466
E&V 1999,9693.46766725229
E&V 1999,9429.99581265711
E&V 1999,9441.34066837133
E&V 1999,9216.84890406581
E&V 1999,9229.33605841393
E&V 1999,9352.01690910848
E&V 1999,9613.21039641651
E&V 1999,9448.93667670506
E&V 1999,9604.26445088054
E&V 1999,9574.16799342206
E&V 1999,9324.92407050031
E&V 1999,10081.9384284165
E&V 1999,9533.58276347074
E&V 1999,9443.44547008269
E&V 1999,9499.77192553498
E&V 1999,9591.12542323451
E&V 1999,9304.23106412561
E&V 1999,9332.34722485698
E&V 1999,9171.82685670971
E&V 1999,9555.40490643524
E&V 1999,9584.45822315965
E&V 1999,9175.84750636945
E&V 1999,9612.67323338155
E&V 1999,9347.51670201567
E&V 1999,9703.97895437166
E&V 1999,9420.9648344302
E&V 1999,9758.64613583017
E&V 1999,9132.91442739011
E&V 1999,9656.300192843
E&V 1999,9408.01570083637
E&V 1999,9801.94632469558
E&V 1999,9258.09033125337
E&V 1999,9386.44673721172
E&V 1999,9352.34160531217
E&V 1999,9329.49597563611
E&V 1999,9251.24902243244
E&V 1999,9351.85392651388
E&V 1999,9612.37101783257
E&V 1999,9239.00315352807
E&V 1999,9435.51351399399
E&V 1999,9394.81850195973
E&V 1999,9260.801858058
E&V 1999,9557.30381646296
E&V 1999,9354.27484440947
E&V 1999,9510.62502903097
E&V 1999,9093.19119086354
E&V 1999,9244.49650015847
E&V 1999,9341.7838155913
E&V 1999,9302.11280019605
E&V 1999,9193.35733297452
E&V 1999,9567.1302695087
E&V 1999,9011.32297213443
E&V 1999,9482.67554699792
E&V 1999,9931.00566670606
E&V 1999,9535.425949586
E&V 1999,9513.01156281315
E&V 1999,9802.57691329515
E&V 1999,9738.75595277767
E&V 1999,9871.25111196872
E&V 1999,9816.41943521801
E&V 1999,9239.46755830258
E&V 1999,9311.34132097285
E&V 1999,9609.28236869581
E&V 1999,9187.16632877904
E&V 1999,9375.38848857044
E&V 1999,9566.12271061018
E&V 1999,9214.1574696746
E&V 1999,9408.77395993722
E&V 1999,9262.96309468957
E&V 1999,9545.64216126226
E&V 1999,9237.44378763058
E&V 1999,9327.07226047286
E&V 1999,9642.48034758171
E&V 1999,9544.45655492743
E&V 1999,9539.03140693235
E&V 1999,9846.97282786485
E&V 1999,9751.1443390381
E&V 1999,9575.54762019254
E&V 1999,9306.63414849777
E&V 1999,9425.48667955218
E&V 1999,9615.44397694316
E&V 1999,9508.59373940495
E&V 1999,9511.26139146944
E&V 1999,9567.34860464667
E&V 1999,9319.51393704274
E&V 1999,9558.38339371418
E&V 1999,9717.92161599097
E&V 1999,9606.75117736007
E&V 1999,9461.31315274477
E&V 1999,9349.70820225513
E&V 1999,9336.57272217947
E&V 1999,9677.74109180551
E&V 1999,9474.80377945059
E&V 1999,9585.04841117264
E&V 1999,9867.01807985588
E&V 1999,9113.23009089808
E&V 1999,9347.93922474321
E&V 1999,9241.57991144921
E&V 1999,9299.43821807135
E&V 1999,9366.35965254674
"Paper C, phi pearson",9953.89327613187
"Paper C, phi pearson",9407.94604777805
"Paper C, phi pearson",9642.55678798198
"Paper C, phi pearson",9386.72700523497
"Paper C, phi pearson",9181.0201624333
"Paper C, phi pearson",9332.44929384954
"Paper C, phi pearson",9615.31953692328
"Paper C, phi pearson",9598.32230400391
"Paper C, phi pearson",9177.78942826377
"Paper C, phi pearson",9444.50440657221
"Paper C, phi pearson",9296.01883939927
"Paper C, phi pearson",9573.62066170962
"Paper C, phi pearson",9906.16815551675
"Paper C, phi pearson",9721.33588347808
"Paper C, phi pearson",9542.98862038785
"Paper C, phi pearson",9505.31580067223
"Paper C, phi pearson",9789.70729976976
"Paper C, phi pearson",9301.57917039378
"Paper C, phi pearson",9511.35687099478
"Paper C, phi pearson",9264.64017118865
"Paper C, phi pearson",9645.95731037898
"Paper C, phi pearson",9331.72507098808
"Paper C, phi pearson",9366.93105128088
"Paper C, phi pearson",9045.01238649918
"Paper C, phi pearson",9570.06875509376
"Paper C, phi pearson",9570.1690424299
"Paper C, phi pearson",9249.49791238383
"Paper C, phi pearson",9511.49192218909
"Paper C, phi pearson",9213.33335693298
"Paper C, phi pearson",9443.68145087801
"Paper C, phi pearson",9441.97900991911
"Paper C, phi pearson",9220.80754690554
"Paper C, phi pearson",9597.89835869808
"Paper C, phi pearson",9301.67872923823
"Paper C, phi pearson",9597.82862210154
"Paper C, phi pearson",9285.64088120114
"Paper C, phi pearson",9458.87466406809
"Paper C, phi pearson",9539.10032234899
"Paper C, phi pearson",9419.23410517986
"Paper C, phi pearson",9104.13441970815
"Paper C, phi pearson",9845.47784295711
"Paper C, phi pearson",9490.65040406088
"Paper C, phi pearson",9400.95330565004
"Paper C, phi pearson",8980.57449936804
"Paper C, phi pearson",9289.88130115222
"Paper C, phi pearson",9571.16892254663
"Paper C, phi pearson",9662.70384341517
"Paper C, phi pearson",9404.15147221355
"Paper C, phi pearson",9662.62738376658
"Paper C, phi pearson",9643.6371548056
"Paper C, phi pearson",9816.23376463751
"Paper C, phi pearson",9399.54676986948
"Paper C, phi pearson",9488.36339964418
"Paper C, phi pearson",9308.86313737065
"Paper C, phi pearson",9209.12030457323
"Paper C, phi pearson",9484.23886729714
"Paper C, phi pearson",9150.97853093259
"Paper C, phi pearson",9308.97577975327
"Paper C, phi pearson",9397.38681348795
"Paper C, phi pearson",9389.81268100398
"Paper C, phi pearson",9836.89439968741
"Paper C, phi pearson",9747.43817839505
"Paper C, phi pearson",9541.58443213099
"Paper C, phi pearson",9729.66610563113
"Paper C, phi pearson",9122.16892720172
"Paper C, phi pearson",9332.98568898299
"Paper C, phi pearson",9434.12094582805
"Paper C, phi pearson",9609.93906461127
"Paper C, phi pearson",9976.79138009409
"Paper C, phi pearson",9191.0029840284
"Paper C, phi pearson",9790.0329303877
"Paper C, phi pearson",9576.30840237074
"Paper C, phi pearson",9468.97334529711
"Paper C, phi pearson",9555.55882013524
"Paper C, phi pearson",9652.44744357407
"Paper C, phi pearson",9600.84977630634
"Paper C, phi pearson",9849.47701639905
"Paper C, phi pearson",9054.43895666795
"Paper C, phi pearson",9916.82749208737
"Paper C, phi pearson",9138.62042114516
"Paper C, phi pearson",9673.05963479583
"Paper C, phi pearson",9514.04577387935
"Paper C, phi pearson",9394.86824119888
"Paper C, phi pearson",9262.06259080463
"Paper C, phi pearson",9752.13033179762
"Paper C, phi pearson",9351.35634890763
"Paper C, phi pearson",9419.64909102156
"Paper C, phi pearson",9359.73606595972
"Paper C, phi pearson",9837.99431471176
"Paper C, phi pearson",10073.0093770511
"Paper C, phi pearson",9509.63151653388
"Paper C, phi pearson",9480.24173841705
"Paper C, phi pearson",9351.73463171448
"Paper C, phi pearson",8821.76810736825
"Paper C, phi pearson",9539.36418041956
"Paper C, phi pearson",9493.11338998612
"Paper C, phi pearson",9427.74117009421
"Paper C, phi pearson",9461.43027407572
"Paper C, phi pearson",9473.31674673443
"Paper C, phi pearson",9213.50756265764
"Paper C, phi pearson",8766.57999207407
"Paper C, phi pearson",9384.68166086395
"Paper C, phi pearson",9105.51003332306
"Paper C, phi pearson",9547.30852562058
"Paper C, phi pearson",9137.61718722323
"Paper C, phi pearson",9522.31913192898
"Paper C, phi pearson",9378.28284006529
"Paper C, phi pearson",9560.39616504597
"Paper C, phi pearson",9058.13964788336
"Paper C, phi pearson",8890.56276690565
"Paper C, phi pearson",9908.41129605594
"Paper C, phi pearson",9585.25639570294
"Paper C, phi pearson",9511.79828632817
"Paper C, phi pearson",9708.41040134897
"Paper C, phi pearson",9165.40464919127
"Paper C, phi pearson",9573.16023912827
"Paper C, phi pearson",9759.18086072859
"Paper C, phi pearson",9468.82523857827
"Paper C, phi pearson",9340.0905005947
"Paper C, phi pearson",9681.68268668011
"Paper C, phi pearson",9464.84078465083
"Paper C, phi pearson",9688.63458598139
"Paper C, phi pearson",9575.94410086169
"Paper C, phi pearson",9736.94586757823
"Paper C, phi pearson",9261.48915780962
"Paper C, phi pearson",9563.07488343015
"Paper C, phi pearson",9471.45722954876
"Paper C, phi pearson",9385.59198125848
"Paper C, phi pearson",9463.23656406398
"Paper C, phi pearson",9569.14543339681
"Paper C, phi pearson",9481.63664510268
"Paper C, phi pearson",9401.53875169421
"Paper C, phi pearson",9558.07104263316
"Paper C, phi pearson",9537.26115080669
"Paper C, phi pearson",9610.39334304518
"Paper C, phi pearson",9485.29885846509
"Paper C, phi pearson",9258.06739268559
"Paper C, phi pearson",9779.73292828814
"Paper C, phi pearson",8993.19149100602
"Paper C, phi pearson",9223.45870536268
"Paper C, phi pearson",9447.79458775601
"Paper C, phi pearson",9704.84683492889
"Paper C, phi pearson",9582.6096472552
"Paper C, phi pearson",9318.95520033289
"Paper C, phi pearson",9567.2366672182
"Paper C, phi pearson",9621.26770934987
"Paper C, phi pearson",9470.41607911351
"Paper C, phi pearson",9738.38830751134
"Paper C, phi pearson",9326.91488442283
"Paper C, phi pearson",9386.66032729904
"Paper C, phi pearson",9578.11947579335
"Paper C, phi pearson",9779.99083262268
"Paper C, phi pearson",9742.55061094188
"Paper C, phi pearson",9484.12187750739
"Paper C, phi pearson",9462.10803807463
"Paper C, phi pearson",9301.43758265539
"Paper C, phi pearson",9306.81510064315
"Paper C, phi pearson",9258.23100812428
"Paper C, phi pearson",9960.00726989447
"Paper C, phi pearson",9394.2111488626
"Paper C, phi pearson",8972.84513129881
"Paper C, phi pearson",9548.52983770369
"Paper C, phi pearson",9461.85741023009
"Paper C, phi pearson",9296.47402356091
"Paper C, phi pearson",9779.66942444832
"Paper C, phi pearson",9580.30000299268
"Paper C, phi pearson",9745.40065560996
"Paper C, phi pearson",9828.45500591059
"Paper C, phi pearson",9430.77826358678
"Paper C, phi pearson",9189.77054393666
"Paper C, phi pearson",9499.79756252498
"Paper C, phi pearson",9248.21468313807
"Paper C, phi pearson",9710.36037464008
"Paper C, phi pearson",9566.76576378499
"Paper C, phi pearson",9775.0387133732
"Paper C, phi pearson",9742.15936424396
"Paper C, phi pearson",9744.53711549883
"Paper C, phi pearson",9493.29147942722
"Paper C, phi pearson",9579.09579970776
"Paper C, phi pearson",9499.92014242594
"Paper C, phi pearson",9463.28287624142
"Paper C, phi pearson",9621.79823496399
"Paper C, phi pearson",9407.44358170155
"Paper C, phi pearson",9431.20167046675
"Paper C, phi pearson",9482.55671048544
"Paper C, phi pearson",9258.29517541227
"Paper C, phi pearson",9502.82675207639
"Paper C, phi pearson",9589.9348410163
"Paper C, phi pearson",9600.16340979271
"Paper C, phi pearson",9723.3047118004
"Paper C, phi pearson",9782.19011034032
"Paper C, phi pearson",9639.60385114083
"Paper C, phi pearson",9516.48104525223
"Paper C, phi pearson",9395.82362829207
"Paper C, phi pearson",9436.06213187262
"Paper C, phi pearson",9307.18711446564
"Paper C, phi pearson",9969.07858543542
"Paper C, phi pearson",9598.46128837896
"Paper C, phi pearson",9422.20225163445
"Paper C, phi pearson",9459.83270434737
"Paper C, phi pearson",9716.51032225461
"Paper C, phi pearson",9374.35047216855
"Paper C, phi pearson",8980.61577537552
"Paper C, phi pearson",9375.76754078819
"Paper C, phi pearson",9407.37334404673
"Paper C, phi pearson",10178.4514764262
"Paper C, phi pearson",9382.93982552448
"Paper C, phi pearson",9368.0524557368
"Paper C, phi pearson",9270.92330286517
"Paper C, phi pearson",9079.65639622808
"Paper C, phi pearson",9350.08123582137
"Paper C, phi pearson",9328.36314011594
"Paper C, phi pearson",9584.41596098124
"Paper C, phi pearson",9325.37982254615
"Paper C, phi pearson",9442.47654319912
"Paper C, phi pearson",9280.67951406282
"Paper C, phi pearson",10057.6186505675
"Paper C, phi pearson",9669.38875867573
"Paper C, phi pearson",9459.99253994964
"Paper C, phi pearson",9549.84894464789
"Paper C, phi pearson",9512.00860460569
"Paper C, phi pearson",9538.25421812929
"Paper C, phi pearson",9448.00006494264
"Paper C, phi pearson",9064.7338627705
"Paper C, phi pearson",9543.46630380745
"Paper C, phi pearson",9462.16359946274
"Paper C, phi pearson",9274.34878038756
"Paper C, phi pearson",9442.73867238843
"Paper C, phi pearson",9303.92335758953
"Paper C, phi pearson",9436.03872188369
"Paper C, phi pearson",8870.1102114835
"Paper C, phi pearson",9310.98925003378
"Paper C, phi pearson",9595.83536950986
"Paper C, phi pearson",8861.70754178528
"Paper C, phi pearson",9778.58824589364
"Paper C, phi pearson",9523.90265182946
"Paper C, phi pearson",9663.56318124248
"Paper C, phi pearson",9266.70326158148
"Paper C, phi pearson",9399.10823011406
"Paper C, phi pearson",9324.36099111253
"Paper C, phi pearson",9550.2081625872
"Paper C, phi pearson",9645.87407253072
"Paper C, phi pearson",9859.91207886513
"Paper C, phi pearson",9172.8659191319
"Paper C, phi pearson",9423.43064796255
"Paper C, phi pearson",9405.93676908616
"Paper C, phi pearson",9277.43851954525
"Paper C, phi pearson",9403.76918393161
"Paper C, phi pearson",9773.60549755754
"Paper C, phi pearson",9513.36198538938
"Paper C, phi pearson",9279.76777910365
"Paper C, phi pearson",9549.66766138707
"Paper C, phi pearson",9497.07892305677
"Paper C, phi pearson",9431.56582849371
"Paper C, phi pearson",9031.9691488589
"Paper C, phi pearson",9650.414883412
"Paper C, phi pearson",9295.20221051283
"Paper C, phi pearson",9802.96883446301
"Paper C, phi pearson",9691.00877878963
"Paper C, phi pearson",9700.65540262103
"Paper C, phi pearson",9938.00936947913
"Paper C, phi pearson",9323.5408508607
"Paper C, phi pearson",9324.69814482273
"Paper C, phi pearson",9588.42266235362
"Paper C, phi pearson",9628.34341015489
"Paper C, phi pearson",9502.53645226118
"Paper C, phi pearson",9765.27003925771
"Paper C, phi pearson",9744.79676515722
"Paper C, phi pearson",9768.35195673151
"Paper C, phi pearson",10038.9382133971
"Paper C, phi pearson",9749.53094344284
"Paper C, phi pearson",9239.71017554844
"Paper C, phi pearson",9478.07983052091
"Paper C, phi pearson",9209.99800485039
"Paper C, phi pearson",9595.7723916716
"Paper C, phi pearson",9239.8498795465
"Paper C, phi pearson",9344.80736123223
"Paper C, phi pearson",9232.736227292
"Paper C, phi pearson",9233.48604472058
"Paper C, phi pearson",8922.07696451173
"Paper C, phi pearson",9547.41738540913
"Paper C, phi pearson",9715.16960410317
"Paper C, phi pearson",9545.78397962485
"Paper C, phi pearson",9526.64263125933
"Paper C, phi pearson",9315.90875931667
"Paper C, phi pearson",9617.17615402871
"Paper C, phi pearson",9271.6148134453
"Paper C, phi pearson",9557.81226351547
"Paper C, phi pearson",9587.36737687349
"Paper C, phi pearson",9611.73090417453
"Paper C, phi pearson",9361.91391495639
"Paper C, phi pearson",8740.8566485911
"Paper C, phi pearson",9662.63993838477
"Paper C, phi pearson",9309.23944675543
"Paper C, phi pearson",9293.3196120181
"Paper C, phi pearson",9606.08752225943
"Paper C, phi pearson",9235.78581427133
"Paper C, phi pearson",9530.96324360587
"Paper C, phi pearson",9264.42251780754
"Paper C, phi pearson",9641.24865757194
"Paper C, phi pearson",9400.53093429834
"Paper C, phi pearson",9379.23629078394
"Paper C, phi pearson",9563.1896298051
"Paper C, phi pearson",9764.97094502857
"Paper C, phi pearson",10015.6233279134
"Paper C, phi pearson",9494.80935816257
"Paper C, phi pearson",9632.76614757354
"Paper C, phi pearson",9789.82784783305
"Paper C, phi pearson",9623.09673944738
"Paper C, phi pearson",9214.93525755282
"Paper C, phi pearson",9246.91818450586
"Paper C, phi pearson",9568.97471119448
"Paper C, phi pearson",9144.90767385809
"Paper C, phi pearson",9470.55052020504
"Paper C, phi pearson",9639.51391935232
"Paper C, phi pearson",9268.38725598624
"Paper C, phi pearson",9436.92895815555
"Paper C, phi pearson",9327.13839200982
"Paper C, phi pearson",9360.10349920827
"Paper C, phi pearson",9208.19412554071
"Paper C, phi pearson",9294.50865044712
"Paper C, phi pearson",9322.35275429238
"Paper C, phi pearson",9612.93943434451
"Paper C, phi pearson",9537.56168250478
"Paper C, phi pearson",9508.43896327119
"Paper C, phi pearson",9154.97415267548
"Paper C, phi pearson",9191.82285568832
"Paper C, phi pearson",9384.86042059192
"Paper C, phi pearson",9598.61926475256
"Paper C, phi pearson",9278.53806475398
"Paper C, phi pearson",9224.45052493276
"Paper C, phi pearson",9639.8923598498
"Paper C, phi pearson",9461.12025791554
"Paper C, phi pearson",9498.47797935574
"Paper C, phi pearson",9653.22637477353
"Paper C, phi pearson",9234.08967483013
"Paper C, phi pearson",9676.76570694805
"Paper C, phi pearson",9629.9784696064
"Paper C, phi pearson",9556.49182378941
"Paper C, phi pearson",9592.19565683
"Paper C, phi pearson",10102.8153711696
"Paper C, phi pearson",9827.6957824479
"Paper C, phi pearson",9389.10788423377
"Paper C, phi pearson",9741.70480460821
"Paper C, phi pearson",9437.780035109
"Paper C, phi pearson",9497.37191291109
"Paper C, phi pearson",9169.39854457993
"Paper C, phi pearson",9531.66532666964
"Paper C, phi pearson",9256.99950569797
"Paper C, phi pearson",9577.50357097523
"Paper C, phi pearson",9354.929763008
"Paper C, phi pearson",9366.37683723527
"Paper C, phi pearson",9494.27734026619
"Paper C, phi pearson",9152.35120919252
"Paper C, phi pearson",9480.69550980601
"Paper C, phi pearson",9372.13929436678
"Paper C, phi pearson",9530.83037515031
"Paper C, phi pearson",9693.11317811
"Paper C, phi pearson",9251.66502419698
"Paper C, phi pearson",9580.79267774371
"Paper C, phi pearson",9366.7557503254
"Paper C, phi pearson",9888.12692303572
"Paper C, phi pearson",9822.55509826649
"Paper C, phi pearson",9875.75063943124
"Paper C, phi pearson",9358.24019125956
"Paper C, phi pearson",9648.50315723153
"Paper C, phi pearson",9008.54471758061
"Paper C, phi pearson",9289.8597438027
"Paper C, phi pearson",9640.92084804695
"Paper C, phi pearson",9326.50872399524
"Paper C, phi pearson",9610.70061148236
"Paper C, phi pearson",9211.27158364028
"Paper C, phi pearson",9287.24539390013
"Paper C, phi pearson",9301.53234953926
"Paper C, phi pearson",9271.23063230728
"Paper C, phi pearson",9441.5301447054
"Paper C, phi pearson",9542.32891444961
"Paper C, phi pearson",9569.74624693139
"Paper C, phi pearson",9482.30130462278
"Paper C, phi pearson",9286.83991824312
"Paper C, phi pearson",9552.83677070875
"Paper C, phi pearson",9588.92687669675
"Paper C, phi pearson",9447.03847387548
"Paper C, phi pearson",9907.1383931417
"Paper C, phi pearson",9750.83403230258
"Paper C, phi pearson",9002.94554179393
"Paper C, phi pearson",9506.84104397797
"Paper C, phi pearson",9147.03246555367
"Paper C, phi pearson",9620.67808668887
"Paper C, phi pearson",9661.62115609
"Paper C, phi pearson",10109.6260396817
"Paper C, phi pearson",9463.38682131366
"Paper C, phi pearson",9410.31798025764
"Paper C, phi pearson",9621.15646894917
"Paper C, phi pearson",9823.20681232577
"Paper C, phi pearson",9354.23102387045
"Paper C, phi pearson",9402.62446240298
"Paper C, phi pearson",9355.14748268222
"Paper C, phi pearson",9574.73404755041
"Paper C, phi pearson",9455.47766090368
"Paper C, phi pearson",9319.66024655388
"Paper C, phi pearson",9331.1276430969
"Paper C, phi pearson",9320.88463366865
"Paper C, phi pearson",9553.03404974845
"Paper C, phi pearson",9999.5738137875
"Paper C, phi pearson",9339.42864215856
"Paper C, phi pearson",9834.70351147376
"Paper C, phi pearson",9322.98703915021
"Paper C, phi pearson",9518.79742412439
"Paper C, phi pearson",9347.21912609261
"Paper C, phi pearson",9370.0569206594
"Paper C, phi pearson",9582.65962503483
"Paper C, phi pearson",9541.83932710594
"Paper C, phi pearson",9557.775486746
"Paper C, phi pearson",9750.67940362863
"Paper C, phi pearson",9527.62372208215
"Paper C, phi pearson",9356.16398833644
"Paper C, phi pearson",9582.44661330239
"Paper C, phi pearson",9943.17633273462
"Paper C, phi pearson",9264.82811095426
"Paper C, phi pearson",9631.73363225133
"Paper C, phi pearson",9534.14514079869
"Paper C, phi pearson",9545.55478862346
"Paper C, phi pearson",9425.66559714385
"Paper C, phi pearson",8936.01057927605
"Paper C, phi pearson",9953.70696909201
"Paper C, phi pearson",9760.87818331746
"Paper C, phi pearson",9531.55812986126
"Paper C, phi pearson",9790.1703759917
"Paper C, phi pearson",9844.10302446002
"Paper C, phi pearson",9372.07382604035
"Paper C, phi pearson",9267.92230493067
"Paper C, phi pearson",9475.23477327292
"Paper C, phi pearson",9268.70700471461
"Paper C, phi pearson",9595.61821476287
"Paper C, phi pearson",9748.46747218505
"Paper C, phi pearson",9617.13775416422
"Paper C, phi pearson",9679.02663175142
"Paper C, phi pearson",9740.53614380513
"Paper C, phi pearson",9409.18100799865
"Paper C, phi pearson",9087.29528064531
"Paper C, phi pearson",9464.90372105038
"Paper C, phi pearson",8962.33987988748
"Paper C, phi pearson",9116.95625128548
"Paper C, phi pearson",9780.96668067335
"Paper C, phi pearson",9306.90440789552
"Paper C, phi pearson",9688.09633144746
"Paper C, phi pearson",9292.14057642636
"Paper C, phi pearson",9350.47025590797
"Paper C, phi pearson",9201.22268494389
"Paper C, phi pearson",9583.14559686774
"Paper C, phi pearson",9211.28226256002
"Paper C, phi pearson",9326.93630442441
"Paper C, phi pearson",9168.91349222671
"Paper C, phi pearson",9510.05796149474
"Paper C, phi pearson",9721.72454582998
"Paper C, phi pearson",9485.30511047003
"Paper C, phi pearson",9632.77880490229
"Paper C, phi pearson",9587.9690095522
"Paper C, phi pearson",9571.14031885411
"Paper C, phi pearson",9365.92688937379
"Paper C, phi pearson",9229.72098931648
"Paper C, phi pearson",9757.53406066282
"Paper C, phi pearson",9483.34602373978
"Paper C, phi pearson",10002.185156074
"Paper C, phi pearson",9032.79573386996
"Paper C, phi pearson",9705.60400202108
"Paper C, phi pearson",9502.53692794667
"Paper C, phi pearson",9590.72609769631
"Paper C, phi pearson",9756.29555914615
"Paper C, phi pearson",9359.74878636214
"Paper C, phi pearson",9723.11064761761
"Paper C, phi pearson",9204.45441779685
"Paper C, phi pearson",9723.02707551689
"Paper C, phi pearson",9139.25821995065
"Paper C, phi pearson",9668.49720057051
"Paper C, phi pearson",9287.21451708487
"Paper C, phi pearson",9175.52530192774
"Paper C, phi pearson",9762.43615926369
"Paper C, phi pearson",9556.37815827495
"Paper C, phi pearson",9151.49591272955
"Paper C, phi pearson",9300.8109631069
"Paper C, phi pearson",9710.5558748799
"Paper C, phi pearson",9785.83755395113
"Paper C, phi pearson",9560.05085003154
"Paper C, phi pearson",9849.17434187441
"Paper C, phi pearson",9473.24827630272
"Paper C, phi pearson",9067.2692904299
"Paper C, phi pearson",9543.79485370596
"Paper C, phi pearson",9478.66546404259
"Paper C, phi pearson",9386.98599654767
"Paper C, phi pearson",9845.20254677396
"Paper C, phi pearson",9230.78287511865
"Paper C, phi pearson",9823.96106972268
"Paper C, phi pearson",9788.58546445883
"Paper C, phi pearson",9809.44024486522
"Paper C, phi pearson",9352.09077045783
"Paper C, phi pearson",9716.0819839881
"Paper C, phi pearson",9307.67978030158
"Paper C, phi pearson",9212.51872082154
"Paper C, phi pearson",9656.12545049096
"Paper C, phi pearson",9520.18696668966
"Paper C, phi pearson",9686.81798938505
"Paper C, phi pearson",9462.24617756301
"Paper C, phi pearson",9825.81284829304
"Paper C, phi pearson",9379.29874310839
"Paper C, phi pearson",9350.82684109567
"Paper C, phi pearson",9545.88575409386
"Paper C, phi pearson",9640.60031961552
"Paper C, phi pearson",9527.26875775159
"Paper C, phi pearson",9543.57088757071
"Paper C, phi pearson",9569.83910009968
"Paper C, phi pearson",9556.11825921584
"Paper C, phi pearson",9309.16753016466
"Paper C, phi pearson",9464.58426108426
"Paper C, phi pearson",9226.90912475659
"Paper C, phi pearson",10044.1156786076
"Paper C, phi pearson",9221.17049178155
"Paper C, phi pearson",9331.87397581187
"Paper C, phi pearson",9391.58485505751
"Paper C, phi pearson",9818.24741283521
"Paper C, phi pearson",8883.75855716334
"Paper C, phi pearson",9737.07080207044
"Paper C, phi pearson",9623.25243802552
"Paper C, phi pearson",9525.5037218712
"Paper C, phi pearson",9740.05604653749
"Paper C, phi pearson",9316.59620098116
"Paper C, phi pearson",9592.06527976238
"Paper C, phi pearson",9368.03500002288
"Paper C, phi pearson",9461.8490519321
"Paper C, phi pearson",9816.96168629728
"Paper C, phi pearson",9481.20044404466
"Paper C, phi pearson",9277.70843456581
"Paper C, phi pearson",9611.60485820366
"Paper C, phi pearson",9319.05017705289
"Paper C, phi pearson",8875.11698110695
"Paper C, phi pearson",8917.96532949629
"Paper C, phi pearson",9703.16431858432
"Paper C, phi pearson",9595.06214939491
"Paper C, phi pearson",9218.87670869017
"Paper C, phi pearson",9249.14847946359
"Paper C, phi pearson",9234.90652766078
"Paper C, phi pearson",9040.01889925217
"Paper C, phi pearson",9304.17700411184
"Paper C, phi pearson",9584.87046625799
"Paper C, phi pearson",9291.48277778257
"Paper C, phi pearson",9535.16794311038
"Paper C, phi pearson",9439.86465075536
"Paper C, phi pearson",9250.18030522304
"Paper C, phi pearson",9679.05398334643
"Paper C, phi pearson",9292.1528454512
"Paper C, phi pearson",9321.70628245757
"Paper C, phi pearson",9197.42130646514
"Paper C, phi pearson",9760.15216006047
"Paper C, phi pearson",9551.2140730181
"Paper C, phi pearson",9246.2775383316
"Paper C, phi pearson",9611.71935888375
"Paper C, phi pearson",9130.53159036322
"Paper C, phi pearson",9611.64211876206
"Paper C, phi pearson",9612.35269706769
"Paper C, phi pearson",9192.93195191947
"Paper C, phi pearson",9747.03781739759
"Paper C, phi pearson",9270.54676991784
"Paper C, phi pearson",9454.86930493135
"Paper C, phi pearson",9698.96881696677
"Paper C, phi pearson",9774.61238014723
"Paper C, phi pearson",9685.21272080081
"Paper C, phi pearson",8975.0886150869
"Paper C, phi pearson",9290.9425760419
"Paper C, phi pearson",9491.49044031834
"Paper C, phi pearson",9538.83516380469
"Paper C, phi pearson",9594.28360063694
"Paper C, phi pearson",9187.66086876458
"Paper C, phi pearson",9498.9204466409
"Paper C, phi pearson",9205.2482424138
"Paper C, phi pearson",9435.16542392181
"Paper C, phi pearson",9737.37712623667
"Paper C, phi pearson",9317.61047881901
"Paper C, phi pearson",9223.14228438835
"Paper C, phi pearson",9422.41433452021
"Paper C, phi pearson",9701.98759309162
"Paper C, phi pearson",9496.55618956124
"Paper C, phi pearson",9849.69513445259
"Paper C, phi pearson",9229.6895746902
"Paper C, phi pearson",9402.16014953601
"Paper C, phi pearson",9110.52954273838
"Paper C, phi pearson",9423.94151132931
"Paper C, phi pearson",9558.75718789026
"Paper C, phi pearson",9300.42466918095
"Paper C, phi pearson",9664.24648210485
"Paper C, phi pearson",8976.5777206807
"Paper C, phi pearson",9208.65270220635
"Paper C, phi pearson",9100.04466043845
"Paper C, phi pearson",9396.04703361677
"Paper C, phi pearson",9406.11017192714
"Paper C, phi pearson",9452.16969955717
"Paper C, phi pearson",9706.475470505
"Paper C, phi pearson",9701.38338272248
"Paper C, phi pearson",9561.47279744369
"Paper C, phi pearson",8959.96650923646
"Paper C, phi pearson",9517.96875402033
"Paper C, phi pearson",9716.40956919114
"Paper C, phi pearson",9288.03518892433
"Paper C, phi pearson",9299.82246911496
"Paper C, phi pearson",9514.21826453911
"Paper C, phi pearson",9817.64020465708
"Paper C, phi pearson",9176.22923189539
"Paper C, phi pearson",9135.34571701567
"Paper C, phi pearson",9168.13348013005
"Paper C, phi pearson",9567.63090374955
"Paper C, phi pearson",9385.22671478309
"Paper C, phi pearson",9382.44082649105
"Paper C, phi pearson",10122.9885403969
"Paper C, phi pearson",9896.32312461737
"Paper C, phi pearson",9610.70349233998
"Paper C, phi pearson",9628.23090830941
"Paper C, phi pearson",9327.59434752856
"Paper C, phi pearson",9575.76373036505
"Paper C, phi pearson",9393.57293363195
"Paper C, phi pearson",9363.65861107074
"Paper C, phi pearson",9588.49874146456
"Paper C, phi pearson",9409.67590131047
"Paper C, phi pearson",9483.51178184484
"Paper C, phi pearson",9350.91957311906
"Paper C, phi pearson",9648.74214154404
"Paper C, phi pearson",9601.9590835506
"Paper C, phi pearson",9752.32460178121
"Paper C, phi pearson",9638.13697445241
"Paper C, phi pearson",9459.76121577852
"Paper C, phi pearson",9430.65792729233
"Paper C, phi pearson",9504.34027171022
"Paper C, phi pearson",9425.60124819107
"Paper C, phi pearson",9691.91657501172
"Paper C, phi pearson",9150.35154306404
"Paper C, phi pearson",9333.06899925603
"Paper C, phi pearson",9622.63025309929
"Paper C, phi pearson",9638.24899058212
"Paper C, phi pearson",9370.69363235942
"Paper C, phi pearson",9394.2617190741
"Paper C, phi pearson",9325.37777284615
"Paper C, phi pearson",9596.68881871495
"Paper C, phi pearson",9930.25312479857
"Paper C, phi pearson",9641.96083050708
"Paper C, phi pearson",9283.10711524846
"Paper C, phi pearson",9483.51864668607
"Paper C, phi pearson",9520.31668061688
"Paper C, phi pearson",9080.08410091328
"Paper C, phi pearson",9348.21118375437
"Paper C, phi pearson",9734.15018646138
"Paper C, phi pearson",9061.98133953331
"Paper C, phi pearson",9167.8173972532
"Paper C, phi pearson",9364.96539915328
"Paper C, phi pearson",9549.15188112816
"Paper C, phi pearson",9768.42443685197
"Paper C, phi pearson",9612.90507525686
"Paper C, phi pearson",9494.64252655542
"Paper C, phi pearson",9579.18702286256
"Paper C, phi pearson",9263.48222714046
"Paper C, phi pearson",9641.34741239925
"Paper C, phi pearson",9448.53965722346
"Paper C, phi pearson",9739.66611772607
"Paper C, phi pearson",9105.43753798137
"Paper C, phi pearson",8967.36053443298
"Paper C, phi pearson",9456.7971204912
"Paper C, phi pearson",9624.45213617718
"Paper C, phi pearson",9091.14099475398
"Paper C, phi pearson",9431.40185415196
"Paper C, phi pearson",9323.27244986883
"Paper C, phi pearson",9421.06519239584
"Paper C, phi pearson",9298.48105296354
"Paper C, phi pearson",9667.29640279664
"Paper C, phi pearson",9366.70169335935
"Paper C, phi pearson",9668.41589814604
"Paper C, phi pearson",9731.47128817438
"Paper C, phi pearson",9557.47199451757
"Paper C, phi pearson",9466.65409611598
"Paper C, phi pearson",9261.20171538296
"Paper C, phi pearson",9365.13023608426
"Paper C, phi pearson",9181.56108987169
"Paper C, phi pearson",9768.36053118284
"Paper C, phi pearson",9118.29712998496
"Paper C, phi pearson",9665.94810059416
"Paper C, phi pearson",9153.5413074244
"Paper C, phi pearson",9942.67941769937
"Paper C, phi pearson",9801.00215501585
"Paper C, phi pearson",9558.26520209941
"Paper C, phi pearson",9236.58784610657
"Paper C, phi pearson",9465.63775164807
"Paper C, phi pearson",9469.95151067294
"Paper C, phi pearson",9467.02677658057
"Paper C, phi pearson",9445.07021102559
"Paper C, phi pearson",9400.22160690475
"Paper C, phi pearson",9917.09673613514
"Paper C, phi pearson",9991.0938326919
"Paper C, phi pearson",9652.83380203796
"Paper C, phi pearson",9569.29170705882
"Paper C, phi pearson",9526.28073316187
"Paper C, phi pearson",9677.06655656847
"Paper C, phi pearson",9806.58918603496
"Paper C, phi pearson",9221.71363139256
"Paper C, phi pearson",9498.18761718081
"Paper C, phi pearson",9381.13377214254
"Paper C, phi pearson",9668.87557642937
"Paper C, phi pearson",9346.28588039303
"Paper C, phi pearson",9631.87452222112
"Paper C, phi pearson",9872.08656706654
"Paper C, phi pearson",9298.14333465641
"Paper C, phi pearson",10200.6551313918
"Paper C, phi pearson",9390.66610488175
"Paper C, phi pearson",9299.72280447191
"Paper C, phi pearson",10083.0780752381
"Paper C, phi pearson",9712.13670415549
"Paper C, phi pearson",9598.57687763441
"Paper C, phi pearson",9694.31396553481
"Paper C, phi pearson",9976.92044758476
"Paper C, phi pearson",9912.48902433061
"Paper C, phi pearson",9235.51607765055
"Paper C, phi pearson",9777.06237894409
"Paper C, phi pearson",9319.22114220425
"Paper C, phi pearson",9417.6781869894
"Paper C, phi pearson",9337.03800820699
"Paper C, phi pearson",9651.27330712514
"Paper C, phi pearson",9259.95659014481
"Paper C, phi pearson",9591.56858915541
"Paper C, phi pearson",9408.42729013798
"Paper C, phi pearson",9840.84726473917
"Paper C, phi pearson",8786.42205987805
"Paper C, phi pearson",9613.06162283042
"Paper C, phi pearson",9480.4955791814
"Paper C, phi pearson",9811.95998732217
"Paper C, phi pearson",9488.12377437297
"Paper C, phi pearson",9514.35999898821
"Paper C, phi pearson",9385.12554796223
"Paper C, phi pearson",9854.92280563757
"Paper C, phi pearson",9614.59214745583
"Paper C, phi pearson",9217.40926939838
"Paper C, phi pearson",9408.75830166686
"Paper C, phi pearson",9596.3460292024
"Paper C, phi pearson",9364.99960771495
"Paper C, phi pearson",9710.17967749896
"Paper C, phi pearson",9408.79336317531
"Paper C, phi pearson",9596.06545671593
"Paper C, phi pearson",9485.56609677251
"Paper C, phi pearson",9362.18513537029
"Paper C, phi pearson",9532.26458227318
"Paper C, phi pearson",9146.69120262173
"Paper C, phi pearson",9462.8206536399
"Paper C, phi pearson",9551.43757371164
"Paper C, phi pearson",9667.17117882135
"Paper C, phi pearson",9550.5042245531
"Paper C, phi pearson",9346.27945511979
"Paper C, phi pearson",9271.6401150097
"Paper C, phi pearson",9728.34221356423
"Paper C, phi pearson",9343.46485009274
"Paper C, phi pearson",9394.97125556875
"Paper C, phi pearson",9388.63724524144
"Paper C, phi pearson",9547.37380336839
"Paper C, phi pearson",9734.8431520356
"Paper C, phi pearson",9322.35770794404
"Paper C, phi pearson",9655.15729460403
"Paper C, phi pearson",9701.2245639357
"Paper C, phi pearson",9569.82362110078
"Paper C, phi pearson",9530.28283871068
"Paper C, phi pearson",9273.47325918732
"Paper C, phi pearson",9247.4257600072
"Paper C, phi pearson",9900.61859473792
"Paper C, phi pearson",9911.25490858499
"Paper C, phi pearson",9478.88844254339
"Paper C, phi pearson",9183.32500510889
"Paper C, phi pearson",9693.05319941397
"Paper C, phi pearson",9825.07590801539
"Paper C, phi pearson",9279.56203360471
"Paper C, phi pearson",9608.163348714
"Paper C, phi pearson",9546.62532238372
"Paper C, phi pearson",9682.8945713952
"Paper C, phi pearson",10010.9058350257
"Paper C, phi pearson",9285.79590763334
"Paper C, phi pearson",8872.94153774987
"Paper C, phi pearson",9327.97571846264
"Paper C, phi pearson",9407.08676454779
"Paper C, phi pearson",9447.53350475775
"Paper C, phi pearson",9469.26169652583
"Paper C, phi pearson",9337.53678654116
"Paper C, phi pearson",9898.50585555465
"Paper C, phi pearson",9512.76642279064
"Paper C, phi pearson",9268.09027737937
"Paper C, phi pearson",9138.84348901693
"Paper C, phi pearson",9264.44695694273
"Paper C, phi pearson",9718.91154985315
"Paper C, phi pearson",9277.36499049232
"Paper C, phi pearson",9609.51559790464
"Paper C, phi pearson",9547.5368710667
"Paper C, phi pearson",9417.33188349099
"Paper C, phi pearson",9318.85246802864
"Paper C, phi pearson",9327.41906989716
"Paper C, phi pearson",9618.25932648118
"Paper C, phi pearson",9657.25447029198
"Paper C, phi pearson",9879.15751644569
"Paper C, phi pearson",9238.12254109113
"Paper C, phi pearson",9953.91833097991
"Paper C, phi pearson",8916.0861587715
"Paper C, phi pearson",8937.40435918472
"Paper C, phi pearson",9517.64966578327
"Paper C, phi pearson",9841.63723821563
"Paper C, phi pearson",9194.48478389651
"Paper C, phi pearson",9318.25071810224
"Paper C, phi pearson",9459.17923141282
"Paper C, phi pearson",9494.47381602037
"Paper C, phi pearson",9554.9834386992
"Paper C, phi pearson",9509.71818985253
"Paper C, phi pearson",9598.81783357891
"Paper C, phi pearson",9645.19055067379
"Paper C, phi pearson",9426.6763792746
"Paper C, phi pearson",9537.62814386313
"Paper C, phi pearson",9563.58562798399
"Paper C, phi pearson",9608.45936116445
"Paper C, phi pearson",9289.7928176222
"Paper C, phi pearson",9809.20257556219
"Paper C, phi pearson",9715.79201812719
"Paper C, phi pearson",9662.16293066188
"Paper C, phi pearson",9408.27955600064
"Paper C, phi pearson",9254.22028125307
"Paper C, phi pearson",9391.96245139729
"Paper C, phi pearson",9217.3895821798
"Paper C, phi pearson",9195.54749646728
"Paper C, phi pearson",9696.97017035972
"Paper C, phi pearson",9598.95578033261
"Paper C, phi pearson",9688.63970577428
"Paper C, phi pearson",9567.19596972923
"Paper C, phi pearson",8976.65868340525
"Paper C, phi pearson",9751.35536317354
"Paper C, phi pearson",9295.2897497575
"Paper C, phi pearson",9832.03762764662
"Paper C, phi pearson",9542.38276295228
"Paper C, phi pearson",9242.33218097481
"Paper C, phi pearson",9306.34423287944
"Paper C, phi pearson",9852.82824815958
"Paper C, phi pearson",9894.81072818342
"Paper C, phi pearson",9365.6379362745
"Paper C, phi pearson",9362.19411859598
"Paper C, phi pearson",9623.79630991809
"Paper C, phi pearson",9454.78538874269
"Paper C, phi pearson",9423.55325154958
"Paper C, phi pearson",9492.41417421757
"Paper C, phi pearson",9230.64320249759
"Paper C, phi pearson",9410.25825790271
"Paper C, phi pearson",9496.45820971985
"Paper C, phi pearson",9800.92047644954
"Paper C, phi pearson",9359.68574910544
"Paper C, phi pearson",9119.51343943415
"Paper C, phi pearson",9421.06061800719
"Paper C, phi pearson",9335.69732402085
"Paper C, phi pearson",9522.87852210883
"Paper C, phi pearson",9383.07791095858
"Paper C, phi pearson",9896.78049276198
"Paper C, phi pearson",9572.49971319814
"Paper C, phi pearson",9837.77480748404
"Paper C, phi pearson",9560.48793305972
"Paper C, phi pearson",9296.91996824721
"Paper C, phi pearson",9275.96211739671
"Paper C, phi pearson",9202.85786233074
"Paper C, phi pearson",9277.41646815987
"Paper C, phi pearson",9549.83673967723
"Paper C, phi pearson",9599.43934253848
"Paper C, phi pearson",9788.55192550476
"Paper C, phi pearson",9687.98845160235
"Paper C, phi pearson",9175.55124442863
"Paper C, phi pearson",9586.91975244334
"Paper C, phi pearson",9712.77205031335
"Paper C, phi pearson",9083.32969771447
"Paper C, phi pearson",9340.27216876556
"Paper C, phi pearson",10057.0672157204
"Paper C, phi pearson",9613.49077082203
"Paper C, phi pearson",9382.69247923219
"Paper C, phi pearson",9262.10414621769
"Paper C, phi pearson",9645.16676287491
"Paper C, phi pearson",9600.4503133682
"Paper C, phi pearson",10015.0739558846
"Paper C, phi pearson",9123.20815900299
"Paper C, phi pearson",9914.59614388898
"Paper C, phi pearson",9291.95028183136
"Paper C, phi pearson",9224.41757810682
"Paper C, phi pearson",9694.9832571105
"Paper C, phi pearson",9431.58669901041
"Paper C, phi pearson",8914.66367726963
"Paper C, phi pearson",9306.67391252607
"Paper C, phi pearson",9235.57992385997
"Paper C, phi pearson",9921.67480747645
"Paper C, phi pearson",9091.72877027434
"Paper C, phi pearson",9473.69615597712
"Paper C, phi pearson",9481.87006867509
"Paper C, phi pearson",9015.53945216329
"Paper C, phi pearson",9634.88110819308
"Paper C, phi pearson",9319.19428377874
"Paper C, phi pearson",9277.63087315858
"Paper C, phi pearson",9449.33726417562
"Paper C, phi pearson",9649.42253272184
"Paper C, phi pearson",9701.97102353744
"Paper C, phi pearson",9292.65256346381
"Paper C, phi pearson",9341.85841787574
"Paper C, phi pearson",9306.42854444427
"Paper C, phi pearson",9490.86492991877
"Paper C, phi pearson",9833.45944098604
"Paper C, phi pearson",9311.82228387359
"Paper C, phi pearson",9227.96167988925
"Paper C, phi pearson",9282.45153501285
"Paper C, phi pearson",9282.44301449279
"Paper C, phi pearson",9174.15840326825
"Paper C, phi pearson",9529.35210054889
"Paper C, phi pearson",9714.99335754314
"Paper C, phi pearson",9475.7460295462
"Paper C, phi pearson",9533.05185479511
"Paper C, phi pearson",9248.30888371288
"Paper C, phi pearson",9517.98890327187
"Paper C, phi pearson",9126.27306373216
"Paper C, phi pearson",9352.64298706084
"Paper C, phi pearson",9079.06080506593
"Paper C, phi pearson",9461.26738273775
"Paper C, phi pearson",9366.83563339175
"Paper C, phi pearson",9525.07358423631
"Paper C, phi pearson",9131.08263590592
"Paper C, phi pearson",9605.99102076783
"Paper C, phi pearson",9114.28532765342
"Paper C, phi pearson",9574.03851785996
"Paper C, phi pearson",9181.11444042273
"Paper C, phi pearson",9764.00406752136
"Paper C, phi pearson",9273.31276983852
"Paper C, phi pearson",9080.77962531951
"Paper C, phi pearson",9533.33390052844
"Paper C, phi pearson",9690.43584481348
"Paper C, phi pearson",9026.57864627601
"Paper C, phi pearson",9954.50019337336
"Paper C, phi pearson",9659.61984117687
"Paper C, phi pearson",9377.08129441607
"Paper C, phi pearson",9444.36493682892
"Paper C, phi pearson",9417.06897916687
"Paper C, phi pearson",9562.20698991909
"Paper C, phi pearson",9414.70968028157
"Paper C, phi pearson",9548.66403742179
"Paper C, phi pearson",9577.45442846702
"Paper C, phi pearson",9734.59701661974
"Paper C, phi pearson",10024.885530179
"Paper C, phi pearson",9309.06426915965
"Paper C, phi pearson",9346.28310114362
"Paper C, phi pearson",9596.06164394864
"Paper C, phi pearson",9582.64707161822
"Paper C, phi pearson",9230.30151268136
"Paper C, phi pearson",9369.03394969511
"Paper C, phi pearson",9450.26472037729
"Paper C, phi pearson",9466.92191375699
"Paper C, phi pearson",9334.48357314782
"Paper C, phi pearson",9690.01086945697
"Paper C, phi pearson",9637.1833384736
"Paper C, phi pearson",9452.89174361839
"Paper C, phi pearson",9495.37895152661
"Paper C, phi pearson",9511.5494324569
"Paper C, phi pearson",9290.2556652626
"Paper C, phi pearson",9585.30193547057
"Paper C, phi pearson",9241.58574500524
"Paper C, phi pearson",9155.00545165391
"Paper C, phi pearson",9550.54377436819
"Paper C, phi pearson",9433.52404783675
"Paper C, phi pearson",9413.40023895992
"Paper C, phi pearson",9048.74921744447
"Paper C, phi pearson",9413.66975187555
"Paper C, phi pearson",9459.11388925
"Paper C, phi pearson",9400.63166654114
"Paper C, phi pearson",9500.00754403885
"Paper C, phi pearson",9398.14157157076
"Paper C, phi pearson",9530.67732661883
"Paper C, phi pearson",9667.46732590858
"Paper C, phi pearson",9395.19551978082
"Paper C, phi pearson",9657.31700233605
"Paper C, phi pearson",9642.67685327404
"Paper C, phi pearson",9713.09422859565
"Paper C, phi pearson",9326.31467822326
"Paper C, phi pearson",9368.98552393423
"Paper C, phi pearson",9192.79020797
"Paper C, phi pearson",9719.44849493235
"Paper C, phi pearson",9561.79693830035
"Paper C, phi pearson",9801.00263709673
"Paper C, phi pearson",9052.08623999358
"Paper C, phi pearson",9356.87243775633
"Paper C, phi pearson",9152.72043981988
"Paper C, phi pearson",9153.59454037177
"Paper C, phi pearson",9365.78251428279
"Paper C, phi pearson",9496.84639069603
"Paper C, phi pearson",9413.417906443
"Paper C, phi pearson",9825.3863515962
"Paper C, phi pearson",9168.39113231953
"Paper C, phi pearson",9631.83291409912
"Paper C, phi pearson",9373.9528211498
"Paper C, phi pearson",9735.84422623367
"Paper C, phi pearson",9494.09559537852
"Paper C, phi pearson",10031.3507697668
"Paper C, phi pearson",9200.5030280985
"Paper C, phi pearson",9757.70184451652
"Paper C, phi pearson",9443.55081818988
"Paper C, phi pearson",9637.25850780701
"Paper C, phi pearson",9778.07593936823
"Paper C, phi deviance",9934.65647957616
"Paper C, phi deviance",9461.23298346702
"Paper C, phi deviance",9630.10336474677
"Paper C, phi deviance",9134.21974690779
"Paper C, phi deviance",9133.80996274067
"Paper C, phi deviance",9750.08698620451
"Paper C, phi deviance",9179.94389891885
"Paper C, phi deviance",9364.12760415229
"Paper C, phi deviance",9265.14301491477
"Paper C, phi deviance",9302.66768594885
"Paper C, phi deviance",9526.42741090267
"Paper C, phi deviance",9970.10094203688
"Paper C, phi deviance",9385.73905369422
"Paper C, phi deviance",9277.67045155955
"Paper C, phi deviance",9825.48066919266
"Paper C, phi deviance",9138.19163380322
"Paper C, phi deviance",9839.1282237976
"Paper C, phi deviance",9255.32955910255
"Paper C, phi deviance",9179.30285141977
"Paper C, phi deviance",9262.78140835815
"Paper C, phi deviance",9658.74496731374
"Paper C, phi deviance",9857.74970683894
"Paper C, phi deviance",9314.83196925781
"Paper C, phi deviance",9464.94325143041
"Paper C, phi deviance",9577.54800660994
"Paper C, phi deviance",9615.08214852118
"Paper C, phi deviance",9529.71027129893
"Paper C, phi deviance",9809.36704849
"Paper C, phi deviance",8965.58667227327
"Paper C, phi deviance",9257.11453151878
"Paper C, phi deviance",9271.1461743266
"Paper C, phi deviance",9646.77058655278
"Paper C, phi deviance",9376.31250506078
"Paper C, phi deviance",9330.6607083752
"Paper C, phi deviance",9557.09428710085
"Paper C, phi deviance",9347.41050957055
"Paper C, phi deviance",9583.10183043229
"Paper C, phi deviance",9444.29746934494
"Paper C, phi deviance",9391.23857806392
"Paper C, phi deviance",9111.02449132423
"Paper C, phi deviance",9349.21509101537
"Paper C, phi deviance",9631.093485539
"Paper C, phi deviance",9865.92487431408
"Paper C, phi deviance",9048.14180077532
"Paper C, phi deviance",9477.40706795938
"Paper C, phi deviance",9326.94439327389
"Paper C, phi deviance",9476.21378591682
"Paper C, phi deviance",9789.0214020651
"Paper C, phi deviance",9569.68170894646
"Paper C, phi deviance",9481.79113572351
"Paper C, phi deviance",9431.2868636696
"Paper C, phi deviance",9439.98291696451
"Paper C, phi deviance",9231.1770956017
"Paper C, phi deviance",9502.82531968758
"Paper C, phi deviance",9423.52143575595
"Paper C, phi deviance",9408.89122253219
"Paper C, phi deviance",9646.12008445199
"Paper C, phi deviance",9572.34188813634
"Paper C, phi deviance",9231.08360635802
"Paper C, phi deviance",9475.29515202188
"Paper C, phi deviance",9698.09314778693
"Paper C, phi deviance",9240.28406104042
"Paper C, phi deviance",9573.1469969956
"Paper C, phi deviance",9281.97049061608
"Paper C, phi deviance",9835.9392999909
"Paper C, phi deviance",9242.74434159804
"Paper C, phi deviance",9159.66895113532
"Paper C, phi deviance",9679.90523848348
"Paper C, phi deviance",9312.61068019341
"Paper C, phi deviance",9105.63331676077
"Paper C, phi deviance",9568.68691742268
"Paper C, phi deviance",9283.75601954345
"Paper C, phi deviance",9299.49743123844
"Paper C, phi deviance",9314.76249790011
"Paper C, phi deviance",9493.81858128365
"Paper C, phi deviance",9574.45226887013
"Paper C, phi deviance",9873.81813292042
"Paper C, phi deviance",9350.25499551171
"Paper C, phi deviance",9589.61998475007
"Paper C, phi deviance",9135.2226867878
"Paper C, phi deviance",9427.40241795124
"Paper C, phi deviance",9658.11399265259
"Paper C, phi deviance",9692.31137522438
"Paper C, phi deviance",9159.75632950047
"Paper C, phi deviance",9349.53423309293
"Paper C, phi deviance",9674.80317927911
"Paper C, phi deviance",9222.90517048936
"Paper C, phi deviance",9252.51088625868
"Paper C, phi deviance",9265.92853552676
"Paper C, phi deviance",9455.46813742729
"Paper C, phi deviance",9562.61258594463
"Paper C, phi deviance",9617.69656807407
"Paper C, phi deviance",9507.42371723732
"Paper C, phi deviance",9619.8785771581
"Paper C, phi deviance",9762.8932003559
"Paper C, phi deviance",9449.93523333492
"Paper C, phi deviance",9763.56233364737
"Paper C, phi deviance",9467.43075932214
"Paper C, phi deviance",9572.10115557874
"Paper C, phi deviance",9624.72529375496
"Paper C, phi deviance",9235.75728817688
"Paper C, phi deviance",9369.88011204628
"Paper C, phi deviance",9136.65148589149
"Paper C, phi deviance",9615.2519889987
"Paper C, phi deviance",9489.82452737776
"Paper C, phi deviance",9781.50182015275
"Paper C, phi deviance",9268.21041370029
"Paper C, phi deviance",9511.57564827475
"Paper C, phi deviance",9090.37598859
"Paper C, phi deviance",9965.00309746208
"Paper C, phi deviance",9749.26461125398
"Paper C, phi deviance",9534.09735529
"Paper C, phi deviance",9336.54761898545
"Paper C, phi deviance",9480.66375770288
"Paper C, phi deviance",9589.27108538466
"Paper C, phi deviance",9813.53536734166
"Paper C, phi deviance",9478.22302130296
"Paper C, phi deviance",9620.57190917557
"Paper C, phi deviance",9641.77154669138
"Paper C, phi deviance",10011.3057222999
"Paper C, phi deviance",9348.0394785527
"Paper C, phi deviance",9426.34145428321
"Paper C, phi deviance",9735.21283352723
"Paper C, phi deviance",9552.0505496958
"Paper C, phi deviance",9462.9105209627
"Paper C, phi deviance",9425.39592169987
"Paper C, phi deviance",9677.08063661838
"Paper C, phi deviance",9482.14543759737
"Paper C, phi deviance",10278.3853641954
"Paper C, phi deviance",9762.21220111784
"Paper C, phi deviance",10006.7334433189
"Paper C, phi deviance",9276.67147461202
"Paper C, phi deviance",9538.41696982023
"Paper C, phi deviance",9645.6184623087
"Paper C, phi deviance",9492.7892550681
"Paper C, phi deviance",9449.9679017221
"Paper C, phi deviance",9443.63175756852
"Paper C, phi deviance",9838.90931864734
"Paper C, phi deviance",9433.98034443786
"Paper C, phi deviance",9504.65322053392
"Paper C, phi deviance",9923.47672146858
"Paper C, phi deviance",9462.75627007307
"Paper C, phi deviance",9334.5256379745
"Paper C, phi deviance",10022.5924202985
"Paper C, phi deviance",9732.9931021576
"Paper C, phi deviance",9094.40434202098
"Paper C, phi deviance",9439.99377567033
"Paper C, phi deviance",9513.52855102057
"Paper C, phi deviance",9410.11076088633
"Paper C, phi deviance",9595.65532707798
"Paper C, phi deviance",9818.31507073529
"Paper C, phi deviance",9595.59204211041
"Paper C, phi deviance",9581.61259874836
"Paper C, phi deviance",9571.35070700398
"Paper C, phi deviance",9404.09362395374
"Paper C, phi deviance",10101.3436354814
"Paper C, phi deviance",9495.77461278066
"Paper C, phi deviance",9807.43081386244
"Paper C, phi deviance",9664.91732487489
"Paper C, phi deviance",9169.70866661571
"Paper C, phi deviance",9902.52973740325
"Paper C, phi deviance",9561.10103924086
"Paper C, phi deviance",9688.25655956831
"Paper C, phi deviance",9516.77781710442
"Paper C, phi deviance",9545.57468886998
"Paper C, phi deviance",9068.28629464403
"Paper C, phi deviance",9537.85931769869
"Paper C, phi deviance",9113.46863057395
"Paper C, phi deviance",9730.42741664553
"Paper C, phi deviance",9481.1570722293
"Paper C, phi deviance",9549.51758467246
"Paper C, phi deviance",9813.02620795521
"Paper C, phi deviance",9103.59712415701
"Paper C, phi deviance",9368.72911715606
"Paper C, phi deviance",9131.34701399269
"Paper C, phi deviance",9587.05170859279
"Paper C, phi deviance",9427.87040279846
"Paper C, phi deviance",9325.91732381745
"Paper C, phi deviance",9506.87609527107
"Paper C, phi deviance",9785.57394467472
"Paper C, phi deviance",9121.83721543411
"Paper C, phi deviance",9877.3433733781
"Paper C, phi deviance",9302.4251677938
"Paper C, phi deviance",9239.33447457039
"Paper C, phi deviance",9419.75246013055
"Paper C, phi deviance",9499.66791201997
"Paper C, phi deviance",9260.82202403535
"Paper C, phi deviance",9427.87883839945
"Paper C, phi deviance",9707.61345224912
"Paper C, phi deviance",9109.98116712508
"Paper C, phi deviance",9379.80399668154
"Paper C, phi deviance",9503.42075018884
"Paper C, phi deviance",9667.57287001553
"Paper C, phi deviance",9414.15770469194
"Paper C, phi deviance",9169.29354611045
"Paper C, phi deviance",9543.37275123779
"Paper C, phi deviance",9051.11629169412
"Paper C, phi deviance",9680.37510165184
"Paper C, phi deviance",9656.341533849
"Paper C, phi deviance",9780.04244890072
"Paper C, phi deviance",9408.30400867448
"Paper C, phi deviance",9450.32905581204
"Paper C, phi deviance",8970.68078138597
"Paper C, phi deviance",9318.50376680982
"Paper C, phi deviance",9573.50461174048
"Paper C, phi deviance",9521.25494604953
"Paper C, phi deviance",9204.68961996589
"Paper C, phi deviance",9342.71761681889
"Paper C, phi deviance",9289.15161129378
"Paper C, phi deviance",9724.80429846514
"Paper C, phi deviance",9551.54154257223
"Paper C, phi deviance",9688.75364732216
"Paper C, phi deviance",9439.70700044449
"Paper C, phi deviance",9546.48209996009
"Paper C, phi deviance",9240.95692068687
"Paper C, phi deviance",9280.22623903227
"Paper C, phi deviance",9786.81154281632
"Paper C, phi deviance",9469.26996077819
"Paper C, phi deviance",9198.56784985476
"Paper C, phi deviance",9384.86503710497
"Paper C, phi deviance",9575.42339391753
"Paper C, phi deviance",9198.93159640311
"Paper C, phi deviance",9630.61685310892
"Paper C, phi deviance",9751.71802895188
"Paper C, phi deviance",9702.40462903198
"Paper C, phi deviance",9415.26588266255
"Paper C, phi deviance",9220.99032255571
"Paper C, phi deviance",9574.92858810848
"Paper C, phi deviance",9383.9798865732
"Paper C, phi deviance",9575.74235002216
"Paper C, phi deviance",9336.95863480327
"Paper C, phi deviance",9336.88223082813
"Paper C, phi deviance",9223.40188127142
"Paper C, phi deviance",9287.83452876142
"Paper C, phi deviance",9561.27380928096
"Paper C, phi deviance",9714.54793897707
"Paper C, phi deviance",9305.04900539743
"Paper C, phi deviance",8839.6821666375
"Paper C, phi deviance",9296.64773895015
"Paper C, phi deviance",8974.72541627689
"Paper C, phi deviance",9473.77961220308
"Paper C, phi deviance",9576.51747359809
"Paper C, phi deviance",9555.85736292102
"Paper C, phi deviance",9770.96030412541
"Paper C, phi deviance",9572.10427303325
"Paper C, phi deviance",9626.92221127315
"Paper C, phi deviance",9325.35067086637
"Paper C, phi deviance",9854.17818855507
"Paper C, phi deviance",9535.83509776431
"Paper C, phi deviance",9395.10942372499
"Paper C, phi deviance",9418.98622431422
"Paper C, phi deviance",9077.40469733597
"Paper C, phi deviance",9218.44590052516
"Paper C, phi deviance",9006.92568954504
"Paper C, phi deviance",9172.66168406208
"Paper C, phi deviance",9548.82602985432
"Paper C, phi deviance",9367.42457821736
"Paper C, phi deviance",9550.44881633631
"Paper C, phi deviance",9717.08380193316
"Paper C, phi deviance",9862.80241257018
"Paper C, phi deviance",9021.36751603647
"Paper C, phi deviance",9642.83092390635
"Paper C, phi deviance",9313.12013568229
"Paper C, phi deviance",9459.30531107727
"Paper C, phi deviance",9362.11536652029
"Paper C, phi deviance",9600.75880733901
"Paper C, phi deviance",9929.38968609523
"Paper C, phi deviance",9438.95366774082
"Paper C, phi deviance",9398.92923179339
"Paper C, phi deviance",9831.28297649386
"Paper C, phi deviance",9294.70188741193
"Paper C, phi deviance",9549.28302717786
"Paper C, phi deviance",9515.06949905445
"Paper C, phi deviance",9927.2915296284
"Paper C, phi deviance",9508.31462976077
"Paper C, phi deviance",9535.4626179834
"Paper C, phi deviance",9901.3939907918
"Paper C, phi deviance",9132.43046914826
"Paper C, phi deviance",9325.194679344
"Paper C, phi deviance",9338.00851955776
"Paper C, phi deviance",9813.03714965442
"Paper C, phi deviance",9808.54709400404
"Paper C, phi deviance",9227.63013335349
"Paper C, phi deviance",9583.06471438194
"Paper C, phi deviance",9137.85302299232
"Paper C, phi deviance",9322.70110118461
"Paper C, phi deviance",9076.54425788933
"Paper C, phi deviance",9370.58884835525
"Paper C, phi deviance",9633.65513049901
"Paper C, phi deviance",9650.1813792554
"Paper C, phi deviance",9311.30391210739
"Paper C, phi deviance",9414.84487586966
"Paper C, phi deviance",9570.47929294739
"Paper C, phi deviance",9322.60162543252
"Paper C, phi deviance",9325.66692906751
"Paper C, phi deviance",9660.87179569861
"Paper C, phi deviance",9788.82733768791
"Paper C, phi deviance",9221.81844438925
"Paper C, phi deviance",9505.81131862321
"Paper C, phi deviance",9599.65576658
"Paper C, phi deviance",9529.67536600911
"Paper C, phi deviance",9590.53688231297
"Paper C, phi deviance",9688.33004357571
"Paper C, phi deviance",9334.6100819931
"Paper C, phi deviance",9463.44869490622
"Paper C, phi deviance",9453.00880735463
"Paper C, phi deviance",9567.59640668918
"Paper C, phi deviance",9499.85549215367
"Paper C, phi deviance",9998.75459254737
"Paper C, phi deviance",9784.3643498364
"Paper C, phi deviance",9380.48700315027
"Paper C, phi deviance",9108.00793385916
"Paper C, phi deviance",9622.1578271913
"Paper C, phi deviance",9246.95335126104
"Paper C, phi deviance",9504.81396628104
"Paper C, phi deviance",9577.74757931663
"Paper C, phi deviance",9317.47758716392
"Paper C, phi deviance",9398.66846026451
"Paper C, phi deviance",9458.27409040465
"Paper C, phi deviance",9666.03370092032
"Paper C, phi deviance",9315.32150914491
"Paper C, phi deviance",9234.11322116978
"Paper C, phi deviance",9721.530658928
"Paper C, phi deviance",9448.79173075357
"Paper C, phi deviance",9983.06539009032
"Paper C, phi deviance",9489.62279248511
"Paper C, phi deviance",9231.49502662378
"Paper C, phi deviance",9290.25700103039
"Paper C, phi deviance",9375.18468462486
"Paper C, phi deviance",9812.80420107269
"Paper C, phi deviance",9549.32589765592
"Paper C, phi deviance",9583.89471301106
"Paper C, phi deviance",9743.00832538641
"Paper C, phi deviance",9453.84358027764
"Paper C, phi deviance",9625.62248180005
"Paper C, phi deviance",9749.07480822246
"Paper C, phi deviance",9198.92588785482
"Paper C, phi deviance",9342.76872261412
"Paper C, phi deviance",9226.02420982556
"Paper C, phi deviance",9202.49305104915
"Paper C, phi deviance",9239.48883132423
"Paper C, phi deviance",9577.76674281346
"Paper C, phi deviance",9422.72307595454
"Paper C, phi deviance",9381.63851168068
"Paper C, phi deviance",9065.65331732605
"Paper C, phi deviance",9047.50793067285
"Paper C, phi deviance",9228.4652041141
"Paper C, phi deviance",9261.66248098597
"Paper C, phi deviance",9556.61342473927
"Paper C, phi deviance",9680.87967634192
"Paper C, phi deviance",9238.96475171993
"Paper C, phi deviance",9081.61929165554
"Paper C, phi deviance",9213.98207942936
"Paper C, phi deviance",9417.6560941801
"Paper C, phi deviance",9541.8652298314
"Paper C, phi deviance",9772.1511311147
"Paper C, phi deviance",9511.58387680768
"Paper C, phi deviance",9359.75844695754
"Paper C, phi deviance",9426.13049301739
"Paper C, phi deviance",9370.77675874487
"Paper C, phi deviance",9196.26762488443
"Paper C, phi deviance",9523.38841071349
"Paper C, phi deviance",9491.71480852247
"Paper C, phi deviance",9483.25771520308
"Paper C, phi deviance",9329.50689192967
"Paper C, phi deviance",9316.68614410372
"Paper C, phi deviance",9685.3191273648
"Paper C, phi deviance",9475.84606808142
"Paper C, phi deviance",9140.09359938652
"Paper C, phi deviance",9726.09543278922
"Paper C, phi deviance",9332.20901319616
"Paper C, phi deviance",9348.52819261921
"Paper C, phi deviance",8940.14676526672
"Paper C, phi deviance",9468.59237821104
"Paper C, phi deviance",8936.65421754107
"Paper C, phi deviance",9323.21929968558
"Paper C, phi deviance",9703.27148170893
"Paper C, phi deviance",9747.16553629946
"Paper C, phi deviance",9695.64318761042
"Paper C, phi deviance",9793.66297547923
"Paper C, phi deviance",9837.11794408484
"Paper C, phi deviance",9283.60363959199
"Paper C, phi deviance",9436.74318128
"Paper C, phi deviance",9561.99763185592
"Paper C, phi deviance",9497.61505565595
"Paper C, phi deviance",9788.41683328381
"Paper C, phi deviance",9542.46892854703
"Paper C, phi deviance",9749.57090442712
"Paper C, phi deviance",9269.1397662663
"Paper C, phi deviance",9574.94460899873
"Paper C, phi deviance",9415.44383083819
"Paper C, phi deviance",9257.85503815661
"Paper C, phi deviance",9637.76194309016
"Paper C, phi deviance",9582.45935919955
"Paper C, phi deviance",9524.87810626831
"Paper C, phi deviance",9373.74211305692
"Paper C, phi deviance",9791.24538007292
"Paper C, phi deviance",9297.50514351174
"Paper C, phi deviance",9189.84534581559
"Paper C, phi deviance",9701.68509910438
"Paper C, phi deviance",9479.74379590419
"Paper C, phi deviance",9572.15182011056
"Paper C, phi deviance",9724.32729583253
"Paper C, phi deviance",9320.11041221593
"Paper C, phi deviance",9910.38097248983
"Paper C, phi deviance",9562.56267646213
"Paper C, phi deviance",9755.67785229683
"Paper C, phi deviance",9197.65001877145
"Paper C, phi deviance",9456.49798300501
"Paper C, phi deviance",9324.31723559264
"Paper C, phi deviance",9489.22030918384
"Paper C, phi deviance",9450.75582906064
"Paper C, phi deviance",9623.2944424136
"Paper C, phi deviance",9532.62833530427
"Paper C, phi deviance",9600.02295205611
"Paper C, phi deviance",9684.71096184983
"Paper C, phi deviance",9560.29534150811
"Paper C, phi deviance",9657.53022282675
"Paper C, phi deviance",9669.24545718314
"Paper C, phi deviance",9667.12066510889
"Paper C, phi deviance",9689.4337841273
"Paper C, phi deviance",9956.18611115595
"Paper C, phi deviance",8958.6389151587
"Paper C, phi deviance",8828.01850779664
"Paper C, phi deviance",9580.112382895
"Paper C, phi deviance",9798.11646277122
"Paper C, phi deviance",9618.64626086894
"Paper C, phi deviance",9403.41695506377
"Paper C, phi deviance",9798.37579038451
"Paper C, phi deviance",9335.68225018746
"Paper C, phi deviance",9433.50334335791
"Paper C, phi deviance",9279.76234767176
"Paper C, phi deviance",9437.62414917341
"Paper C, phi deviance",9730.14327136227
"Paper C, phi deviance",9587.2755473587
"Paper C, phi deviance",8896.06363981931
"Paper C, phi deviance",9247.85022250171
"Paper C, phi deviance",9553.49482669534
"Paper C, phi deviance",9452.92902764876
"Paper C, phi deviance",9501.92435150437
"Paper C, phi deviance",9037.65148923522
"Paper C, phi deviance",9173.35288119569
"Paper C, phi deviance",9510.27001338771
"Paper C, phi deviance",10007.2379889972
"Paper C, phi deviance",9585.81245854053
"Paper C, phi deviance",9150.76542274168
"Paper C, phi deviance",9619.89238324931
"Paper C, phi deviance",9207.45858223936
"Paper C, phi deviance",9383.24022623676
"Paper C, phi deviance",9412.54084386627
"Paper C, phi deviance",9484.68107531836
"Paper C, phi deviance",9278.91357886764
"Paper C, phi deviance",9124.07399162492
"Paper C, phi deviance",9510.22362696735
"Paper C, phi deviance",9554.93885440771
"Paper C, phi deviance",9616.93151885365
"Paper C, phi deviance",9563.29540722172
"Paper C, phi deviance",9643.9874960277
"Paper C, phi deviance",9669.2099778349
"Paper C, phi deviance",9589.59894769864
"Paper C, phi deviance",9627.52442438084
"Paper C, phi deviance",9175.09521044501
"Paper C, phi deviance",9713.14277174367
"Paper C, phi deviance",9827.38766648001
"Paper C, phi deviance",9181.04990189827
"Paper C, phi deviance",9200.0404743436
"Paper C, phi deviance",9271.3409715112
"Paper C, phi deviance",9971.72552179233
"Paper C, phi deviance",9738.92298764315
"Paper C, phi deviance",9637.99505167858
"Paper C, phi deviance",9709.96093225008
"Paper C, phi deviance",9680.34877497925
"Paper C, phi deviance",9145.82886018903
"Paper C, phi deviance",9648.31726004459
"Paper C, phi deviance",9325.91178516143
"Paper C, phi deviance",9421.14602160873
"Paper C, phi deviance",9370.43309762262
"Paper C, phi deviance",9595.57920315687
"Paper C, phi deviance",9310.87503368324
"Paper C, phi deviance",9527.51421374588
"Paper C, phi deviance",9165.73844019695
"Paper C, phi deviance",9502.55343010842
"Paper C, phi deviance",9228.40031476892
"Paper C, phi deviance",9620.42705435901
"Paper C, phi deviance",9513.87218612954
"Paper C, phi deviance",9865.33304994032
"Paper C, phi deviance",9482.7045861065
"Paper C, phi deviance",9215.39981351725
"Paper C, phi deviance",9397.1419833787
"Paper C, phi deviance",9720.3928730404
"Paper C, phi deviance",9280.98148023057
"Paper C, phi deviance",9227.26401191831
"Paper C, phi deviance",8855.33255636639
"Paper C, phi deviance",9761.59829254888
"Paper C, phi deviance",9582.1989526525
"Paper C, phi deviance",9532.98204916182
"Paper C, phi deviance",9309.67570711547
"Paper C, phi deviance",9536.28949890414
"Paper C, phi deviance",9858.50273474069
"Paper C, phi deviance",9563.92586086894
"Paper C, phi deviance",10057.1671444992
"Paper C, phi deviance",9132.77824282291
"Paper C, phi deviance",9489.34359504331
"Paper C, phi deviance",9459.13199020186
"Paper C, phi deviance",9597.6940283345
"Paper C, phi deviance",9624.61584150861
"Paper C, phi deviance",9211.67155531349
"Paper C, phi deviance",9064.7565440894
"Paper C, phi deviance",9756.44928946288
"Paper C, phi deviance",9620.03567874507
"Paper C, phi deviance",9444.81105149255
"Paper C, phi deviance",9028.22943004696
"Paper C, phi deviance",9441.27778438319
"Paper C, phi deviance",9413.61467400398
"Paper C, phi deviance",9535.42752529652
"Paper C, phi deviance",9489.74424483535
"Paper C, phi deviance",9451.76895951724
"Paper C, phi deviance",9885.2125550086
"Paper C, phi deviance",9237.29837204982
"Paper C, phi deviance",9162.53555897096
"Paper C, phi deviance",9359.18222188754
"Paper C, phi deviance",9389.39309342281
"Paper C, phi deviance",9418.91484793624
"Paper C, phi deviance",9154.81133698251
"Paper C, phi deviance",9439.10385432386
"Paper C, phi deviance",9797.87918493235
"Paper C, phi deviance",9476.07989046184
"Paper C, phi deviance",9681.13064933827
"Paper C, phi deviance",9336.7623933522
"Paper C, phi deviance",9557.18356182609
"Paper C, phi deviance",9264.40787657274
"Paper C, phi deviance",9458.78367864288
"Paper C, phi deviance",9752.8272533208
"Paper C, phi deviance",9357.7935731007
"Paper C, phi deviance",8678.50455126541
"Paper C, phi deviance",9484.38770016779
"Paper C, phi deviance",9370.79383091544
"Paper C, phi deviance",9619.53567398885
"Paper C, phi deviance",9318.80865978409
"Paper C, phi deviance",9422.47665078561
"Paper C, phi deviance",8988.46584048059
"Paper C, phi deviance",9343.18629647113
"Paper C, phi deviance",9310.69361906917
"Paper C, phi deviance",9050.13618667566
"Paper C, phi deviance",9633.48467968402
"Paper C, phi deviance",9249.17321451546
"Paper C, phi deviance",9782.85284933993
"Paper C, phi deviance",9640.51032812624
"Paper C, phi deviance",9446.99725858097
"Paper C, phi deviance",9501.68574176953
"Paper C, phi deviance",9317.00628175919
"Paper C, phi deviance",9380.16547322122
"Paper C, phi deviance",8893.11524070138
"Paper C, phi deviance",9339.94861206993
"Paper C, phi deviance",9122.78488169275
"Paper C, phi deviance",9311.3057861847
"Paper C, phi deviance",9767.89170066128
"Paper C, phi deviance",9528.73036264753
"Paper C, phi deviance",9733.18093416616
"Paper C, phi deviance",9584.36817545256
"Paper C, phi deviance",9373.3542557242
"Paper C, phi deviance",9224.20017813656
"Paper C, phi deviance",9484.26760633859
"Paper C, phi deviance",8921.05258687502
"Paper C, phi deviance",9621.71970614686
"Paper C, phi deviance",9420.68427012817
"Paper C, phi deviance",9438.07386088786
"Paper C, phi deviance",9640.39775839975
"Paper C, phi deviance",9571.90435293672
"Paper C, phi deviance",8939.34541291508
"Paper C, phi deviance",9791.31380961811
"Paper C, phi deviance",9045.28768431149
"Paper C, phi deviance",9720.15416094925
"Paper C, phi deviance",9416.98171689716
"Paper C, phi deviance",9538.6687430619
"Paper C, phi deviance",9423.55006697912
"Paper C, phi deviance",9711.32318079512
"Paper C, phi deviance",9517.35627500346
"Paper C, phi deviance",9382.11163139551
"Paper C, phi deviance",9226.9219400514
"Paper C, phi deviance",9585.03599791017
"Paper C, phi deviance",9588.53033321187
"Paper C, phi deviance",9577.38190637041
"Paper C, phi deviance",9381.26022025095
"Paper C, phi deviance",9451.5015212104
"Paper C, phi deviance",9590.85710568779
"Paper C, phi deviance",9615.86024772414
"Paper C, phi deviance",9651.88366801558
"Paper C, phi deviance",9438.47101777089
"Paper C, phi deviance",9425.85088159267
"Paper C, phi deviance",9668.09760711704
"Paper C, phi deviance",9230.29107083843
"Paper C, phi deviance",9271.09000432635
"Paper C, phi deviance",9660.11481905328
"Paper C, phi deviance",9623.65865013709
"Paper C, phi deviance",9684.85068512467
"Paper C, phi deviance",9582.41836956318
"Paper C, phi deviance",9695.43451489153
"Paper C, phi deviance",9779.36423948035
"Paper C, phi deviance",9315.70648667281
"Paper C, phi deviance",9435.29884071799
"Paper C, phi deviance",9718.97847644772
"Paper C, phi deviance",9211.98053885154
"Paper C, phi deviance",9593.0169234756
"Paper C, phi deviance",9435.03724500575
"Paper C, phi deviance",9360.61380435952
"Paper C, phi deviance",8997.22600130369
"Paper C, phi deviance",9107.82064578334
"Paper C, phi deviance",9245.06068365902
"Paper C, phi deviance",9419.10945933553
"Paper C, phi deviance",9213.3167923094
"Paper C, phi deviance",9491.86603093199
"Paper C, phi deviance",9716.87045784833
"Paper C, phi deviance",9654.16762855902
"Paper C, phi deviance",9547.34143234431
"Paper C, phi deviance",9955.06185256547
"Paper C, phi deviance",9321.33426636911
"Paper C, phi deviance",9637.12400641139
"Paper C, phi deviance",9367.49120416559
"Paper C, phi deviance",9313.44434246393
"Paper C, phi deviance",9581.21445447965
"Paper C, phi deviance",9419.80158596955
"Paper C, phi deviance",9473.57233284551
"Paper C, phi deviance",9227.58085625945
"Paper C, phi deviance",9464.61338559057
"Paper C, phi deviance",9421.52034166643
"Paper C, phi deviance",9309.37121220727
"Paper C, phi deviance",9319.71247062845
"Paper C, phi deviance",9278.73387951277
"Paper C, phi deviance",9641.24897606797
"Paper C, phi deviance",9576.51411838478
"Paper C, phi deviance",9282.546014415
"Paper C, phi deviance",8992.25432485368
"Paper C, phi deviance",9598.09671587609
"Paper C, phi deviance",9573.08587162875
"Paper C, phi deviance",9126.53533934177
"Paper C, phi deviance",9434.45384205636
"Paper C, phi deviance",10016.0481396564
"Paper C, phi deviance",9460.15562865829
"Paper C, phi deviance",9794.48396475891
"Paper C, phi deviance",9973.85839524382
"Paper C, phi deviance",9887.01348883051
"Paper C, phi deviance",9562.03450596797
"Paper C, phi deviance",9516.26109121388
"Paper C, phi deviance",9487.52291268821
"Paper C, phi deviance",9303.5655003984
"Paper C, phi deviance",9371.58868991484
"Paper C, phi deviance",9766.67333561507
"Paper C, phi deviance",9162.15150047465
"Paper C, phi deviance",9677.98545308676
"Paper C, phi deviance",9982.17952427339
"Paper C, phi deviance",9490.74793984154
"Paper C, phi deviance",9244.96140845242
"Paper C, phi deviance",9910.3559881358
"Paper C, phi deviance",9104.99879593823
"Paper C, phi deviance",9477.14186651924
"Paper C, phi deviance",9703.50506509008
"Paper C, phi deviance",9162.90037368526
"Paper C, phi deviance",8976.09553190405
"Paper C, phi deviance",9015.91595053845
"Paper C, phi deviance",9496.39750061649
"Paper C, phi deviance",9090.11780958956
"Paper C, phi deviance",9455.18480794419
"Paper C, phi deviance",9635.44636788134
"Paper C, phi deviance",9282.16163278945
"Paper C, phi deviance",9606.78151769443
"Paper C, phi deviance",8972.19201827305
"Paper C, phi deviance",9795.82641567979
"Paper C, phi deviance",9451.99031881234
"Paper C, phi deviance",10074.2113620003
"Paper C, phi deviance",9306.96653750325
"Paper C, phi deviance",9388.95117450526
"Paper C, phi deviance",9652.26419921894
"Paper C, phi deviance",9543.88053475047
"Paper C, phi deviance",9295.62846351465
"Paper C, phi deviance",9340.59519523271
"Paper C, phi deviance",9450.32191773419
"Paper C, phi deviance",9234.06579544146
"Paper C, phi deviance",9710.18994899667
"Paper C, phi deviance",9400.41250339698
"Paper C, phi deviance",9789.21810304042
"Paper C, phi deviance",9567.5781364596
"Paper C, phi deviance",9386.26139046147
"Paper C, phi deviance",9440.64011569426
"Paper C, phi deviance",9638.42559222535
"Paper C, phi deviance",9672.66914360953
"Paper C, phi deviance",9899.89277791478
"Paper C, phi deviance",9173.68314877119
"Paper C, phi deviance",9412.88377857922
"Paper C, phi deviance",9460.78992379963
"Paper C, phi deviance",9268.67629084149
"Paper C, phi deviance",9126.12014980396
"Paper C, phi deviance",9610.05624563989
"Paper C, phi deviance",9775.63499479355
"Paper C, phi deviance",9388.90823341766
"Paper C, phi deviance",9319.35111815011
"Paper C, phi deviance",9472.09414176153
"Paper C, phi deviance",9104.14643629444
"Paper C, phi deviance",9279.8007954177
"Paper C, phi deviance",9737.90781144171
"Paper C, phi deviance",9894.41563048845
"Paper C, phi deviance",9031.92799834949
"Paper C, phi deviance",9930.69499586115
"Paper C, phi deviance",9624.91676623242
"Paper C, phi deviance",9255.0925723426
"Paper C, phi deviance",9210.89999651716
"Paper C, phi deviance",9422.43666530714
"Paper C, phi deviance",9466.59541792135
"Paper C, phi deviance",9481.11338389917
"Paper C, phi deviance",9407.63848952336
"Paper C, phi deviance",9352.27512554239
"Paper C, phi deviance",9200.41521242679
"Paper C, phi deviance",9615.02147191496
"Paper C, phi deviance",9427.26001113082
"Paper C, phi deviance",9345.24542605661
"Paper C, phi deviance",9318.52151589778
"Paper C, phi deviance",9219.56829108205
"Paper C, phi deviance",9370.07065013817
"Paper C, phi deviance",9183.91099004446
"Paper C, phi deviance",9600.35958449892
"Paper C, phi deviance",9202.79849832663
"Paper C, phi deviance",9319.77564275873
"Paper C, phi deviance",9556.10077123901
"Paper C, phi deviance",9294.06721030625
"Paper C, phi deviance",9290.3792021765
"Paper C, phi deviance",9664.9764873447
"Paper C, phi deviance",9491.31819115308
"Paper C, phi deviance",9231.95536675602
"Paper C, phi deviance",9793.79557191544
"Paper C, phi deviance",9027.94251204772
"Paper C, phi deviance",9300.57224237603
"Paper C, phi deviance",9518.48006277822
"Paper C, phi deviance",9189.28691563304
"Paper C, phi deviance",9754.97259826565
"Paper C, phi deviance",9149.8330921899
"Paper C, phi deviance",9792.33441904632
"Paper C, phi deviance",9810.64604932674
"Paper C, phi deviance",9453.08177009073
"Paper C, phi deviance",8983.67462952385
"Paper C, phi deviance",9423.0827175218
"Paper C, phi deviance",8872.71974236757
"Paper C, phi deviance",9228.46678575245
"Paper C, phi deviance",9621.496933339
"Paper C, phi deviance",9592.28562915477
"Paper C, phi deviance",9683.78502737243
"Paper C, phi deviance",9619.75015039829
"Paper C, phi deviance",9405.48878246524
"Paper C, phi deviance",9534.31672959249
"Paper C, phi deviance",9568.09134751226
"Paper C, phi deviance",9511.84045918709
"Paper C, phi deviance",9649.98706821364
"Paper C, phi deviance",9434.97827555416
"Paper C, phi deviance",9593.5474657288
"Paper C, phi deviance",9448.91453599352
"Paper C, phi deviance",9418.79500648027
"Paper C, phi deviance",9374.0402783882
"Paper C, phi deviance",9545.73994972104
"Paper C, phi deviance",9313.08477284701
"Paper C, phi deviance",9403.08643613318
"Paper C, phi deviance",9405.97819898663
"Paper C, phi deviance",9331.79548967557
"Paper C, phi deviance",9723.52094027901
"Paper C, phi deviance",9903.68485852711
"Paper C, phi deviance",9350.64698273258
"Paper C, phi deviance",9406.65072384479
"Paper C, phi deviance",9262.12459538237
"Paper C, phi deviance",9238.64074027969
"Paper C, phi deviance",9642.18246769071
"Paper C, phi deviance",9474.51881640079
"Paper C, phi deviance",9512.99482774417
"Paper C, phi deviance",9578.7430532191
"Paper C, phi deviance",9326.69832306291
"Paper C, phi deviance",9188.71081484817
"Paper C, phi deviance",9319.6011130058
"Paper C, phi deviance",9591.97166741473
"Paper C, phi deviance",9632.90126982907
"Paper C, phi deviance",9511.37361613733
"Paper C, phi deviance",9147.28281817955
"Paper C, phi deviance",9660.13501573418
"Paper C, phi deviance",9440.33196562321
"Paper C, phi deviance",9781.80630970876
"Paper C, phi deviance",9451.69090980672
"Paper C, phi deviance",9273.23284482411
"Paper C, phi deviance",9661.74694682889
"Paper C, phi deviance",9107.88377108936
"Paper C, phi deviance",9745.94760102452
"Paper C, phi deviance",9453.79549839162
"Paper C, phi deviance",9500.557919797
"Paper C, phi deviance",9293.67890527049
"Paper C, phi deviance",9688.13583018692
"Paper C, phi deviance",9531.97158381799
"Paper C, phi deviance",9318.99376242747
"Paper C, phi deviance",9523.5086130135
"Paper C, phi deviance",9396.68947859647
"Paper C, phi deviance",9566.24888177074
"Paper C, phi deviance",9504.69147330042
"Paper C, phi deviance",9562.59632987877
"Paper C, phi deviance",9660.2781948082
"Paper C, phi deviance",9491.66140795564
"Paper C, phi deviance",9915.50414892652
"Paper C, phi deviance",9471.39752117073
"Paper C, phi deviance",9662.64842488789
"Paper C, phi deviance",9404.803644783
"Paper C, phi deviance",9832.59544941729
"Paper C, phi deviance",10062.8714450964
"Paper C, phi deviance",9061.04177078057
"Paper C, phi deviance",9061.05793201477
"Paper C, phi deviance",9642.21585841658
"Paper C, phi deviance",9623.14738669765
"Paper C, phi deviance",9105.31309541619
"Paper C, phi deviance",9395.68060479522
"Paper C, phi deviance",9163.04869565832
"Paper C, phi deviance",9494.46832648416
"Paper C, phi deviance",9655.11907250893
"Paper C, phi deviance",9468.31352284175
"Paper C, phi deviance",9499.26181005656
"Paper C, phi deviance",9981.18106115648
"Paper C, phi deviance",9174.30349348715
"Paper C, phi deviance",9786.31157241153
"Paper C, phi deviance",9557.06915809061
"Paper C, phi deviance",9337.13363000381
"Paper C, phi deviance",9629.80364201397
"Paper C, phi deviance",9296.23552215931
"Paper C, phi deviance",9503.66391063021
"Paper C, phi deviance",9229.89655069435
"Paper C, phi deviance",9143.39928246003
"Paper C, phi deviance",9304.58675135551
"Paper C, phi deviance",9645.57614843336
"Paper C, phi deviance",9499.88711603964
"Paper C, phi deviance",9617.03698743382
"Paper C, phi deviance",9408.86889727938
"Paper C, phi deviance",9988.45926484723
"Paper C, phi deviance",9453.94255712849
"Paper C, phi deviance",9487.83663750741
"Paper C, phi deviance",9164.22457780948
"Paper C, phi deviance",9250.08013902969
"Paper C, phi deviance",9426.7685933957
"Paper C, phi deviance",9328.90371413666
"Paper C, phi deviance",9933.37970404196
"Paper C, phi deviance",9677.29253801026
"Paper C, phi deviance",9610.44087006337
"Paper C, phi deviance",9546.42428733723
"Paper C, phi deviance",9456.32149922244
"Paper C, phi deviance",9266.51404104653
"Paper C, phi deviance",9475.10870393182
"Paper C, phi deviance",9723.70607916688
"Paper C, phi deviance",9725.91628001317
"Paper C, phi deviance",9273.25291325982
"Paper C, phi deviance",9481.76103009259
"Paper C, phi deviance",9256.5040969956
"Paper C, phi deviance",9537.17710355963
"Paper C, phi deviance",9672.51625642592
"Paper C, phi deviance",9646.41777657093
"Paper C, phi deviance",9495.01698257178
"Paper C, phi deviance",9135.00640467685
"Paper C, phi deviance",9453.49717729207
"Paper C, phi deviance",9416.0173155655
"Paper C, phi deviance",9688.74397668365
"Paper C, phi deviance",9677.80390756271
"Paper C, phi deviance",9082.72854645105
"Paper C, phi deviance",9552.84637739447
"Paper C, phi deviance",9465.85852380585
"Paper C, phi deviance",8827.89009750149
"Paper C, phi deviance",9773.26879061413
"Paper C, phi deviance",9660.46926086813
"Paper C, phi deviance",9784.81597849664
"Paper C, phi deviance",9600.70036412896
"Paper C, phi deviance",9110.78348517452
"Paper C, phi deviance",9366.50615479012
"Paper C, phi deviance",9318.01255914414
"Paper C, phi deviance",9367.14679402384
"Paper C, phi deviance",9348.47687574912
"Paper C, phi deviance",9227.76798945319
"Paper C, phi deviance",9665.89495538538
"Paper C, phi deviance",9297.79044486355
"Paper C, phi deviance",9371.95433750197
"Paper C, phi deviance",9144.3719127994
"Paper C, phi deviance",9110.77983571183
"Paper C, phi deviance",9645.8548155824
"Paper C, phi deviance",9325.92161688211
"Paper C, phi deviance",9494.82789835536
"Paper C, phi deviance",9509.81256593808
"Paper C, phi deviance",9412.40751568297
"Paper C, phi deviance",9792.1493459478
"Paper C, phi deviance",9013.75579886119
"Paper C, phi deviance",9570.12816844674
"Paper C, phi deviance",9298.11998359102
"Paper C, phi deviance",9780.18381204931
"Paper C, phi deviance",9150.79228048348
"Paper C, phi deviance",9169.35023832153
"Paper C, phi deviance",9421.80629814399
"Paper C, phi deviance",9290.5871258964
"Paper C, phi deviance",9764.7996187469
"Paper C, phi deviance",9419.72794791216
"Paper C, phi deviance",9867.25261850466
"Paper C, phi deviance",9664.92684858433
"Paper C, phi deviance",9424.45967744247
"Paper C, phi deviance",9669.48735535853
"Paper C, phi deviance",9400.82894749469
"Paper C, phi deviance",9589.24549225302
"Paper C, phi deviance",9340.25514050163
"Paper C, phi deviance",9408.54215416788
"Paper C, phi deviance",9624.33292279829
"Paper C, phi deviance",9121.54850625335
"Paper C, phi deviance",9539.02428844763
"Paper C, phi deviance",9294.18175171462
"Paper C, phi deviance",9222.98764038752
"Paper C, phi deviance",9543.8560424861
"Paper C, phi deviance",9346.27258881146
"Paper C, phi deviance",9223.1674995266
"Paper C, phi deviance",9502.1958585861
"Paper C, phi deviance",9639.38049753136
"Paper C, phi deviance",9333.0756098657
"Paper C, phi deviance",9401.51770572347
"Paper C, phi deviance",9836.71277251603
"Paper C, phi deviance",9419.32596214777
"Paper C, phi deviance",9590.82353659617
"Paper C, phi deviance",9861.12914159286
"Paper C, phi deviance",8922.49220071325
"Paper C, phi deviance",9207.50455683678
"Paper C, phi deviance",9056.93056414234
"Paper C, phi deviance",9360.40009022859
"Paper C, phi deviance",9766.03052163322
"Paper C, phi deviance",9524.37656491317
"Paper C, phi deviance",9276.17257432178
"Paper C, phi deviance",9638.23924361312
"Paper C, phi deviance",9304.58465992733
"Paper C, phi deviance",9453.15120983472
"Paper C, phi deviance",9464.09641739235
"Paper C, phi deviance",9413.43017609148
"Paper C, phi deviance",9379.54109780938
"Paper C, phi deviance",9199.17377321908
"Paper C, phi deviance",9448.7861662049
"Paper C, phi deviance",9297.68543893116
"Paper C, phi deviance",9548.43712679904
"Paper C, phi deviance",9277.07375390952
"Paper C, phi deviance",9357.2374717752
"Paper C, phi deviance",9469.0921185436
"Paper C, phi deviance",10116.2616544264
"Paper C, phi deviance",9745.33576483592
"Paper C, phi deviance",9756.21762909278
"Paper C, phi deviance",9435.07680186187
"Paper C, phi deviance",9560.59274393185
"Paper C, phi deviance",9140.9333046798
"Paper C, phi deviance",9237.75863274366
"Paper C, phi deviance",9381.67268054135
"Paper C, phi deviance",9613.38828313131
"Paper C, phi deviance",9566.63753930621
"Paper C, phi deviance",9906.08630180296
"Paper C, phi deviance",9275.1593634744
"Paper C, phi deviance",10122.4258379878
"Paper C, phi deviance",9933.10535648675
"Paper C, phi deviance",9789.32978118872
"Paper C, phi deviance",9544.6141809923
"Paper C, phi deviance",9710.90390495701
"Paper C, phi deviance",9444.68602147144
"Paper C, phi deviance",9236.70958984129
"Paper C, phi deviance",9383.07345783623
"Paper C, phi deviance",9375.39283741493
"Paper C, phi deviance",9471.07480744726
"Paper C, phi deviance",9354.73854464584
"Paper C, phi deviance",9554.47853867085
"Paper C, phi deviance",9509.65675954688
"Paper C, phi deviance",9469.72004325812
"Paper C, phi deviance",9380.67945641907
"Paper C, phi deviance",9406.14663832684
"Paper C, phi deviance",9557.31708775503
"Paper C, phi deviance",9298.99965023981
"Paper C, phi deviance",9561.72785324049
"Paper C, phi deviance",9102.77120802202
"Paper C, phi deviance",9194.20208681865
"Paper C, phi deviance",9536.40367797348
"Paper C, phi deviance",9442.97755570465
"Paper C, phi deviance",9888.06320466133
"Paper C, phi deviance",9361.99193583803
"Paper C, phi deviance",9481.76257504232
"Paper C, phi deviance",9644.19275774395
"Paper C, phi deviance",9486.4295457137
"Paper C, phi deviance",9429.82592891039
"Paper C, phi deviance",9958.27311010001
"Paper C, phi deviance",9455.73119952591
"Paper C, phi deviance",9274.0129855602
"Paper C, phi deviance",9811.60666213526
"Paper C, phi deviance",9758.85874537338
"Paper C, phi deviance",9288.7913941383
"Paper C, phi deviance",8951.22938640738
"Paper C, phi deviance",9730.51651973163
"Paper C, phi deviance",9426.93804928147
"Paper C, phi deviance",9644.49008306846
"Paper C, phi deviance",9868.41933495143
"Paper C, phi deviance",9660.75880638116
"Paper C, phi deviance",9804.256308118
"Paper C, phi deviance",9739.053952435
"Paper C, phi deviance",9462.82944383891
"Paper C, phi deviance",9819.33271869782
"Paper C, phi deviance",9519.33989559038
"Paper C, phi deviance",10019.7711761198
"Paper C, phi deviance",9686.72780865835
"Paper C, phi deviance",9118.8852983072
"Paper C, phi deviance",9612.46408760186
