hidden,optimizer,training,seed,learning_rate,run,parameters,run_time,epochs_used,epochs_run,loss,loss_vali,diverged,loss_hom,true,reserve,bias_pct
20,sgd,paper,2026,0.001,grid_20_sgd_paper_s2026,261,215.9,1900,1900,105329.3,11225.7,0,104361.8,9459.1,33165.4,250.6
20,sgd,paper,2027,0.001,grid_20_sgd_paper_s2027,261,245.5,1900,1900,113023.9,12174.6,0,104361.8,9459.1,604191.2,6287.4
20,sgd,paper,2028,0.001,grid_20_sgd_paper_s2028,261,242.4,1900,1900,106619.8,11375.8,0,104361.8,9459.1,77768,722.1
20,sgd,paper,2029,0.001,grid_20_sgd_paper_s2029,261,248.6,1900,1900,110337,11760.8,0,104361.8,9459.1,84884.9,797.4
20,sgd,paper,2030,0.001,grid_20_sgd_paper_s2030,261,233.9,1900,1900,107749.2,11397.3,0,104361.8,9459.1,21601.7,128.4
20,sgd,paper,2031,0.001,grid_20_sgd_paper_s2031,261,239.4,1900,1900,110520.1,11741.4,0,104361.8,9459.1,139103.1,1370.6
20,sgd,paper,2032,0.001,grid_20_sgd_paper_s2032,261,219.9,1900,1900,105031.1,11184.3,0,104361.8,9459.1,23216.7,145.4
20,sgd,paper,2033,0.001,grid_20_sgd_paper_s2033,261,237.1,1900,1900,106280.4,11243.1,0,104361.8,9459.1,132563.3,1301.4
20,sgd,paper,2034,0.001,grid_20_sgd_paper_s2034,261,221.9,1900,1900,110528.3,11778.8,0,104361.8,9459.1,74972.8,692.6
20,sgd,paper,2035,0.001,grid_20_sgd_paper_s2035,261,222.3,1900,1900,106261.8,11327.9,0,104361.8,9459.1,37729.9,298.9
20,sgd,paper,2036,0.001,grid_20_sgd_paper_s2036,261,237.4,1900,1900,107957.4,11365.4,0,104361.8,9459.1,61342.8,548.5
20,sgd,paper,2037,0.001,grid_20_sgd_paper_s2037,261,215.9,1900,1900,109906.9,11634.3,0,104361.8,9459.1,104697.5,1006.8
20,sgd,paper,2038,0.001,grid_20_sgd_paper_s2038,261,241.2,1900,1900,107522.3,11419.5,0,104361.8,9459.1,35427.1,274.5
20,sgd,paper,2039,0.001,grid_20_sgd_paper_s2039,261,217.4,1900,1900,112430.6,11810.1,0,104361.8,9459.1,63772.1,574.2
20,sgd,paper,2040,0.001,grid_20_sgd_paper_s2040,261,225.9,1900,1900,108907,11659.3,0,104361.8,9459.1,37466.4,296.1
20,sgd,paper,2041,0.001,grid_20_sgd_paper_s2041,261,223.4,1900,1900,105756.4,11187.9,0,104361.8,9459.1,25239.5,166.8
20,sgd,paper,2042,0.001,grid_20_sgd_paper_s2042,261,230.7,1900,1900,107585.3,11499.2,0,104361.8,9459.1,22068.7,133.3
20,sgd,paper,2043,0.001,grid_20_sgd_paper_s2043,261,237.4,1900,1900,111721.8,11722.2,0,104361.8,9459.1,124760.2,1218.9
20,sgd,paper,2044,0.001,grid_20_sgd_paper_s2044,261,234.9,1900,1900,112652.1,11895.4,0,104361.8,9459.1,486571.3,5043.9
20,sgd,paper,2045,0.001,grid_20_sgd_paper_s2045,261,225.3,1900,1900,106085.2,11285.6,0,104361.8,9459.1,19093.8,101.9
20,sgd,cl_start,2026,0.001,grid_20_sgd_cl_start_s2026,261,596.1,4824,5047,103674.9,10968.7,0,104361.8,9459.1,9460.7,0
20,sgd,cl_start,2027,0.001,grid_20_sgd_cl_start_s2027,261,604.5,4984,5190,103704.8,10976.7,0,104361.8,9459.1,9426.9,-0.3
20,sgd,cl_start,2028,0.001,grid_20_sgd_cl_start_s2028,261,638.3,5150,5375,103610,10959.9,0,104361.8,9459.1,9431,-0.3
20,sgd,cl_start,2029,0.001,grid_20_sgd_cl_start_s2029,261,506.1,3993,4256,103772.2,10970.2,0,104361.8,9459.1,9410,-0.5
20,sgd,cl_start,2030,0.001,grid_20_sgd_cl_start_s2030,261,609.2,4738,4981,103637.9,10962.9,0,104361.8,9459.1,9440.8,-0.2
20,sgd,cl_start,2031,0.001,grid_20_sgd_cl_start_s2031,261,481.5,3844,4109,103855.9,10973.4,0,104361.8,9459.1,9378.1,-0.9
20,sgd,cl_start,2032,0.001,grid_20_sgd_cl_start_s2032,261,524.5,4223,4485,103749.3,10975.8,0,104361.8,9459.1,9497.6,0.4
20,sgd,cl_start,2033,0.001,grid_20_sgd_cl_start_s2033,261,533.1,4399,4623,103749.9,10967.1,0,104361.8,9459.1,9456.9,0
20,sgd,cl_start,2034,0.001,grid_20_sgd_cl_start_s2034,261,519.9,4215,4458,103928,10980.6,0,104361.8,9459.1,9398.3,-0.6
20,sgd,cl_start,2035,0.001,grid_20_sgd_cl_start_s2035,261,562.8,4627,4849,103771.2,10961.4,0,104361.8,9459.1,9460.6,0
20,sgd,cl_start,2036,0.001,grid_20_sgd_cl_start_s2036,261,580.1,4049,4293,103908.8,10981.4,0,104361.8,9459.1,9423.5,-0.4
20,sgd,cl_start,2037,0.001,grid_20_sgd_cl_start_s2037,261,558.2,4689,4921,103831.7,10973.1,0,104361.8,9459.1,9452.9,-0.1
20,sgd,cl_start,2038,0.001,grid_20_sgd_cl_start_s2038,261,507.1,4109,4352,103733.9,10966.5,0,104361.8,9459.1,9515.2,0.6
20,sgd,cl_start,2039,0.001,grid_20_sgd_cl_start_s2039,261,474.5,3722,3985,103756.7,10973.1,0,104361.8,9459.1,9481.7,0.2
20,sgd,cl_start,2040,0.001,grid_20_sgd_cl_start_s2040,261,453.2,3508,3770,103897.9,10977.5,0,104361.8,9459.1,9409.9,-0.5
20,sgd,cl_start,2041,0.001,grid_20_sgd_cl_start_s2041,261,520.9,4149,4411,103660.6,10976.5,0,104361.8,9459.1,9491.8,0.3
20,sgd,cl_start,2042,0.001,grid_20_sgd_cl_start_s2042,261,585.9,4640,4863,103829.6,10982.5,0,104361.8,9459.1,9416.2,-0.5
20,sgd,cl_start,2043,0.001,grid_20_sgd_cl_start_s2043,261,474.3,3685,3949,103743.9,10964.1,0,104361.8,9459.1,9484.2,0.3
20,sgd,cl_start,2044,0.001,grid_20_sgd_cl_start_s2044,261,551.9,4183,4426,103712.2,10971.2,0,104361.8,9459.1,9457.5,0
20,sgd,cl_start,2045,0.001,grid_20_sgd_cl_start_s2045,261,633.7,4628,4865,103746.3,10978.9,0,104361.8,9459.1,9426.3,-0.3
20,sgd_momentum,paper,2026,0.001,grid_20_sgd_momentum_paper_s2026,261,220.2,1900,1900,103667.8,11066.2,0,104361.8,9459.1,14387.4,52.1
20,sgd_momentum,paper,2027,0.001,grid_20_sgd_momentum_paper_s2027,261,241.3,1900,1900,103613.3,11061.1,0,104361.8,9459.1,15390.5,62.7
20,sgd_momentum,paper,2028,0.001,grid_20_sgd_momentum_paper_s2028,261,227.6,1900,1900,103847.9,11124.5,0,104361.8,9459.1,17185.5,81.7
20,sgd_momentum,paper,2029,0.001,grid_20_sgd_momentum_paper_s2029,261,228.4,1900,1900,103473.2,11039.5,0,104361.8,9459.1,11598.4,22.6
20,sgd_momentum,paper,2030,0.001,grid_20_sgd_momentum_paper_s2030,261,230.6,1900,1900,104898.5,11191.7,0,104361.8,9459.1,13149.7,39
20,sgd_momentum,paper,2031,0.001,grid_20_sgd_momentum_paper_s2031,261,229.1,1900,1900,103643.7,11069.8,0,104361.8,9459.1,13417.7,41.8
20,sgd_momentum,paper,2032,0.001,grid_20_sgd_momentum_paper_s2032,261,222.8,1900,1900,103429.2,11040.6,0,104361.8,9459.1,10542.3,11.5
20,sgd_momentum,paper,2033,0.001,grid_20_sgd_momentum_paper_s2033,261,229.2,1900,1900,103604,11066.8,0,104361.8,9459.1,12203.2,29
20,sgd_momentum,paper,2034,0.001,grid_20_sgd_momentum_paper_s2034,261,222,1900,1900,103481.3,11054.4,0,104361.8,9459.1,11537.2,22
20,sgd_momentum,paper,2035,0.001,grid_20_sgd_momentum_paper_s2035,261,232.8,1900,1900,103573.2,11067.2,0,104361.8,9459.1,11109.1,17.4
20,sgd_momentum,paper,2036,0.001,grid_20_sgd_momentum_paper_s2036,261,218.9,1900,1900,103536,11009.1,0,104361.8,9459.1,10900.7,15.2
20,sgd_momentum,paper,2037,0.001,grid_20_sgd_momentum_paper_s2037,261,215.4,1900,1900,103861.3,11098.1,0,104361.8,9459.1,12176.9,28.7
20,sgd_momentum,paper,2038,0.001,grid_20_sgd_momentum_paper_s2038,261,222.6,1900,1900,103538.3,11057.6,0,104361.8,9459.1,10875,15
20,sgd_momentum,paper,2039,0.001,grid_20_sgd_momentum_paper_s2039,261,233.4,1900,1900,105219.5,11170.5,0,104361.8,9459.1,17982.4,90.1
20,sgd_momentum,paper,2040,0.001,grid_20_sgd_momentum_paper_s2040,261,245.3,1900,1900,103642.8,11075.4,0,104361.8,9459.1,10753.1,13.7
20,sgd_momentum,paper,2041,0.001,grid_20_sgd_momentum_paper_s2041,261,222.5,1900,1900,103571.9,11032,0,104361.8,9459.1,11499.1,21.6
20,sgd_momentum,paper,2042,0.001,grid_20_sgd_momentum_paper_s2042,261,228.4,1900,1900,103895.3,11128.1,0,104361.8,9459.1,10118,7
20,sgd_momentum,paper,2043,0.001,grid_20_sgd_momentum_paper_s2043,261,230.2,1900,1900,103462.2,11023.7,0,104361.8,9459.1,10931.6,15.6
20,sgd_momentum,paper,2044,0.001,grid_20_sgd_momentum_paper_s2044,261,249.8,1900,1900,103584.1,11035.1,0,104361.8,9459.1,10959.9,15.9
20,sgd_momentum,paper,2045,0.001,grid_20_sgd_momentum_paper_s2045,261,233.3,1900,1900,103678.4,11072.5,0,104361.8,9459.1,10539,11.4
20,sgd_momentum,cl_start,2026,0.001,grid_20_sgd_momentum_cl_start_s2026,261,441.9,3371,3671,103609.5,10961.2,0,104361.8,9459.1,9441,-0.2
20,sgd_momentum,cl_start,2027,0.001,grid_20_sgd_momentum_cl_start_s2027,261,378,2770,3095,103667.1,10967.8,0,104361.8,9459.1,9492.9,0.4
20,sgd_momentum,cl_start,2028,0.001,grid_20_sgd_momentum_cl_start_s2028,261,428.2,3319,3602,103561.8,10949,0,104361.8,9459.1,9413.3,-0.5
20,sgd_momentum,cl_start,2029,0.001,grid_20_sgd_momentum_cl_start_s2029,261,318,2330,2653,103772.5,10958.1,0,104361.8,9459.1,9375.8,-0.9
20,sgd_momentum,cl_start,2030,0.001,grid_20_sgd_momentum_cl_start_s2030,261,367.7,2710,3013,103542,10958.6,0,104361.8,9459.1,9414,-0.5
20,sgd_momentum,cl_start,2031,0.001,grid_20_sgd_momentum_cl_start_s2031,261,296.6,2267,2572,103841.4,10967.5,0,104361.8,9459.1,9357.8,-1.1
20,sgd_momentum,cl_start,2032,0.001,grid_20_sgd_momentum_cl_start_s2032,261,229.4,1606,1948,103801.3,10974.6,0,104361.8,9459.1,9558.5,1.1
20,sgd_momentum,cl_start,2033,0.001,grid_20_sgd_momentum_cl_start_s2033,261,251.9,1857,2180,103848.2,10963.8,0,104361.8,9459.1,9554.8,1
20,sgd_momentum,cl_start,2034,0.001,grid_20_sgd_momentum_cl_start_s2034,261,399.5,2661,2964,103877,10971.8,0,104361.8,9459.1,9398.6,-0.6
20,sgd_momentum,cl_start,2035,0.001,grid_20_sgd_momentum_cl_start_s2035,261,273.5,2037,2359,103774.1,10951.3,0,104361.8,9459.1,9527.1,0.7
20,sgd_momentum,cl_start,2036,0.001,grid_20_sgd_momentum_cl_start_s2036,261,324.8,2489,2793,103845.8,10970.1,0,104361.8,9459.1,9434.8,-0.3
20,sgd_momentum,cl_start,2037,0.001,grid_20_sgd_momentum_cl_start_s2037,261,334,2616,2933,103856,10967,0,104361.8,9459.1,9514.1,0.6
20,sgd_momentum,cl_start,2038,0.001,grid_20_sgd_momentum_cl_start_s2038,261,315.1,2081,2444,103739.8,10961.9,0,104361.8,9459.1,9612.3,1.6
20,sgd_momentum,cl_start,2039,0.001,grid_20_sgd_momentum_cl_start_s2039,261,266.3,1916,2240,103851.6,10973.2,0,104361.8,9459.1,9515.7,0.6
20,sgd_momentum,cl_start,2040,0.001,grid_20_sgd_momentum_cl_start_s2040,261,367.2,2872,3154,103841.1,10967.3,0,104361.8,9459.1,9378.4,-0.9
20,sgd_momentum,cl_start,2041,0.001,grid_20_sgd_momentum_cl_start_s2041,261,279.9,1785,2127,103674.3,10969.6,0,104361.8,9459.1,9579.9,1.3
20,sgd_momentum,cl_start,2042,0.001,grid_20_sgd_momentum_cl_start_s2042,261,367.4,2767,3090,103808.8,10974.6,0,104361.8,9459.1,9386.9,-0.8
20,sgd_momentum,cl_start,2043,0.001,grid_20_sgd_momentum_cl_start_s2043,261,300.9,2211,2515,103780.5,10961.8,0,104361.8,9459.1,9586.3,1.3
20,sgd_momentum,cl_start,2044,0.001,grid_20_sgd_momentum_cl_start_s2044,261,330.7,2309,2633,103739.5,10968,0,104361.8,9459.1,9447.2,-0.1
20,sgd_momentum,cl_start,2045,0.001,grid_20_sgd_momentum_cl_start_s2045,261,404.8,3019,3303,103656,10964.1,0,104361.8,9459.1,9405.2,-0.6
20,sgd_nesterov,paper,2026,0.001,grid_20_sgd_nesterov_paper_s2026,261,237.9,1900,1900,103676.6,11069.2,0,104361.8,9459.1,14195.7,50.1
20,sgd_nesterov,paper,2027,0.001,grid_20_sgd_nesterov_paper_s2027,261,221.4,1900,1900,103690.5,11078,0,104361.8,9459.1,20530,117
20,sgd_nesterov,paper,2028,0.001,grid_20_sgd_nesterov_paper_s2028,261,226.4,1900,1900,103866.6,11128.8,0,104361.8,9459.1,17481,84.8
20,sgd_nesterov,paper,2029,0.001,grid_20_sgd_nesterov_paper_s2029,261,251.3,1900,1900,103488.9,11043.4,0,104361.8,9459.1,11095.8,17.3
20,sgd_nesterov,paper,2030,0.001,grid_20_sgd_nesterov_paper_s2030,261,230.5,1900,1900,104952.4,11201.4,0,104361.8,9459.1,12616.3,33.4
20,sgd_nesterov,paper,2031,0.001,grid_20_sgd_nesterov_paper_s2031,261,223.8,1900,1900,103657.3,11081.2,0,104361.8,9459.1,13025.8,37.7
20,sgd_nesterov,paper,2032,0.001,grid_20_sgd_nesterov_paper_s2032,261,222.2,1900,1900,103438.6,11046.9,0,104361.8,9459.1,10479,10.8
20,sgd_nesterov,paper,2033,0.001,grid_20_sgd_nesterov_paper_s2033,261,221.3,1900,1900,103596.4,11068.9,0,104361.8,9459.1,12443.2,31.5
20,sgd_nesterov,paper,2034,0.001,grid_20_sgd_nesterov_paper_s2034,261,222.7,1900,1900,103500.5,11062.7,0,104361.8,9459.1,12147.3,28.4
20,sgd_nesterov,paper,2035,0.001,grid_20_sgd_nesterov_paper_s2035,261,233.1,1900,1900,103563.6,11070.8,0,104361.8,9459.1,11492.7,21.5
20,sgd_nesterov,paper,2036,0.001,grid_20_sgd_nesterov_paper_s2036,261,227.2,1900,1900,103536.7,11007,0,104361.8,9459.1,10508.2,11.1
20,sgd_nesterov,paper,2037,0.001,grid_20_sgd_nesterov_paper_s2037,261,232,1900,1900,103899.4,11112.7,0,104361.8,9459.1,12395.3,31
20,sgd_nesterov,paper,2038,0.001,grid_20_sgd_nesterov_paper_s2038,261,217.6,1900,1900,103555.2,11065.9,0,104361.8,9459.1,10994.6,16.2
20,sgd_nesterov,paper,2039,0.001,grid_20_sgd_nesterov_paper_s2039,261,230.9,1900,1900,105284.9,11176,0,104361.8,9459.1,18763.3,98.4
20,sgd_nesterov,paper,2040,0.001,grid_20_sgd_nesterov_paper_s2040,261,219.3,1900,1900,103696.9,11086.3,0,104361.8,9459.1,10080.5,6.6
20,sgd_nesterov,paper,2041,0.001,grid_20_sgd_nesterov_paper_s2041,261,222.2,1900,1900,103570.4,11030.4,0,104361.8,9459.1,12031.7,27.2
20,sgd_nesterov,paper,2042,0.001,grid_20_sgd_nesterov_paper_s2042,261,237.1,1900,1900,103979.2,11141.6,0,104361.8,9459.1,11232,18.7
20,sgd_nesterov,paper,2043,0.001,grid_20_sgd_nesterov_paper_s2043,261,225.8,1900,1900,103469.9,11027.2,0,104361.8,9459.1,10674.1,12.8
20,sgd_nesterov,paper,2044,0.001,grid_20_sgd_nesterov_paper_s2044,261,262,1900,1900,103599.8,11040.6,0,104361.8,9459.1,12433.5,31.4
20,sgd_nesterov,paper,2045,0.001,grid_20_sgd_nesterov_paper_s2045,261,228.7,1900,1900,103716.2,11083.1,0,104361.8,9459.1,10926.9,15.5
20,sgd_nesterov,cl_start,2026,0.001,grid_20_sgd_nesterov_cl_start_s2026,261,443.3,3353,3656,103619.6,10961.8,0,104361.8,9459.1,9429.4,-0.3
20,sgd_nesterov,cl_start,2027,0.001,grid_20_sgd_nesterov_cl_start_s2027,261,441,3303,3627,103663,10968.1,0,104361.8,9459.1,9461.6,0
20,sgd_nesterov,cl_start,2028,0.001,grid_20_sgd_nesterov_cl_start_s2028,261,424.1,3319,3601,103560.2,10949.6,0,104361.8,9459.1,9411.9,-0.5
20,sgd_nesterov,cl_start,2029,0.001,grid_20_sgd_nesterov_cl_start_s2029,261,322.6,2328,2651,103767.5,10958.9,0,104361.8,9459.1,9374.8,-0.9
20,sgd_nesterov,cl_start,2030,0.001,grid_20_sgd_nesterov_cl_start_s2030,261,464.6,3117,3400,103560.5,10958.5,0,104361.8,9459.1,9406.7,-0.6
20,sgd_nesterov,cl_start,2031,0.001,grid_20_sgd_nesterov_cl_start_s2031,261,388.7,2741,3026,103822.3,10964.3,0,104361.8,9459.1,9356.8,-1.1
20,sgd_nesterov,cl_start,2032,0.001,grid_20_sgd_nesterov_cl_start_s2032,261,228.8,1616,1958,103796.2,10974.7,0,104361.8,9459.1,9533.6,0.8
20,sgd_nesterov,cl_start,2033,0.001,grid_20_sgd_nesterov_cl_start_s2033,261,341,2267,2581,103831.6,10964,0,104361.8,9459.1,9531.3,0.8
20,sgd_nesterov,cl_start,2034,0.001,grid_20_sgd_nesterov_cl_start_s2034,261,346.8,2658,2962,103880.3,10972.1,0,104361.8,9459.1,9389.7,-0.7
20,sgd_nesterov,cl_start,2035,0.001,grid_20_sgd_nesterov_cl_start_s2035,261,347.5,2522,2824,103744,10949,0,104361.8,9459.1,9493.9,0.4
20,sgd_nesterov,cl_start,2036,0.001,grid_20_sgd_nesterov_cl_start_s2036,261,333,2492,2796,103852.5,10970.5,0,104361.8,9459.1,9421.6,-0.4
20,sgd_nesterov,cl_start,2037,0.001,grid_20_sgd_nesterov_cl_start_s2037,261,368.4,2615,2930,103834.8,10966.7,0,104361.8,9459.1,9495.2,0.4
20,sgd_nesterov,cl_start,2038,0.001,grid_20_sgd_nesterov_cl_start_s2038,261,293.1,2170,2522,103731.3,10961,0,104361.8,9459.1,9587.5,1.4
20,sgd_nesterov,cl_start,2039,0.001,grid_20_sgd_nesterov_cl_start_s2039,261,268,1909,2233,103848.2,10973.4,0,104361.8,9459.1,9497.1,0.4
20,sgd_nesterov,cl_start,2040,0.001,grid_20_sgd_nesterov_cl_start_s2040,261,369.3,2864,3146,103833.7,10967.5,0,104361.8,9459.1,9377,-0.9
20,sgd_nesterov,cl_start,2041,0.001,grid_20_sgd_nesterov_cl_start_s2041,261,257.8,1840,2182,103675,10971.5,0,104361.8,9459.1,9542.9,0.9
20,sgd_nesterov,cl_start,2042,0.001,grid_20_sgd_nesterov_cl_start_s2042,261,367.2,2766,3089,103792.4,10974.9,0,104361.8,9459.1,9388,-0.8
20,sgd_nesterov,cl_start,2043,0.001,grid_20_sgd_nesterov_cl_start_s2043,261,300.9,2208,2512,103753.3,10961.7,0,104361.8,9459.1,9560.1,1.1
20,sgd_nesterov,cl_start,2044,0.001,grid_20_sgd_nesterov_cl_start_s2044,261,337.2,2315,2638,103720.8,10967.6,0,104361.8,9459.1,9446.8,-0.1
20,sgd_nesterov,cl_start,2045,0.001,grid_20_sgd_nesterov_cl_start_s2045,261,446.7,3031,3315,103659.7,10964.9,0,104361.8,9459.1,9398.8,-0.6
20,adagrad,paper,2026,0.01,grid_20_adagrad_paper_s2026,261,236.3,1900,1900,104235.9,11182.2,0,104361.8,9459.1,11594.6,22.6
20,adagrad,paper,2027,0.01,grid_20_adagrad_paper_s2027,261,232.7,1900,1900,105506.3,11250.1,0,104361.8,9459.1,20977.6,121.8
20,adagrad,paper,2028,0.01,grid_20_adagrad_paper_s2028,261,228.5,1900,1900,104336.6,11229.8,0,104361.8,9459.1,13894.6,46.9
20,adagrad,paper,2029,0.01,grid_20_adagrad_paper_s2029,261,235.4,1900,1900,104043.1,11159.9,0,104361.8,9459.1,11455.8,21.1
20,adagrad,paper,2030,0.01,grid_20_adagrad_paper_s2030,261,229.1,1900,1900,104444.8,11155.8,0,104361.8,9459.1,12484.1,32
20,adagrad,paper,2031,0.01,grid_20_adagrad_paper_s2031,261,228.4,1900,1900,104166.6,11202.8,0,104361.8,9459.1,12193.3,28.9
20,adagrad,paper,2032,0.01,grid_20_adagrad_paper_s2032,261,228.4,1900,1900,104146.4,11197.3,0,104361.8,9459.1,10123.7,7
20,adagrad,paper,2033,0.01,grid_20_adagrad_paper_s2033,261,225,1900,1900,103939.3,11158.5,0,104361.8,9459.1,10931.9,15.6
20,adagrad,paper,2034,0.01,grid_20_adagrad_paper_s2034,261,217.1,1900,1900,104983.2,11243,0,104361.8,9459.1,12559.6,32.8
20,adagrad,paper,2035,0.01,grid_20_adagrad_paper_s2035,261,221.4,1900,1900,104307.1,11236,0,104361.8,9459.1,10896.9,15.2
20,adagrad,paper,2036,0.01,grid_20_adagrad_paper_s2036,261,225.1,1900,1900,103733.2,11048.1,0,104361.8,9459.1,10489.5,10.9
20,adagrad,paper,2037,0.01,grid_20_adagrad_paper_s2037,261,236.9,1900,1900,104283,11196.9,0,104361.8,9459.1,12561.8,32.8
20,adagrad,paper,2038,0.01,grid_20_adagrad_paper_s2038,261,221.9,1900,1900,104135,11161.1,0,104361.8,9459.1,10648.9,12.6
20,adagrad,paper,2039,0.01,grid_20_adagrad_paper_s2039,261,222.9,1900,1900,105282.4,11219.4,0,104361.8,9459.1,16394,73.3
20,adagrad,paper,2040,0.01,grid_20_adagrad_paper_s2040,261,219.1,1900,1900,104935.2,11301.8,0,104361.8,9459.1,9901.9,4.7
20,adagrad,paper,2041,0.01,grid_20_adagrad_paper_s2041,261,225.7,1900,1900,104131.3,11142.2,0,104361.8,9459.1,11498.4,21.6
20,adagrad,paper,2042,0.01,grid_20_adagrad_paper_s2042,261,231.3,1900,1900,104867.2,11281.8,0,104361.8,9459.1,9760.8,3.2
20,adagrad,paper,2043,0.01,grid_20_adagrad_paper_s2043,261,232.1,1900,1900,103867,11103.9,0,104361.8,9459.1,12169.5,28.7
20,adagrad,paper,2044,0.01,grid_20_adagrad_paper_s2044,261,237.6,1900,1900,103990.7,11101.4,0,104361.8,9459.1,13344.6,41.1
20,adagrad,paper,2045,0.01,grid_20_adagrad_paper_s2045,261,252.2,1900,1900,104214.8,11210.6,0,104361.8,9459.1,10175.3,7.6
20,adagrad,cl_start,2026,0.01,grid_20_adagrad_cl_start_s2026,261,315.8,2253,2578,103659.1,10959.5,0,104361.8,9459.1,9394.2,-0.7
20,adagrad,cl_start,2027,0.01,grid_20_adagrad_cl_start_s2027,261,230.4,1459,1845,103613.8,10966.9,0,104361.8,9459.1,9418.3,-0.4
20,adagrad,cl_start,2028,0.01,grid_20_adagrad_cl_start_s2028,261,330.1,2460,2785,103606.4,10953,0,104361.8,9459.1,9492.1,0.3
20,adagrad,cl_start,2029,0.01,grid_20_adagrad_cl_start_s2029,261,209.6,1324,1689,103742.5,10959.8,0,104361.8,9459.1,9368.5,-1
20,adagrad,cl_start,2030,0.01,grid_20_adagrad_cl_start_s2030,261,404,3006,3322,103613.4,10960.5,0,104361.8,9459.1,9472.9,0.1
20,adagrad,cl_start,2031,0.01,grid_20_adagrad_cl_start_s2031,261,295.4,2181,2507,103759.4,10962.8,0,104361.8,9459.1,9342.9,-1.2
20,adagrad,cl_start,2032,0.01,grid_20_adagrad_cl_start_s2032,261,289,2191,2495,103620.4,10980.7,0,104361.8,9459.1,9744.7,3
20,adagrad,cl_start,2033,0.01,grid_20_adagrad_cl_start_s2033,261,245.8,1700,2076,103694.8,10961.3,0,104361.8,9459.1,9372,-0.9
20,adagrad,cl_start,2034,0.01,grid_20_adagrad_cl_start_s2034,261,343.3,2307,2633,103868.5,10970.2,0,104361.8,9459.1,9361.2,-1
20,adagrad,cl_start,2035,0.01,grid_20_adagrad_cl_start_s2035,261,267.1,1930,2295,103593.9,10948.6,0,104361.8,9459.1,9752.6,3.1
20,adagrad,cl_start,2036,0.01,grid_20_adagrad_cl_start_s2036,261,317,2330,2653,103796.5,10967.3,0,104361.8,9459.1,9440.6,-0.2
20,adagrad,cl_start,2037,0.01,grid_20_adagrad_cl_start_s2037,261,148.9,862,1251,103727.3,10964.6,0,104361.8,9459.1,9759.2,3.2
20,adagrad,cl_start,2038,0.01,grid_20_adagrad_cl_start_s2038,261,206.3,1407,1753,103686.7,10957.9,0,104361.8,9459.1,9736.6,2.9
20,adagrad,cl_start,2039,0.01,grid_20_adagrad_cl_start_s2039,261,277,2000,2344,103523.9,10962,0,104361.8,9459.1,9439,-0.2
20,adagrad,cl_start,2040,0.01,grid_20_adagrad_cl_start_s2040,261,255.2,1753,2118,103875,10966.6,0,104361.8,9459.1,9632.9,1.8
20,adagrad,cl_start,2041,0.01,grid_20_adagrad_cl_start_s2041,261,252.1,1767,2112,103552.5,10958.8,0,104361.8,9459.1,9481.8,0.2
20,adagrad,cl_start,2042,0.01,grid_20_adagrad_cl_start_s2042,261,233.1,1591,1935,103854.3,10977.2,0,104361.8,9459.1,9533.9,0.8
20,adagrad,cl_start,2043,0.01,grid_20_adagrad_cl_start_s2043,261,251.5,1662,2027,103739.4,10959.3,0,104361.8,9459.1,9412.3,-0.5
20,adagrad,cl_start,2044,0.01,grid_20_adagrad_cl_start_s2044,261,251,1625,1989,103580.6,10965.8,0,104361.8,9459.1,9395.7,-0.7
20,adagrad,cl_start,2045,0.01,grid_20_adagrad_cl_start_s2045,261,378.2,2778,3081,103558.1,10968.1,0,104361.8,9459.1,9460.9,0
20,adadelta,paper,2026,1,grid_20_adadelta_paper_s2026,261,231.4,1900,1900,105446.8,11361.2,0,104361.8,9459.1,10481.7,10.8
20,adadelta,paper,2027,1,grid_20_adadelta_paper_s2027,261,243.7,1900,1900,112251.8,12026.5,0,104361.8,9459.1,119149,1159.6
20,adadelta,paper,2028,1,grid_20_adadelta_paper_s2028,261,246.5,1900,1900,105716.3,11406.3,0,104361.8,9459.1,12098.2,27.9
20,adadelta,paper,2029,1,grid_20_adadelta_paper_s2029,261,239.3,1900,1900,106229,11439.3,0,104361.8,9459.1,23137.8,144.6
20,adadelta,paper,2030,1,grid_20_adadelta_paper_s2030,261,234,1900,1900,104797.1,11212.2,0,104361.8,9459.1,10815.2,14.3
20,adadelta,paper,2031,1,grid_20_adadelta_paper_s2031,261,224.7,1900,1900,106146.3,11464.2,0,104361.8,9459.1,13490.2,42.6
20,adadelta,paper,2032,1,grid_20_adadelta_paper_s2032,261,221.5,1900,1900,104869.7,11307.7,0,104361.8,9459.1,11714.8,23.8
20,adadelta,paper,2033,1,grid_20_adadelta_paper_s2033,261,232.3,1900,1900,105086.7,11317.5,0,104361.8,9459.1,11912.9,25.9
20,adadelta,paper,2034,1,grid_20_adadelta_paper_s2034,261,245.5,1900,1900,111502.3,11908.3,0,104361.8,9459.1,66512.6,603.2
20,adadelta,paper,2035,1,grid_20_adadelta_paper_s2035,261,227.2,1900,1900,104869.2,11358.1,0,104361.8,9459.1,11125.3,17.6
20,adadelta,paper,2036,1,grid_20_adadelta_paper_s2036,261,228.8,1900,1900,104746,11187.9,0,104361.8,9459.1,10817.4,14.4
20,adadelta,paper,2037,1,grid_20_adadelta_paper_s2037,261,227.8,1900,1900,104999.5,11279.6,0,104361.8,9459.1,17664,86.7
20,adadelta,paper,2038,1,grid_20_adadelta_paper_s2038,261,225.2,1900,1900,104755.5,11237.9,0,104361.8,9459.1,12508,32.2
20,adadelta,paper,2039,1,grid_20_adadelta_paper_s2039,261,227.3,1900,1900,106288.5,11383.9,0,104361.8,9459.1,14157.3,49.7
20,adadelta,paper,2040,1,grid_20_adadelta_paper_s2040,261,233.8,1900,1900,106685.3,11544.4,0,104361.8,9459.1,14402.2,52.3
20,adadelta,paper,2041,1,grid_20_adadelta_paper_s2041,261,241.5,1900,1900,104720.8,11229.4,0,104361.8,9459.1,12477.7,31.9
20,adadelta,paper,2042,1,grid_20_adadelta_paper_s2042,261,232,1900,1900,109777.9,11826.9,0,104361.8,9459.1,38031.1,302.1
20,adadelta,paper,2043,1,grid_20_adadelta_paper_s2043,261,235.8,1900,1900,104612.1,11171.1,0,104361.8,9459.1,23048.3,143.7
20,adadelta,paper,2044,1,grid_20_adadelta_paper_s2044,261,257.3,1900,1900,108690.6,11687.3,0,104361.8,9459.1,51953.5,449.2
20,adadelta,paper,2045,1,grid_20_adadelta_paper_s2045,261,233.7,1900,1900,106408,11476.4,0,104361.8,9459.1,17343.1,83.3
20,adadelta,cl_start,2026,1,grid_20_adadelta_cl_start_s2026,261,152.9,775,1219,103623.2,10951.2,0,104361.8,9459.1,9975.3,5.5
20,adadelta,cl_start,2027,1,grid_20_adadelta_cl_start_s2027,261,128.7,631,1032,103631.5,10960.8,0,104361.8,9459.1,9867.1,4.3
20,adadelta,cl_start,2028,1,grid_20_adadelta_cl_start_s2028,261,120,553,940,103723.9,10960.3,0,104361.8,9459.1,10039.8,6.1
20,adadelta,cl_start,2029,1,grid_20_adadelta_cl_start_s2029,261,114.2,471,864,103682.8,10957.1,0,104361.8,9459.1,10131.4,7.1
20,adadelta,cl_start,2030,1,grid_20_adadelta_cl_start_s2030,261,138.9,686,1076,103599.1,10956.5,0,104361.8,9459.1,9723.2,2.8
20,adadelta,cl_start,2031,1,grid_20_adadelta_cl_start_s2031,261,112.9,444,837,103683.2,10960.7,0,104361.8,9459.1,9697.4,2.5
20,adadelta,cl_start,2032,1,grid_20_adadelta_cl_start_s2032,261,151.7,841,1234,103434.6,10950.5,0,104361.8,9459.1,9939,5.1
20,adadelta,cl_start,2033,1,grid_20_adadelta_cl_start_s2033,261,136.7,671,1102,103710.8,10962.6,0,104361.8,9459.1,9947.1,5.2
20,adadelta,cl_start,2034,1,grid_20_adadelta_cl_start_s2034,261,134.7,653,1045,103644.2,10962.2,0,104361.8,9459.1,9920.5,4.9
20,adadelta,cl_start,2035,1,grid_20_adadelta_cl_start_s2035,261,134.5,738,1126,103611.5,10948.7,0,104361.8,9459.1,9921.4,4.9
20,adadelta,cl_start,2036,1,grid_20_adadelta_cl_start_s2036,261,117.9,550,939,103702.2,10964.9,0,104361.8,9459.1,10034.3,6.1
20,adadelta,cl_start,2037,1,grid_20_adadelta_cl_start_s2037,261,119.6,555,943,103589.5,10961.5,0,104361.8,9459.1,9998.8,5.7
20,adadelta,cl_start,2038,1,grid_20_adadelta_cl_start_s2038,261,107,370,835,103666.9,10956.2,0,104361.8,9459.1,9954.8,5.2
20,adadelta,cl_start,2039,1,grid_20_adadelta_cl_start_s2039,261,172.8,923,1423,103599.5,10956.4,0,104361.8,9459.1,9716.5,2.7
20,adadelta,cl_start,2040,1,grid_20_adadelta_cl_start_s2040,261,121.6,515,954,103823.4,10966.5,0,104361.8,9459.1,9996.7,5.7
20,adadelta,cl_start,2041,1,grid_20_adadelta_cl_start_s2041,261,154.3,812,1208,103585.4,10953.8,0,104361.8,9459.1,10164.1,7.5
20,adadelta,cl_start,2042,1,grid_20_adadelta_cl_start_s2042,261,115.6,486,895,103907.3,10978.6,0,104361.8,9459.1,9868,4.3
20,adadelta,cl_start,2043,1,grid_20_adadelta_cl_start_s2043,261,160.7,754,1150,103671.5,10958.9,0,104361.8,9459.1,9533.1,0.8
20,adadelta,cl_start,2044,1,grid_20_adadelta_cl_start_s2044,261,155,793,1168,103583.6,10959.7,0,104361.8,9459.1,10284.8,8.7
20,adadelta,cl_start,2045,1,grid_20_adadelta_cl_start_s2045,261,139.1,682,1071,103682.5,10963.2,0,104361.8,9459.1,9869.8,4.3
20,rmsprop,paper,2026,0.001,grid_20_rmsprop_paper_s2026,261,239.6,1900,1900,104707.6,11261.8,0,104361.8,9459.1,13670.1,44.5
20,rmsprop,paper,2027,0.001,grid_20_rmsprop_paper_s2027,261,229.8,1900,1900,104659.1,11190,0,104361.8,9459.1,13562.4,43.4
20,rmsprop,paper,2028,0.001,grid_20_rmsprop_paper_s2028,261,226.9,1900,1900,104546.2,11272.8,0,104361.8,9459.1,12337.9,30.4
20,rmsprop,paper,2029,0.001,grid_20_rmsprop_paper_s2029,261,235.3,1900,1900,105596.4,11275.9,0,104361.8,9459.1,10273.3,8.6
20,rmsprop,paper,2030,0.001,grid_20_rmsprop_paper_s2030,261,237.2,1900,1900,104446.5,11164.1,0,104361.8,9459.1,8187.5,-13.4
20,rmsprop,paper,2031,0.001,grid_20_rmsprop_paper_s2031,261,231.1,1900,1900,104344,11210.3,0,104361.8,9459.1,7623.1,-19.4
20,rmsprop,paper,2032,0.001,grid_20_rmsprop_paper_s2032,261,223.1,1900,1900,104885.1,11321.1,0,104361.8,9459.1,6663.3,-29.6
20,rmsprop,paper,2033,0.001,grid_20_rmsprop_paper_s2033,261,226.9,1900,1900,104290.4,11213.9,0,104361.8,9459.1,11207.8,18.5
20,rmsprop,paper,2034,0.001,grid_20_rmsprop_paper_s2034,261,231.1,1900,1900,104958.2,11288.3,0,104361.8,9459.1,11987.9,26.7
20,rmsprop,paper,2035,0.001,grid_20_rmsprop_paper_s2035,261,237.6,1900,1900,104972.8,11361.2,0,104361.8,9459.1,9003.1,-4.8
20,rmsprop,paper,2036,0.001,grid_20_rmsprop_paper_s2036,261,225.1,1900,1900,104173.4,11090,0,104361.8,9459.1,9460.8,0
20,rmsprop,paper,2037,0.001,grid_20_rmsprop_paper_s2037,261,244.3,1900,1900,105731.6,11442.2,0,104361.8,9459.1,10789.8,14.1
20,rmsprop,paper,2038,0.001,grid_20_rmsprop_paper_s2038,261,227.8,1900,1900,104953.8,11294.3,0,104361.8,9459.1,10525,11.3
20,rmsprop,paper,2039,0.001,grid_20_rmsprop_paper_s2039,261,227.8,1900,1900,106115.8,11316,0,104361.8,9459.1,18841.6,99.2
20,rmsprop,paper,2040,0.001,grid_20_rmsprop_paper_s2040,261,233.8,1900,1900,105523.8,11432.5,0,104361.8,9459.1,9890.8,4.6
20,rmsprop,paper,2041,0.001,grid_20_rmsprop_paper_s2041,261,230,1900,1900,104783.8,11255.6,0,104361.8,9459.1,6953.6,-26.5
20,rmsprop,paper,2042,0.001,grid_20_rmsprop_paper_s2042,261,225.5,1900,1900,104413.8,11278.2,0,104361.8,9459.1,11289.9,19.4
20,rmsprop,paper,2043,0.001,grid_20_rmsprop_paper_s2043,261,233,1900,1900,105410.7,11288.6,0,104361.8,9459.1,11383.8,20.3
20,rmsprop,paper,2044,0.001,grid_20_rmsprop_paper_s2044,261,240.1,1900,1900,105643.1,11214.9,0,104361.8,9459.1,12228.9,29.3
20,rmsprop,paper,2045,0.001,grid_20_rmsprop_paper_s2045,261,239.6,1900,1900,104639.7,11285.7,0,104361.8,9459.1,10793.9,14.1
20,rmsprop,cl_start,2026,0.001,grid_20_rmsprop_cl_start_s2026,261,159.2,872,1274,103561.6,10918,0,104361.8,9459.1,9762,3.2
20,rmsprop,cl_start,2027,0.001,grid_20_rmsprop_cl_start_s2027,261,201.2,1251,1662,103487.1,10907,0,104361.8,9459.1,9717.9,2.7
20,rmsprop,cl_start,2028,0.001,grid_20_rmsprop_cl_start_s2028,261,158.3,908,1297,103556.7,10927.7,0,104361.8,9459.1,9706.6,2.6
20,rmsprop,cl_start,2029,0.001,grid_20_rmsprop_cl_start_s2029,261,168.9,874,1342,103590,10913.6,0,104361.8,9459.1,9580.9,1.3
20,rmsprop,cl_start,2030,0.001,grid_20_rmsprop_cl_start_s2030,261,229.7,1328,1765,103678.9,10962.4,0,104361.8,9459.1,9647.2,2
20,rmsprop,cl_start,2031,0.001,grid_20_rmsprop_cl_start_s2031,261,149.5,737,1203,103708.3,10959.6,0,104361.8,9459.1,9306.7,-1.6
20,rmsprop,cl_start,2032,0.001,grid_20_rmsprop_cl_start_s2032,261,191,1134,1559,103499,10922,0,104361.8,9459.1,9458.7,0
20,rmsprop,cl_start,2033,0.001,grid_20_rmsprop_cl_start_s2033,261,120.2,559,978,103688.7,10961,0,104361.8,9459.1,9759.5,3.2
20,rmsprop,cl_start,2034,0.001,grid_20_rmsprop_cl_start_s2034,261,188.4,1126,1527,103586.2,10918.8,0,104361.8,9459.1,9599.5,1.5
20,rmsprop,cl_start,2035,0.001,grid_20_rmsprop_cl_start_s2035,261,164.8,987,1384,103570.2,10917.4,0,104361.8,9459.1,9823.7,3.9
20,rmsprop,cl_start,2036,0.001,grid_20_rmsprop_cl_start_s2036,261,149.3,800,1241,103728.6,10967.4,0,104361.8,9459.1,9755.3,3.1
20,rmsprop,cl_start,2037,0.001,grid_20_rmsprop_cl_start_s2037,261,118.3,516,952,103620.3,10963.1,0,104361.8,9459.1,9880.6,4.5
20,rmsprop,cl_start,2038,0.001,grid_20_rmsprop_cl_start_s2038,261,213,1337,1739,103575.1,10921.4,0,104361.8,9459.1,9771.8,3.3
20,rmsprop,cl_start,2039,0.001,grid_20_rmsprop_cl_start_s2039,261,164.6,939,1352,103522,10919.8,0,104361.8,9459.1,9638.1,1.9
20,rmsprop,cl_start,2040,0.001,grid_20_rmsprop_cl_start_s2040,261,181,928,1351,103652.2,10910,0,104361.8,9459.1,9668.2,2.2
20,rmsprop,cl_start,2041,0.001,grid_20_rmsprop_cl_start_s2041,261,177.4,954,1403,103502.6,10922.8,0,104361.8,9459.1,9645.3,2
20,rmsprop,cl_start,2042,0.001,grid_20_rmsprop_cl_start_s2042,261,166.1,953,1342,103810,10960.2,0,104361.8,9459.1,9515.6,0.6
20,rmsprop,cl_start,2043,0.001,grid_20_rmsprop_cl_start_s2043,261,147.8,737,1161,103689,10958.2,0,104361.8,9459.1,9517.3,0.6
20,rmsprop,cl_start,2044,0.001,grid_20_rmsprop_cl_start_s2044,261,161.7,857,1245,103502.5,10924.1,0,104361.8,9459.1,9785.7,3.5
20,rmsprop,cl_start,2045,0.001,grid_20_rmsprop_cl_start_s2045,261,163.8,799,1230,103716.8,10966,0,104361.8,9459.1,9443.3,-0.2
20,adam,paper,2026,0.001,grid_20_adam_paper_s2026,261,235.7,1900,1900,106744.4,11537.1,0,104361.8,9459.1,10734.3,13.5
20,adam,paper,2027,0.001,grid_20_adam_paper_s2027,261,251.9,1900,1900,113235.3,12170.8,0,104361.8,9459.1,115815.6,1124.4
20,adam,paper,2028,0.001,grid_20_adam_paper_s2028,261,251.1,1900,1900,106732.1,11557.4,0,104361.8,9459.1,13351.8,41.2
20,adam,paper,2029,0.001,grid_20_adam_paper_s2029,261,254.4,1900,1900,110631.4,11794.7,0,104361.8,9459.1,22127.2,133.9
20,adam,paper,2030,0.001,grid_20_adam_paper_s2030,261,242.3,1900,1900,106076.7,11379.3,0,104361.8,9459.1,11725,24
20,adam,paper,2031,0.001,grid_20_adam_paper_s2031,261,233,1900,1900,107287.5,11545.2,0,104361.8,9459.1,13457.3,42.3
20,adam,paper,2032,0.001,grid_20_adam_paper_s2032,261,236,1900,1900,106648.1,11563.2,0,104361.8,9459.1,12362.9,30.7
20,adam,paper,2033,0.001,grid_20_adam_paper_s2033,261,232.2,1900,1900,106069,11431.6,0,104361.8,9459.1,11648.6,23.1
20,adam,paper,2034,0.001,grid_20_adam_paper_s2034,261,235.1,1900,1900,112449.3,12017.6,0,104361.8,9459.1,67752.3,616.3
20,adam,paper,2035,0.001,grid_20_adam_paper_s2035,261,227.6,1900,1900,106929.6,11585.2,0,104361.8,9459.1,10507.1,11.1
20,adam,paper,2036,0.001,grid_20_adam_paper_s2036,261,227.8,1900,1900,107966,11525.9,0,104361.8,9459.1,12545.1,32.6
20,adam,paper,2037,0.001,grid_20_adam_paper_s2037,261,226.5,1900,1900,109772.8,11866.2,0,104361.8,9459.1,24682.2,160.9
20,adam,paper,2038,0.001,grid_20_adam_paper_s2038,261,237.3,1900,1900,107017.5,11511.5,0,104361.8,9459.1,13841.2,46.3
20,adam,paper,2039,0.001,grid_20_adam_paper_s2039,261,231.4,1900,1900,109220.3,11682.1,0,104361.8,9459.1,16486,74.3
20,adam,paper,2040,0.001,grid_20_adam_paper_s2040,261,240.1,1900,1900,109274.3,11932.2,0,104361.8,9459.1,15169,60.4
20,adam,paper,2041,0.001,grid_20_adam_paper_s2041,261,230.1,1900,1900,106503.3,11428.5,0,104361.8,9459.1,11487.8,21.4
20,adam,paper,2042,0.001,grid_20_adam_paper_s2042,261,237.4,1900,1900,110048.3,11875.4,0,104361.8,9459.1,28786.6,204.3
20,adam,paper,2043,0.001,grid_20_adam_paper_s2043,261,235.4,1900,1900,109662.5,11743.9,0,104361.8,9459.1,35938.2,279.9
20,adam,paper,2044,0.001,grid_20_adam_paper_s2044,261,248.1,1900,1900,116927.7,12431.8,0,104361.8,9459.1,111556.6,1079.4
20,adam,paper,2045,0.001,grid_20_adam_paper_s2045,261,238.7,1900,1900,107514.7,11607.5,0,104361.8,9459.1,14484.4,53.1
20,adam,cl_start,2026,0.001,grid_20_adam_cl_start_s2026,261,173.8,932,1370,103363.8,10827.6,0,104361.8,9459.1,9448.5,-0.1
20,adam,cl_start,2027,0.001,grid_20_adam_cl_start_s2027,261,139.5,605,1066,103788.8,10964.7,0,104361.8,9459.1,9545.1,0.9
20,adam,cl_start,2028,0.001,grid_20_adam_cl_start_s2028,261,162.2,812,1225,103483.6,10832.1,0,104361.8,9459.1,9375.2,-0.9
20,adam,cl_start,2029,0.001,grid_20_adam_cl_start_s2029,261,119.9,400,831,103746.9,10953.5,0,104361.8,9459.1,9372.5,-0.9
20,adam,cl_start,2030,0.001,grid_20_adam_cl_start_s2030,261,122.2,519,927,103641.2,10963.5,0,104361.8,9459.1,9449.2,-0.1
20,adam,cl_start,2031,0.001,grid_20_adam_cl_start_s2031,261,123.1,542,977,103780.3,10960.6,0,104361.8,9459.1,9386.4,-0.8
20,adam,cl_start,2032,0.001,grid_20_adam_cl_start_s2032,261,97.8,318,743,103746.3,10979.9,0,104361.8,9459.1,9534,0.8
20,adam,cl_start,2033,0.001,grid_20_adam_cl_start_s2033,261,127.4,578,1021,103663,10959,0,104361.8,9459.1,9481.7,0.2
20,adam,cl_start,2034,0.001,grid_20_adam_cl_start_s2034,261,167.5,897,1308,103548.2,10842.3,0,104361.8,9459.1,9295.7,-1.7
20,adam,cl_start,2035,0.001,grid_20_adam_cl_start_s2035,261,175.1,1000,1422,103497.6,10853.7,0,104361.8,9459.1,9482.6,0.2
20,adam,cl_start,2036,0.001,grid_20_adam_cl_start_s2036,261,128.6,567,1009,103777.2,10969.3,0,104361.8,9459.1,9456.4,0
20,adam,cl_start,2037,0.001,grid_20_adam_cl_start_s2037,261,122.2,524,979,103697.8,10968.6,0,104361.8,9459.1,9478.9,0.2
20,adam,cl_start,2038,0.001,grid_20_adam_cl_start_s2038,261,151.5,836,1232,103422.8,10827.9,0,104361.8,9459.1,9602.3,1.5
20,adam,cl_start,2039,0.001,grid_20_adam_cl_start_s2039,261,155.9,814,1268,103474.3,10830.7,0,104361.8,9459.1,9366.3,-1
20,adam,cl_start,2040,0.001,grid_20_adam_cl_start_s2040,261,147.8,680,1139,103778.7,10962.2,0,104361.8,9459.1,9424.3,-0.4
20,adam,cl_start,2041,0.001,grid_20_adam_cl_start_s2041,261,172,859,1327,103477,10847.9,0,104361.8,9459.1,9422.7,-0.4
20,adam,cl_start,2042,0.001,grid_20_adam_cl_start_s2042,261,103.3,386,798,103821.4,10976.6,0,104361.8,9459.1,9376.6,-0.9
20,adam,cl_start,2043,0.001,grid_20_adam_cl_start_s2043,261,135.9,595,1054,103719.6,10957.5,0,104361.8,9459.1,9499.8,0.4
20,adam,cl_start,2044,0.001,grid_20_adam_cl_start_s2044,261,155.4,787,1194,103467.9,10857,0,104361.8,9459.1,9393.4,-0.7
20,adam,cl_start,2045,0.001,grid_20_adam_cl_start_s2045,261,169.2,918,1335,103382.2,10814.8,0,104361.8,9459.1,9422.9,-0.4
20,adamw,paper,2026,0.001,grid_20_adamw_paper_s2026,261,227.5,1900,1900,106745.3,11537.2,0,104361.8,9459.1,10728.8,13.4
20,adamw,paper,2027,0.001,grid_20_adamw_paper_s2027,261,232,1900,1900,113227.9,12170.2,0,104361.8,9459.1,115597.3,1122.1
20,adamw,paper,2028,0.001,grid_20_adamw_paper_s2028,261,238,1900,1900,106731.8,11557.4,0,104361.8,9459.1,13339.4,41
20,adamw,paper,2029,0.001,grid_20_adamw_paper_s2029,261,238.8,1900,1900,110631.2,11794.7,0,104361.8,9459.1,22105.3,133.7
20,adamw,paper,2030,0.001,grid_20_adamw_paper_s2030,261,234.4,1900,1900,106076.3,11379.3,0,104361.8,9459.1,11716.9,23.9
20,adamw,paper,2031,0.001,grid_20_adamw_paper_s2031,261,234.3,1900,1900,107287.2,11545.1,0,104361.8,9459.1,13445.4,42.1
20,adamw,paper,2032,0.001,grid_20_adamw_paper_s2032,261,232.1,1900,1900,106649.1,11563.4,0,104361.8,9459.1,12356.5,30.6
20,adamw,paper,2033,0.001,grid_20_adamw_paper_s2033,261,230.6,1900,1900,106070.3,11431.7,0,104361.8,9459.1,11642.9,23.1
20,adamw,paper,2034,0.001,grid_20_adamw_paper_s2034,261,232.1,1900,1900,112442.7,12017,0,104361.8,9459.1,67647,615.1
20,adamw,paper,2035,0.001,grid_20_adamw_paper_s2035,261,235.1,1900,1900,106930.8,11585.2,0,104361.8,9459.1,10502.1,11
20,adamw,paper,2036,0.001,grid_20_adamw_paper_s2036,261,228.2,1900,1900,107969.1,11526.4,0,104361.8,9459.1,12538,32.5
20,adamw,paper,2037,0.001,grid_20_adamw_paper_s2037,261,228.6,1900,1900,109773.1,11866.1,0,104361.8,9459.1,24662.4,160.7
20,adamw,paper,2038,0.001,grid_20_adamw_paper_s2038,261,230.1,1900,1900,107019.6,11511.7,0,104361.8,9459.1,13835.9,46.3
20,adamw,paper,2039,0.001,grid_20_adamw_paper_s2039,261,227.9,1900,1900,109217.5,11681.8,0,104361.8,9459.1,16472,74.1
20,adamw,paper,2040,0.001,grid_20_adamw_paper_s2040,261,234.3,1900,1900,109274.4,11932.2,0,104361.8,9459.1,15153.2,60.2
20,adamw,paper,2041,0.001,grid_20_adamw_paper_s2041,261,233.8,1900,1900,106504.7,11428.6,0,104361.8,9459.1,11481.1,21.4
20,adamw,paper,2042,0.001,grid_20_adamw_paper_s2042,261,233.5,1900,1900,110044.2,11874.9,0,104361.8,9459.1,28745.8,203.9
20,adamw,paper,2043,0.001,grid_20_adamw_paper_s2043,261,245.8,1900,1900,109662.7,11744.1,0,104361.8,9459.1,35907.1,279.6
20,adamw,paper,2044,0.001,grid_20_adamw_paper_s2044,261,241.3,1900,1900,116917,12430.7,0,104361.8,9459.1,111338.4,1077
20,adamw,paper,2045,0.001,grid_20_adamw_paper_s2045,261,240.9,1900,1900,107513.8,11607.4,0,104361.8,9459.1,14475,53
20,adamw,cl_start,2026,0.001,grid_20_adamw_cl_start_s2026,261,165.4,932,1370,103364.4,10827.9,0,104361.8,9459.1,9448.4,-0.1
20,adamw,cl_start,2027,0.001,grid_20_adamw_cl_start_s2027,261,138.9,606,1067,103788.7,10964.7,0,104361.8,9459.1,9545,0.9
20,adamw,cl_start,2028,0.001,grid_20_adamw_cl_start_s2028,261,157.1,812,1225,103484.5,10832.6,0,104361.8,9459.1,9375.9,-0.9
20,adamw,cl_start,2029,0.001,grid_20_adamw_cl_start_s2029,261,111.3,400,831,103746.9,10953.5,0,104361.8,9459.1,9372.6,-0.9
20,adamw,cl_start,2030,0.001,grid_20_adamw_cl_start_s2030,261,122.3,519,927,103641.2,10963.5,0,104361.8,9459.1,9449.2,-0.1
20,adamw,cl_start,2031,0.001,grid_20_adamw_cl_start_s2031,261,127.8,542,977,103780.3,10960.6,0,104361.8,9459.1,9386.4,-0.8
20,adamw,cl_start,2032,0.001,grid_20_adamw_cl_start_s2032,261,104.1,318,743,103746.3,10979.9,0,104361.8,9459.1,9533.8,0.8
20,adamw,cl_start,2033,0.001,grid_20_adamw_cl_start_s2033,261,129.9,579,1022,103663,10959,0,104361.8,9459.1,9481.7,0.2
20,adamw,cl_start,2034,0.001,grid_20_adamw_cl_start_s2034,261,167.3,896,1307,103548.8,10842.7,0,104361.8,9459.1,9302,-1.7
20,adamw,cl_start,2035,0.001,grid_20_adamw_cl_start_s2035,261,175.9,1000,1422,103497.9,10853.8,0,104361.8,9459.1,9482.5,0.2
20,adamw,cl_start,2036,0.001,grid_20_adamw_cl_start_s2036,261,128,567,1009,103777.2,10969.3,0,104361.8,9459.1,9456.4,0
20,adamw,cl_start,2037,0.001,grid_20_adamw_cl_start_s2037,261,121.3,524,979,103697.8,10968.6,0,104361.8,9459.1,9478.8,0.2
20,adamw,cl_start,2038,0.001,grid_20_adamw_cl_start_s2038,261,153.8,836,1232,103423.4,10828.2,0,104361.8,9459.1,9602.1,1.5
20,adamw,cl_start,2039,0.001,grid_20_adamw_cl_start_s2039,261,157.7,814,1268,103475.4,10831.3,0,104361.8,9459.1,9366.2,-1
20,adamw,cl_start,2040,0.001,grid_20_adamw_cl_start_s2040,261,144.8,681,1140,103778.6,10962.2,0,104361.8,9459.1,9424.3,-0.4
20,adamw,cl_start,2041,0.001,grid_20_adamw_cl_start_s2041,261,167.2,859,1327,103477.7,10848.3,0,104361.8,9459.1,9422.8,-0.4
20,adamw,cl_start,2042,0.001,grid_20_adamw_cl_start_s2042,261,107.5,386,798,103821.4,10976.6,0,104361.8,9459.1,9376.5,-0.9
20,adamw,cl_start,2043,0.001,grid_20_adamw_cl_start_s2043,261,136.2,595,1054,103719.6,10957.5,0,104361.8,9459.1,9499.6,0.4
20,adamw,cl_start,2044,0.001,grid_20_adamw_cl_start_s2044,261,158.8,787,1194,103468.2,10857,0,104361.8,9459.1,9402.2,-0.6
20,adamw,cl_start,2045,0.001,grid_20_adamw_cl_start_s2045,261,172.6,918,1335,103383,10815.2,0,104361.8,9459.1,9422.3,-0.4
20,adamax,paper,2026,0.001,grid_20_adamax_paper_s2026,261,226.4,1900,1900,108046,11714.7,0,104361.8,9459.1,12119.6,28.1
20,adamax,paper,2027,0.001,grid_20_adamax_paper_s2027,261,243.1,1900,1900,128675.3,14101.7,0,104361.8,9459.1,1395784.2,14655.9
20,adamax,paper,2028,0.001,grid_20_adamax_paper_s2028,261,247.5,1900,1900,107561.7,11653.2,0,104361.8,9459.1,13676.2,44.6
20,adamax,paper,2029,0.001,grid_20_adamax_paper_s2029,261,235.2,1900,1900,117159.1,12512.2,0,104361.8,9459.1,84149,789.6
20,adamax,paper,2030,0.001,grid_20_adamax_paper_s2030,261,231.9,1900,1900,108092.1,11620.3,0,104361.8,9459.1,17215,82
20,adamax,paper,2031,0.001,grid_20_adamax_paper_s2031,261,233.3,1900,1900,109227.2,11729.9,0,104361.8,9459.1,24863,162.8
20,adamax,paper,2032,0.001,grid_20_adamax_paper_s2032,261,235.6,1900,1900,108165.8,11789.8,0,104361.8,9459.1,23148.7,144.7
20,adamax,paper,2033,0.001,grid_20_adamax_paper_s2033,261,228.8,1900,1900,107200.5,11556.4,0,104361.8,9459.1,18364.3,94.1
20,adamax,paper,2034,0.001,grid_20_adamax_paper_s2034,261,231.1,1900,1900,127582.4,13591.2,0,104361.8,9459.1,643410.5,6702
20,adamax,paper,2035,0.001,grid_20_adamax_paper_s2035,261,228.7,1900,1900,108175.3,11706.1,0,104361.8,9459.1,12437.8,31.5
20,adamax,paper,2036,0.001,grid_20_adamax_paper_s2036,261,230.5,1900,1900,110117.2,11750.7,0,104361.8,9459.1,12945.2,36.9
20,adamax,paper,2037,0.001,grid_20_adamax_paper_s2037,261,227.7,1900,1900,112815.7,12156.9,0,104361.8,9459.1,38039.3,302.1
20,adamax,paper,2038,0.001,grid_20_adamax_paper_s2038,261,225.3,1900,1900,109284.9,11735.9,0,104361.8,9459.1,26075.4,175.7
20,adamax,paper,2039,0.001,grid_20_adamax_paper_s2039,261,235.4,1900,1900,112159.5,11969.8,0,104361.8,9459.1,34475.8,264.5
20,adamax,paper,2040,0.001,grid_20_adamax_paper_s2040,261,234,1900,1900,114705.2,12538.7,0,104361.8,9459.1,58799.8,521.6
20,adamax,paper,2041,0.001,grid_20_adamax_paper_s2041,261,232.9,1900,1900,107511.9,11540.8,0,104361.8,9459.1,12021.9,27.1
20,adamax,paper,2042,0.001,grid_20_adamax_paper_s2042,261,228.9,1900,1900,117654.2,12638,0,104361.8,9459.1,194217.6,1953.2
20,adamax,paper,2043,0.001,grid_20_adamax_paper_s2043,261,238,1900,1900,114999.1,12266.5,0,104361.8,9459.1,61904,554.4
20,adamax,paper,2044,0.001,grid_20_adamax_paper_s2044,261,242,1900,1900,141137.5,15101.6,0,104361.8,9459.1,1062765.1,11135.3
20,adamax,paper,2045,0.001,grid_20_adamax_paper_s2045,261,238.1,1900,1900,112299.6,12095.6,0,104361.8,9459.1,63095.5,567
20,adamax,cl_start,2026,0.001,grid_20_adamax_cl_start_s2026,261,237.5,1585,1997,103554.7,10939.4,0,104361.8,9459.1,9452.8,-0.1
20,adamax,cl_start,2027,0.001,grid_20_adamax_cl_start_s2027,261,171.6,958,1361,103785.1,10966.8,0,104361.8,9459.1,9490.1,0.3
20,adamax,cl_start,2028,0.001,grid_20_adamax_cl_start_s2028,261,136.8,582,974,103562.1,10957.5,0,104361.8,9459.1,9451,-0.1
20,adamax,cl_start,2029,0.001,grid_20_adamax_cl_start_s2029,261,167.2,910,1330,103725.6,10954.2,0,104361.8,9459.1,9403.4,-0.6
20,adamax,cl_start,2030,0.001,grid_20_adamax_cl_start_s2030,261,170.6,931,1351,103604.4,10961.7,0,104361.8,9459.1,9428.9,-0.3
20,adamax,cl_start,2031,0.001,grid_20_adamax_cl_start_s2031,261,161.1,808,1298,103768.3,10962.1,0,104361.8,9459.1,9360.9,-1
20,adamax,cl_start,2032,0.001,grid_20_adamax_cl_start_s2032,261,133.8,656,1065,103720.9,10980.1,0,104361.8,9459.1,9570,1.2
20,adamax,cl_start,2033,0.001,grid_20_adamax_cl_start_s2033,261,210.4,1248,1670,103670.9,10959.7,0,104361.8,9459.1,9421,-0.4
20,adamax,cl_start,2034,0.001,grid_20_adamax_cl_start_s2034,261,171.7,983,1408,103755.2,10945.8,0,104361.8,9459.1,9355.5,-1.1
20,adamax,cl_start,2035,0.001,grid_20_adamax_cl_start_s2035,261,221.4,1409,1814,103640.8,10929.6,0,104361.8,9459.1,9382.7,-0.8
20,adamax,cl_start,2036,0.001,grid_20_adamax_cl_start_s2036,261,187.7,1029,1461,103769.3,10969.3,0,104361.8,9459.1,9418.4,-0.4
20,adamax,cl_start,2037,0.001,grid_20_adamax_cl_start_s2037,261,160.3,789,1258,103817.5,10969.4,0,104361.8,9459.1,9469.9,0.1
20,adamax,cl_start,2038,0.001,grid_20_adamax_cl_start_s2038,261,222.6,1430,1815,103624.2,10941.2,0,104361.8,9459.1,9579.8,1.3
20,adamax,cl_start,2039,0.001,grid_20_adamax_cl_start_s2039,261,208.3,1315,1742,103645.2,10932.5,0,104361.8,9459.1,9396.1,-0.7
20,adamax,cl_start,2040,0.001,grid_20_adamax_cl_start_s2040,261,196.8,1139,1596,103790.1,10963.2,0,104361.8,9459.1,9451.4,-0.1
20,adamax,cl_start,2041,0.001,grid_20_adamax_cl_start_s2041,261,233.7,1453,1880,103457.5,10952.2,0,104361.8,9459.1,9491.3,0.3
20,adamax,cl_start,2042,0.001,grid_20_adamax_cl_start_s2042,261,134.5,648,1070,103842.3,10976.5,0,104361.8,9459.1,9417,-0.4
20,adamax,cl_start,2043,0.001,grid_20_adamax_cl_start_s2043,261,177.8,959,1383,103713.9,10959.7,0,104361.8,9459.1,9465.1,0.1
20,adamax,cl_start,2044,0.001,grid_20_adamax_cl_start_s2044,261,171.6,898,1296,103609.6,10941.9,0,104361.8,9459.1,9436,-0.2
20,adamax,cl_start,2045,0.001,grid_20_adamax_cl_start_s2045,261,149.1,724,1147,103698.1,10964.7,0,104361.8,9459.1,9507.1,0.5
20,nadam,paper,2026,0.001,grid_20_nadam_paper_s2026,261,228.8,1900,1900,107008.4,11577.5,0,104361.8,9459.1,10538.5,11.4
20,nadam,paper,2027,0.001,grid_20_nadam_paper_s2027,261,242.9,1900,1900,115127.1,12410,0,104361.8,9459.1,161279.3,1605
20,nadam,paper,2028,0.001,grid_20_nadam_paper_s2028,261,240.4,1900,1900,106899,11582.5,0,104361.8,9459.1,13211.6,39.7
20,nadam,paper,2029,0.001,grid_20_nadam_paper_s2029,261,234.7,1900,1900,111908,11937.1,0,104361.8,9459.1,27994.7,196
20,nadam,paper,2030,0.001,grid_20_nadam_paper_s2030,261,227.7,1900,1900,106368.7,11415.5,0,104361.8,9459.1,11734.2,24.1
20,nadam,paper,2031,0.001,grid_20_nadam_paper_s2031,261,241.2,1900,1900,107675.9,11587.8,0,104361.8,9459.1,13775.1,45.6
20,nadam,paper,2032,0.001,grid_20_nadam_paper_s2032,261,231.2,1900,1900,106903.6,11607.9,0,104361.8,9459.1,13380.6,41.5
20,nadam,paper,2033,0.001,grid_20_nadam_paper_s2033,261,243.5,1900,1900,106327.7,11465.1,0,104361.8,9459.1,11921.2,26
20,nadam,paper,2034,0.001,grid_20_nadam_paper_s2034,261,245.9,1900,1900,114363.3,12210.9,0,104361.8,9459.1,92238.6,875.1
20,nadam,paper,2035,0.001,grid_20_nadam_paper_s2035,261,232.6,1900,1900,107178.6,11617.5,0,104361.8,9459.1,10618.2,12.3
20,nadam,paper,2036,0.001,grid_20_nadam_paper_s2036,261,236,1900,1900,108695.8,11607.5,0,104361.8,9459.1,12480.8,31.9
20,nadam,paper,2037,0.001,grid_20_nadam_paper_s2037,261,231.8,1900,1900,110501.6,11935,0,104361.8,9459.1,27503.7,190.8
20,nadam,paper,2038,0.001,grid_20_nadam_paper_s2038,261,228.2,1900,1900,107427.6,11551.8,0,104361.8,9459.1,15753.6,66.5
20,nadam,paper,2039,0.001,grid_20_nadam_paper_s2039,261,245.5,1900,1900,109834.5,11743.4,0,104361.8,9459.1,17063.7,80.4
20,nadam,paper,2040,0.001,grid_20_nadam_paper_s2040,261,233.2,1900,1900,110068.5,12025.6,0,104361.8,9459.1,16676.3,76.3
20,nadam,paper,2041,0.001,grid_20_nadam_paper_s2041,261,233,1900,1900,106741.1,11457.9,0,104361.8,9459.1,11519.4,21.8
20,nadam,paper,2042,0.001,grid_20_nadam_paper_s2042,261,238.8,1900,1900,111094.1,11976.3,0,104361.8,9459.1,37848.3,300.1
20,nadam,paper,2043,0.001,grid_20_nadam_paper_s2043,261,249,1900,1900,110411.3,11816.7,0,104361.8,9459.1,43494.6,359.8
20,nadam,paper,2044,0.001,grid_20_nadam_paper_s2044,261,251.1,1900,1900,120579.4,12841.7,0,104361.8,9459.1,165421.9,1648.8
20,nadam,paper,2045,0.001,grid_20_nadam_paper_s2045,261,233.6,1900,1900,108160.6,11672.5,0,104361.8,9459.1,17931.4,89.6
20,nadam,cl_start,2026,0.001,grid_20_nadam_cl_start_s2026,261,168.1,977,1372,103373.3,10827.2,0,104361.8,9459.1,9448.6,-0.1
20,nadam,cl_start,2027,0.001,grid_20_nadam_cl_start_s2027,261,174.3,1033,1406,103463.7,10829.1,0,104361.8,9459.1,9533.6,0.8
20,nadam,cl_start,2028,0.001,grid_20_nadam_cl_start_s2028,261,185.8,883,1400,103487,10852.1,0,104361.8,9459.1,9417.1,-0.4
20,nadam,cl_start,2029,0.001,grid_20_nadam_cl_start_s2029,261,159.9,867,1236,103477.6,10840.3,0,104361.8,9459.1,9519.4,0.6
20,nadam,cl_start,2030,0.001,grid_20_nadam_cl_start_s2030,261,122.2,548,957,103726,10962.5,0,104361.8,9459.1,9549.4,1
20,nadam,cl_start,2031,0.001,grid_20_nadam_cl_start_s2031,261,126.1,566,965,103719.4,10960.8,0,104361.8,9459.1,9448.8,-0.1
20,nadam,cl_start,2032,0.001,grid_20_nadam_cl_start_s2032,261,162.5,895,1264,103359.5,10834.6,0,104361.8,9459.1,9573.5,1.2
20,nadam,cl_start,2033,0.001,grid_20_nadam_cl_start_s2033,261,130.7,613,1021,103662.6,10960.5,0,104361.8,9459.1,9427.8,-0.3
20,nadam,cl_start,2034,0.001,grid_20_nadam_cl_start_s2034,261,164.4,905,1312,103524,10876.2,0,104361.8,9459.1,9507.8,0.5
20,nadam,cl_start,2035,0.001,grid_20_nadam_cl_start_s2035,261,187.6,1109,1479,103453.8,10847.4,0,104361.8,9459.1,9457,0
20,nadam,cl_start,2036,0.001,grid_20_nadam_cl_start_s2036,261,119.3,527,936,103749.3,10969.5,0,104361.8,9459.1,9452.7,-0.1
20,nadam,cl_start,2037,0.001,grid_20_nadam_cl_start_s2037,261,113.9,455,874,103597.5,10966.1,0,104361.8,9459.1,9570.1,1.2
20,nadam,cl_start,2038,0.001,grid_20_nadam_cl_start_s2038,261,175,861,1409,103419.6,10832.3,0,104361.8,9459.1,9499.6,0.4
20,nadam,cl_start,2039,0.001,grid_20_nadam_cl_start_s2039,261,172.5,883,1387,103487.6,10855.9,0,104361.8,9459.1,9458.3,0
20,nadam,cl_start,2040,0.001,grid_20_nadam_cl_start_s2040,261,139.8,686,1107,103772.7,10963.3,0,104361.8,9459.1,9475.5,0.2
20,nadam,cl_start,2041,0.001,grid_20_nadam_cl_start_s2041,261,182.7,842,1402,103411.9,10848.4,0,104361.8,9459.1,9438,-0.2
20,nadam,cl_start,2042,0.001,grid_20_nadam_cl_start_s2042,261,110.4,427,830,103821.8,10976.8,0,104361.8,9459.1,9475.7,0.2
20,nadam,cl_start,2043,0.001,grid_20_nadam_cl_start_s2043,261,164.4,598,1285,103693.8,10958.3,0,104361.8,9459.1,9527,0.7
20,nadam,cl_start,2044,0.001,grid_20_nadam_cl_start_s2044,261,161.8,825,1201,103470.9,10883.1,0,104361.8,9459.1,9472.5,0.1
20,nadam,cl_start,2045,0.001,grid_20_nadam_cl_start_s2045,261,166.2,913,1295,103445.5,10840.4,0,104361.8,9459.1,9447.4,-0.1
20-20-15,sgd,paper,2026,0.001,grid_20-20-15_sgd_paper_s2026,991,221.2,1900,1900,106735.3,11318.9,0,104361.8,9459.1,40380.8,326.9
20-20-15,sgd,paper,2027,0.001,grid_20-20-15_sgd_paper_s2027,991,222.3,1900,1900,108887.9,11650.9,0,104361.8,9459.1,26180.4,176.8
20-20-15,sgd,paper,2028,0.001,grid_20-20-15_sgd_paper_s2028,991,230,1900,1900,105109.7,11186.6,0,104361.8,9459.1,16805.1,77.7
20-20-15,sgd,paper,2029,0.001,grid_20-20-15_sgd_paper_s2029,991,227.5,1900,1900,106935.7,11353.2,0,104361.8,9459.1,32524.9,243.8
20-20-15,sgd,paper,2030,0.001,grid_20-20-15_sgd_paper_s2030,991,222.5,1900,1900,104434.2,11128.6,0,104361.8,9459.1,18053.5,90.9
20-20-15,sgd,paper,2031,0.001,grid_20-20-15_sgd_paper_s2031,991,221.5,1900,1900,106225.5,11317.5,0,104361.8,9459.1,24418.9,158.2
20-20-15,sgd,paper,2032,0.001,grid_20-20-15_sgd_paper_s2032,991,229.1,1900,1900,106098.7,11253.7,0,104361.8,9459.1,21108.3,123.2
20-20-15,sgd,paper,2033,0.001,grid_20-20-15_sgd_paper_s2033,991,224.8,1900,1900,106386,11303.5,0,104361.8,9459.1,169140.7,1688.1
20-20-15,sgd,paper,2034,0.001,grid_20-20-15_sgd_paper_s2034,991,223,1900,1900,104891.2,11232,0,104361.8,9459.1,20680.7,118.6
20-20-15,sgd,paper,2035,0.001,grid_20-20-15_sgd_paper_s2035,991,232.5,1900,1900,105124.2,11167.1,0,104361.8,9459.1,13706.7,44.9
20-20-15,sgd,paper,2036,0.001,grid_20-20-15_sgd_paper_s2036,991,226.1,1900,1900,104993.5,11121,0,104361.8,9459.1,19262.6,103.6
20-20-15,sgd,paper,2037,0.001,grid_20-20-15_sgd_paper_s2037,991,230.4,1900,1900,106871.5,11319.4,0,104361.8,9459.1,240939.2,2447.2
20-20-15,sgd,paper,2038,0.001,grid_20-20-15_sgd_paper_s2038,991,219.4,1900,1900,104720.6,11083,0,104361.8,9459.1,15458.5,63.4
20-20-15,sgd,paper,2039,0.001,grid_20-20-15_sgd_paper_s2039,991,242.9,1900,1900,107630.8,11422,0,104361.8,9459.1,60121.5,535.6
20-20-15,sgd,paper,2040,0.001,grid_20-20-15_sgd_paper_s2040,991,220.3,1900,1900,105297.9,11187.7,0,104361.8,9459.1,25428.2,168.8
20-20-15,sgd,paper,2041,0.001,grid_20-20-15_sgd_paper_s2041,991,227.7,1900,1900,105900.6,11189.8,0,104361.8,9459.1,20024.8,111.7
20-20-15,sgd,paper,2042,0.001,grid_20-20-15_sgd_paper_s2042,991,225.8,1900,1900,105541.7,11234.6,0,104361.8,9459.1,18336.2,93.8
20-20-15,sgd,paper,2043,0.001,grid_20-20-15_sgd_paper_s2043,991,228,1900,1900,105369.7,11207.8,0,104361.8,9459.1,18390.8,94.4
20-20-15,sgd,paper,2044,0.001,grid_20-20-15_sgd_paper_s2044,991,256.4,1900,1900,106168.8,11194,0,104361.8,9459.1,35143.7,271.5
20-20-15,sgd,paper,2045,0.001,grid_20-20-15_sgd_paper_s2045,991,255,1900,1900,106782.2,11421.2,0,104361.8,9459.1,48068,408.2
20-20-15,sgd,cl_start,2026,0.001,grid_20-20-15_sgd_cl_start_s2026,991,661.9,5500,5704,103775,10959.5,0,104361.8,9459.1,9420.2,-0.4
20-20-15,sgd,cl_start,2027,0.001,grid_20-20-15_sgd_cl_start_s2027,991,641.3,5110,5327,103934.2,10983.3,0,104361.8,9459.1,9374.9,-0.9
20-20-15,sgd,cl_start,2028,0.001,grid_20-20-15_sgd_cl_start_s2028,991,698.6,5726,5893,103936.7,10980.2,0,104361.8,9459.1,9373.4,-0.9
20-20-15,sgd,cl_start,2029,0.001,grid_20-20-15_sgd_cl_start_s2029,991,438,3380,3645,104099.3,10986.5,0,104361.8,9459.1,9281.5,-1.9
20-20-15,sgd,cl_start,2030,0.001,grid_20-20-15_sgd_cl_start_s2030,991,793.7,6221,6385,103777.8,10980.9,0,104361.8,9459.1,9387.4,-0.8
20-20-15,sgd,cl_start,2031,0.001,grid_20-20-15_sgd_cl_start_s2031,991,666.4,5460,5685,103864.1,10989.5,0,104361.8,9459.1,9388.2,-0.8
20-20-15,sgd,cl_start,2032,0.001,grid_20-20-15_sgd_cl_start_s2032,991,552.8,4391,4644,103947.4,10986.6,0,104361.8,9459.1,9448.5,-0.1
20-20-15,sgd,cl_start,2033,0.001,grid_20-20-15_sgd_cl_start_s2033,991,610.1,4161,4404,103935.1,10985.9,0,104361.8,9459.1,9499.1,0.4
20-20-15,sgd,cl_start,2034,0.001,grid_20-20-15_sgd_cl_start_s2034,991,593.5,4856,5079,103995.2,10989.9,0,104361.8,9459.1,9356.3,-1.1
20-20-15,sgd,cl_start,2035,0.001,grid_20-20-15_sgd_cl_start_s2035,991,618.2,5044,5270,103932.4,10971.1,0,104361.8,9459.1,9420.8,-0.4
20-20-15,sgd,cl_start,2036,0.001,grid_20-20-15_sgd_cl_start_s2036,991,662.5,5010,5214,103766.1,10983.1,0,104361.8,9459.1,9399.2,-0.6
20-20-15,sgd,cl_start,2037,0.001,grid_20-20-15_sgd_cl_start_s2037,991,690.5,4981,5223,103969.7,10985.4,0,104361.8,9459.1,9372.2,-0.9
20-20-15,sgd,cl_start,2038,0.001,grid_20-20-15_sgd_cl_start_s2038,991,631.7,5236,5455,103824.9,10977.6,0,104361.8,9459.1,9441.5,-0.2
20-20-15,sgd,cl_start,2039,0.001,grid_20-20-15_sgd_cl_start_s2039,991,742.7,5263,5526,103685.1,10957.8,0,104361.8,9459.1,9444.8,-0.2
20-20-15,sgd,cl_start,2040,0.001,grid_20-20-15_sgd_cl_start_s2040,991,562.3,4548,4772,103898.3,10991.8,0,104361.8,9459.1,9388.7,-0.7
20-20-15,sgd,cl_start,2041,0.001,grid_20-20-15_sgd_cl_start_s2041,991,469.7,3626,3909,103890.6,10978.7,0,104361.8,9459.1,9440,-0.2
20-20-15,sgd,cl_start,2042,0.001,grid_20-20-15_sgd_cl_start_s2042,991,595.6,4616,4840,104040.4,11003.7,0,104361.8,9459.1,9380.9,-0.8
20-20-15,sgd,cl_start,2043,0.001,grid_20-20-15_sgd_cl_start_s2043,991,460.2,3482,3765,103817.8,10975.1,0,104361.8,9459.1,9478.4,0.2
20-20-15,sgd,cl_start,2044,0.001,grid_20-20-15_sgd_cl_start_s2044,991,567.4,4296,4559,103723.5,10978.5,0,104361.8,9459.1,9424.4,-0.4
20-20-15,sgd,cl_start,2045,0.001,grid_20-20-15_sgd_cl_start_s2045,991,604.3,4727,4970,103889.6,10979.3,0,104361.8,9459.1,9365.1,-1
20-20-15,sgd_momentum,paper,2026,0.001,grid_20-20-15_sgd_momentum_paper_s2026,991,226,1900,1900,103503.4,10971.6,0,104361.8,9459.1,9796.3,3.6
20-20-15,sgd_momentum,paper,2027,0.001,grid_20-20-15_sgd_momentum_paper_s2027,991,225.5,1900,1900,103487.7,10997.5,0,104361.8,9459.1,10245,8.3
20-20-15,sgd_momentum,paper,2028,0.001,grid_20-20-15_sgd_momentum_paper_s2028,991,232.7,1900,1900,103420.6,10981.5,0,104361.8,9459.1,9007.1,-4.8
20-20-15,sgd_momentum,paper,2029,0.001,grid_20-20-15_sgd_momentum_paper_s2029,991,232.6,1900,1900,103577.1,11030.1,0,104361.8,9459.1,9944.3,5.1
20-20-15,sgd_momentum,paper,2030,0.001,grid_20-20-15_sgd_momentum_paper_s2030,991,224.7,1900,1900,103300.9,11043.9,0,104361.8,9459.1,10680,12.9
20-20-15,sgd_momentum,paper,2031,0.001,grid_20-20-15_sgd_momentum_paper_s2031,991,228.8,1900,1900,103600.1,11108.6,0,104361.8,9459.1,10747,13.6
20-20-15,sgd_momentum,paper,2032,0.001,grid_20-20-15_sgd_momentum_paper_s2032,991,227.8,1900,1900,103662.9,11042.8,0,104361.8,9459.1,10384.6,9.8
20-20-15,sgd_momentum,paper,2033,0.001,grid_20-20-15_sgd_momentum_paper_s2033,991,239.6,1900,1900,103555.1,11034.5,0,104361.8,9459.1,12611.5,33.3
20-20-15,sgd_momentum,paper,2034,0.001,grid_20-20-15_sgd_momentum_paper_s2034,991,228.6,1900,1900,103374.1,11041.6,0,104361.8,9459.1,9870.9,4.4
20-20-15,sgd_momentum,paper,2035,0.001,grid_20-20-15_sgd_momentum_paper_s2035,991,226.9,1900,1900,103286.7,11027.9,0,104361.8,9459.1,9869.9,4.3
20-20-15,sgd_momentum,paper,2036,0.001,grid_20-20-15_sgd_momentum_paper_s2036,991,240.7,1900,1900,103421,11015.7,0,104361.8,9459.1,11256.1,19
20-20-15,sgd_momentum,paper,2037,0.001,grid_20-20-15_sgd_momentum_paper_s2037,991,233.2,1900,1900,103442.7,11024.2,0,104361.8,9459.1,10958.5,15.9
20-20-15,sgd_momentum,paper,2038,0.001,grid_20-20-15_sgd_momentum_paper_s2038,991,221.4,1900,1900,103483.5,11032.8,0,104361.8,9459.1,10064.4,6.4
20-20-15,sgd_momentum,paper,2039,0.001,grid_20-20-15_sgd_momentum_paper_s2039,991,228,1900,1900,103307.2,11050.6,0,104361.8,9459.1,11796.5,24.7
20-20-15,sgd_momentum,paper,2040,0.001,grid_20-20-15_sgd_momentum_paper_s2040,991,238,1900,1900,103439.7,11045.8,0,104361.8,9459.1,10476.3,10.8
20-20-15,sgd_momentum,paper,2041,0.001,grid_20-20-15_sgd_momentum_paper_s2041,991,231.6,1900,1900,103725.5,11023.1,0,104361.8,9459.1,11161.5,18
20-20-15,sgd_momentum,paper,2042,0.001,grid_20-20-15_sgd_momentum_paper_s2042,991,229.7,1900,1900,103538.3,11038.6,0,104361.8,9459.1,11785.7,24.6
20-20-15,sgd_momentum,paper,2043,0.001,grid_20-20-15_sgd_momentum_paper_s2043,991,242.8,1900,1900,103346.1,11010.6,0,104361.8,9459.1,10115.8,6.9
20-20-15,sgd_momentum,paper,2044,0.001,grid_20-20-15_sgd_momentum_paper_s2044,991,239.7,1900,1900,103562.5,11007.6,0,104361.8,9459.1,10460.8,10.6
20-20-15,sgd_momentum,paper,2045,0.001,grid_20-20-15_sgd_momentum_paper_s2045,991,234.2,1900,1900,103436.5,11038.9,0,104361.8,9459.1,10804.9,14.2
20-20-15,sgd_momentum,cl_start,2026,0.001,grid_20-20-15_sgd_momentum_cl_start_s2026,991,416.8,3276,3580,103681.3,10940.3,0,104361.8,9459.1,9418.4,-0.4
20-20-15,sgd_momentum,cl_start,2027,0.001,grid_20-20-15_sgd_momentum_cl_start_s2027,991,457.1,3449,3714,103820,10964.1,0,104361.8,9459.1,9368.1,-1
20-20-15,sgd_momentum,cl_start,2028,0.001,grid_20-20-15_sgd_momentum_cl_start_s2028,991,520.9,4068,4313,103647.6,10958.2,0,104361.8,9459.1,9365.9,-1
20-20-15,sgd_momentum,cl_start,2029,0.001,grid_20-20-15_sgd_momentum_cl_start_s2029,991,421.7,3171,3455,103997.4,10969.2,0,104361.8,9459.1,9260.9,-2.1
20-20-15,sgd_momentum,cl_start,2030,0.001,grid_20-20-15_sgd_momentum_cl_start_s2030,991,470,3659,3942,103642.4,10962.3,0,104361.8,9459.1,9368.8,-1
20-20-15,sgd_momentum,cl_start,2031,0.001,grid_20-20-15_sgd_momentum_cl_start_s2031,991,466.3,3651,3916,103787.8,10976.3,0,104361.8,9459.1,9380.5,-0.8
20-20-15,sgd_momentum,cl_start,2032,0.001,grid_20-20-15_sgd_momentum_cl_start_s2032,991,302.3,2135,2476,103966.5,10984.4,0,104361.8,9459.1,9493.1,0.4
20-20-15,sgd_momentum,cl_start,2033,0.001,grid_20-20-15_sgd_momentum_cl_start_s2033,991,331.5,2272,2603,103990.6,10985,0,104361.8,9459.1,9584.4,1.3
20-20-15,sgd_momentum,cl_start,2034,0.001,grid_20-20-15_sgd_momentum_cl_start_s2034,991,425.1,3257,3540,103846.6,10970.7,0,104361.8,9459.1,9339.7,-1.3
20-20-15,sgd_momentum,cl_start,2035,0.001,grid_20-20-15_sgd_momentum_cl_start_s2035,991,413,3199,3462,103846.5,10946.3,0,104361.8,9459.1,9425.4,-0.4
20-20-15,sgd_momentum,cl_start,2036,0.001,grid_20-20-15_sgd_momentum_cl_start_s2036,991,526.5,4127,4351,103672.9,10965.5,0,104361.8,9459.1,9411.2,-0.5
20-20-15,sgd_momentum,cl_start,2037,0.001,grid_20-20-15_sgd_momentum_cl_start_s2037,991,361.3,2629,2931,103834.4,10958.7,0,104361.8,9459.1,9373.9,-0.9
20-20-15,sgd_momentum,cl_start,2038,0.001,grid_20-20-15_sgd_momentum_cl_start_s2038,991,351.6,2645,2980,103751.8,10962.5,0,104361.8,9459.1,9431.2,-0.3
20-20-15,sgd_momentum,cl_start,2039,0.001,grid_20-20-15_sgd_momentum_cl_start_s2039,991,311.1,2190,2512,103721.3,10953.9,0,104361.8,9459.1,9425.6,-0.4
20-20-15,sgd_momentum,cl_start,2040,0.001,grid_20-20-15_sgd_momentum_cl_start_s2040,991,302.7,2233,2537,103859.4,10988.6,0,104361.8,9459.1,9416.7,-0.4
20-20-15,sgd_momentum,cl_start,2041,0.001,grid_20-20-15_sgd_momentum_cl_start_s2041,991,204.2,1260,1603,103907.1,10976.8,0,104361.8,9459.1,9603.3,1.5
20-20-15,sgd_momentum,cl_start,2042,0.001,grid_20-20-15_sgd_momentum_cl_start_s2042,991,366.8,2746,3033,104045.9,11000.4,0,104361.8,9459.1,9361,-1
20-20-15,sgd_momentum,cl_start,2043,0.001,grid_20-20-15_sgd_momentum_cl_start_s2043,991,237.6,1555,1899,103804.7,10968.9,0,104361.8,9459.1,9670.9,2.2
20-20-15,sgd_momentum,cl_start,2044,0.001,grid_20-20-15_sgd_momentum_cl_start_s2044,991,302.3,2065,2388,103696.9,10971.1,0,104361.8,9459.1,9438.9,-0.2
20-20-15,sgd_momentum,cl_start,2045,0.001,grid_20-20-15_sgd_momentum_cl_start_s2045,991,216.9,1379,1722,103855.8,10975.4,0,104361.8,9459.1,9343.7,-1.2
20-20-15,sgd_nesterov,paper,2026,0.001,grid_20-20-15_sgd_nesterov_paper_s2026,991,222,1900,1900,103457.8,10996.3,0,104361.8,9459.1,10438.3,10.4
20-20-15,sgd_nesterov,paper,2027,0.001,grid_20-20-15_sgd_nesterov_paper_s2027,991,236,1900,1900,103477.5,11009.8,0,104361.8,9459.1,10280.5,8.7
20-20-15,sgd_nesterov,paper,2028,0.001,grid_20-20-15_sgd_nesterov_paper_s2028,991,227.8,1900,1900,103367.9,11004.5,0,104361.8,9459.1,9725.2,2.8
20-20-15,sgd_nesterov,paper,2029,0.001,grid_20-20-15_sgd_nesterov_paper_s2029,991,233.9,1900,1900,103577.7,11045.9,0,104361.8,9459.1,10184.3,7.7
20-20-15,sgd_nesterov,paper,2030,0.001,grid_20-20-15_sgd_nesterov_paper_s2030,991,229.5,1900,1900,103260.7,11068.8,0,104361.8,9459.1,10774.4,13.9
20-20-15,sgd_nesterov,paper,2031,0.001,grid_20-20-15_sgd_nesterov_paper_s2031,991,233.5,1900,1900,103687.6,11128.7,0,104361.8,9459.1,10503.6,11
20-20-15,sgd_nesterov,paper,2032,0.001,grid_20-20-15_sgd_nesterov_paper_s2032,991,228.6,1900,1900,103700.6,11057.9,0,104361.8,9459.1,10762.6,13.8
20-20-15,sgd_nesterov,paper,2033,0.001,grid_20-20-15_sgd_nesterov_paper_s2033,991,234,1900,1900,103549.9,11050,0,104361.8,9459.1,12954.8,37
20-20-15,sgd_nesterov,paper,2034,0.001,grid_20-20-15_sgd_nesterov_paper_s2034,991,224.6,1900,1900,103344,11053.2,0,104361.8,9459.1,9821.5,3.8
20-20-15,sgd_nesterov,paper,2035,0.001,grid_20-20-15_sgd_nesterov_paper_s2035,991,226.3,1900,1900,103289.7,11040.3,0,104361.8,9459.1,10150.3,7.3
20-20-15,sgd_nesterov,paper,2036,0.001,grid_20-20-15_sgd_nesterov_paper_s2036,991,232.2,1900,1900,103425.4,11029.4,0,104361.8,9459.1,10980.3,16.1
20-20-15,sgd_nesterov,paper,2037,0.001,grid_20-20-15_sgd_nesterov_paper_s2037,991,232.9,1900,1900,103441.2,11032.6,0,104361.8,9459.1,10964.6,15.9
20-20-15,sgd_nesterov,paper,2038,0.001,grid_20-20-15_sgd_nesterov_paper_s2038,991,227.2,1900,1900,103476.6,11032.1,0,104361.8,9459.1,10206.3,7.9
20-20-15,sgd_nesterov,paper,2039,0.001,grid_20-20-15_sgd_nesterov_paper_s2039,991,232.4,1900,1900,103280.2,11069.6,0,104361.8,9459.1,11775.9,24.5
20-20-15,sgd_nesterov,paper,2040,0.001,grid_20-20-15_sgd_nesterov_paper_s2040,991,226.6,1900,1900,103433.3,11048.7,0,104361.8,9459.1,10451.3,10.5
20-20-15,sgd_nesterov,paper,2041,0.001,grid_20-20-15_sgd_nesterov_paper_s2041,991,235.1,1900,1900,103684.1,11045.8,0,104361.8,9459.1,11316.8,19.6
20-20-15,sgd_nesterov,paper,2042,0.001,grid_20-20-15_sgd_nesterov_paper_s2042,991,237.2,1900,1900,103513.8,11041,0,104361.8,9459.1,11436,20.9
20-20-15,sgd_nesterov,paper,2043,0.001,grid_20-20-15_sgd_nesterov_paper_s2043,991,234.3,1900,1900,103329.2,11013,0,104361.8,9459.1,9898.6,4.6
20-20-15,sgd_nesterov,paper,2044,0.001,grid_20-20-15_sgd_nesterov_paper_s2044,991,239.7,1900,1900,103565.6,11007.2,0,104361.8,9459.1,10888.9,15.1
20-20-15,sgd_nesterov,paper,2045,0.001,grid_20-20-15_sgd_nesterov_paper_s2045,991,245.8,1900,1900,103416.9,11075.2,0,104361.8,9459.1,10515.3,11.2
20-20-15,sgd_nesterov,cl_start,2026,0.001,grid_20-20-15_sgd_nesterov_cl_start_s2026,991,420.7,3272,3576,103672.8,10941.7,0,104361.8,9459.1,9414,-0.5
20-20-15,sgd_nesterov,cl_start,2027,0.001,grid_20-20-15_sgd_nesterov_cl_start_s2027,991,457.3,3444,3709,103819.9,10965,0,104361.8,9459.1,9362.7,-1
20-20-15,sgd_nesterov,cl_start,2028,0.001,grid_20-20-15_sgd_nesterov_cl_start_s2028,991,514.3,4065,4310,103649.4,10958.2,0,104361.8,9459.1,9365.7,-1
20-20-15,sgd_nesterov,cl_start,2029,0.001,grid_20-20-15_sgd_nesterov_cl_start_s2029,991,437,3168,3452,103997.8,10969.7,0,104361.8,9459.1,9260.6,-2.1
20-20-15,sgd_nesterov,cl_start,2030,0.001,grid_20-20-15_sgd_nesterov_cl_start_s2030,991,468.1,3657,3940,103646.3,10962.3,0,104361.8,9459.1,9368.2,-1
20-20-15,sgd_nesterov,cl_start,2031,0.001,grid_20-20-15_sgd_nesterov_cl_start_s2031,991,478.4,3651,3916,103779.8,10976.2,0,104361.8,9459.1,9381.1,-0.8
20-20-15,sgd_nesterov,cl_start,2032,0.001,grid_20-20-15_sgd_nesterov_cl_start_s2032,991,318.7,2130,2468,103951.2,10984.4,0,104361.8,9459.1,9460.1,0
20-20-15,sgd_nesterov,cl_start,2033,0.001,grid_20-20-15_sgd_nesterov_cl_start_s2033,991,323.7,2290,2622,103955.3,10984.5,0,104361.8,9459.1,9570.5,1.2
20-20-15,sgd_nesterov,cl_start,2034,0.001,grid_20-20-15_sgd_nesterov_cl_start_s2034,991,420.4,3248,3531,103848.5,10971,0,104361.8,9459.1,9338.7,-1.3
20-20-15,sgd_nesterov,cl_start,2035,0.001,grid_20-20-15_sgd_nesterov_cl_start_s2035,991,412,3196,3459,103844.9,10946.7,0,104361.8,9459.1,9411.6,-0.5
20-20-15,sgd_nesterov,cl_start,2036,0.001,grid_20-20-15_sgd_nesterov_cl_start_s2036,991,512.9,4123,4348,103668.4,10965.9,0,104361.8,9459.1,9404.4,-0.6
20-20-15,sgd_nesterov,cl_start,2037,0.001,grid_20-20-15_sgd_nesterov_cl_start_s2037,991,355.8,2603,2905,103869.5,10959,0,104361.8,9459.1,9371.8,-0.9
20-20-15,sgd_nesterov,cl_start,2038,0.001,grid_20-20-15_sgd_nesterov_cl_start_s2038,991,350.1,2666,2995,103745,10962.6,0,104361.8,9459.1,9426.5,-0.3
20-20-15,sgd_nesterov,cl_start,2039,0.001,grid_20-20-15_sgd_nesterov_cl_start_s2039,991,306.8,2192,2514,103714.5,10954,0,104361.8,9459.1,9414.8,-0.5
20-20-15,sgd_nesterov,cl_start,2040,0.001,grid_20-20-15_sgd_nesterov_cl_start_s2040,991,408.2,3150,3414,103841.9,10985.4,0,104361.8,9459.1,9387.7,-0.8
20-20-15,sgd_nesterov,cl_start,2041,0.001,grid_20-20-15_sgd_nesterov_cl_start_s2041,991,199.8,1256,1599,103897.8,10977.2,0,104361.8,9459.1,9550.7,1
20-20-15,sgd_nesterov,cl_start,2042,0.001,grid_20-20-15_sgd_nesterov_cl_start_s2042,991,432,3234,3497,104039.9,11000.4,0,104361.8,9459.1,9368.8,-1
20-20-15,sgd_nesterov,cl_start,2043,0.001,grid_20-20-15_sgd_nesterov_cl_start_s2043,991,290.1,2032,2360,103804.4,10967.8,0,104361.8,9459.1,9564.3,1.1
20-20-15,sgd_nesterov,cl_start,2044,0.001,grid_20-20-15_sgd_nesterov_cl_start_s2044,991,359.6,2535,2838,103690.1,10971.3,0,104361.8,9459.1,9432.1,-0.3
20-20-15,sgd_nesterov,cl_start,2045,0.001,grid_20-20-15_sgd_nesterov_cl_start_s2045,991,274.8,1855,2178,103850.8,10975.3,0,104361.8,9459.1,9342.8,-1.2
20-20-15,adagrad,paper,2026,0.01,grid_20-20-15_adagrad_paper_s2026,991,221.5,1900,1900,103650.3,11080.9,0,104361.8,9459.1,12853.6,35.9
20-20-15,adagrad,paper,2027,0.01,grid_20-20-15_adagrad_paper_s2027,991,231,1900,1900,103328.7,11080.4,0,104361.8,9459.1,10937.4,15.6
20-20-15,adagrad,paper,2028,0.01,grid_20-20-15_adagrad_paper_s2028,991,230.1,1900,1900,103274.1,11087.4,0,104361.8,9459.1,10615.2,12.2
20-20-15,adagrad,paper,2029,0.01,grid_20-20-15_adagrad_paper_s2029,991,233,1900,1900,103256.3,11053,0,104361.8,9459.1,10167.1,7.5
20-20-15,adagrad,paper,2030,0.01,grid_20-20-15_adagrad_paper_s2030,991,232.1,1900,1900,102894.1,11121.3,0,104361.8,9459.1,11017.8,16.5
20-20-15,adagrad,paper,2031,0.01,grid_20-20-15_adagrad_paper_s2031,991,224.7,1900,1900,103589.7,11155.7,0,104361.8,9459.1,10710.9,13.2
20-20-15,adagrad,paper,2032,0.01,grid_20-20-15_adagrad_paper_s2032,991,228.9,1900,1900,103601.5,11099.6,0,104361.8,9459.1,10766.4,13.8
20-20-15,adagrad,paper,2033,0.01,grid_20-20-15_adagrad_paper_s2033,991,235.1,1900,1900,103242.4,11088.2,0,104361.8,9459.1,12259.4,29.6
20-20-15,adagrad,paper,2034,0.01,grid_20-20-15_adagrad_paper_s2034,991,225.4,1900,1900,103193.2,11103.4,0,104361.8,9459.1,10222,8.1
20-20-15,adagrad,paper,2035,0.01,grid_20-20-15_adagrad_paper_s2035,991,226.7,1900,1900,102970.6,11110.3,0,104361.8,9459.1,10064.3,6.4
20-20-15,adagrad,paper,2036,0.01,grid_20-20-15_adagrad_paper_s2036,991,234.9,1900,1900,103087.2,11070.6,0,104361.8,9459.1,10627.4,12.4
20-20-15,adagrad,paper,2037,0.01,grid_20-20-15_adagrad_paper_s2037,991,232.8,1900,1900,103394,11056,0,104361.8,9459.1,12649.3,33.7
20-20-15,adagrad,paper,2038,0.01,grid_20-20-15_adagrad_paper_s2038,991,229,1900,1900,102965.3,11019,0,104361.8,9459.1,9824.8,3.9
20-20-15,adagrad,paper,2039,0.01,grid_20-20-15_adagrad_paper_s2039,991,233.4,1900,1900,103209.6,11187.7,0,104361.8,9459.1,13179.9,39.3
20-20-15,adagrad,paper,2040,0.01,grid_20-20-15_adagrad_paper_s2040,991,230.7,1900,1900,103163.1,11129.7,0,104361.8,9459.1,10194.9,7.8
20-20-15,adagrad,paper,2041,0.01,grid_20-20-15_adagrad_paper_s2041,991,232.2,1900,1900,103421.5,11106.6,0,104361.8,9459.1,11095.2,17.3
20-20-15,adagrad,paper,2042,0.01,grid_20-20-15_adagrad_paper_s2042,991,229.1,1900,1900,103200.9,11078,0,104361.8,9459.1,10865.3,14.9
20-20-15,adagrad,paper,2043,0.01,grid_20-20-15_adagrad_paper_s2043,991,237.5,1900,1900,102972.6,11044,0,104361.8,9459.1,10010.6,5.8
20-20-15,adagrad,paper,2044,0.01,grid_20-20-15_adagrad_paper_s2044,991,243.4,1900,1900,103166.7,11035.4,0,104361.8,9459.1,10417.2,10.1
20-20-15,adagrad,paper,2045,0.01,grid_20-20-15_adagrad_paper_s2045,991,238.7,1900,1900,103357.7,11152.8,0,104361.8,9459.1,13370.7,41.4
20-20-15,adagrad,cl_start,2026,0.01,grid_20-20-15_adagrad_cl_start_s2026,991,270.8,1962,2310,103602.9,10940.7,0,104361.8,9459.1,9405.5,-0.6
20-20-15,adagrad,cl_start,2027,0.01,grid_20-20-15_adagrad_cl_start_s2027,991,361.3,2560,2887,103789.1,10958.3,0,104361.8,9459.1,9342.8,-1.2
20-20-15,adagrad,cl_start,2028,0.01,grid_20-20-15_adagrad_cl_start_s2028,991,338,2441,2809,103610.2,10948.7,0,104361.8,9459.1,9476.8,0.2
20-20-15,adagrad,cl_start,2029,0.01,grid_20-20-15_adagrad_cl_start_s2029,991,366.8,2576,2886,103913.8,10972.5,0,104361.8,9459.1,9325.4,-1.4
20-20-15,adagrad,cl_start,2030,0.01,grid_20-20-15_adagrad_cl_start_s2030,991,392.9,2941,3263,103663.9,10960,0,104361.8,9459.1,9373.6,-0.9
20-20-15,adagrad,cl_start,2031,0.01,grid_20-20-15_adagrad_cl_start_s2031,991,305,2206,2552,103727.3,10968.1,0,104361.8,9459.1,9377.7,-0.9
20-20-15,adagrad,cl_start,2032,0.01,grid_20-20-15_adagrad_cl_start_s2032,991,264.5,1799,2121,103929.8,10984,0,104361.8,9459.1,9587.7,1.4
20-20-15,adagrad,cl_start,2033,0.01,grid_20-20-15_adagrad_cl_start_s2033,991,217.7,1385,1757,103673.1,10982,0,104361.8,9459.1,9362.5,-1
20-20-15,adagrad,cl_start,2034,0.01,grid_20-20-15_adagrad_cl_start_s2034,991,363.4,2738,3023,103848.5,10966.7,0,104361.8,9459.1,9322.2,-1.4
20-20-15,adagrad,cl_start,2035,0.01,grid_20-20-15_adagrad_cl_start_s2035,991,437.9,3352,3656,103637.9,10946,0,104361.8,9459.1,9440.4,-0.2
20-20-15,adagrad,cl_start,2036,0.01,grid_20-20-15_adagrad_cl_start_s2036,991,434.4,3289,3613,103638.7,10957.6,0,104361.8,9459.1,9377.2,-0.9
20-20-15,adagrad,cl_start,2037,0.01,grid_20-20-15_adagrad_cl_start_s2037,991,357.9,2614,2919,103819.8,10958.7,0,104361.8,9459.1,9357.2,-1.1
20-20-15,adagrad,cl_start,2038,0.01,grid_20-20-15_adagrad_cl_start_s2038,991,362.8,2601,2926,103600.8,10954.5,0,104361.8,9459.1,9380.5,-0.8
20-20-15,adagrad,cl_start,2039,0.01,grid_20-20-15_adagrad_cl_start_s2039,991,307.3,2140,2464,103597.6,10930.9,0,104361.8,9459.1,9392.7,-0.7
20-20-15,adagrad,cl_start,2040,0.01,grid_20-20-15_adagrad_cl_start_s2040,991,408.7,3086,3369,103762.1,10969.8,0,104361.8,9459.1,9556.4,1
20-20-15,adagrad,cl_start,2041,0.01,grid_20-20-15_adagrad_cl_start_s2041,991,244.2,1626,1951,103797.9,10975.1,0,104361.8,9459.1,9748.6,3.1
20-20-15,adagrad,cl_start,2042,0.01,grid_20-20-15_adagrad_cl_start_s2042,991,523.9,3929,4177,103767.7,10982.5,0,104361.8,9459.1,9385,-0.8
20-20-15,adagrad,cl_start,2043,0.01,grid_20-20-15_adagrad_cl_start_s2043,991,293.9,1997,2321,103762.8,10965,0,104361.8,9459.1,9389.8,-0.7
20-20-15,adagrad,cl_start,2044,0.01,grid_20-20-15_adagrad_cl_start_s2044,991,267.6,1691,2054,103649.7,10972.3,0,104361.8,9459.1,9396.2,-0.7
20-20-15,adagrad,cl_start,2045,0.01,grid_20-20-15_adagrad_cl_start_s2045,991,373,2687,2975,103808.8,10970.8,0,104361.8,9459.1,9315,-1.5
20-20-15,adadelta,paper,2026,1,grid_20-20-15_adadelta_paper_s2026,991,239.1,1900,1900,104220.7,11135.8,0,104361.8,9459.1,15096.2,59.6
20-20-15,adadelta,paper,2027,1,grid_20-20-15_adadelta_paper_s2027,991,238.2,1900,1900,103401.2,11093.4,0,104361.8,9459.1,11471.8,21.3
20-20-15,adadelta,paper,2028,1,grid_20-20-15_adadelta_paper_s2028,991,234.8,1900,1900,104305.6,11167.3,0,104361.8,9459.1,11433.8,20.9
20-20-15,adadelta,paper,2029,1,grid_20-20-15_adadelta_paper_s2029,991,250.4,1900,1900,103394.6,11069.4,0,104361.8,9459.1,7479.2,-20.9
20-20-15,adadelta,paper,2030,1,grid_20-20-15_adadelta_paper_s2030,991,245.7,1900,1900,101533.2,11289.4,0,104361.8,9459.1,8931,-5.6
20-20-15,adadelta,paper,2031,1,grid_20-20-15_adadelta_paper_s2031,991,231.7,1900,1900,103503.2,11134.4,0,104361.8,9459.1,10202.1,7.9
20-20-15,adadelta,paper,2032,1,grid_20-20-15_adadelta_paper_s2032,991,238.2,1900,1900,103930.3,11121.6,0,104361.8,9459.1,23795.3,151.6
20-20-15,adadelta,paper,2033,1,grid_20-20-15_adadelta_paper_s2033,991,237.8,1900,1900,103169.9,11148.8,0,104361.8,9459.1,5686.9,-39.9
20-20-15,adadelta,paper,2034,1,grid_20-20-15_adadelta_paper_s2034,991,233.2,1900,1900,103300.3,11138.2,0,104361.8,9459.1,6500.4,-31.3
20-20-15,adadelta,paper,2035,1,grid_20-20-15_adadelta_paper_s2035,991,231.7,1900,1900,103076.1,11250,0,104361.8,9459.1,2615.2,-72.4
20-20-15,adadelta,paper,2036,1,grid_20-20-15_adadelta_paper_s2036,991,228.9,1900,1900,103506.6,11139.1,0,104361.8,9459.1,5972.1,-36.9
20-20-15,adadelta,paper,2037,1,grid_20-20-15_adadelta_paper_s2037,991,238.8,1900,1900,103654,11068.8,0,104361.8,9459.1,10415.4,10.1
20-20-15,adadelta,paper,2038,1,grid_20-20-15_adadelta_paper_s2038,991,235,1900,1900,102039.9,11037.1,0,104361.8,9459.1,549.4,-94.2
20-20-15,adadelta,paper,2039,1,grid_20-20-15_adadelta_paper_s2039,991,247.3,1900,1900,104082.6,11263.7,0,104361.8,9459.1,11735.3,24.1
20-20-15,adadelta,paper,2040,1,grid_20-20-15_adadelta_paper_s2040,991,244,1900,1900,103470,11188.5,0,104361.8,9459.1,3085.7,-67.4
20-20-15,adadelta,paper,2041,1,grid_20-20-15_adadelta_paper_s2041,991,238,1900,1900,103513,11105,0,104361.8,9459.1,10826.1,14.5
20-20-15,adadelta,paper,2042,1,grid_20-20-15_adadelta_paper_s2042,991,242.3,1900,1900,103229.8,11137.1,0,104361.8,9459.1,10862.6,14.8
20-20-15,adadelta,paper,2043,1,grid_20-20-15_adadelta_paper_s2043,991,239.7,1900,1900,103282.7,11116.3,0,104361.8,9459.1,10830.5,14.5
20-20-15,adadelta,paper,2044,1,grid_20-20-15_adadelta_paper_s2044,991,248.5,1900,1900,103167.8,11099.8,0,104361.8,9459.1,8991.4,-4.9
20-20-15,adadelta,paper,2045,1,grid_20-20-15_adadelta_paper_s2045,991,243.4,1900,1900,103400.2,11177.1,0,104361.8,9459.1,13631.8,44.1
20-20-15,adadelta,cl_start,2026,1,grid_20-20-15_adadelta_cl_start_s2026,991,128.7,565,997,103652.3,10933.7,0,104361.8,9459.1,9818,3.8
20-20-15,adadelta,cl_start,2027,1,grid_20-20-15_adadelta_cl_start_s2027,991,136.4,532,978,103739,10950.4,0,104361.8,9459.1,9852.5,4.2
20-20-15,adadelta,cl_start,2028,1,grid_20-20-15_adadelta_cl_start_s2028,991,174.7,902,1329,103523,10932.7,0,104361.8,9459.1,9929.3,5
20-20-15,adadelta,cl_start,2029,1,grid_20-20-15_adadelta_cl_start_s2029,991,157.5,741,1134,103773.6,10962.1,0,104361.8,9459.1,9878.8,4.4
20-20-15,adadelta,cl_start,2030,1,grid_20-20-15_adadelta_cl_start_s2030,991,105.9,381,766,103685.7,10950,0,104361.8,9459.1,9865.2,4.3
20-20-15,adadelta,cl_start,2031,1,grid_20-20-15_adadelta_cl_start_s2031,991,177,1003,1371,103679.9,10940.3,0,104361.8,9459.1,9558.6,1.1
20-20-15,adadelta,cl_start,2032,1,grid_20-20-15_adadelta_cl_start_s2032,991,207.9,1264,1653,103706.5,10951.8,0,104361.8,9459.1,9532.5,0.8
20-20-15,adadelta,cl_start,2033,1,grid_20-20-15_adadelta_cl_start_s2033,991,133.8,466,976,103781.5,10972.1,0,104361.8,9459.1,9640.1,1.9
20-20-15,adadelta,cl_start,2034,1,grid_20-20-15_adadelta_cl_start_s2034,991,149.4,755,1147,103885.3,10965.5,0,104361.8,9459.1,9992.4,5.6
20-20-15,adadelta,cl_start,2035,1,grid_20-20-15_adadelta_cl_start_s2035,991,188.4,1088,1493,103534.7,10938.4,0,104361.8,9459.1,9795.1,3.6
20-20-15,adadelta,cl_start,2036,1,grid_20-20-15_adadelta_cl_start_s2036,991,146,733,1140,103704.6,10951.6,0,104361.8,9459.1,9981.2,5.5
20-20-15,adadelta,cl_start,2037,1,grid_20-20-15_adadelta_cl_start_s2037,991,150.1,629,1124,103673.2,10962.2,0,104361.8,9459.1,9913.5,4.8
20-20-15,adadelta,cl_start,2038,1,grid_20-20-15_adadelta_cl_start_s2038,991,161.1,802,1254,103653.7,10955.3,0,104361.8,9459.1,9756,3.1
20-20-15,adadelta,cl_start,2039,1,grid_20-20-15_adadelta_cl_start_s2039,991,143,633,1050,103602.3,10934.6,0,104361.8,9459.1,9796.1,3.6
20-20-15,adadelta,cl_start,2040,1,grid_20-20-15_adadelta_cl_start_s2040,991,247,1539,1992,103704.6,10955.9,0,104361.8,9459.1,9961.8,5.3
20-20-15,adadelta,cl_start,2041,1,grid_20-20-15_adadelta_cl_start_s2041,991,150.9,672,1152,103597.2,10943.1,0,104361.8,9459.1,9698.7,2.5
20-20-15,adadelta,cl_start,2042,1,grid_20-20-15_adadelta_cl_start_s2042,991,174.9,961,1353,103804.9,10970.4,0,104361.8,9459.1,10038.5,6.1
20-20-15,adadelta,cl_start,2043,1,grid_20-20-15_adadelta_cl_start_s2043,991,167.7,825,1268,103578.5,10963.5,0,104361.8,9459.1,9830.8,3.9
20-20-15,adadelta,cl_start,2044,1,grid_20-20-15_adadelta_cl_start_s2044,991,181,932,1319,103542.2,10955.4,0,104361.8,9459.1,10274.2,8.6
20-20-15,adadelta,cl_start,2045,1,grid_20-20-15_adadelta_cl_start_s2045,991,205,1153,1550,103670,10944.1,0,104361.8,9459.1,10000,5.7
20-20-15,rmsprop,paper,2026,0.001,grid_20-20-15_rmsprop_paper_s2026,991,237.7,1900,1900,103468.8,11156,0,104361.8,9459.1,17201.1,81.8
20-20-15,rmsprop,paper,2027,0.001,grid_20-20-15_rmsprop_paper_s2027,991,244,1900,1900,103319.2,11105.6,0,104361.8,9459.1,11014.8,16.4
20-20-15,rmsprop,paper,2028,0.001,grid_20-20-15_rmsprop_paper_s2028,991,238.4,1900,1900,103198.8,11113.7,0,104361.8,9459.1,13416.9,41.8
20-20-15,rmsprop,paper,2029,0.001,grid_20-20-15_rmsprop_paper_s2029,991,239.5,1900,1900,102878.4,11099.6,0,104361.8,9459.1,10850.4,14.7
20-20-15,rmsprop,paper,2030,0.001,grid_20-20-15_rmsprop_paper_s2030,991,241.6,1900,1900,102319,11164.1,0,104361.8,9459.1,18985.9,100.7
20-20-15,rmsprop,paper,2031,0.001,grid_20-20-15_rmsprop_paper_s2031,991,234.7,1900,1900,103175.3,11140,0,104361.8,9459.1,12130.1,28.2
20-20-15,rmsprop,paper,2032,0.001,grid_20-20-15_rmsprop_paper_s2032,991,235.7,1900,1900,103229.8,11128.4,0,104361.8,9459.1,22033.5,132.9
20-20-15,rmsprop,paper,2033,0.001,grid_20-20-15_rmsprop_paper_s2033,991,238.4,1900,1900,102856.4,11119.6,0,104361.8,9459.1,2223.1,-76.5
20-20-15,rmsprop,paper,2034,0.001,grid_20-20-15_rmsprop_paper_s2034,991,238.9,1900,1900,103028.3,11166.9,0,104361.8,9459.1,4245.9,-55.1
20-20-15,rmsprop,paper,2035,0.001,grid_20-20-15_rmsprop_paper_s2035,991,231.1,1900,1900,102493,11169.8,0,104361.8,9459.1,12718.3,34.5
20-20-15,rmsprop,paper,2036,0.001,grid_20-20-15_rmsprop_paper_s2036,991,234.4,1900,1900,102940.8,11111.8,0,104361.8,9459.1,7709.3,-18.5
20-20-15,rmsprop,paper,2037,0.001,grid_20-20-15_rmsprop_paper_s2037,991,232.4,1900,1900,103529.3,11082.8,0,104361.8,9459.1,8988.8,-5
20-20-15,rmsprop,paper,2038,0.001,grid_20-20-15_rmsprop_paper_s2038,991,242.9,1900,1900,101978.1,11058.6,0,104361.8,9459.1,1604.3,-83
20-20-15,rmsprop,paper,2039,0.001,grid_20-20-15_rmsprop_paper_s2039,991,238.9,1900,1900,103139.5,11255.4,0,104361.8,9459.1,20480.8,116.5
20-20-15,rmsprop,paper,2040,0.001,grid_20-20-15_rmsprop_paper_s2040,991,238.2,1900,1900,102827.9,11189.6,0,104361.8,9459.1,21177.9,123.9
20-20-15,rmsprop,paper,2041,0.001,grid_20-20-15_rmsprop_paper_s2041,991,235.6,1900,1900,103011.9,11153.8,0,104361.8,9459.1,9000.5,-4.8
20-20-15,rmsprop,paper,2042,0.001,grid_20-20-15_rmsprop_paper_s2042,991,244.2,1900,1900,102717,11142.9,0,104361.8,9459.1,10253.6,8.4
20-20-15,rmsprop,paper,2043,0.001,grid_20-20-15_rmsprop_paper_s2043,991,241,1900,1900,102510,11118.5,0,104361.8,9459.1,6413.7,-32.2
20-20-15,rmsprop,paper,2044,0.001,grid_20-20-15_rmsprop_paper_s2044,991,268.5,1900,1900,102703,11080.9,0,104361.8,9459.1,12027.1,27.1
20-20-15,rmsprop,paper,2045,0.001,grid_20-20-15_rmsprop_paper_s2045,991,241.7,1900,1900,103202.1,11187.2,0,104361.8,9459.1,5594,-40.9
20-20-15,rmsprop,cl_start,2026,0.001,grid_20-20-15_rmsprop_cl_start_s2026,991,167.3,893,1320,103310.3,10777.1,0,104361.8,9459.1,9737.7,2.9
20-20-15,rmsprop,cl_start,2027,0.001,grid_20-20-15_rmsprop_cl_start_s2027,991,165.9,854,1293,103452.9,10797,0,104361.8,9459.1,9629.7,1.8
20-20-15,rmsprop,cl_start,2028,0.001,grid_20-20-15_rmsprop_cl_start_s2028,991,191.1,1024,1450,103322.7,10838.6,0,104361.8,9459.1,9524.6,0.7
20-20-15,rmsprop,cl_start,2029,0.001,grid_20-20-15_rmsprop_cl_start_s2029,991,144.1,668,1096,103784.7,10964.8,0,104361.8,9459.1,9632,1.8
20-20-15,rmsprop,cl_start,2030,0.001,grid_20-20-15_rmsprop_cl_start_s2030,991,162.1,887,1279,103413.2,10849.4,0,104361.8,9459.1,9491.5,0.3
20-20-15,rmsprop,cl_start,2031,0.001,grid_20-20-15_rmsprop_cl_start_s2031,991,183.1,932,1443,103423.3,10854.2,0,104361.8,9459.1,9554.4,1
20-20-15,rmsprop,cl_start,2032,0.001,grid_20-20-15_rmsprop_cl_start_s2032,991,280.4,1690,2196,103534.1,10856.3,0,104361.8,9459.1,9482.9,0.3
20-20-15,rmsprop,cl_start,2033,0.001,grid_20-20-15_rmsprop_cl_start_s2033,991,164.9,871,1281,103802.7,10973.2,0,104361.8,9459.1,9538.3,0.8
20-20-15,rmsprop,cl_start,2034,0.001,grid_20-20-15_rmsprop_cl_start_s2034,991,196.1,1114,1532,103629.1,10866.1,0,104361.8,9459.1,9727.5,2.8
20-20-15,rmsprop,cl_start,2035,0.001,grid_20-20-15_rmsprop_cl_start_s2035,991,210.5,1265,1722,103329.5,10832.5,0,104361.8,9459.1,9655.2,2.1
20-20-15,rmsprop,cl_start,2036,0.001,grid_20-20-15_rmsprop_cl_start_s2036,991,158.4,849,1271,103567.1,10882.4,0,104361.8,9459.1,9734.9,2.9
20-20-15,rmsprop,cl_start,2037,0.001,grid_20-20-15_rmsprop_cl_start_s2037,991,114.4,465,875,103626.6,10959.4,0,104361.8,9459.1,9537.9,0.8
20-20-15,rmsprop,cl_start,2038,0.001,grid_20-20-15_rmsprop_cl_start_s2038,991,182.1,985,1395,103396.7,10877.3,0,104361.8,9459.1,9596.7,1.5
20-20-15,rmsprop,cl_start,2039,0.001,grid_20-20-15_rmsprop_cl_start_s2039,991,190,1077,1481,103364.2,10808.4,0,104361.8,9459.1,9586.5,1.3
20-20-15,rmsprop,cl_start,2040,0.001,grid_20-20-15_rmsprop_cl_start_s2040,991,262.8,1708,2087,103498.6,10839.9,0,104361.8,9459.1,9868.1,4.3
20-20-15,rmsprop,cl_start,2041,0.001,grid_20-20-15_rmsprop_cl_start_s2041,991,173.8,968,1366,103286.9,10777.1,0,104361.8,9459.1,9714.6,2.7
20-20-15,rmsprop,cl_start,2042,0.001,grid_20-20-15_rmsprop_cl_start_s2042,991,211.4,1256,1666,103590.9,10883.6,0,104361.8,9459.1,9929.4,5
20-20-15,rmsprop,cl_start,2043,0.001,grid_20-20-15_rmsprop_cl_start_s2043,991,140,525,1071,103555.9,10962.6,0,104361.8,9459.1,9551.5,1
20-20-15,rmsprop,cl_start,2044,0.001,grid_20-20-15_rmsprop_cl_start_s2044,991,187.5,933,1378,103270.6,10850.8,0,104361.8,9459.1,9298.5,-1.7
20-20-15,rmsprop,cl_start,2045,0.001,grid_20-20-15_rmsprop_cl_start_s2045,991,202.3,1126,1582,103447.6,10847.9,0,104361.8,9459.1,9837.7,4
20-20-15,adam,paper,2026,0.001,grid_20-20-15_adam_paper_s2026,991,235.7,1900,1900,104263,11084.9,0,104361.8,9459.1,17296.1,82.9
20-20-15,adam,paper,2027,0.001,grid_20-20-15_adam_paper_s2027,991,243.7,1900,1900,103670.7,11067.3,0,104361.8,9459.1,10702.6,13.1
20-20-15,adam,paper,2028,0.001,grid_20-20-15_adam_paper_s2028,991,245.5,1900,1900,103961.1,11071.9,0,104361.8,9459.1,13217.7,39.7
20-20-15,adam,paper,2029,0.001,grid_20-20-15_adam_paper_s2029,991,248.4,1900,1900,104105.2,11123.8,0,104361.8,9459.1,9959.1,5.3
20-20-15,adam,paper,2030,0.001,grid_20-20-15_adam_paper_s2030,991,244.3,1900,1900,103320,11133.8,0,104361.8,9459.1,10760.3,13.8
20-20-15,adam,paper,2031,0.001,grid_20-20-15_adam_paper_s2031,991,244.3,1900,1900,103665.9,11117,0,104361.8,9459.1,10636.7,12.4
20-20-15,adam,paper,2032,0.001,grid_20-20-15_adam_paper_s2032,991,241.6,1900,1900,104090.8,11164.6,0,104361.8,9459.1,10526.6,11.3
20-20-15,adam,paper,2033,0.001,grid_20-20-15_adam_paper_s2033,991,245.6,1900,1900,103962.7,11153.1,0,104361.8,9459.1,11486.5,21.4
20-20-15,adam,paper,2034,0.001,grid_20-20-15_adam_paper_s2034,991,248.8,1900,1900,103701.1,11142.7,0,104361.8,9459.1,10398.2,9.9
20-20-15,adam,paper,2035,0.001,grid_20-20-15_adam_paper_s2035,991,235.6,1900,1900,103151.8,11151.4,0,104361.8,9459.1,9966.5,5.4
20-20-15,adam,paper,2036,0.001,grid_20-20-15_adam_paper_s2036,991,238.1,1900,1900,103597.2,11127.1,0,104361.8,9459.1,10351.9,9.4
20-20-15,adam,paper,2037,0.001,grid_20-20-15_adam_paper_s2037,991,244.5,1900,1900,103876.2,11046.6,0,104361.8,9459.1,12976.4,37.2
20-20-15,adam,paper,2038,0.001,grid_20-20-15_adam_paper_s2038,991,239.2,1900,1900,103877.4,11113.6,0,104361.8,9459.1,9442.2,-0.2
20-20-15,adam,paper,2039,0.001,grid_20-20-15_adam_paper_s2039,991,243.1,1900,1900,103931.6,11148.5,0,104361.8,9459.1,13519.9,42.9
20-20-15,adam,paper,2040,0.001,grid_20-20-15_adam_paper_s2040,991,247.7,1900,1900,103625.2,11162.6,0,104361.8,9459.1,9933.2,5
20-20-15,adam,paper,2041,0.001,grid_20-20-15_adam_paper_s2041,991,244.5,1900,1900,104041.2,11094.6,0,104361.8,9459.1,11478.9,21.4
20-20-15,adam,paper,2042,0.001,grid_20-20-15_adam_paper_s2042,991,248,1900,1900,103675.2,11152.7,0,104361.8,9459.1,10441.7,10.4
20-20-15,adam,paper,2043,0.001,grid_20-20-15_adam_paper_s2043,991,247.2,1900,1900,103799.8,11147,0,104361.8,9459.1,9935.6,5
20-20-15,adam,paper,2044,0.001,grid_20-20-15_adam_paper_s2044,991,266.6,1900,1900,103787.2,11085.5,0,104361.8,9459.1,10614.6,12.2
20-20-15,adam,paper,2045,0.001,grid_20-20-15_adam_paper_s2045,991,254.9,1900,1900,103645.8,11163.3,0,104361.8,9459.1,13337.4,41
20-20-15,adam,cl_start,2026,0.001,grid_20-20-15_adam_cl_start_s2026,991,157.9,714,1170,102183.2,10123,0,104361.8,9459.1,9496,0.4
20-20-15,adam,cl_start,2027,0.001,grid_20-20-15_adam_cl_start_s2027,991,159.2,680,1112,102504.6,10119.7,0,104361.8,9459.1,9424.7,-0.4
20-20-15,adam,cl_start,2028,0.001,grid_20-20-15_adam_cl_start_s2028,991,150.4,684,1128,102335.3,10141.2,0,104361.8,9459.1,9371.7,-0.9
20-20-15,adam,cl_start,2029,0.001,grid_20-20-15_adam_cl_start_s2029,991,130.9,464,949,103874.7,10967,0,104361.8,9459.1,9400.2,-0.6
20-20-15,adam,cl_start,2030,0.001,grid_20-20-15_adam_cl_start_s2030,991,114.8,341,794,103677.9,10955,0,104361.8,9459.1,9454.3,-0.1
20-20-15,adam,cl_start,2031,0.001,grid_20-20-15_adam_cl_start_s2031,991,153.3,744,1132,102435.5,10129.7,0,104361.8,9459.1,9350.9,-1.1
20-20-15,adam,cl_start,2032,0.001,grid_20-20-15_adam_cl_start_s2032,991,164.9,836,1246,102278,10130.3,0,104361.8,9459.1,9374,-0.9
20-20-15,adam,cl_start,2033,0.001,grid_20-20-15_adam_cl_start_s2033,991,167.3,874,1285,102477,10143.7,0,104361.8,9459.1,9577.1,1.2
20-20-15,adam,cl_start,2034,0.001,grid_20-20-15_adam_cl_start_s2034,991,151.9,676,1115,102608.7,10190.6,0,104361.8,9459.1,9398.3,-0.6
20-20-15,adam,cl_start,2035,0.001,grid_20-20-15_adam_cl_start_s2035,991,158.6,746,1201,102390.6,10131.3,0,104361.8,9459.1,9533.9,0.8
20-20-15,adam,cl_start,2036,0.001,grid_20-20-15_adam_cl_start_s2036,991,122.1,405,859,103811.4,10962.4,0,104361.8,9459.1,9437.3,-0.2
20-20-15,adam,cl_start,2037,0.001,grid_20-20-15_adam_cl_start_s2037,991,129.5,522,969,103598.8,10957.4,0,104361.8,9459.1,9384.3,-0.8
20-20-15,adam,cl_start,2038,0.001,grid_20-20-15_adam_cl_start_s2038,991,173.9,859,1289,102125.9,10126.4,0,104361.8,9459.1,9507.9,0.5
20-20-15,adam,cl_start,2039,0.001,grid_20-20-15_adam_cl_start_s2039,991,149.4,689,1104,102339.6,10145.7,0,104361.8,9459.1,9377.7,-0.9
20-20-15,adam,cl_start,2040,0.001,grid_20-20-15_adam_cl_start_s2040,991,158,745,1186,102283.7,10102.8,0,104361.8,9459.1,9363.5,-1
20-20-15,adam,cl_start,2041,0.001,grid_20-20-15_adam_cl_start_s2041,991,157.9,712,1167,102431.2,10125.2,0,104361.8,9459.1,9534.1,0.8
20-20-15,adam,cl_start,2042,0.001,grid_20-20-15_adam_cl_start_s2042,991,161.8,693,1172,102574.5,10157.1,0,104361.8,9459.1,9453.7,-0.1
20-20-15,adam,cl_start,2043,0.001,grid_20-20-15_adam_cl_start_s2043,991,120.8,393,837,103726.2,10962.4,0,104361.8,9459.1,9414.2,-0.5
20-20-15,adam,cl_start,2044,0.001,grid_20-20-15_adam_cl_start_s2044,991,174.4,773,1239,102073.3,10130,0,104361.8,9459.1,9476.5,0.2
20-20-15,adam,cl_start,2045,0.001,grid_20-20-15_adam_cl_start_s2045,991,157.3,724,1142,102166.7,10128.3,0,104361.8,9459.1,9393.3,-0.7
20-20-15,adamw,paper,2026,0.001,grid_20-20-15_adamw_paper_s2026,991,239.9,1900,1900,104260.5,11084.6,0,104361.8,9459.1,17271,82.6
20-20-15,adamw,paper,2027,0.001,grid_20-20-15_adamw_paper_s2027,991,238.3,1900,1900,103670.5,11067.2,0,104361.8,9459.1,10695,13.1
20-20-15,adamw,paper,2028,0.001,grid_20-20-15_adamw_paper_s2028,991,247.2,1900,1900,103960.6,11071.8,0,104361.8,9459.1,13211.4,39.7
20-20-15,adamw,paper,2029,0.001,grid_20-20-15_adamw_paper_s2029,991,249.4,1900,1900,104105.8,11123.9,0,104361.8,9459.1,9957.4,5.3
20-20-15,adamw,paper,2030,0.001,grid_20-20-15_adamw_paper_s2030,991,254.5,1900,1900,103321.8,11133.8,0,104361.8,9459.1,10754.2,13.7
20-20-15,adamw,paper,2031,0.001,grid_20-20-15_adamw_paper_s2031,991,240.5,1900,1900,103665.2,11116.8,0,104361.8,9459.1,10630.9,12.4
20-20-15,adamw,paper,2032,0.001,grid_20-20-15_adamw_paper_s2032,991,242.7,1900,1900,104091,11164.5,0,104361.8,9459.1,10522.6,11.2
20-20-15,adamw,paper,2033,0.001,grid_20-20-15_adamw_paper_s2033,991,241.8,1900,1900,103963.5,11153.1,0,104361.8,9459.1,11481.1,21.4
20-20-15,adamw,paper,2034,0.001,grid_20-20-15_adamw_paper_s2034,991,245.7,1900,1900,103701.7,11142.7,0,104361.8,9459.1,10393,9.9
20-20-15,adamw,paper,2035,0.001,grid_20-20-15_adamw_paper_s2035,991,247.7,1900,1900,103153.7,11151.3,0,104361.8,9459.1,9965.6,5.4
20-20-15,adamw,paper,2036,0.001,grid_20-20-15_adamw_paper_s2036,991,242,1900,1900,103598.2,11127,0,104361.8,9459.1,10349.4,9.4
20-20-15,adamw,paper,2037,0.001,grid_20-20-15_adamw_paper_s2037,991,244.4,1900,1900,103875.7,11046.6,0,104361.8,9459.1,12965.5,37.1
20-20-15,adamw,paper,2038,0.001,grid_20-20-15_adamw_paper_s2038,991,241.9,1900,1900,103879.1,11113.7,0,104361.8,9459.1,9441.3,-0.2
20-20-15,adamw,paper,2039,0.001,grid_20-20-15_adamw_paper_s2039,991,250.9,1900,1900,103930.2,11148.1,0,104361.8,9459.1,13503.3,42.8
20-20-15,adamw,paper,2040,0.001,grid_20-20-15_adamw_paper_s2040,991,241.3,1900,1900,103625.5,11162.5,0,104361.8,9459.1,9930.9,5
20-20-15,adamw,paper,2041,0.001,grid_20-20-15_adamw_paper_s2041,991,243.4,1900,1900,104039.8,11094.4,0,104361.8,9459.1,11465.6,21.2
20-20-15,adamw,paper,2042,0.001,grid_20-20-15_adamw_paper_s2042,991,248.8,1900,1900,103676.6,11152.7,0,104361.8,9459.1,10436.6,10.3
20-20-15,adamw,paper,2043,0.001,grid_20-20-15_adamw_paper_s2043,991,256.9,1900,1900,103800.9,11147.1,0,104361.8,9459.1,9934.2,5
20-20-15,adamw,paper,2044,0.001,grid_20-20-15_adamw_paper_s2044,991,258.3,1900,1900,103787.8,11085.5,0,104361.8,9459.1,10609.5,12.2
20-20-15,adamw,paper,2045,0.001,grid_20-20-15_adamw_paper_s2045,991,261.3,1900,1900,103645,11163.1,0,104361.8,9459.1,13321.6,40.8
20-20-15,adamw,cl_start,2026,0.001,grid_20-20-15_adamw_cl_start_s2026,991,154.9,710,1166,102202.9,10123.6,0,104361.8,9459.1,9490.1,0.3
20-20-15,adamw,cl_start,2027,0.001,grid_20-20-15_adamw_cl_start_s2027,991,151.2,682,1114,102504.5,10120.3,0,104361.8,9459.1,9429.8,-0.3
20-20-15,adamw,cl_start,2028,0.001,grid_20-20-15_adamw_cl_start_s2028,991,152.1,682,1126,102337.4,10141,0,104361.8,9459.1,9369.8,-0.9
20-20-15,adamw,cl_start,2029,0.001,grid_20-20-15_adamw_cl_start_s2029,991,131.7,464,949,103874.7,10967,0,104361.8,9459.1,9400.1,-0.6
20-20-15,adamw,cl_start,2030,0.001,grid_20-20-15_adamw_cl_start_s2030,991,112,341,794,103677.9,10955,0,104361.8,9459.1,9454.2,-0.1
20-20-15,adamw,cl_start,2031,0.001,grid_20-20-15_adamw_cl_start_s2031,991,152.8,738,1126,102436.3,10129.5,0,104361.8,9459.1,9352.7,-1.1
20-20-15,adamw,cl_start,2032,0.001,grid_20-20-15_adamw_cl_start_s2032,991,166.9,835,1246,102263.6,10128.2,0,104361.8,9459.1,9383.4,-0.8
20-20-15,adamw,cl_start,2033,0.001,grid_20-20-15_adamw_cl_start_s2033,991,175.5,873,1285,102469.2,10142.6,0,104361.8,9459.1,9585.3,1.3
20-20-15,adamw,cl_start,2034,0.001,grid_20-20-15_adamw_cl_start_s2034,991,164.1,754,1193,102304.6,10176.5,0,104361.8,9459.1,9426,-0.4
20-20-15,adamw,cl_start,2035,0.001,grid_20-20-15_adamw_cl_start_s2035,991,160.1,749,1204,102390.1,10131.1,0,104361.8,9459.1,9535.6,0.8
20-20-15,adamw,cl_start,2036,0.001,grid_20-20-15_adamw_cl_start_s2036,991,117,405,859,103811.5,10962.4,0,104361.8,9459.1,9437.3,-0.2
20-20-15,adamw,cl_start,2037,0.001,grid_20-20-15_adamw_cl_start_s2037,991,136,522,969,103598.9,10957.4,0,104361.8,9459.1,9384.3,-0.8
20-20-15,adamw,cl_start,2038,0.001,grid_20-20-15_adamw_cl_start_s2038,991,172.3,889,1299,102015.3,10127.8,0,104361.8,9459.1,9423,-0.4
20-20-15,adamw,cl_start,2039,0.001,grid_20-20-15_adamw_cl_start_s2039,991,150.2,699,1114,102312.7,10145.3,0,104361.8,9459.1,9385.9,-0.8
20-20-15,adamw,cl_start,2040,0.001,grid_20-20-15_adamw_cl_start_s2040,991,159.3,745,1186,102285.6,10103,0,104361.8,9459.1,9364.1,-1
20-20-15,adamw,cl_start,2041,0.001,grid_20-20-15_adamw_cl_start_s2041,991,161.4,712,1167,102429.4,10124.5,0,104361.8,9459.1,9536.5,0.8
20-20-15,adamw,cl_start,2042,0.001,grid_20-20-15_adamw_cl_start_s2042,991,163,700,1179,102576.8,10160.8,0,104361.8,9459.1,9468.9,0.1
20-20-15,adamw,cl_start,2043,0.001,grid_20-20-15_adamw_cl_start_s2043,991,121.3,394,838,103726.2,10962.4,0,104361.8,9459.1,9414.2,-0.5
20-20-15,adamw,cl_start,2044,0.001,grid_20-20-15_adamw_cl_start_s2044,991,180.8,772,1238,102077.6,10129.4,0,104361.8,9459.1,9462.6,0
20-20-15,adamw,cl_start,2045,0.001,grid_20-20-15_adamw_cl_start_s2045,991,160.6,723,1141,102176.1,10128.5,0,104361.8,9459.1,9386.2,-0.8
20-20-15,adamax,paper,2026,0.001,grid_20-20-15_adamax_paper_s2026,991,238.4,1900,1900,108344.3,11505.9,0,104361.8,9459.1,197895.3,1992.1
20-20-15,adamax,paper,2027,0.001,grid_20-20-15_adamax_paper_s2027,991,691.8,1900,1900,104689.9,11171.4,0,104361.8,9459.1,11415,20.7
20-20-15,adamax,paper,2028,0.001,grid_20-20-15_adamax_paper_s2028,991,245.8,1900,1900,115820.2,12456,0,104361.8,9459.1,224443.3,2272.8
20-20-15,adamax,paper,2029,0.001,grid_20-20-15_adamax_paper_s2029,991,247,1900,1900,105580.7,11288.1,0,104361.8,9459.1,12209.4,29.1
20-20-15,adamax,paper,2030,0.001,grid_20-20-15_adamax_paper_s2030,991,249.4,1900,1900,104471.3,11268.7,0,104361.8,9459.1,11803.1,24.8
20-20-15,adamax,paper,2031,0.001,grid_20-20-15_adamax_paper_s2031,991,246.8,1900,1900,104613.4,11209.7,0,104361.8,9459.1,11766.4,24.4
20-20-15,adamax,paper,2032,0.001,grid_20-20-15_adamax_paper_s2032,991,240.5,1900,1900,105377.6,11282.1,0,104361.8,9459.1,11203,18.4
20-20-15,adamax,paper,2033,0.001,grid_20-20-15_adamax_paper_s2033,991,241.3,1900,1900,105140.7,11264,0,104361.8,9459.1,18288.1,93.3
20-20-15,adamax,paper,2034,0.001,grid_20-20-15_adamax_paper_s2034,991,237.7,1900,1900,104595.8,11243.9,0,104361.8,9459.1,10593.2,12
20-20-15,adamax,paper,2035,0.001,grid_20-20-15_adamax_paper_s2035,991,236.3,1900,1900,104315,11251,0,104361.8,9459.1,10764.5,13.8
20-20-15,adamax,paper,2036,0.001,grid_20-20-15_adamax_paper_s2036,991,239.2,1900,1900,104797,11223.1,0,104361.8,9459.1,9967.8,5.4
20-20-15,adamax,paper,2037,0.001,grid_20-20-15_adamax_paper_s2037,991,237.7,1900,1900,105107.8,11177.9,0,104361.8,9459.1,21446.1,126.7
20-20-15,adamax,paper,2038,0.001,grid_20-20-15_adamax_paper_s2038,991,234.6,1900,1900,105043.8,11217.2,0,104361.8,9459.1,9603,1.5
20-20-15,adamax,paper,2039,0.001,grid_20-20-15_adamax_paper_s2039,991,238.2,1900,1900,104906,11210.6,0,104361.8,9459.1,16963.7,79.3
20-20-15,adamax,paper,2040,0.001,grid_20-20-15_adamax_paper_s2040,991,241.9,1900,1900,104391.9,11246.5,0,104361.8,9459.1,11746.7,24.2
20-20-15,adamax,paper,2041,0.001,grid_20-20-15_adamax_paper_s2041,991,241,1900,1900,105456.4,11193.5,0,104361.8,9459.1,9988,5.6
20-20-15,adamax,paper,2042,0.001,grid_20-20-15_adamax_paper_s2042,991,245.8,1900,1900,104780,11257.5,0,104361.8,9459.1,9332.5,-1.3
20-20-15,adamax,paper,2043,0.001,grid_20-20-15_adamax_paper_s2043,991,245.8,1900,1900,104956.4,11274.6,0,104361.8,9459.1,9604.9,1.5
20-20-15,adamax,paper,2044,0.001,grid_20-20-15_adamax_paper_s2044,991,256.1,1900,1900,104661.2,11157.5,0,104361.8,9459.1,11277.6,19.2
20-20-15,adamax,paper,2045,0.001,grid_20-20-15_adamax_paper_s2045,991,254.7,1900,1900,104396.4,11268.2,0,104361.8,9459.1,29777.5,214.8
20-20-15,adamax,cl_start,2026,0.001,grid_20-20-15_adamax_cl_start_s2026,991,183.8,988,1407,102508.4,10251.9,0,104361.8,9459.1,9510.7,0.5
20-20-15,adamax,cl_start,2027,0.001,grid_20-20-15_adamax_cl_start_s2027,991,624.2,920,1350,102530,10140.1,0,104361.8,9459.1,9368.6,-1
20-20-15,adamax,cl_start,2028,0.001,grid_20-20-15_adamax_cl_start_s2028,991,173.8,915,1307,102588.7,10152.6,0,104361.8,9459.1,9376.1,-0.9
20-20-15,adamax,cl_start,2029,0.001,grid_20-20-15_adamax_cl_start_s2029,991,156.7,690,1138,103872.8,10968.4,0,104361.8,9459.1,9394.4,-0.7
20-20-15,adamax,cl_start,2030,0.001,grid_20-20-15_adamax_cl_start_s2030,991,130.8,541,923,103691.3,10956.9,0,104361.8,9459.1,9398,-0.6
20-20-15,adamax,cl_start,2031,0.001,grid_20-20-15_adamax_cl_start_s2031,991,173.1,862,1328,102888.8,10466.4,0,104361.8,9459.1,9368.3,-1
20-20-15,adamax,cl_start,2032,0.001,grid_20-20-15_adamax_cl_start_s2032,991,196.2,1114,1498,103316.1,10736.4,0,104361.8,9459.1,9424.5,-0.4
20-20-15,adamax,cl_start,2033,0.001,grid_20-20-15_adamax_cl_start_s2033,991,146.2,585,1075,103827.8,10973.3,0,104361.8,9459.1,9436.1,-0.2
20-20-15,adamax,cl_start,2034,0.001,grid_20-20-15_adamax_cl_start_s2034,991,171.8,878,1316,102672.2,10264.8,0,104361.8,9459.1,9382.1,-0.8
20-20-15,adamax,cl_start,2035,0.001,grid_20-20-15_adamax_cl_start_s2035,991,187.2,1055,1455,103063.4,10531.4,0,104361.8,9459.1,9494.8,0.4
20-20-15,adamax,cl_start,2036,0.001,grid_20-20-15_adamax_cl_start_s2036,991,145.9,656,1108,103804.6,10964,0,104361.8,9459.1,9383.1,-0.8
20-20-15,adamax,cl_start,2037,0.001,grid_20-20-15_adamax_cl_start_s2037,991,142,605,1037,103739.2,10959.6,0,104361.8,9459.1,9412.8,-0.5
20-20-15,adamax,cl_start,2038,0.001,grid_20-20-15_adamax_cl_start_s2038,991,187.5,1046,1448,103034.8,10550.2,0,104361.8,9459.1,9358.6,-1.1
20-20-15,adamax,cl_start,2039,0.001,grid_20-20-15_adamax_cl_start_s2039,991,185.7,1038,1408,102813.6,10450.3,0,104361.8,9459.1,9375,-0.9
20-20-15,adamax,cl_start,2040,0.001,grid_20-20-15_adamax_cl_start_s2040,991,214.5,1283,1689,102757.2,10365.2,0,104361.8,9459.1,9349.5,-1.2
20-20-15,adamax,cl_start,2041,0.001,grid_20-20-15_adamax_cl_start_s2041,991,122.1,428,855,103844.2,10975.7,0,104361.8,9459.1,9442.3,-0.2
20-20-15,adamax,cl_start,2042,0.001,grid_20-20-15_adamax_cl_start_s2042,991,204.7,1100,1551,102855,10366.6,0,104361.8,9459.1,9432.7,-0.3
20-20-15,adamax,cl_start,2043,0.001,grid_20-20-15_adamax_cl_start_s2043,991,141.1,618,1049,103726.8,10963,0,104361.8,9459.1,9529.2,0.7
20-20-15,adamax,cl_start,2044,0.001,grid_20-20-15_adamax_cl_start_s2044,991,202.8,1010,1435,103230.3,10768.1,0,104361.8,9459.1,9385,-0.8
20-20-15,adamax,cl_start,2045,0.001,grid_20-20-15_adamax_cl_start_s2045,991,190.6,1024,1429,103141.9,10686.8,0,104361.8,9459.1,9408.2,-0.5
20-20-15,nadam,paper,2026,0.001,grid_20-20-15_nadam_paper_s2026,991,240.9,1900,1900,104349.8,11099.3,0,104361.8,9459.1,17710.2,87.2
20-20-15,nadam,paper,2027,0.001,grid_20-20-15_nadam_paper_s2027,991,609.3,1900,1900,103666.5,11074,0,104361.8,9459.1,10993.9,16.2
20-20-15,nadam,paper,2028,0.001,grid_20-20-15_nadam_paper_s2028,991,244.6,1900,1900,104129.1,11093.7,0,104361.8,9459.1,12281,29.8
20-20-15,nadam,paper,2029,0.001,grid_20-20-15_nadam_paper_s2029,991,251.6,1900,1900,104086,11119.1,0,104361.8,9459.1,10062.4,6.4
20-20-15,nadam,paper,2030,0.001,grid_20-20-15_nadam_paper_s2030,991,252.7,1900,1900,103231,11137,0,104361.8,9459.1,10758.5,13.7
20-20-15,nadam,paper,2031,0.001,grid_20-20-15_nadam_paper_s2031,991,243.5,1900,1900,103692.2,11124.8,0,104361.8,9459.1,10545.6,11.5
20-20-15,nadam,paper,2032,0.001,grid_20-20-15_nadam_paper_s2032,991,245.7,1900,1900,104069.4,11157.5,0,104361.8,9459.1,10644.4,12.5
20-20-15,nadam,paper,2033,0.001,grid_20-20-15_nadam_paper_s2033,991,239,1900,1900,103930.9,11154.4,0,104361.8,9459.1,11685.2,23.5
20-20-15,nadam,paper,2034,0.001,grid_20-20-15_nadam_paper_s2034,991,242.3,1900,1900,103697.3,11150.9,0,104361.8,9459.1,10381.5,9.8
20-20-15,nadam,paper,2035,0.001,grid_20-20-15_nadam_paper_s2035,991,247.1,1900,1900,103079.6,11163.3,0,104361.8,9459.1,9786.9,3.5
20-20-15,nadam,paper,2036,0.001,grid_20-20-15_nadam_paper_s2036,991,244.3,1900,1900,103593.3,11135.4,0,104361.8,9459.1,10405.6,10
20-20-15,nadam,paper,2037,0.001,grid_20-20-15_nadam_paper_s2037,991,243,1900,1900,103862.9,11052.9,0,104361.8,9459.1,12221.1,29.2
20-20-15,nadam,paper,2038,0.001,grid_20-20-15_nadam_paper_s2038,991,236,1900,1900,103746.3,11108.4,0,104361.8,9459.1,9451.7,-0.1
20-20-15,nadam,paper,2039,0.001,grid_20-20-15_nadam_paper_s2039,991,245,1900,1900,103973.6,11162.2,0,104361.8,9459.1,13835.9,46.3
20-20-15,nadam,paper,2040,0.001,grid_20-20-15_nadam_paper_s2040,991,242.7,1900,1900,103623.8,11174.4,0,104361.8,9459.1,9969.5,5.4
20-20-15,nadam,paper,2041,0.001,grid_20-20-15_nadam_paper_s2041,991,243.9,1900,1900,104047.1,11104,0,104361.8,9459.1,11537,22
20-20-15,nadam,paper,2042,0.001,grid_20-20-15_nadam_paper_s2042,991,247.9,1900,1900,103702.7,11167.2,0,104361.8,9459.1,10285.6,8.7
20-20-15,nadam,paper,2043,0.001,grid_20-20-15_nadam_paper_s2043,991,248.2,1900,1900,103836.3,11155.7,0,104361.8,9459.1,9965.8,5.4
20-20-15,nadam,paper,2044,0.001,grid_20-20-15_nadam_paper_s2044,991,258.5,1900,1900,103809.4,11087.4,0,104361.8,9459.1,10319.7,9.1
20-20-15,nadam,paper,2045,0.001,grid_20-20-15_nadam_paper_s2045,991,258.6,1900,1900,103662.7,11174.8,0,104361.8,9459.1,13868.9,46.6
20-20-15,nadam,cl_start,2026,0.001,grid_20-20-15_nadam_cl_start_s2026,991,145.2,635,1052,102239.2,10142.8,0,104361.8,9459.1,9554.5,1
20-20-15,nadam,cl_start,2027,0.001,grid_20-20-15_nadam_cl_start_s2027,991,599.8,728,1162,102493.9,10133,0,104361.8,9459.1,9472.6,0.1
20-20-15,nadam,cl_start,2028,0.001,grid_20-20-15_nadam_cl_start_s2028,991,158.4,764,1157,102294.5,10152.4,0,104361.8,9459.1,9503.3,0.5
20-20-15,nadam,cl_start,2029,0.001,grid_20-20-15_nadam_cl_start_s2029,991,126.5,477,892,103771.7,10964.8,0,104361.8,9459.1,9470.7,0.1
20-20-15,nadam,cl_start,2030,0.001,grid_20-20-15_nadam_cl_start_s2030,991,111.9,346,762,103672.2,10958.1,0,104361.8,9459.1,9355.8,-1.1
20-20-15,nadam,cl_start,2031,0.001,grid_20-20-15_nadam_cl_start_s2031,991,161.8,825,1197,102319.3,10128.7,0,104361.8,9459.1,9459.9,0
20-20-15,nadam,cl_start,2032,0.001,grid_20-20-15_nadam_cl_start_s2032,991,171.9,906,1306,102428.8,10164.8,0,104361.8,9459.1,9495,0.4
20-20-15,nadam,cl_start,2033,0.001,grid_20-20-15_nadam_cl_start_s2033,991,156.9,825,1198,102583,10162.9,0,104361.8,9459.1,9415.6,-0.5
20-20-15,nadam,cl_start,2034,0.001,grid_20-20-15_nadam_cl_start_s2034,991,167.4,824,1264,102498,10190,0,104361.8,9459.1,9409.2,-0.5
20-20-15,nadam,cl_start,2035,0.001,grid_20-20-15_nadam_cl_start_s2035,991,175.7,906,1293,102313.5,10150.5,0,104361.8,9459.1,9774.6,3.3
20-20-15,nadam,cl_start,2036,0.001,grid_20-20-15_nadam_cl_start_s2036,991,178.8,879,1324,102493.6,10172.3,0,104361.8,9459.1,9485.4,0.3
20-20-15,nadam,cl_start,2037,0.001,grid_20-20-15_nadam_cl_start_s2037,991,122.7,445,881,103562.2,10958.9,0,104361.8,9459.1,9483.1,0.3
20-20-15,nadam,cl_start,2038,0.001,grid_20-20-15_nadam_cl_start_s2038,991,178,940,1315,102564.8,10223.7,0,104361.8,9459.1,9402.3,-0.6
20-20-15,nadam,cl_start,2039,0.001,grid_20-20-15_nadam_cl_start_s2039,991,171,839,1284,102293.1,10132.5,0,104361.8,9459.1,9353.1,-1.1
20-20-15,nadam,cl_start,2040,0.001,grid_20-20-15_nadam_cl_start_s2040,991,158.9,757,1154,102242.9,10108.4,0,104361.8,9459.1,9388,-0.8
20-20-15,nadam,cl_start,2041,0.001,grid_20-20-15_nadam_cl_start_s2041,991,110.8,334,743,103826.9,10975.1,0,104361.8,9459.1,9512.5,0.6
20-20-15,nadam,cl_start,2042,0.001,grid_20-20-15_nadam_cl_start_s2042,991,176,893,1266,102519.7,10165.6,0,104361.8,9459.1,9679.1,2.3
20-20-15,nadam,cl_start,2043,0.001,grid_20-20-15_nadam_cl_start_s2043,991,126.8,416,845,103716.8,10962.7,0,104361.8,9459.1,9499.6,0.4
20-20-15,nadam,cl_start,2044,0.001,grid_20-20-15_nadam_cl_start_s2044,991,171.6,743,1180,102115.5,10149.7,0,104361.8,9459.1,9453.8,-0.1
20-20-15,nadam,cl_start,2045,0.001,grid_20-20-15_nadam_cl_start_s2045,991,164.4,776,1178,102149.7,10142.9,0,104361.8,9459.1,9515.5,0.6
20-15-10,sgd,paper,2026,0.001,grid_20-15-10_sgd_paper_s2026,726,223.3,1900,1900,106180.3,11251.9,0,104361.8,9459.1,61564.1,550.8
20-15-10,sgd,paper,2027,0.001,grid_20-15-10_sgd_paper_s2027,726,591.9,1900,1900,108704,11630.5,0,104361.8,9459.1,91311.6,865.3
20-15-10,sgd,paper,2028,0.001,grid_20-15-10_sgd_paper_s2028,726,231.1,1900,1900,104706.5,11195.6,0,104361.8,9459.1,23727.4,150.8
20-15-10,sgd,paper,2029,0.001,grid_20-15-10_sgd_paper_s2029,726,227.6,1900,1900,105979.6,11240.2,0,104361.8,9459.1,62295.5,558.6
20-15-10,sgd,paper,2030,0.001,grid_20-15-10_sgd_paper_s2030,726,231.9,1900,1900,107025,11342.2,0,104361.8,9459.1,31372.6,231.7
20-15-10,sgd,paper,2031,0.001,grid_20-15-10_sgd_paper_s2031,726,225.4,1900,1900,105181.1,11260.8,0,104361.8,9459.1,21869.9,131.2
20-15-10,sgd,paper,2032,0.001,grid_20-15-10_sgd_paper_s2032,726,226,1900,1900,106138.2,11255.1,0,104361.8,9459.1,29602,212.9
20-15-10,sgd,paper,2033,0.001,grid_20-15-10_sgd_paper_s2033,726,227.5,1900,1900,107364,11401,0,104361.8,9459.1,27348.5,189.1
20-15-10,sgd,paper,2034,0.001,grid_20-15-10_sgd_paper_s2034,726,222.5,1900,1900,107075.5,11389.4,0,104361.8,9459.1,20921.8,121.2
20-15-10,sgd,paper,2035,0.001,grid_20-15-10_sgd_paper_s2035,726,222.2,1900,1900,108088.5,11518.5,0,104361.8,9459.1,21440.8,126.7
20-15-10,sgd,paper,2036,0.001,grid_20-15-10_sgd_paper_s2036,726,225.4,1900,1900,109847.4,11596.1,0,104361.8,9459.1,75930.5,702.7
20-15-10,sgd,paper,2037,0.001,grid_20-15-10_sgd_paper_s2037,726,221.5,1900,1900,106236.5,11269.1,0,104361.8,9459.1,27579.1,191.6
20-15-10,sgd,paper,2038,0.001,grid_20-15-10_sgd_paper_s2038,726,223.4,1900,1900,106613.5,11349.5,0,104361.8,9459.1,31290.4,230.8
20-15-10,sgd,paper,2039,0.001,grid_20-15-10_sgd_paper_s2039,726,220.8,1900,1900,106281.4,11264,0,104361.8,9459.1,28676.9,203.2
20-15-10,sgd,paper,2040,0.001,grid_20-15-10_sgd_paper_s2040,726,232.8,1900,1900,104986.2,11183.7,0,104361.8,9459.1,16875.7,78.4
20-15-10,sgd,paper,2041,0.001,grid_20-15-10_sgd_paper_s2041,726,242,1900,1900,105897.2,11201.9,0,104361.8,9459.1,22853.6,141.6
20-15-10,sgd,paper,2042,0.001,grid_20-15-10_sgd_paper_s2042,726,255.9,1900,1900,108095.9,11471.4,0,104361.8,9459.1,39198.7,314.4
20-15-10,sgd,paper,2043,0.001,grid_20-15-10_sgd_paper_s2043,726,233.7,1900,1900,106906.6,11362.7,0,104361.8,9459.1,160531.2,1597.1
20-15-10,sgd,paper,2044,0.001,grid_20-15-10_sgd_paper_s2044,726,243,1900,1900,108953.9,11533.1,0,104361.8,9459.1,73254.8,674.4
20-15-10,sgd,paper,2045,0.001,grid_20-15-10_sgd_paper_s2045,726,248.6,1900,1900,105153.5,11175.9,0,104361.8,9459.1,17125,81
20-15-10,sgd,cl_start,2026,0.001,grid_20-15-10_sgd_cl_start_s2026,726,633.8,4718,4981,103732.7,10975.6,0,104361.8,9459.1,9426.4,-0.3
20-15-10,sgd,cl_start,2027,0.001,grid_20-15-10_sgd_cl_start_s2027,726,521.5,4009,4295,104077,11001.3,0,104361.8,9459.1,9339.6,-1.3
20-15-10,sgd,cl_start,2028,0.001,grid_20-15-10_sgd_cl_start_s2028,726,744.9,6018,6223,103890,10995.6,0,104361.8,9459.1,9365.6,-1
20-15-10,sgd,cl_start,2029,0.001,grid_20-15-10_sgd_cl_start_s2029,726,675.8,5111,5319,104048.7,10980.2,0,104361.8,9459.1,9368,-1
20-15-10,sgd,cl_start,2030,0.001,grid_20-15-10_sgd_cl_start_s2030,726,717.1,5716,5936,103827.3,10970,0,104361.8,9459.1,9393.1,-0.7
20-15-10,sgd,cl_start,2031,0.001,grid_20-15-10_sgd_cl_start_s2031,726,661.2,5352,5582,103933.6,10985.7,0,104361.8,9459.1,9350.5,-1.1
20-15-10,sgd,cl_start,2032,0.001,grid_20-15-10_sgd_cl_start_s2032,726,559.9,4317,4578,103768.7,10981.1,0,104361.8,9459.1,9431.4,-0.3
20-15-10,sgd,cl_start,2033,0.001,grid_20-15-10_sgd_cl_start_s2033,726,689.3,5765,5970,103950.3,10982.5,0,104361.8,9459.1,9380.5,-0.8
20-15-10,sgd,cl_start,2034,0.001,grid_20-15-10_sgd_cl_start_s2034,726,591,4831,5084,104142,10995.7,0,104361.8,9459.1,9357.2,-1.1
20-15-10,sgd,cl_start,2035,0.001,grid_20-15-10_sgd_cl_start_s2035,726,623.1,5083,5306,104029.8,10974.2,0,104361.8,9459.1,9390.7,-0.7
20-15-10,sgd,cl_start,2036,0.001,grid_20-15-10_sgd_cl_start_s2036,726,778.8,6020,6208,103952.6,10980.6,0,104361.8,9459.1,9400,-0.6
20-15-10,sgd,cl_start,2037,0.001,grid_20-15-10_sgd_cl_start_s2037,726,801.2,6437,6582,103814.3,10975.9,0,104361.8,9459.1,9356.5,-1.1
20-15-10,sgd,cl_start,2038,0.001,grid_20-15-10_sgd_cl_start_s2038,726,427.9,3376,3641,103979.8,10980.5,0,104361.8,9459.1,9367.1,-1
20-15-10,sgd,cl_start,2039,0.001,grid_20-15-10_sgd_cl_start_s2039,726,581.8,4754,4980,103883.6,10968.4,0,104361.8,9459.1,9379.8,-0.8
20-15-10,sgd,cl_start,2040,0.001,grid_20-15-10_sgd_cl_start_s2040,726,599.6,4442,4703,104029.5,10985.3,0,104361.8,9459.1,9369.3,-1
20-15-10,sgd,cl_start,2041,0.001,grid_20-15-10_sgd_cl_start_s2041,726,638.2,5144,5350,103853.2,10980,0,104361.8,9459.1,9437,-0.2
20-15-10,sgd,cl_start,2042,0.001,grid_20-15-10_sgd_cl_start_s2042,726,550.1,4268,4516,104051.4,10998.4,0,104361.8,9459.1,9380.4,-0.8
20-15-10,sgd,cl_start,2043,0.001,grid_20-15-10_sgd_cl_start_s2043,726,657.8,4559,4823,104006.5,10988,0,104361.8,9459.1,9384.4,-0.8
20-15-10,sgd,cl_start,2044,0.001,grid_20-15-10_sgd_cl_start_s2044,726,669,4725,4948,103947.9,10977,0,104361.8,9459.1,9424.1,-0.4
20-15-10,sgd,cl_start,2045,0.001,grid_20-15-10_sgd_cl_start_s2045,726,547.7,4219,4485,103851.7,10975.9,0,104361.8,9459.1,9408.8,-0.5
20-15-10,sgd_momentum,paper,2026,0.001,grid_20-15-10_sgd_momentum_paper_s2026,726,230.2,1900,1900,103579.6,11091.4,0,104361.8,9459.1,13176.8,39.3
20-15-10,sgd_momentum,paper,2027,0.001,grid_20-15-10_sgd_momentum_paper_s2027,726,209.6,1900,1900,103493.6,11017.1,0,104361.8,9459.1,9754.6,3.1
20-15-10,sgd_momentum,paper,2028,0.001,grid_20-15-10_sgd_momentum_paper_s2028,726,242.2,1900,1900,103400.7,11074.6,0,104361.8,9459.1,12252.1,29.5
20-15-10,sgd_momentum,paper,2029,0.001,grid_20-15-10_sgd_momentum_paper_s2029,726,233.3,1900,1900,103638.4,11054.6,0,104361.8,9459.1,13824.4,46.1
20-15-10,sgd_momentum,paper,2030,0.001,grid_20-15-10_sgd_momentum_paper_s2030,726,231.9,1900,1900,103370.6,11011.8,0,104361.8,9459.1,10683.2,12.9
20-15-10,sgd_momentum,paper,2031,0.001,grid_20-15-10_sgd_momentum_paper_s2031,726,225.6,1900,1900,103419.5,11056.8,0,104361.8,9459.1,11148.1,17.9
20-15-10,sgd_momentum,paper,2032,0.001,grid_20-15-10_sgd_momentum_paper_s2032,726,226.6,1900,1900,103510.8,10986.4,0,104361.8,9459.1,9422.9,-0.4
20-15-10,sgd_momentum,paper,2033,0.001,grid_20-15-10_sgd_momentum_paper_s2033,726,223.4,1900,1900,103581.7,11017.7,0,104361.8,9459.1,10190.4,7.7
20-15-10,sgd_momentum,paper,2034,0.001,grid_20-15-10_sgd_momentum_paper_s2034,726,223.9,1900,1900,103495.9,11038.1,0,104361.8,9459.1,9808.8,3.7
20-15-10,sgd_momentum,paper,2035,0.001,grid_20-15-10_sgd_momentum_paper_s2035,726,227.5,1900,1900,103806.3,11004.9,0,104361.8,9459.1,10861,14.8
20-15-10,sgd_momentum,paper,2036,0.001,grid_20-15-10_sgd_momentum_paper_s2036,726,227.8,1900,1900,103829.7,11029.2,0,104361.8,9459.1,10142.5,7.2
20-15-10,sgd_momentum,paper,2037,0.001,grid_20-15-10_sgd_momentum_paper_s2037,726,231.5,1900,1900,103553.4,11049.4,0,104361.8,9459.1,10707.3,13.2
20-15-10,sgd_momentum,paper,2038,0.001,grid_20-15-10_sgd_momentum_paper_s2038,726,225.3,1900,1900,103477.7,11022.5,0,104361.8,9459.1,9907.8,4.7
20-15-10,sgd_momentum,paper,2039,0.001,grid_20-15-10_sgd_momentum_paper_s2039,726,220.9,1900,1900,103558.6,11057.8,0,104361.8,9459.1,11567.1,22.3
20-15-10,sgd_momentum,paper,2040,0.001,grid_20-15-10_sgd_momentum_paper_s2040,726,229.5,1900,1900,103132.4,11085.6,0,104361.8,9459.1,10403.4,10
20-15-10,sgd_momentum,paper,2041,0.001,grid_20-15-10_sgd_momentum_paper_s2041,726,245.7,1900,1900,103371.5,11002.4,0,104361.8,9459.1,10347.3,9.4
20-15-10,sgd_momentum,paper,2042,0.001,grid_20-15-10_sgd_momentum_paper_s2042,726,231.8,1900,1900,103552.3,11017.5,0,104361.8,9459.1,11244.3,18.9
20-15-10,sgd_momentum,paper,2043,0.001,grid_20-15-10_sgd_momentum_paper_s2043,726,233.4,1900,1900,103445.5,11053.8,0,104361.8,9459.1,10457.1,10.5
20-15-10,sgd_momentum,paper,2044,0.001,grid_20-15-10_sgd_momentum_paper_s2044,726,245.3,1900,1900,103633.5,11012.2,0,104361.8,9459.1,11484.2,21.4
20-15-10,sgd_momentum,paper,2045,0.001,grid_20-15-10_sgd_momentum_paper_s2045,726,237.8,1900,1900,103493.5,11004.6,0,104361.8,9459.1,10852.9,14.7
20-15-10,sgd_momentum,cl_start,2026,0.001,grid_20-15-10_sgd_momentum_cl_start_s2026,726,323.9,2232,2535,103678.5,10964,0,104361.8,9459.1,9462,0
20-15-10,sgd_momentum,cl_start,2027,0.001,grid_20-15-10_sgd_momentum_cl_start_s2027,726,307.5,2184,2493,104106.8,11001.2,0,104361.8,9459.1,9310.6,-1.6
20-15-10,sgd_momentum,cl_start,2028,0.001,grid_20-15-10_sgd_momentum_cl_start_s2028,726,460.5,3598,3862,103752.3,10987.4,0,104361.8,9459.1,9373.2,-0.9
20-15-10,sgd_momentum,cl_start,2029,0.001,grid_20-15-10_sgd_momentum_cl_start_s2029,726,430.5,3027,3312,103894.2,10975.3,0,104361.8,9459.1,9354.3,-1.1
20-15-10,sgd_momentum,cl_start,2030,0.001,grid_20-15-10_sgd_momentum_cl_start_s2030,726,377.1,2771,3075,103767,10950.4,0,104361.8,9459.1,9368.4,-1
20-15-10,sgd_momentum,cl_start,2031,0.001,grid_20-15-10_sgd_momentum_cl_start_s2031,726,375.9,2875,3159,103834.2,10972.7,0,104361.8,9459.1,9358.4,-1.1
20-15-10,sgd_momentum,cl_start,2032,0.001,grid_20-15-10_sgd_momentum_cl_start_s2032,726,311.8,2261,2562,103704.4,10966.7,0,104361.8,9459.1,9417.3,-0.4
20-15-10,sgd_momentum,cl_start,2033,0.001,grid_20-15-10_sgd_momentum_cl_start_s2033,726,431.5,3434,3738,103860.5,10959.8,0,104361.8,9459.1,9364,-1
20-15-10,sgd_momentum,cl_start,2034,0.001,grid_20-15-10_sgd_momentum_cl_start_s2034,726,278.9,1798,2122,104069.7,10980.9,0,104361.8,9459.1,9357.2,-1.1
20-15-10,sgd_momentum,cl_start,2035,0.001,grid_20-15-10_sgd_momentum_cl_start_s2035,726,433.4,3194,3457,104054.7,10968.3,0,104361.8,9459.1,9396.1,-0.7
20-15-10,sgd_momentum,cl_start,2036,0.001,grid_20-15-10_sgd_momentum_cl_start_s2036,726,474.5,3764,4008,103813.6,10955,0,104361.8,9459.1,9389.5,-0.7
20-15-10,sgd_momentum,cl_start,2037,0.001,grid_20-15-10_sgd_momentum_cl_start_s2037,726,362.8,2712,3054,103567.6,10952.6,0,104361.8,9459.1,9383.8,-0.8
20-15-10,sgd_momentum,cl_start,2038,0.001,grid_20-15-10_sgd_momentum_cl_start_s2038,726,350.1,2655,2940,103912.5,10965.7,0,104361.8,9459.1,9352.5,-1.1
20-15-10,sgd_momentum,cl_start,2039,0.001,grid_20-15-10_sgd_momentum_cl_start_s2039,726,382.7,2984,3269,103826.5,10963.7,0,104361.8,9459.1,9373.4,-0.9
20-15-10,sgd_momentum,cl_start,2040,0.001,grid_20-15-10_sgd_momentum_cl_start_s2040,726,377.4,2832,3113,103992.5,10978.7,0,104361.8,9459.1,9423,-0.4
20-15-10,sgd_momentum,cl_start,2041,0.001,grid_20-15-10_sgd_momentum_cl_start_s2041,726,392.6,2991,3274,103839.4,10976.9,0,104361.8,9459.1,9446.7,-0.1
20-15-10,sgd_momentum,cl_start,2042,0.001,grid_20-15-10_sgd_momentum_cl_start_s2042,726,419.6,2758,3040,103960.6,10981.8,0,104361.8,9459.1,9357.6,-1.1
20-15-10,sgd_momentum,cl_start,2043,0.001,grid_20-15-10_sgd_momentum_cl_start_s2043,726,308.4,2238,2542,103929.3,10972.9,0,104361.8,9459.1,9376,-0.9
20-15-10,sgd_momentum,cl_start,2044,0.001,grid_20-15-10_sgd_momentum_cl_start_s2044,726,348.2,2390,2692,103727.5,10959.4,0,104361.8,9459.1,9504.6,0.5
20-15-10,sgd_momentum,cl_start,2045,0.001,grid_20-15-10_sgd_momentum_cl_start_s2045,726,318.9,2235,2538,103836.4,10974.7,0,104361.8,9459.1,9415,-0.5
20-15-10,sgd_nesterov,paper,2026,0.001,grid_20-15-10_sgd_nesterov_paper_s2026,726,230,1900,1900,103589.6,11108,0,104361.8,9459.1,13939.8,47.4
20-15-10,sgd_nesterov,paper,2027,0.001,grid_20-15-10_sgd_nesterov_paper_s2027,726,204,1900,1900,103402.6,11036,0,104361.8,9459.1,10213.7,8
20-15-10,sgd_nesterov,paper,2028,0.001,grid_20-15-10_sgd_nesterov_paper_s2028,726,232.3,1900,1900,103353.6,11107.7,0,104361.8,9459.1,12414.1,31.2
20-15-10,sgd_nesterov,paper,2029,0.001,grid_20-15-10_sgd_nesterov_paper_s2029,726,239,1900,1900,103709.1,11078.2,0,104361.8,9459.1,14628.1,54.6
20-15-10,sgd_nesterov,paper,2030,0.001,grid_20-15-10_sgd_nesterov_paper_s2030,726,231.9,1900,1900,103364.3,11003.7,0,104361.8,9459.1,10429.2,10.3
20-15-10,sgd_nesterov,paper,2031,0.001,grid_20-15-10_sgd_nesterov_paper_s2031,726,224,1900,1900,103398.6,11069.2,0,104361.8,9459.1,11227.8,18.7
20-15-10,sgd_nesterov,paper,2032,0.001,grid_20-15-10_sgd_nesterov_paper_s2032,726,241.9,1900,1900,103518.6,10985.7,0,104361.8,9459.1,10673.1,12.8
20-15-10,sgd_nesterov,paper,2033,0.001,grid_20-15-10_sgd_nesterov_paper_s2033,726,220.8,1900,1900,103534.3,11020.1,0,104361.8,9459.1,10257.8,8.4
20-15-10,sgd_nesterov,paper,2034,0.001,grid_20-15-10_sgd_nesterov_paper_s2034,726,227.3,1900,1900,103555.4,11068,0,104361.8,9459.1,10393.3,9.9
20-15-10,sgd_nesterov,paper,2035,0.001,grid_20-15-10_sgd_nesterov_paper_s2035,726,227.9,1900,1900,103736.4,11007.1,0,104361.8,9459.1,10285.8,8.7
20-15-10,sgd_nesterov,paper,2036,0.001,grid_20-15-10_sgd_nesterov_paper_s2036,726,238.3,1900,1900,103753.4,11041.5,0,104361.8,9459.1,10344.1,9.4
20-15-10,sgd_nesterov,paper,2037,0.001,grid_20-15-10_sgd_nesterov_paper_s2037,726,225.5,1900,1900,103520.4,11052.7,0,104361.8,9459.1,11170.5,18.1
20-15-10,sgd_nesterov,paper,2038,0.001,grid_20-15-10_sgd_nesterov_paper_s2038,726,223.5,1900,1900,103442.3,11029.9,0,104361.8,9459.1,9516.8,0.6
20-15-10,sgd_nesterov,paper,2039,0.001,grid_20-15-10_sgd_nesterov_paper_s2039,726,223.7,1900,1900,103551.2,11088.9,0,104361.8,9459.1,11695.9,23.6
20-15-10,sgd_nesterov,paper,2040,0.001,grid_20-15-10_sgd_nesterov_paper_s2040,726,232.5,1900,1900,102991.9,11095.5,0,104361.8,9459.1,10320.5,9.1
20-15-10,sgd_nesterov,paper,2041,0.001,grid_20-15-10_sgd_nesterov_paper_s2041,726,238.4,1900,1900,103356.6,11010.5,0,104361.8,9459.1,10538.9,11.4
20-15-10,sgd_nesterov,paper,2042,0.001,grid_20-15-10_sgd_nesterov_paper_s2042,726,231.4,1900,1900,103552.8,11024.1,0,104361.8,9459.1,10503.2,11
20-15-10,sgd_nesterov,paper,2043,0.001,grid_20-15-10_sgd_nesterov_paper_s2043,726,229.4,1900,1900,103447.1,11077.2,0,104361.8,9459.1,10960,15.9
20-15-10,sgd_nesterov,paper,2044,0.001,grid_20-15-10_sgd_nesterov_paper_s2044,726,244.4,1900,1900,103638.6,11017.8,0,104361.8,9459.1,11618,22.8
20-15-10,sgd_nesterov,paper,2045,0.001,grid_20-15-10_sgd_nesterov_paper_s2045,726,238.3,1900,1900,103500.3,11021.3,0,104361.8,9459.1,10361.9,9.5
20-15-10,sgd_nesterov,cl_start,2026,0.001,grid_20-15-10_sgd_nesterov_cl_start_s2026,726,305.4,2225,2528,103670.6,10964.5,0,104361.8,9459.1,9446.3,-0.1
20-15-10,sgd_nesterov,cl_start,2027,0.001,grid_20-15-10_sgd_nesterov_cl_start_s2027,726,308.4,2179,2488,104105.1,11001.6,0,104361.8,9459.1,9311.7,-1.6
20-15-10,sgd_nesterov,cl_start,2028,0.001,grid_20-15-10_sgd_nesterov_cl_start_s2028,726,492.2,3588,3852,103753.2,10987.2,0,104361.8,9459.1,9373.1,-0.9
20-15-10,sgd_nesterov,cl_start,2029,0.001,grid_20-15-10_sgd_nesterov_cl_start_s2029,726,435.9,3025,3310,103893,10975.3,0,104361.8,9459.1,9354.2,-1.1
20-15-10,sgd_nesterov,cl_start,2030,0.001,grid_20-15-10_sgd_nesterov_cl_start_s2030,726,379.3,2781,3084,103766.1,10950.6,0,104361.8,9459.1,9369.3,-0.9
20-15-10,sgd_nesterov,cl_start,2031,0.001,grid_20-15-10_sgd_nesterov_cl_start_s2031,726,419.4,2868,3154,103835.1,10972.8,0,104361.8,9459.1,9356.2,-1.1
20-15-10,sgd_nesterov,cl_start,2032,0.001,grid_20-15-10_sgd_nesterov_cl_start_s2032,726,311.5,2279,2580,103702.8,10967.8,0,104361.8,9459.1,9416.3,-0.5
20-15-10,sgd_nesterov,cl_start,2033,0.001,grid_20-15-10_sgd_nesterov_cl_start_s2033,726,435.1,3445,3749,103855.3,10960.6,0,104361.8,9459.1,9358.6,-1.1
20-15-10,sgd_nesterov,cl_start,2034,0.001,grid_20-15-10_sgd_nesterov_cl_start_s2034,726,305.4,2262,2566,104065.5,10980.9,0,104361.8,9459.1,9355.3,-1.1
20-15-10,sgd_nesterov,cl_start,2035,0.001,grid_20-15-10_sgd_nesterov_cl_start_s2035,726,411.8,3187,3450,104048.1,10969.4,0,104361.8,9459.1,9393.3,-0.7
20-15-10,sgd_nesterov,cl_start,2036,0.001,grid_20-15-10_sgd_nesterov_cl_start_s2036,726,486.8,3761,4005,103814.6,10955.1,0,104361.8,9459.1,9384.9,-0.8
20-15-10,sgd_nesterov,cl_start,2037,0.001,grid_20-15-10_sgd_nesterov_cl_start_s2037,726,457.8,3222,3544,103565.9,10952.6,0,104361.8,9459.1,9374.6,-0.9
20-15-10,sgd_nesterov,cl_start,2038,0.001,grid_20-15-10_sgd_nesterov_cl_start_s2038,726,348.8,2647,2932,103911.3,10965.5,0,104361.8,9459.1,9351.2,-1.1
20-15-10,sgd_nesterov,cl_start,2039,0.001,grid_20-15-10_sgd_nesterov_cl_start_s2039,726,384.1,2982,3267,103824.2,10963.6,0,104361.8,9459.1,9378.1,-0.9
20-15-10,sgd_nesterov,cl_start,2040,0.001,grid_20-15-10_sgd_nesterov_cl_start_s2040,726,380.8,2831,3112,103983.5,10978.7,0,104361.8,9459.1,9411,-0.5
20-15-10,sgd_nesterov,cl_start,2041,0.001,grid_20-15-10_sgd_nesterov_cl_start_s2041,726,395.5,2989,3272,103837.6,10976.9,0,104361.8,9459.1,9436.1,-0.2
20-15-10,sgd_nesterov,cl_start,2042,0.001,grid_20-15-10_sgd_nesterov_cl_start_s2042,726,380.4,2753,3035,103951.9,10982.2,0,104361.8,9459.1,9355,-1.1
20-15-10,sgd_nesterov,cl_start,2043,0.001,grid_20-15-10_sgd_nesterov_cl_start_s2043,726,310.2,2232,2536,103933.3,10972.9,0,104361.8,9459.1,9371.7,-0.9
20-15-10,sgd_nesterov,cl_start,2044,0.001,grid_20-15-10_sgd_nesterov_cl_start_s2044,726,347.9,2378,2680,103727.5,10959.3,0,104361.8,9459.1,9492.6,0.4
20-15-10,sgd_nesterov,cl_start,2045,0.001,grid_20-15-10_sgd_nesterov_cl_start_s2045,726,319.4,2225,2528,103834.2,10974.9,0,104361.8,9459.1,9404.8,-0.6
20-15-10,adagrad,paper,2026,0.01,grid_20-15-10_adagrad_paper_s2026,726,238.2,1900,1900,102702.6,11178.8,0,104361.8,9459.1,13180.2,39.3
20-15-10,adagrad,paper,2027,0.01,grid_20-15-10_adagrad_paper_s2027,726,233.9,1900,1900,102811.6,11123.6,0,104361.8,9459.1,10800.3,14.2
20-15-10,adagrad,paper,2028,0.01,grid_20-15-10_adagrad_paper_s2028,726,236.1,1900,1900,102281.7,11160.4,0,104361.8,9459.1,11813.4,24.9
20-15-10,adagrad,paper,2029,0.01,grid_20-15-10_adagrad_paper_s2029,726,245.3,1900,1900,103487.3,11094.2,0,104361.8,9459.1,13660.1,44.4
20-15-10,adagrad,paper,2030,0.01,grid_20-15-10_adagrad_paper_s2030,726,235.3,1900,1900,103176.9,11067.4,0,104361.8,9459.1,10338.7,9.3
20-15-10,adagrad,paper,2031,0.01,grid_20-15-10_adagrad_paper_s2031,726,224.6,1900,1900,103222,11138,0,104361.8,9459.1,11502.8,21.6
20-15-10,adagrad,paper,2032,0.01,grid_20-15-10_adagrad_paper_s2032,726,228.9,1900,1900,103425.6,11016.5,0,104361.8,9459.1,11191.5,18.3
20-15-10,adagrad,paper,2033,0.01,grid_20-15-10_adagrad_paper_s2033,726,222.1,1900,1900,103292.9,11087,0,104361.8,9459.1,10038.6,6.1
20-15-10,adagrad,paper,2034,0.01,grid_20-15-10_adagrad_paper_s2034,726,224.9,1900,1900,103824.8,11133.9,0,104361.8,9459.1,12288.6,29.9
20-15-10,adagrad,paper,2035,0.01,grid_20-15-10_adagrad_paper_s2035,726,226.4,1900,1900,104260.8,11129.8,0,104361.8,9459.1,11581.8,22.4
20-15-10,adagrad,paper,2036,0.01,grid_20-15-10_adagrad_paper_s2036,726,224.2,1900,1900,103521.7,11025.8,0,104361.8,9459.1,10641.7,12.5
20-15-10,adagrad,paper,2037,0.01,grid_20-15-10_adagrad_paper_s2037,726,224.7,1900,1900,103385.5,11063.3,0,104361.8,9459.1,11112.6,17.5
20-15-10,adagrad,paper,2038,0.01,grid_20-15-10_adagrad_paper_s2038,726,226.8,1900,1900,103234.9,11082.8,0,104361.8,9459.1,10292.7,8.8
20-15-10,adagrad,paper,2039,0.01,grid_20-15-10_adagrad_paper_s2039,726,235.5,1900,1900,103187.7,11148.3,0,104361.8,9459.1,12065.3,27.6
20-15-10,adagrad,paper,2040,0.01,grid_20-15-10_adagrad_paper_s2040,726,243.2,1900,1900,101484.3,11195.4,0,104361.8,9459.1,9651.4,2
20-15-10,adagrad,paper,2041,0.01,grid_20-15-10_adagrad_paper_s2041,726,230,1900,1900,103018.1,11070.4,0,104361.8,9459.1,10587.9,11.9
20-15-10,adagrad,paper,2042,0.01,grid_20-15-10_adagrad_paper_s2042,726,242.8,1900,1900,103354.5,11049.2,0,104361.8,9459.1,10539.6,11.4
20-15-10,adagrad,paper,2043,0.01,grid_20-15-10_adagrad_paper_s2043,726,233.7,1900,1900,103167.9,11174.2,0,104361.8,9459.1,11626.8,22.9
20-15-10,adagrad,paper,2044,0.01,grid_20-15-10_adagrad_paper_s2044,726,243.5,1900,1900,103520.3,11041.4,0,104361.8,9459.1,11246.8,18.9
20-15-10,adagrad,paper,2045,0.01,grid_20-15-10_adagrad_paper_s2045,726,238.7,1900,1900,103384.6,11080.4,0,104361.8,9459.1,10336.6,9.3
20-15-10,adagrad,cl_start,2026,0.01,grid_20-15-10_adagrad_cl_start_s2026,726,439.9,3001,3384,103627.6,10961.2,0,104361.8,9459.1,9430.3,-0.3
20-15-10,adagrad,cl_start,2027,0.01,grid_20-15-10_adagrad_cl_start_s2027,726,380.4,2805,3092,103874,10972.5,0,104361.8,9459.1,9303.8,-1.6
20-15-10,adagrad,cl_start,2028,0.01,grid_20-15-10_adagrad_cl_start_s2028,726,473.2,3575,3840,103698.3,10974.9,0,104361.8,9459.1,9359.1,-1.1
20-15-10,adagrad,cl_start,2029,0.01,grid_20-15-10_adagrad_cl_start_s2029,726,475.8,3230,3518,103807.2,10971.5,0,104361.8,9459.1,9333.6,-1.3
20-15-10,adagrad,cl_start,2030,0.01,grid_20-15-10_adagrad_cl_start_s2030,726,373.6,2767,3059,103743.9,10954.8,0,104361.8,9459.1,9351.7,-1.1
20-15-10,adagrad,cl_start,2031,0.01,grid_20-15-10_adagrad_cl_start_s2031,726,336.5,2289,2595,103799.3,10968,0,104361.8,9459.1,9325.6,-1.4
20-15-10,adagrad,cl_start,2032,0.01,grid_20-15-10_adagrad_cl_start_s2032,726,417.7,3169,3451,103566.7,10959,0,104361.8,9459.1,9412.4,-0.5
20-15-10,adagrad,cl_start,2033,0.01,grid_20-15-10_adagrad_cl_start_s2033,726,383.4,3005,3291,103785.5,10962.8,0,104361.8,9459.1,9345.8,-1.2
20-15-10,adagrad,cl_start,2034,0.01,grid_20-15-10_adagrad_cl_start_s2034,726,424.5,3068,3333,103950.6,10969.7,0,104361.8,9459.1,9323.9,-1.4
20-15-10,adagrad,cl_start,2035,0.01,grid_20-15-10_adagrad_cl_start_s2035,726,513,4038,4264,103852.1,10955.4,0,104361.8,9459.1,9398.1,-0.6
20-15-10,adagrad,cl_start,2036,0.01,grid_20-15-10_adagrad_cl_start_s2036,726,431.5,3333,3617,103770.5,10948.4,0,104361.8,9459.1,9365.8,-1
20-15-10,adagrad,cl_start,2037,0.01,grid_20-15-10_adagrad_cl_start_s2037,726,253.7,1763,2103,103561,10950.5,0,104361.8,9459.1,9762.9,3.2
20-15-10,adagrad,cl_start,2038,0.01,grid_20-15-10_adagrad_cl_start_s2038,726,428.5,3263,3569,103839.3,10964.3,0,104361.8,9459.1,9387.6,-0.8
20-15-10,adagrad,cl_start,2039,0.01,grid_20-15-10_adagrad_cl_start_s2039,726,328,2429,2738,103787.6,10964.3,0,104361.8,9459.1,9374.1,-0.9
20-15-10,adagrad,cl_start,2040,0.01,grid_20-15-10_adagrad_cl_start_s2040,726,444.3,2973,3255,103856.2,10960.2,0,104361.8,9459.1,9400.1,-0.6
20-15-10,adagrad,cl_start,2041,0.01,grid_20-15-10_adagrad_cl_start_s2041,726,355.5,2576,2900,103812.5,10975.9,0,104361.8,9459.1,9408.6,-0.5
20-15-10,adagrad,cl_start,2042,0.01,grid_20-15-10_adagrad_cl_start_s2042,726,409.5,2664,2988,103918.4,10980.6,0,104361.8,9459.1,9342.1,-1.2
20-15-10,adagrad,cl_start,2043,0.01,grid_20-15-10_adagrad_cl_start_s2043,726,385.2,2814,3098,103846.7,10969.7,0,104361.8,9459.1,9359.6,-1.1
20-15-10,adagrad,cl_start,2044,0.01,grid_20-15-10_adagrad_cl_start_s2044,726,306.2,2056,2400,103629.3,10955.2,0,104361.8,9459.1,9378.7,-0.9
20-15-10,adagrad,cl_start,2045,0.01,grid_20-15-10_adagrad_cl_start_s2045,726,413.8,2880,3183,103656.8,10967.8,0,104361.8,9459.1,9457.8,0
20-15-10,adadelta,paper,2026,1,grid_20-15-10_adadelta_paper_s2026,726,245.6,1900,1900,102713.7,11189.8,0,104361.8,9459.1,11414.1,20.7
20-15-10,adadelta,paper,2027,1,grid_20-15-10_adadelta_paper_s2027,726,236.2,1900,1900,101729.8,11192.3,0,104361.8,9459.1,23502.9,148.5
20-15-10,adadelta,paper,2028,1,grid_20-15-10_adadelta_paper_s2028,726,235.1,1900,1900,102905.2,11192.1,0,104361.8,9459.1,15541.6,64.3
20-15-10,adadelta,paper,2029,1,grid_20-15-10_adadelta_paper_s2029,726,239.3,1900,1900,103776.2,11107.3,0,104361.8,9459.1,12140.4,28.3
20-15-10,adadelta,paper,2030,1,grid_20-15-10_adadelta_paper_s2030,726,239.6,1900,1900,103144,11071.6,0,104361.8,9459.1,10620.1,12.3
20-15-10,adadelta,paper,2031,1,grid_20-15-10_adadelta_paper_s2031,726,235.9,1900,1900,103245.9,11135.2,0,104361.8,9459.1,10192.2,7.7
20-15-10,adadelta,paper,2032,1,grid_20-15-10_adadelta_paper_s2032,726,233.6,1900,1900,103438.7,11046.4,0,104361.8,9459.1,10398.1,9.9
20-15-10,adadelta,paper,2033,1,grid_20-15-10_adadelta_paper_s2033,726,232.1,1900,1900,103336.3,11110.1,0,104361.8,9459.1,9663,2.2
20-15-10,adadelta,paper,2034,1,grid_20-15-10_adadelta_paper_s2034,726,241.5,1900,1900,103946.2,11153.9,0,104361.8,9459.1,12817.1,35.5
20-15-10,adadelta,paper,2035,1,grid_20-15-10_adadelta_paper_s2035,726,235.2,1900,1900,106400.4,11290.4,0,104361.8,9459.1,22917.4,142.3
20-15-10,adadelta,paper,2036,1,grid_20-15-10_adadelta_paper_s2036,726,237.7,1900,1900,103713.8,11129.1,0,104361.8,9459.1,17699,87.1
20-15-10,adadelta,paper,2037,1,grid_20-15-10_adadelta_paper_s2037,726,239,1900,1900,103385.4,11062.5,0,104361.8,9459.1,10727,13.4
20-15-10,adadelta,paper,2038,1,grid_20-15-10_adadelta_paper_s2038,726,238.7,1900,1900,103212.5,11060.9,0,104361.8,9459.1,10995.5,16.2
20-15-10,adadelta,paper,2039,1,grid_20-15-10_adadelta_paper_s2039,726,240.7,1900,1900,103485,11185.4,0,104361.8,9459.1,18328.5,93.8
20-15-10,adadelta,paper,2040,1,grid_20-15-10_adadelta_paper_s2040,726,234.7,1900,1900,100526.5,11344,0,104361.8,9459.1,19823.7,109.6
20-15-10,adadelta,paper,2041,1,grid_20-15-10_adadelta_paper_s2041,726,236.2,1900,1900,101728.5,11171.2,0,104361.8,9459.1,11310.7,19.6
20-15-10,adadelta,paper,2042,1,grid_20-15-10_adadelta_paper_s2042,726,247.9,1900,1900,103172.2,11109.3,0,104361.8,9459.1,9608.8,1.6
20-15-10,adadelta,paper,2043,1,grid_20-15-10_adadelta_paper_s2043,726,242.9,1900,1900,103454,11218.5,0,104361.8,9459.1,10120.2,7
20-15-10,adadelta,paper,2044,1,grid_20-15-10_adadelta_paper_s2044,726,244.9,1900,1900,103465.1,11046.9,0,104361.8,9459.1,9237.6,-2.3
20-15-10,adadelta,paper,2045,1,grid_20-15-10_adadelta_paper_s2045,726,255,1900,1900,103423.8,11109.9,0,104361.8,9459.1,9489.5,0.3
20-15-10,adadelta,cl_start,2026,1,grid_20-15-10_adadelta_cl_start_s2026,726,99.1,346,739,103702.6,10971.4,0,104361.8,9459.1,10238.5,8.2
20-15-10,adadelta,cl_start,2027,1,grid_20-15-10_adadelta_cl_start_s2027,726,208.1,1195,1645,103742.1,10957.1,0,104361.8,9459.1,10119.5,7
20-15-10,adadelta,cl_start,2028,1,grid_20-15-10_adadelta_cl_start_s2028,726,173.3,977,1364,103692.5,10945.3,0,104361.8,9459.1,9752.7,3.1
20-15-10,adadelta,cl_start,2029,1,grid_20-15-10_adadelta_cl_start_s2029,726,214.5,1225,1610,103655.5,10930.4,0,104361.8,9459.1,10371.4,9.6
20-15-10,adadelta,cl_start,2030,1,grid_20-15-10_adadelta_cl_start_s2030,726,191.4,1109,1500,103654,10947,0,104361.8,9459.1,9790.7,3.5
20-15-10,adadelta,cl_start,2031,1,grid_20-15-10_adadelta_cl_start_s2031,726,224.5,1277,1706,103719.7,10947.7,0,104361.8,9459.1,9831.2,3.9
20-15-10,adadelta,cl_start,2032,1,grid_20-15-10_adadelta_cl_start_s2032,726,237.7,1539,1918,103672.6,10938.9,0,104361.8,9459.1,9707.9,2.6
20-15-10,adadelta,cl_start,2033,1,grid_20-15-10_adadelta_cl_start_s2033,726,206.3,1242,1629,103789.8,10960.1,0,104361.8,9459.1,10255.4,8.4
20-15-10,adadelta,cl_start,2034,1,grid_20-15-10_adadelta_cl_start_s2034,726,140.1,699,1091,103936.7,10980.3,0,104361.8,9459.1,10345.8,9.4
20-15-10,adadelta,cl_start,2035,1,grid_20-15-10_adadelta_cl_start_s2035,726,201,1221,1591,103802.1,10944.1,0,104361.8,9459.1,10248.6,8.3
20-15-10,adadelta,cl_start,2036,1,grid_20-15-10_adadelta_cl_start_s2036,726,195.3,1145,1513,103721.7,10934.8,0,104361.8,9459.1,10374.2,9.7
20-15-10,adadelta,cl_start,2037,1,grid_20-15-10_adadelta_cl_start_s2037,726,200.4,1124,1510,103592.4,10955.1,0,104361.8,9459.1,9820.4,3.8
20-15-10,adadelta,cl_start,2038,1,grid_20-15-10_adadelta_cl_start_s2038,726,188.2,964,1406,103788.1,10964.7,0,104361.8,9459.1,10180.8,7.6
20-15-10,adadelta,cl_start,2039,1,grid_20-15-10_adadelta_cl_start_s2039,726,172.5,1014,1382,103668,10933.9,0,104361.8,9459.1,9623.5,1.7
20-15-10,adadelta,cl_start,2040,1,grid_20-15-10_adadelta_cl_start_s2040,726,200.3,1186,1558,103792.6,10940.7,0,104361.8,9459.1,10109.6,6.9
20-15-10,adadelta,cl_start,2041,1,grid_20-15-10_adadelta_cl_start_s2041,726,210.8,1230,1651,103595.8,10931.7,0,104361.8,9459.1,10163.2,7.4
20-15-10,adadelta,cl_start,2042,1,grid_20-15-10_adadelta_cl_start_s2042,726,211.8,1136,1586,103748.1,10965.3,0,104361.8,9459.1,10047.9,6.2
20-15-10,adadelta,cl_start,2043,1,grid_20-15-10_adadelta_cl_start_s2043,726,175.3,967,1358,103678.8,10958.4,0,104361.8,9459.1,10052.2,6.3
20-15-10,adadelta,cl_start,2044,1,grid_20-15-10_adadelta_cl_start_s2044,726,177,919,1307,103430.8,10934,0,104361.8,9459.1,9891.5,4.6
20-15-10,adadelta,cl_start,2045,1,grid_20-15-10_adadelta_cl_start_s2045,726,209.1,1155,1596,103556.9,10942.3,0,104361.8,9459.1,10468.7,10.7
20-15-10,rmsprop,paper,2026,0.001,grid_20-15-10_rmsprop_paper_s2026,726,232.9,1900,1900,101692.2,11229.4,0,104361.8,9459.1,12756,34.9
20-15-10,rmsprop,paper,2027,0.001,grid_20-15-10_rmsprop_paper_s2027,726,230,1900,1900,102610.2,11152.3,0,104361.8,9459.1,15699.7,66
20-15-10,rmsprop,paper,2028,0.001,grid_20-15-10_rmsprop_paper_s2028,726,246,1900,1900,101844,11184.5,0,104361.8,9459.1,1074.2,-88.6
20-15-10,rmsprop,paper,2029,0.001,grid_20-15-10_rmsprop_paper_s2029,726,239.1,1900,1900,102989,11125.8,0,104361.8,9459.1,13990.6,47.9
20-15-10,rmsprop,paper,2030,0.001,grid_20-15-10_rmsprop_paper_s2030,726,235.8,1900,1900,103047.7,11084.5,0,104361.8,9459.1,11681.5,23.5
20-15-10,rmsprop,paper,2031,0.001,grid_20-15-10_rmsprop_paper_s2031,726,245,1900,1900,102956.5,11150.7,0,104361.8,9459.1,16441.6,73.8
20-15-10,rmsprop,paper,2032,0.001,grid_20-15-10_rmsprop_paper_s2032,726,228.7,1900,1900,103015.3,11033.7,0,104361.8,9459.1,9680.5,2.3
20-15-10,rmsprop,paper,2033,0.001,grid_20-15-10_rmsprop_paper_s2033,726,237.5,1900,1900,103071,11116,0,104361.8,9459.1,12832.4,35.7
20-15-10,rmsprop,paper,2034,0.001,grid_20-15-10_rmsprop_paper_s2034,726,242.1,1900,1900,103400.5,11127.6,0,104361.8,9459.1,11512.8,21.7
20-15-10,rmsprop,paper,2035,0.001,grid_20-15-10_rmsprop_paper_s2035,726,228.5,1900,1900,103873.6,11130.2,0,104361.8,9459.1,10205.2,7.9
20-15-10,rmsprop,paper,2036,0.001,grid_20-15-10_rmsprop_paper_s2036,726,240.8,1900,1900,103416.9,11068.4,0,104361.8,9459.1,20822.2,120.1
20-15-10,rmsprop,paper,2037,0.001,grid_20-15-10_rmsprop_paper_s2037,726,240.6,1900,1900,103455,11106.2,0,104361.8,9459.1,9427.2,-0.3
20-15-10,rmsprop,paper,2038,0.001,grid_20-15-10_rmsprop_paper_s2038,726,244.9,1900,1900,102860.7,11091.6,0,104361.8,9459.1,13130.5,38.8
20-15-10,rmsprop,paper,2039,0.001,grid_20-15-10_rmsprop_paper_s2039,726,236.3,1900,1900,102867.7,11180.9,0,104361.8,9459.1,6641.2,-29.8
20-15-10,rmsprop,paper,2040,0.001,grid_20-15-10_rmsprop_paper_s2040,726,231.3,1900,1900,101114.4,11230.1,0,104361.8,9459.1,12308.6,30.1
20-15-10,rmsprop,paper,2041,0.001,grid_20-15-10_rmsprop_paper_s2041,726,235.2,1900,1900,102151.1,11140.9,0,104361.8,9459.1,10824.6,14.4
20-15-10,rmsprop,paper,2042,0.001,grid_20-15-10_rmsprop_paper_s2042,726,258,1900,1900,102941.5,11071.4,0,104361.8,9459.1,8643,-8.6
20-15-10,rmsprop,paper,2043,0.001,grid_20-15-10_rmsprop_paper_s2043,726,250.4,1900,1900,102961.5,11219,0,104361.8,9459.1,10334.7,9.3
20-15-10,rmsprop,paper,2044,0.001,grid_20-15-10_rmsprop_paper_s2044,726,234.8,1900,1900,103155.7,11060.8,0,104361.8,9459.1,7722.8,-18.4
20-15-10,rmsprop,paper,2045,0.001,grid_20-15-10_rmsprop_paper_s2045,726,243.5,1900,1900,103175.7,11119.3,0,104361.8,9459.1,7300.5,-22.8
20-15-10,rmsprop,cl_start,2026,0.001,grid_20-15-10_rmsprop_cl_start_s2026,726,173.6,914,1300,103332.3,10814.2,0,104361.8,9459.1,9561.4,1.1
20-15-10,rmsprop,cl_start,2027,0.001,grid_20-15-10_rmsprop_cl_start_s2027,726,207,1279,1668,103411.2,10819,0,104361.8,9459.1,9716.4,2.7
20-15-10,rmsprop,cl_start,2028,0.001,grid_20-15-10_rmsprop_cl_start_s2028,726,208.9,1006,1391,103206.5,10810,0,104361.8,9459.1,9522.4,0.7
20-15-10,rmsprop,cl_start,2029,0.001,grid_20-15-10_rmsprop_cl_start_s2029,726,192.1,1102,1490,103303,10782.7,0,104361.8,9459.1,9512,0.6
20-15-10,rmsprop,cl_start,2030,0.001,grid_20-15-10_rmsprop_cl_start_s2030,726,183.2,974,1366,103327.8,10752.1,0,104361.8,9459.1,9635.8,1.9
20-15-10,rmsprop,cl_start,2031,0.001,grid_20-15-10_rmsprop_cl_start_s2031,726,189.1,1086,1495,103372,10820.2,0,104361.8,9459.1,9675.9,2.3
20-15-10,rmsprop,cl_start,2032,0.001,grid_20-15-10_rmsprop_cl_start_s2032,726,190,1159,1547,103465.2,10849.4,0,104361.8,9459.1,9702,2.6
20-15-10,rmsprop,cl_start,2033,0.001,grid_20-15-10_rmsprop_cl_start_s2033,726,233.6,1426,1815,103438.3,10801.3,0,104361.8,9459.1,9677.6,2.3
20-15-10,rmsprop,cl_start,2034,0.001,grid_20-15-10_rmsprop_cl_start_s2034,726,192.4,1075,1503,103690.4,10885.1,0,104361.8,9459.1,9732.8,2.9
20-15-10,rmsprop,cl_start,2035,0.001,grid_20-15-10_rmsprop_cl_start_s2035,726,193.7,1208,1591,103621,10876.1,0,104361.8,9459.1,9773.4,3.3
20-15-10,rmsprop,cl_start,2036,0.001,grid_20-15-10_rmsprop_cl_start_s2036,726,183.9,1044,1432,103455.8,10807.9,0,104361.8,9459.1,9894.3,4.6
20-15-10,rmsprop,cl_start,2037,0.001,grid_20-15-10_rmsprop_cl_start_s2037,726,152.8,786,1237,103604.3,10955.9,0,104361.8,9459.1,9632.6,1.8
20-15-10,rmsprop,cl_start,2038,0.001,grid_20-15-10_rmsprop_cl_start_s2038,726,261,1635,2157,103388.5,10796.4,0,104361.8,9459.1,9243.9,-2.3
20-15-10,rmsprop,cl_start,2039,0.001,grid_20-15-10_rmsprop_cl_start_s2039,726,208,1239,1642,103356.1,10801.6,0,104361.8,9459.1,9789.8,3.5
20-15-10,rmsprop,cl_start,2040,0.001,grid_20-15-10_rmsprop_cl_start_s2040,726,210.6,1232,1687,103555,10850.9,0,104361.8,9459.1,9556,1
20-15-10,rmsprop,cl_start,2041,0.001,grid_20-15-10_rmsprop_cl_start_s2041,726,191.7,1057,1472,103361.8,10812.6,0,104361.8,9459.1,9603.2,1.5
20-15-10,rmsprop,cl_start,2042,0.001,grid_20-15-10_rmsprop_cl_start_s2042,726,210.9,1110,1543,103582.1,10906.2,0,104361.8,9459.1,9609.4,1.6
20-15-10,rmsprop,cl_start,2043,0.001,grid_20-15-10_rmsprop_cl_start_s2043,726,188.6,948,1361,103422.8,10830.4,0,104361.8,9459.1,9595.6,1.4
20-15-10,rmsprop,cl_start,2044,0.001,grid_20-15-10_rmsprop_cl_start_s2044,726,173.4,974,1381,103222.4,10823.1,0,104361.8,9459.1,9492.3,0.4
20-15-10,rmsprop,cl_start,2045,0.001,grid_20-15-10_rmsprop_cl_start_s2045,726,220.3,1253,1692,103280.5,10848.1,0,104361.8,9459.1,10035.6,6.1
20-15-10,adam,paper,2026,0.001,grid_20-15-10_adam_paper_s2026,726,252,1900,1900,103793.7,11182.3,0,104361.8,9459.1,12445.6,31.6
20-15-10,adam,paper,2027,0.001,grid_20-15-10_adam_paper_s2027,726,235,1900,1900,103880,11175.5,0,104361.8,9459.1,12221.3,29.2
20-15-10,adam,paper,2028,0.001,grid_20-15-10_adam_paper_s2028,726,245.4,1900,1900,103835.3,11208,0,104361.8,9459.1,11781.9,24.6
20-15-10,adam,paper,2029,0.001,grid_20-15-10_adam_paper_s2029,726,246.6,1900,1900,104092.7,11119,0,104361.8,9459.1,12890.8,36.3
20-15-10,adam,paper,2030,0.001,grid_20-15-10_adam_paper_s2030,726,250.3,1900,1900,103926.8,11100.7,0,104361.8,9459.1,10648.1,12.6
20-15-10,adam,paper,2031,0.001,grid_20-15-10_adam_paper_s2031,726,242.7,1900,1900,103711.5,11204.5,0,104361.8,9459.1,10085.6,6.6
20-15-10,adam,paper,2032,0.001,grid_20-15-10_adam_paper_s2032,726,239.2,1900,1900,104303.9,11140.4,0,104361.8,9459.1,11005.1,16.3
20-15-10,adam,paper,2033,0.001,grid_20-15-10_adam_paper_s2033,726,245.9,1900,1900,104321.7,11190.8,0,104361.8,9459.1,9594.5,1.4
20-15-10,adam,paper,2034,0.001,grid_20-15-10_adam_paper_s2034,726,248,1900,1900,104224.3,11135.8,0,104361.8,9459.1,13466.2,42.4
20-15-10,adam,paper,2035,0.001,grid_20-15-10_adam_paper_s2035,726,238.3,1900,1900,106307.8,11254.5,0,104361.8,9459.1,21108.4,123.2
20-15-10,adam,paper,2036,0.001,grid_20-15-10_adam_paper_s2036,726,240.9,1900,1900,103678.2,11043,0,104361.8,9459.1,10328.8,9.2
20-15-10,adam,paper,2037,0.001,grid_20-15-10_adam_paper_s2037,726,236.6,1900,1900,103990.8,11116.6,0,104361.8,9459.1,11337.5,19.9
20-15-10,adam,paper,2038,0.001,grid_20-15-10_adam_paper_s2038,726,231.6,1900,1900,104070.6,11151.5,0,104361.8,9459.1,10522,11.2
20-15-10,adam,paper,2039,0.001,grid_20-15-10_adam_paper_s2039,726,237.9,1900,1900,103961.5,11161.8,0,104361.8,9459.1,13340.1,41
20-15-10,adam,paper,2040,0.001,grid_20-15-10_adam_paper_s2040,726,245,1900,1900,103401.5,11223.9,0,104361.8,9459.1,10580,11.8
20-15-10,adam,paper,2041,0.001,grid_20-15-10_adam_paper_s2041,726,249.4,1900,1900,103814.6,11140.8,0,104361.8,9459.1,10472,10.7
20-15-10,adam,paper,2042,0.001,grid_20-15-10_adam_paper_s2042,726,253,1900,1900,104012.1,11103.2,0,104361.8,9459.1,9881.9,4.5
20-15-10,adam,paper,2043,0.001,grid_20-15-10_adam_paper_s2043,726,258.3,1900,1900,103977.3,11244.9,0,104361.8,9459.1,12607.8,33.3
20-15-10,adam,paper,2044,0.001,grid_20-15-10_adam_paper_s2044,726,243.2,1900,1900,104359.4,11131.9,0,104361.8,9459.1,9855.1,4.2
20-15-10,adam,paper,2045,0.001,grid_20-15-10_adam_paper_s2045,726,254.8,1900,1900,103852.4,11118.4,0,104361.8,9459.1,8819.5,-6.8
20-15-10,adam,cl_start,2026,0.001,grid_20-15-10_adam_cl_start_s2026,726,154,706,1156,102296.3,10106.6,0,104361.8,9459.1,9435.7,-0.2
20-15-10,adam,cl_start,2027,0.001,grid_20-15-10_adam_cl_start_s2027,726,175.9,924,1328,102344.1,10146,0,104361.8,9459.1,9342.8,-1.2
20-15-10,adam,cl_start,2028,0.001,grid_20-15-10_adam_cl_start_s2028,726,113,345,801,103737.8,10961.6,0,104361.8,9459.1,9420,-0.4
20-15-10,adam,cl_start,2029,0.001,grid_20-15-10_adam_cl_start_s2029,726,158,740,1125,102464.8,10129.1,0,104361.8,9459.1,9338.1,-1.3
20-15-10,adam,cl_start,2030,0.001,grid_20-15-10_adam_cl_start_s2030,726,119.7,399,858,103748,10961.6,0,104361.8,9459.1,9384,-0.8
20-15-10,adam,cl_start,2031,0.001,grid_20-15-10_adam_cl_start_s2031,726,116.2,402,844,103803.7,10969.4,0,104361.8,9459.1,9331.1,-1.4
20-15-10,adam,cl_start,2032,0.001,grid_20-15-10_adam_cl_start_s2032,726,158.1,711,1174,102286.8,10101.8,0,104361.8,9459.1,9391.9,-0.7
20-15-10,adam,cl_start,2033,0.001,grid_20-15-10_adam_cl_start_s2033,726,184.4,927,1309,102539.4,10142.6,0,104361.8,9459.1,9437.4,-0.2
20-15-10,adam,cl_start,2034,0.001,grid_20-15-10_adam_cl_start_s2034,726,121.1,501,886,103910.4,10967.1,0,104361.8,9459.1,9417.4,-0.4
20-15-10,adam,cl_start,2035,0.001,grid_20-15-10_adam_cl_start_s2035,726,151.3,741,1147,102560.3,10108.3,0,104361.8,9459.1,9398.4,-0.6
20-15-10,adam,cl_start,2036,0.001,grid_20-15-10_adam_cl_start_s2036,726,171.1,802,1306,102397.6,10111.5,0,104361.8,9459.1,9469.3,0.1
20-15-10,adam,cl_start,2037,0.001,grid_20-15-10_adam_cl_start_s2037,726,123.2,449,932,103538.7,10957.3,0,104361.8,9459.1,9495,0.4
20-15-10,adam,cl_start,2038,0.001,grid_20-15-10_adam_cl_start_s2038,726,152.7,756,1188,102449.6,10137.7,0,104361.8,9459.1,9365.9,-1
20-15-10,adam,cl_start,2039,0.001,grid_20-15-10_adam_cl_start_s2039,726,155.3,757,1181,102394.4,10123.5,0,104361.8,9459.1,9414.5,-0.5
20-15-10,adam,cl_start,2040,0.001,grid_20-15-10_adam_cl_start_s2040,726,155.4,723,1162,102518.1,10145.6,0,104361.8,9459.1,9480.7,0.2
20-15-10,adam,cl_start,2041,0.001,grid_20-15-10_adam_cl_start_s2041,726,166.6,767,1205,102243.8,10121.4,0,104361.8,9459.1,9415.5,-0.5
20-15-10,adam,cl_start,2042,0.001,grid_20-15-10_adam_cl_start_s2042,726,162.3,732,1164,102531.1,10137.1,0,104361.8,9459.1,9523,0.7
20-15-10,adam,cl_start,2043,0.001,grid_20-15-10_adam_cl_start_s2043,726,168.9,803,1219,102314,10151.6,0,104361.8,9459.1,9405.9,-0.6
20-15-10,adam,cl_start,2044,0.001,grid_20-15-10_adam_cl_start_s2044,726,162.5,707,1211,102183.8,10136,0,104361.8,9459.1,9379.7,-0.8
20-15-10,adam,cl_start,2045,0.001,grid_20-15-10_adam_cl_start_s2045,726,184.8,754,1251,102441,10120.8,0,104361.8,9459.1,9482,0.2
20-15-10,adamw,paper,2026,0.001,grid_20-15-10_adamw_paper_s2026,726,244.6,1900,1900,103793.7,11182,0,104361.8,9459.1,12429.6,31.4
20-15-10,adamw,paper,2027,0.001,grid_20-15-10_adamw_paper_s2027,726,249.1,1900,1900,103879.4,11175.2,0,104361.8,9459.1,12208.8,29.1
20-15-10,adamw,paper,2028,0.001,grid_20-15-10_adamw_paper_s2028,726,255.6,1900,1900,103835.8,11207.8,0,104361.8,9459.1,11773.9,24.5
20-15-10,adamw,paper,2029,0.001,grid_20-15-10_adamw_paper_s2029,726,250.5,1900,1900,104091.5,11118.8,0,104361.8,9459.1,12873.4,36.1
20-15-10,adamw,paper,2030,0.001,grid_20-15-10_adamw_paper_s2030,726,255.8,1900,1900,103927.5,11100.8,0,104361.8,9459.1,10646.1,12.5
20-15-10,adamw,paper,2031,0.001,grid_20-15-10_adamw_paper_s2031,726,243,1900,1900,103711.7,11204.3,0,104361.8,9459.1,10081.4,6.6
20-15-10,adamw,paper,2032,0.001,grid_20-15-10_adamw_paper_s2032,726,246.6,1900,1900,104305,11140.5,0,104361.8,9459.1,11000.2,16.3
20-15-10,adamw,paper,2033,0.001,grid_20-15-10_adamw_paper_s2033,726,246.7,1900,1900,104322.3,11190.8,0,104361.8,9459.1,9592.7,1.4
20-15-10,adamw,paper,2034,0.001,grid_20-15-10_adamw_paper_s2034,726,236.4,1900,1900,104222.3,11135.6,0,104361.8,9459.1,13443.3,42.1
20-15-10,adamw,paper,2035,0.001,grid_20-15-10_adamw_paper_s2035,726,241.7,1900,1900,106303.6,11254.1,0,104361.8,9459.1,21050.1,122.5
20-15-10,adamw,paper,2036,0.001,grid_20-15-10_adamw_paper_s2036,726,241.6,1900,1900,103677.9,11043,0,104361.8,9459.1,10323.2,9.1
20-15-10,adamw,paper,2037,0.001,grid_20-15-10_adamw_paper_s2037,726,245.2,1900,1900,103990.8,11116.6,0,104361.8,9459.1,11330.5,19.8
20-15-10,adamw,paper,2038,0.001,grid_20-15-10_adamw_paper_s2038,726,235.6,1900,1900,104071.1,11151.5,0,104361.8,9459.1,10516.9,11.2
20-15-10,adamw,paper,2039,0.001,grid_20-15-10_adamw_paper_s2039,726,238.6,1900,1900,103959.9,11161.5,0,104361.8,9459.1,13323.2,40.9
20-15-10,adamw,paper,2040,0.001,grid_20-15-10_adamw_paper_s2040,726,247.2,1900,1900,103402.9,11223.6,0,104361.8,9459.1,10573.3,11.8
20-15-10,adamw,paper,2041,0.001,grid_20-15-10_adamw_paper_s2041,726,249.6,1900,1900,103816.2,11140.8,0,104361.8,9459.1,10467.6,10.7
20-15-10,adamw,paper,2042,0.001,grid_20-15-10_adamw_paper_s2042,726,253.4,1900,1900,104012.5,11103.3,0,104361.8,9459.1,9871.8,4.4
20-15-10,adamw,paper,2043,0.001,grid_20-15-10_adamw_paper_s2043,726,254.2,1900,1900,103977.2,11244.6,0,104361.8,9459.1,12595.1,33.2
20-15-10,adamw,paper,2044,0.001,grid_20-15-10_adamw_paper_s2044,726,252.9,1900,1900,104360,11132,0,104361.8,9459.1,9851.1,4.1
20-15-10,adamw,paper,2045,0.001,grid_20-15-10_adamw_paper_s2045,726,251.9,1900,1900,103852.7,11118.4,0,104361.8,9459.1,8818.5,-6.8
20-15-10,adamw,cl_start,2026,0.001,grid_20-15-10_adamw_cl_start_s2026,726,158.7,706,1156,102297.2,10107.1,0,104361.8,9459.1,9437.7,-0.2
20-15-10,adamw,cl_start,2027,0.001,grid_20-15-10_adamw_cl_start_s2027,726,176.3,922,1326,102347.7,10146.4,0,104361.8,9459.1,9345.5,-1.2
20-15-10,adamw,cl_start,2028,0.001,grid_20-15-10_adamw_cl_start_s2028,726,115.7,345,801,103737.8,10961.6,0,104361.8,9459.1,9419.9,-0.4
20-15-10,adamw,cl_start,2029,0.001,grid_20-15-10_adamw_cl_start_s2029,726,155.6,743,1128,102464.2,10129.7,0,104361.8,9459.1,9338.2,-1.3
20-15-10,adamw,cl_start,2030,0.001,grid_20-15-10_adamw_cl_start_s2030,726,125.2,399,858,103748.1,10961.6,0,104361.8,9459.1,9384,-0.8
20-15-10,adamw,cl_start,2031,0.001,grid_20-15-10_adamw_cl_start_s2031,726,118.6,402,844,103803.7,10969.4,0,104361.8,9459.1,9331,-1.4
20-15-10,adamw,cl_start,2032,0.001,grid_20-15-10_adamw_cl_start_s2032,726,157,710,1173,102287.8,10102.8,0,104361.8,9459.1,9394.5,-0.7
20-15-10,adamw,cl_start,2033,0.001,grid_20-15-10_adamw_cl_start_s2033,726,175.6,923,1305,102537,10140.9,0,104361.8,9459.1,9432,-0.3
20-15-10,adamw,cl_start,2034,0.001,grid_20-15-10_adamw_cl_start_s2034,726,123.2,501,886,103910.4,10967.1,0,104361.8,9459.1,9417.4,-0.4
20-15-10,adamw,cl_start,2035,0.001,grid_20-15-10_adamw_cl_start_s2035,726,150.5,774,1180,102545.5,10107.7,0,104361.8,9459.1,9381.9,-0.8
20-15-10,adamw,cl_start,2036,0.001,grid_20-15-10_adamw_cl_start_s2036,726,171.5,806,1310,102395.1,10111.6,0,104361.8,9459.1,9469.4,0.1
20-15-10,adamw,cl_start,2037,0.001,grid_20-15-10_adamw_cl_start_s2037,726,128.6,449,932,103538.8,10957.3,0,104361.8,9459.1,9494.9,0.4
20-15-10,adamw,cl_start,2038,0.001,grid_20-15-10_adamw_cl_start_s2038,726,153.8,757,1189,102448.6,10138.1,0,104361.8,9459.1,9367.3,-1
20-15-10,adamw,cl_start,2039,0.001,grid_20-15-10_adamw_cl_start_s2039,726,155.6,757,1181,102395.2,10123.6,0,104361.8,9459.1,9414.9,-0.5
20-15-10,adamw,cl_start,2040,0.001,grid_20-15-10_adamw_cl_start_s2040,726,156.6,723,1162,102518.1,10145.2,0,104361.8,9459.1,9476.8,0.2
20-15-10,adamw,cl_start,2041,0.001,grid_20-15-10_adamw_cl_start_s2041,726,179.3,766,1204,102250.9,10120.7,0,104361.8,9459.1,9408.3,-0.5
20-15-10,adamw,cl_start,2042,0.001,grid_20-15-10_adamw_cl_start_s2042,726,164.6,732,1164,102531.7,10137.4,0,104361.8,9459.1,9531,0.8
20-15-10,adamw,cl_start,2043,0.001,grid_20-15-10_adamw_cl_start_s2043,726,172.7,805,1221,102306,10151.6,0,104361.8,9459.1,9407.7,-0.5
20-15-10,adamw,cl_start,2044,0.001,grid_20-15-10_adamw_cl_start_s2044,726,161.7,707,1211,102182.7,10135.1,0,104361.8,9459.1,9377.6,-0.9
20-15-10,adamw,cl_start,2045,0.001,grid_20-15-10_adamw_cl_start_s2045,726,172.5,754,1251,102441.9,10121.1,0,104361.8,9459.1,9473.1,0.1
20-15-10,adamax,paper,2026,0.001,grid_20-15-10_adamax_paper_s2026,726,248.4,1900,1900,105011.4,11263.3,0,104361.8,9459.1,17351.3,83.4
20-15-10,adamax,paper,2027,0.001,grid_20-15-10_adamax_paper_s2027,726,249.1,1900,1900,104863.7,11275.7,0,104361.8,9459.1,17602.3,86.1
20-15-10,adamax,paper,2028,0.001,grid_20-15-10_adamax_paper_s2028,726,246.5,1900,1900,104772,11293.9,0,104361.8,9459.1,13622.6,44
20-15-10,adamax,paper,2029,0.001,grid_20-15-10_adamax_paper_s2029,726,261.2,1900,1900,105159.4,11236.4,0,104361.8,9459.1,16870.3,78.3
20-15-10,adamax,paper,2030,0.001,grid_20-15-10_adamax_paper_s2030,726,253.7,1900,1900,104643.6,11188.1,0,104361.8,9459.1,13315.9,40.8
20-15-10,adamax,paper,2031,0.001,grid_20-15-10_adamax_paper_s2031,726,241.1,1900,1900,105068.7,11359.6,0,104361.8,9459.1,8640.9,-8.7
20-15-10,adamax,paper,2032,0.001,grid_20-15-10_adamax_paper_s2032,726,239.7,1900,1900,106039.4,11321.9,0,104361.8,9459.1,17479.6,84.8
20-15-10,adamax,paper,2033,0.001,grid_20-15-10_adamax_paper_s2033,726,239.3,1900,1900,105170.8,11272,0,104361.8,9459.1,9546.9,0.9
20-15-10,adamax,paper,2034,0.001,grid_20-15-10_adamax_paper_s2034,726,239,1900,1900,105619.4,11277.4,0,104361.8,9459.1,14923.6,57.8
20-15-10,adamax,paper,2035,0.001,grid_20-15-10_adamax_paper_s2035,726,231.8,1900,1900,115245.9,12155.5,0,104361.8,9459.1,195809.6,1970.1
20-15-10,adamax,paper,2036,0.001,grid_20-15-10_adamax_paper_s2036,726,231,1900,1900,104605.7,11139.5,0,104361.8,9459.1,12611.9,33.3
20-15-10,adamax,paper,2037,0.001,grid_20-15-10_adamax_paper_s2037,726,248.7,1900,1900,105028,11223.5,0,104361.8,9459.1,13145,39
20-15-10,adamax,paper,2038,0.001,grid_20-15-10_adamax_paper_s2038,726,235,1900,1900,104898.6,11250.6,0,104361.8,9459.1,11130.3,17.7
20-15-10,adamax,paper,2039,0.001,grid_20-15-10_adamax_paper_s2039,726,240.5,1900,1900,104698.4,11191.8,0,104361.8,9459.1,15539.2,64.3
20-15-10,adamax,paper,2040,0.001,grid_20-15-10_adamax_paper_s2040,726,241.2,1900,1900,104244.1,11290,0,104361.8,9459.1,11040.4,16.7
20-15-10,adamax,paper,2041,0.001,grid_20-15-10_adamax_paper_s2041,726,254.5,1900,1900,104763.2,11198.9,0,104361.8,9459.1,10425.7,10.2
20-15-10,adamax,paper,2042,0.001,grid_20-15-10_adamax_paper_s2042,726,253.4,1900,1900,106437.5,11389.4,0,104361.8,9459.1,14819.6,56.7
20-15-10,adamax,paper,2043,0.001,grid_20-15-10_adamax_paper_s2043,726,257.1,1900,1900,105087.4,11356.3,0,104361.8,9459.1,18574.6,96.4
20-15-10,adamax,paper,2044,0.001,grid_20-15-10_adamax_paper_s2044,726,246.5,1900,1900,105554.3,11267.9,0,104361.8,9459.1,12331.7,30.4
20-15-10,adamax,paper,2045,0.001,grid_20-15-10_adamax_paper_s2045,726,238.2,1900,1900,105455.5,11272.3,0,104361.8,9459.1,8946.5,-5.4
20-15-10,adamax,cl_start,2026,0.001,grid_20-15-10_adamax_cl_start_s2026,726,170.4,925,1290,103307.9,10736.5,0,104361.8,9459.1,9401.2,-0.6
20-15-10,adamax,cl_start,2027,0.001,grid_20-15-10_adamax_cl_start_s2027,726,209.8,1161,1569,102812.5,10422,0,104361.8,9459.1,9296.9,-1.7
20-15-10,adamax,cl_start,2028,0.001,grid_20-15-10_adamax_cl_start_s2028,726,131.2,552,949,103742.3,10963,0,104361.8,9459.1,9389.1,-0.7
20-15-10,adamax,cl_start,2029,0.001,grid_20-15-10_adamax_cl_start_s2029,726,206.5,1008,1390,102738,10392.4,0,104361.8,9459.1,9405.9,-0.6
20-15-10,adamax,cl_start,2030,0.001,grid_20-15-10_adamax_cl_start_s2030,726,145.9,630,1065,103765.9,10963.5,0,104361.8,9459.1,9320,-1.5
20-15-10,adamax,cl_start,2031,0.001,grid_20-15-10_adamax_cl_start_s2031,726,130.4,537,973,103828.2,10971.3,0,104361.8,9459.1,9297,-1.7
20-15-10,adamax,cl_start,2032,0.001,grid_20-15-10_adamax_cl_start_s2032,726,192.6,1070,1476,103186.4,10693.3,0,104361.8,9459.1,9462.6,0
20-15-10,adamax,cl_start,2033,0.001,grid_20-15-10_adamax_cl_start_s2033,726,204.3,1204,1597,103084.4,10559.8,0,104361.8,9459.1,9447.4,-0.1
20-15-10,adamax,cl_start,2034,0.001,grid_20-15-10_adamax_cl_start_s2034,726,146,645,1103,103912.5,10968.7,0,104361.8,9459.1,9432.3,-0.3
20-15-10,adamax,cl_start,2035,0.001,grid_20-15-10_adamax_cl_start_s2035,726,180.7,984,1358,103512.2,10794.5,0,104361.8,9459.1,9456.5,0
20-15-10,adamax,cl_start,2036,0.001,grid_20-15-10_adamax_cl_start_s2036,726,174,928,1376,103041.8,10511.4,0,104361.8,9459.1,9488,0.3
20-15-10,adamax,cl_start,2037,0.001,grid_20-15-10_adamax_cl_start_s2037,726,152.4,701,1125,103545.1,10956.3,0,104361.8,9459.1,9514,0.6
20-15-10,adamax,cl_start,2038,0.001,grid_20-15-10_adamax_cl_start_s2038,726,179.5,993,1419,103281.4,10704.2,0,104361.8,9459.1,9322.4,-1.4
20-15-10,adamax,cl_start,2039,0.001,grid_20-15-10_adamax_cl_start_s2039,726,169.4,924,1322,103247.5,10736.1,0,104361.8,9459.1,9406.8,-0.6
20-15-10,adamax,cl_start,2040,0.001,grid_20-15-10_adamax_cl_start_s2040,726,184.6,959,1396,103243.3,10656.4,0,104361.8,9459.1,9469,0.1
20-15-10,adamax,cl_start,2041,0.001,grid_20-15-10_adamax_cl_start_s2041,726,193.1,999,1375,103488.5,10855.9,0,104361.8,9459.1,9381.2,-0.8
20-15-10,adamax,cl_start,2042,0.001,grid_20-15-10_adamax_cl_start_s2042,726,143.4,581,1017,103786.6,10969.6,0,104361.8,9459.1,9449.1,-0.1
20-15-10,adamax,cl_start,2043,0.001,grid_20-15-10_adamax_cl_start_s2043,726,197.7,1035,1442,103390.6,10771.7,0,104361.8,9459.1,9380.2,-0.8
20-15-10,adamax,cl_start,2044,0.001,grid_20-15-10_adamax_cl_start_s2044,726,177.9,946,1315,103301.2,10787.5,0,104361.8,9459.1,9360.6,-1
20-15-10,adamax,cl_start,2045,0.001,grid_20-15-10_adamax_cl_start_s2045,726,210,1029,1621,103198,10678.9,0,104361.8,9459.1,9439.7,-0.2
20-15-10,nadam,paper,2026,0.001,grid_20-15-10_nadam_paper_s2026,726,249.5,1900,1900,103718.9,11188.3,0,104361.8,9459.1,12867,36
20-15-10,nadam,paper,2027,0.001,grid_20-15-10_nadam_paper_s2027,726,254,1900,1900,103919.1,11191.2,0,104361.8,9459.1,12663.3,33.9
20-15-10,nadam,paper,2028,0.001,grid_20-15-10_nadam_paper_s2028,726,251,1900,1900,103802.5,11218.8,0,104361.8,9459.1,11612.2,22.8
20-15-10,nadam,paper,2029,0.001,grid_20-15-10_nadam_paper_s2029,726,257,1900,1900,104112.1,11130.6,0,104361.8,9459.1,13428.4,42
20-15-10,nadam,paper,2030,0.001,grid_20-15-10_nadam_paper_s2030,726,246.2,1900,1900,103965.1,11108.2,0,104361.8,9459.1,10442.1,10.4
20-15-10,nadam,paper,2031,0.001,grid_20-15-10_nadam_paper_s2031,726,248.9,1900,1900,103708.4,11217.5,0,104361.8,9459.1,10571.6,11.8
20-15-10,nadam,paper,2032,0.001,grid_20-15-10_nadam_paper_s2032,726,238.6,1900,1900,104445.8,11159.5,0,104361.8,9459.1,10780.5,14
20-15-10,nadam,paper,2033,0.001,grid_20-15-10_nadam_paper_s2033,726,236.2,1900,1900,104332.6,11200.6,0,104361.8,9459.1,9663.3,2.2
20-15-10,nadam,paper,2034,0.001,grid_20-15-10_nadam_paper_s2034,726,241.8,1900,1900,104268.2,11146.4,0,104361.8,9459.1,13237.9,39.9
20-15-10,nadam,paper,2035,0.001,grid_20-15-10_nadam_paper_s2035,726,239.7,1900,1900,106995.4,11319.1,0,104361.8,9459.1,27266.2,188.3
20-15-10,nadam,paper,2036,0.001,grid_20-15-10_nadam_paper_s2036,726,233.2,1900,1900,103688.7,11056.2,0,104361.8,9459.1,10349.4,9.4
20-15-10,nadam,paper,2037,0.001,grid_20-15-10_nadam_paper_s2037,726,240.6,1900,1900,103937.5,11110.2,0,104361.8,9459.1,10829.9,14.5
20-15-10,nadam,paper,2038,0.001,grid_20-15-10_nadam_paper_s2038,726,237.8,1900,1900,104098.7,11159.8,0,104361.8,9459.1,10507.4,11.1
20-15-10,nadam,paper,2039,0.001,grid_20-15-10_nadam_paper_s2039,726,240.6,1900,1900,103975.5,11163.1,0,104361.8,9459.1,13539.5,43.1
20-15-10,nadam,paper,2040,0.001,grid_20-15-10_nadam_paper_s2040,726,245.2,1900,1900,103320.4,11238.5,0,104361.8,9459.1,10542.5,11.5
20-15-10,nadam,paper,2041,0.001,grid_20-15-10_nadam_paper_s2041,726,254.2,1900,1900,103857.7,11154,0,104361.8,9459.1,10467.8,10.7
20-15-10,nadam,paper,2042,0.001,grid_20-15-10_nadam_paper_s2042,726,261.9,1900,1900,104121.3,11128.6,0,104361.8,9459.1,8707.3,-7.9
20-15-10,nadam,paper,2043,0.001,grid_20-15-10_nadam_paper_s2043,726,257,1900,1900,104020.4,11253,0,104361.8,9459.1,12876.9,36.1
20-15-10,nadam,paper,2044,0.001,grid_20-15-10_nadam_paper_s2044,726,246.9,1900,1900,104403.4,11135.7,0,104361.8,9459.1,9911.1,4.8
20-15-10,nadam,paper,2045,0.001,grid_20-15-10_nadam_paper_s2045,726,203,1900,1900,103950.8,11142.1,0,104361.8,9459.1,9241.8,-2.3
20-15-10,nadam,cl_start,2026,0.001,grid_20-15-10_nadam_cl_start_s2026,726,158.9,764,1141,102269.1,10116.4,0,104361.8,9459.1,9426.7,-0.3
20-15-10,nadam,cl_start,2027,0.001,grid_20-15-10_nadam_cl_start_s2027,726,180,911,1313,102442.7,10147.5,0,104361.8,9459.1,9403.6,-0.6
20-15-10,nadam,cl_start,2028,0.001,grid_20-15-10_nadam_cl_start_s2028,726,165.9,744,1134,102325.3,10146.4,0,104361.8,9459.1,9410.3,-0.5
20-15-10,nadam,cl_start,2029,0.001,grid_20-15-10_nadam_cl_start_s2029,726,175.1,827,1225,102380.7,10139,0,104361.8,9459.1,9223.6,-2.5
20-15-10,nadam,cl_start,2030,0.001,grid_20-15-10_nadam_cl_start_s2030,726,117.1,413,814,103721.6,10961.6,0,104361.8,9459.1,9377.1,-0.9
20-15-10,nadam,cl_start,2031,0.001,grid_20-15-10_nadam_cl_start_s2031,726,120.5,418,828,103794.6,10969.4,0,104361.8,9459.1,9351.3,-1.1
20-15-10,nadam,cl_start,2032,0.001,grid_20-15-10_nadam_cl_start_s2032,726,169.3,875,1261,102345.8,10130.3,0,104361.8,9459.1,9455,0
20-15-10,nadam,cl_start,2033,0.001,grid_20-15-10_nadam_cl_start_s2033,726,176.5,936,1345,102508.8,10141.4,0,104361.8,9459.1,9424.4,-0.4
20-15-10,nadam,cl_start,2034,0.001,grid_20-15-10_nadam_cl_start_s2034,726,171.5,921,1300,102438.5,10128.1,0,104361.8,9459.1,9532.8,0.8
20-15-10,nadam,cl_start,2035,0.001,grid_20-15-10_nadam_cl_start_s2035,726,166.8,839,1245,102547.5,10127.2,0,104361.8,9459.1,9490,0.3
20-15-10,nadam,cl_start,2036,0.001,grid_20-15-10_nadam_cl_start_s2036,726,161.2,827,1227,102466.5,10128.8,0,104361.8,9459.1,9703.3,2.6
20-15-10,nadam,cl_start,2037,0.001,grid_20-15-10_nadam_cl_start_s2037,726,130.9,451,931,103556,10959.4,0,104361.8,9459.1,9501.3,0.4
20-15-10,nadam,cl_start,2038,0.001,grid_20-15-10_nadam_cl_start_s2038,726,182,875,1383,102356.7,10139.3,0,104361.8,9459.1,9378,-0.9
20-15-10,nadam,cl_start,2039,0.001,grid_20-15-10_nadam_cl_start_s2039,726,167.9,811,1190,102446.1,10136.4,0,104361.8,9459.1,9472.3,0.1
20-15-10,nadam,cl_start,2040,0.001,grid_20-15-10_nadam_cl_start_s2040,726,173.8,783,1255,102433.8,10134.2,0,104361.8,9459.1,9564.3,1.1
20-15-10,nadam,cl_start,2041,0.001,grid_20-15-10_nadam_cl_start_s2041,726,162.7,784,1156,102431.1,10178.8,0,104361.8,9459.1,9470.1,0.1
20-15-10,nadam,cl_start,2042,0.001,grid_20-15-10_nadam_cl_start_s2042,726,192.5,904,1359,102456.2,10150,0,104361.8,9459.1,9526,0.7
20-15-10,nadam,cl_start,2043,0.001,grid_20-15-10_nadam_cl_start_s2043,726,186.8,904,1307,102243.7,10130.4,0,104361.8,9459.1,9399.4,-0.6
20-15-10,nadam,cl_start,2044,0.001,grid_20-15-10_nadam_cl_start_s2044,726,170.2,821,1208,102176.2,10156.6,0,104361.8,9459.1,9352.1,-1.1
20-15-10,nadam,cl_start,2045,0.001,grid_20-15-10_nadam_cl_start_s2045,726,150.5,869,1277,102432.4,10135.6,0,104361.8,9459.1,9523.2,0.7
