method,total
glmReserve (refitted means),223419.68283616
glmReserve (refitted means),226635.759617916
glmReserve (refitted means),227014.445482599
glmReserve (refitted means),222439.360695833
glmReserve (refitted means),225493.325426762
glmReserve (refitted means),231324.741800892
glmReserve (refitted means),227694.958069234
glmReserve (refitted means),229370.278471815
glmReserve (refitted means),223035.669846143
glmReserve (refitted means),228088.472661297
glmReserve (refitted means),225108.602281109
glmReserve (refitted means),231312.339970913
glmReserve (refitted means),221558.097066899
glmReserve (refitted means),205108.360893245
glmReserve (refitted means),220099.694363438
glmReserve (refitted means),213058.658480226
glmReserve (refitted means),219110.959435651
glmReserve (refitted means),230908.89110929
glmReserve (refitted means),223894.331723446
glmReserve (refitted means),210209.70172342
glmReserve (refitted means),225412.355616423
glmReserve (refitted means),213119.093194368
glmReserve (refitted means),229208.355328412
glmReserve (refitted means),237665.272787957
glmReserve (refitted means),222555.251982127
glmReserve (refitted means),239173.835819763
glmReserve (refitted means),223525.91063877
glmReserve (refitted means),218759.732109653
glmReserve (refitted means),227338.67565598
glmReserve (refitted means),218657.106165096
glmReserve (refitted means),223367.024615541
glmReserve (refitted means),215485.582735906
glmReserve (refitted means),227719.037939646
glmReserve (refitted means),226317.54371343
glmReserve (refitted means),216509.221720787
glmReserve (refitted means),221501.258914146
glmReserve (refitted means),230237.809828953
glmReserve (refitted means),227043.983008892
glmReserve (refitted means),224874.627530322
glmReserve (refitted means),221972.039305026
glmReserve (refitted means),226857.381012105
glmReserve (refitted means),231258.012362764
glmReserve (refitted means),219305.508911818
glmReserve (refitted means),236534.377198149
glmReserve (refitted means),234878.535268982
glmReserve (refitted means),223492.522552597
glmReserve (refitted means),221726.582576748
glmReserve (refitted means),228223.100189935
glmReserve (refitted means),234662.383986454
glmReserve (refitted means),212868.36275304
glmReserve (refitted means),222466.76514008
glmReserve (refitted means),224518.186317864
glmReserve (refitted means),223859.752128381
glmReserve (refitted means),232545.661286061
glmReserve (refitted means),220029.886529236
glmReserve (refitted means),223352.159650279
glmReserve (refitted means),215231.440415973
glmReserve (refitted means),219861.444003342
glmReserve (refitted means),223937.533762394
glmReserve (refitted means),229156.034293739
glmReserve (refitted means),227236.777109903
glmReserve (refitted means),230740.165736424
glmReserve (refitted means),224361.136785037
glmReserve (refitted means),220256.019665225
glmReserve (refitted means),226908.308952371
glmReserve (refitted means),225281.016004393
glmReserve (refitted means),222825.411934917
glmReserve (refitted means),221137.276952501
glmReserve (refitted means),227293.371336621
glmReserve (refitted means),217961.793773131
glmReserve (refitted means),228291.320492069
glmReserve (refitted means),225467.578604545
glmReserve (refitted means),227622.13777654
glmReserve (refitted means),224616.20911617
glmReserve (refitted means),228840.723170921
glmReserve (refitted means),215904.270157657
glmReserve (refitted means),222263.054347444
glmReserve (refitted means),223919.991144801
glmReserve (refitted means),230796.843902015
glmReserve (refitted means),230296.262430319
glmReserve (refitted means),225493.266993309
glmReserve (refitted means),215923.300707416
glmReserve (refitted means),226812.146452825
glmReserve (refitted means),232010.999636888
glmReserve (refitted means),235351.844938412
glmReserve (refitted means),232329.398198867
glmReserve (refitted means),228699.984820785
glmReserve (refitted means),222728.769256497
glmReserve (refitted means),222339.258669946
glmReserve (refitted means),212559.909343128
glmReserve (refitted means),234009.641972245
glmReserve (refitted means),223824.562049583
glmReserve (refitted means),218619.029701577
glmReserve (refitted means),221642.809318102
glmReserve (refitted means),228340.250988435
glmReserve (refitted means),227261.947789734
glmReserve (refitted means),221201.229443698
glmReserve (refitted means),237257.892658094
glmReserve (refitted means),219283.22632168
glmReserve (refitted means),215554.22054148
glmReserve (refitted means),226898.233662186
glmReserve (refitted means),230758.258878414
glmReserve (refitted means),221959.299953073
glmReserve (refitted means),239296.990659491
glmReserve (refitted means),234605.018035507
glmReserve (refitted means),222416.954768837
glmReserve (refitted means),229932.132287919
glmReserve (refitted means),216869.949341184
glmReserve (refitted means),225886.573083513
glmReserve (refitted means),231764.495541384
glmReserve (refitted means),229172.133344485
glmReserve (refitted means),225444.241042878
glmReserve (refitted means),218920.778999381
glmReserve (refitted means),222863.899098636
glmReserve (refitted means),225697.367229103
glmReserve (refitted means),225667.522896118
glmReserve (refitted means),227402.018511786
glmReserve (refitted means),225577.129585963
glmReserve (refitted means),220422.667856035
glmReserve (refitted means),230591.717001858
glmReserve (refitted means),226747.210780052
glmReserve (refitted means),225955.560889615
glmReserve (refitted means),222132.979000412
glmReserve (refitted means),219679.443262734
glmReserve (refitted means),227016.163442195
glmReserve (refitted means),218666.698710796
glmReserve (refitted means),227498.343709902
glmReserve (refitted means),227412.692193088
glmReserve (refitted means),221400.381363885
glmReserve (refitted means),229032.395273731
glmReserve (refitted means),221690.139478274
glmReserve (refitted means),235433.856991399
glmReserve (refitted means),221061.539463279
glmReserve (refitted means),221804.520195323
glmReserve (refitted means),217787.01556434
glmReserve (refitted means),231162.197222697
glmReserve (refitted means),225131.276730234
glmReserve (refitted means),224776.858450981
glmReserve (refitted means),224652.321884466
glmReserve (refitted means),231250.993816604
glmReserve (refitted means),216432.099546615
glmReserve (refitted means),242494.623350558
glmReserve (refitted means),225696.192155793
glmReserve (refitted means),221050.644176738
glmReserve (refitted means),218196.467645478
glmReserve (refitted means),228035.731896052
glmReserve (refitted means),240541.575370076
glmReserve (refitted means),225030.308210727
glmReserve (refitted means),223692.081758248
glmReserve (refitted means),214659.574448266
glmReserve (refitted means),234746.806652696
glmReserve (refitted means),224473.959858774
glmReserve (refitted means),229167.946304208
glmReserve (refitted means),231795.39598163
glmReserve (refitted means),229189.007624401
glmReserve (refitted means),223740.240387332
glmReserve (refitted means),242816.657890986
glmReserve (refitted means),225400.665920514
glmReserve (refitted means),222753.981817952
glmReserve (refitted means),226276.501960737
glmReserve (refitted means),243970.963077221
glmReserve (refitted means),231956.995992187
glmReserve (refitted means),223865.656543944
glmReserve (refitted means),222036.026968594
glmReserve (refitted means),228142.022109342
glmReserve (refitted means),222451.427002491
glmReserve (refitted means),224001.894597114
glmReserve (refitted means),222753.665357802
glmReserve (refitted means),231629.796238609
glmReserve (refitted means),230334.996755789
glmReserve (refitted means),237368.031274781
glmReserve (refitted means),219842.611486409
glmReserve (refitted means),219831.85587658
glmReserve (refitted means),228078.560451497
glmReserve (refitted means),219252.302021161
glmReserve (refitted means),219608.26294715
glmReserve (refitted means),222174.379387532
glmReserve (refitted means),218350.89097004
glmReserve (refitted means),232758.05456766
glmReserve (refitted means),226513.508951917
glmReserve (refitted means),232060.201374218
glmReserve (refitted means),218984.101032672
glmReserve (refitted means),223348.836065946
glmReserve (refitted means),227932.401572602
glmReserve (refitted means),223699.704166045
glmReserve (refitted means),226434.094141279
glmReserve (refitted means),225103.358289029
glmReserve (refitted means),227671.584852756
glmReserve (refitted means),232520.642323642
glmReserve (refitted means),238653.25177505
glmReserve (refitted means),224211.666695252
glmReserve (refitted means),225004.832183199
glmReserve (refitted means),218946.068207206
glmReserve (refitted means),226762.918730877
glmReserve (refitted means),228247.012263795
glmReserve (refitted means),231663.140903069
glmReserve (refitted means),227131.438042077
glmReserve (refitted means),220050.571360752
glmReserve (refitted means),222004.319537918
glmReserve (refitted means),228925.474047985
glmReserve (refitted means),225784.544011859
glmReserve (refitted means),219740.679610503
glmReserve (refitted means),220775.462457528
glmReserve (refitted means),223807.661006711
glmReserve (refitted means),241626.381426339
glmReserve (refitted means),214245.876798282
glmReserve (refitted means),220819.569250941
glmReserve (refitted means),214113.525572769
glmReserve (refitted means),232235.858393511
glmReserve (refitted means),229609.511451362
glmReserve (refitted means),229107.627016551
glmReserve (refitted means),229572.476137965
glmReserve (refitted means),226360.368923709
glmReserve (refitted means),222851.286476847
glmReserve (refitted means),226087.316516827
glmReserve (refitted means),231061.476305631
glmReserve (refitted means),227075.848014015
glmReserve (refitted means),227876.327053077
glmReserve (refitted means),226106.483648198
glmReserve (refitted means),235859.725415276
glmReserve (refitted means),225758.810993536
glmReserve (refitted means),229284.072078325
glmReserve (refitted means),222818.584173405
glmReserve (refitted means),221670.618403572
glmReserve (refitted means),218663.901207537
glmReserve (refitted means),223824.28942327
glmReserve (refitted means),226788.173333959
glmReserve (refitted means),225512.357790177
glmReserve (refitted means),229967.949781557
glmReserve (refitted means),220684.50235553
glmReserve (refitted means),231457.838342378
glmReserve (refitted means),222949.56868133
glmReserve (refitted means),234009.932856759
glmReserve (refitted means),216293.02625334
glmReserve (refitted means),224471.526088498
glmReserve (refitted means),232560.019192918
glmReserve (refitted means),223383.85745906
glmReserve (refitted means),219583.105917959
glmReserve (refitted means),223497.723197356
glmReserve (refitted means),225544.929379334
glmReserve (refitted means),226013.273952731
glmReserve (refitted means),229237.436480922
glmReserve (refitted means),226234.427845636
glmReserve (refitted means),216563.336129215
glmReserve (refitted means),220657.450426271
glmReserve (refitted means),223240.74316039
glmReserve (refitted means),228627.154027115
glmReserve (refitted means),228038.594870846
glmReserve (refitted means),217400.483740637
glmReserve (refitted means),224449.526750746
glmReserve (refitted means),227911.825394764
glmReserve (refitted means),223985.14727094
glmReserve (refitted means),225893.296002735
glmReserve (refitted means),241814.962774361
glmReserve (refitted means),225703.796390605
glmReserve (refitted means),226513.568046818
glmReserve (refitted means),224513.904662864
glmReserve (refitted means),224116.4351576
glmReserve (refitted means),231501.766783957
glmReserve (refitted means),227114.053174139
glmReserve (refitted means),225728.465652166
glmReserve (refitted means),222073.619202691
glmReserve (refitted means),232934.375265337
glmReserve (refitted means),227420.738006883
glmReserve (refitted means),220428.588975604
glmReserve (refitted means),232348.224731914
glmReserve (refitted means),222619.339382322
glmReserve (refitted means),232748.365932572
glmReserve (refitted means),213356.41089176
glmReserve (refitted means),225430.017314247
glmReserve (refitted means),225128.431090264
glmReserve (refitted means),219901.49690756
glmReserve (refitted means),226332.062989039
glmReserve (refitted means),232864.753041741
glmReserve (refitted means),224310.417283341
glmReserve (refitted means),224087.679210352
glmReserve (refitted means),223450.330269374
glmReserve (refitted means),223958.637398251
glmReserve (refitted means),223129.902897039
glmReserve (refitted means),225846.991488371
glmReserve (refitted means),219704.49426725
glmReserve (refitted means),220989.694884393
glmReserve (refitted means),231020.164706075
glmReserve (refitted means),221661.387520313
glmReserve (refitted means),227706.744703968
glmReserve (refitted means),231481.066610621
glmReserve (refitted means),224060.509308316
glmReserve (refitted means),224825.017372545
glmReserve (refitted means),221139.638535878
glmReserve (refitted means),218978.973420143
glmReserve (refitted means),222923.199254728
glmReserve (refitted means),226085.072412053
glmReserve (refitted means),226444.937230588
glmReserve (refitted means),222553.177932416
glmReserve (refitted means),223234.35928165
glmReserve (refitted means),227018.147067407
glmReserve (refitted means),225184.132672426
glmReserve (refitted means),225284.794688162
glmReserve (refitted means),230065.832622747
glmReserve (refitted means),235577.004938001
glmReserve (refitted means),227660.51209645
glmReserve (refitted means),228104.746356885
glmReserve (refitted means),237561.882460958
glmReserve (refitted means),226679.879425687
glmReserve (refitted means),230341.32458632
glmReserve (refitted means),217715.008175778
glmReserve (refitted means),220908.139211614
glmReserve (refitted means),229926.512804749
glmReserve (refitted means),227345.691328331
glmReserve (refitted means),227797.032550974
glmReserve (refitted means),238306.02917679
glmReserve (refitted means),214878.807334499
glmReserve (refitted means),219107.931715923
glmReserve (refitted means),218276.665170865
glmReserve (refitted means),220501.311291978
glmReserve (refitted means),226376.659855755
glmReserve (refitted means),230496.089536096
glmReserve (refitted means),222096.076549971
glmReserve (refitted means),216763.075949746
glmReserve (refitted means),227183.512940882
glmReserve (refitted means),224551.955987529
glmReserve (refitted means),217469.430539217
glmReserve (refitted means),227433.042834502
glmReserve (refitted means),226119.441559269
glmReserve (refitted means),218093.416780059
glmReserve (refitted means),223799.21179546
glmReserve (refitted means),222235.882822596
glmReserve (refitted means),222472.110889514
glmReserve (refitted means),220746.571047605
glmReserve (refitted means),224488.924831371
glmReserve (refitted means),217536.393319964
glmReserve (refitted means),224300.994329696
glmReserve (refitted means),228784.715074805
glmReserve (refitted means),223000.777067939
glmReserve (refitted means),227103.130084789
glmReserve (refitted means),222016.407366842
glmReserve (refitted means),213437.736097769
glmReserve (refitted means),219139.071851059
glmReserve (refitted means),219456.520425187
glmReserve (refitted means),219246.511203525
glmReserve (refitted means),226232.849109411
glmReserve (refitted means),226517.561967617
glmReserve (refitted means),215667.297747521
glmReserve (refitted means),225103.494509079
glmReserve (refitted means),229000.27766192
glmReserve (refitted means),219684.841653374
glmReserve (refitted means),230307.000996389
glmReserve (refitted means),228189.770751108
glmReserve (refitted means),227469.560322495
glmReserve (refitted means),224550.436735052
glmReserve (refitted means),211183.29559383
glmReserve (refitted means),224572.5778295
glmReserve (refitted means),221331.229146012
glmReserve (refitted means),234971.984970942
glmReserve (refitted means),220265.254745582
glmReserve (refitted means),222274.282393857
glmReserve (refitted means),231810.12096341
glmReserve (refitted means),222816.690628968
glmReserve (refitted means),222953.761193834
glmReserve (refitted means),217887.895797852
glmReserve (refitted means),231737.052409177
glmReserve (refitted means),222247.232863791
glmReserve (refitted means),226561.948919245
glmReserve (refitted means),225169.49531189
glmReserve (refitted means),231225.183543986
glmReserve (refitted means),218261.338819786
glmReserve (refitted means),224113.95890371
glmReserve (refitted means),235289.218285822
glmReserve (refitted means),226577.7422414
glmReserve (refitted means),229611.840410202
glmReserve (refitted means),229164.169388385
glmReserve (refitted means),225610.949351308
glmReserve (refitted means),221332.250260978
glmReserve (refitted means),221941.416934708
glmReserve (refitted means),216996.863787853
glmReserve (refitted means),225736.046208678
glmReserve (refitted means),217108.797143691
glmReserve (refitted means),218876.391474678
glmReserve (refitted means),231262.079863735
glmReserve (refitted means),223514.061825457
glmReserve (refitted means),224783.264244535
glmReserve (refitted means),226725.359139014
glmReserve (refitted means),226344.314516053
glmReserve (refitted means),219430.288777058
glmReserve (refitted means),231250.407667257
glmReserve (refitted means),211113.193976009
glmReserve (refitted means),226827.925145034
glmReserve (refitted means),231352.462892098
glmReserve (refitted means),227999.734139454
glmReserve (refitted means),224831.082539935
glmReserve (refitted means),229906.443702743
glmReserve (refitted means),225659.316833807
glmReserve (refitted means),220010.048368905
glmReserve (refitted means),225493.288554982
glmReserve (refitted means),223161.531817535
glmReserve (refitted means),233533.69373919
glmReserve (refitted means),229171.309550336
glmReserve (refitted means),220832.058857459
glmReserve (refitted means),212439.370516268
glmReserve (refitted means),220731.312926813
glmReserve (refitted means),214050.861342993
glmReserve (refitted means),229539.975558138
glmReserve (refitted means),226931.940122691
glmReserve (refitted means),225804.590781039
glmReserve (refitted means),217799.891258564
glmReserve (refitted means),225791.396241372
glmReserve (refitted means),226911.780058491
glmReserve (refitted means),228792.59934861
glmReserve (refitted means),224131.603550388
glmReserve (refitted means),230801.548913725
glmReserve (refitted means),226224.629449793
glmReserve (refitted means),225494.230072404
glmReserve (refitted means),228467.590658573
glmReserve (refitted means),222847.605093576
glmReserve (refitted means),229968.592139484
glmReserve (refitted means),224192.904971604
glmReserve (refitted means),228846.890507817
glmReserve (refitted means),221104.137277698
glmReserve (refitted means),231050.83773329
glmReserve (refitted means),215758.365273417
glmReserve (refitted means),226225.548763487
glmReserve (refitted means),225032.500781522
glmReserve (refitted means),225142.008441868
glmReserve (refitted means),217536.707470558
glmReserve (refitted means),224464.299534608
glmReserve (refitted means),222385.713382301
glmReserve (refitted means),217013.476489174
glmReserve (refitted means),218502.179943232
glmReserve (refitted means),222454.342795513
glmReserve (refitted means),217091.099226055
glmReserve (refitted means),232698.032797699
glmReserve (refitted means),219773.847214738
glmReserve (refitted means),223749.430413041
glmReserve (refitted means),220392.459061528
glmReserve (refitted means),228076.326002326
glmReserve (refitted means),224104.839409377
glmReserve (refitted means),223323.570617006
glmReserve (refitted means),237563.036277311
glmReserve (refitted means),232107.220747918
glmReserve (refitted means),224357.381071788
glmReserve (refitted means),227898.830046178
glmReserve (refitted means),226245.566381359
glmReserve (refitted means),216940.073446798
glmReserve (refitted means),217907.118192979
glmReserve (refitted means),230416.698300509
glmReserve (refitted means),222179.947566983
glmReserve (refitted means),221268.573137943
glmReserve (refitted means),221819.40659349
glmReserve (refitted means),222729.270293171
glmReserve (refitted means),227484.070311216
glmReserve (refitted means),220458.943615376
glmReserve (refitted means),218662.337824868
glmReserve (refitted means),228539.224377813
glmReserve (refitted means),226258.515709067
glmReserve (refitted means),219501.921660884
glmReserve (refitted means),229623.811628148
glmReserve (refitted means),218508.461441292
glmReserve (refitted means),229945.361046345
glmReserve (refitted means),238333.906470078
glmReserve (refitted means),223138.480533084
glmReserve (refitted means),230805.741005166
glmReserve (refitted means),216487.002510693
glmReserve (refitted means),233265.228383444
glmReserve (refitted means),225279.184073482
glmReserve (refitted means),223151.824723333
glmReserve (refitted means),226554.32263135
glmReserve (refitted means),221461.588012963
glmReserve (refitted means),237851.351477294
glmReserve (refitted means),221820.593945034
glmReserve (refitted means),229305.157048787
glmReserve (refitted means),225409.220913279
glmReserve (refitted means),223129.815264058
glmReserve (refitted means),227938.93726181
glmReserve (refitted means),216159.303918466
glmReserve (refitted means),232482.085933506
glmReserve (refitted means),219810.3138492
glmReserve (refitted means),230510.285935549
glmReserve (refitted means),224033.358910666
glmReserve (refitted means),222135.016937469
glmReserve (refitted means),240360.22449983
glmReserve (refitted means),214798.312644334
glmReserve (refitted means),223863.04593356
glmReserve (refitted means),216490.012870986
glmReserve (refitted means),224994.956937671
glmReserve (refitted means),226395.062693634
glmReserve (refitted means),220801.883239717
glmReserve (refitted means),222409.893771537
glmReserve (refitted means),227827.071192057
glmReserve (refitted means),225689.221001231
glmReserve (refitted means),223355.054362472
glmReserve (refitted means),220550.992774269
glmReserve (refitted means),232898.442232046
glmReserve (refitted means),214644.393709069
glmReserve (refitted means),231051.522938658
glmReserve (refitted means),223282.799430119
glmReserve (refitted means),222342.496887724
glmReserve (refitted means),224925.46106639
glmReserve (refitted means),225138.617734638
glmReserve (refitted means),225515.446272427
glmReserve (refitted means),224334.662000438
glmReserve (refitted means),227469.275529735
glmReserve (refitted means),227302.637662453
glmReserve (refitted means),235400.869244634
glmReserve (refitted means),228759.309449826
glmReserve (refitted means),231303.796544462
glmReserve (refitted means),218440.246877121
glmReserve (refitted means),229330.829444696
glmReserve (refitted means),222850.951340461
glmReserve (refitted means),230862.937211336
glmReserve (refitted means),231563.37139849
glmReserve (refitted means),224276.383899363
glmReserve (refitted means),223659.97541225
glmReserve (refitted means),218208.158966271
glmReserve (refitted means),227818.98387434
glmReserve (refitted means),235861.185407251
glmReserve (refitted means),229472.12976723
glmReserve (refitted means),228184.022099234
glmReserve (refitted means),219773.738178554
glmReserve (refitted means),233012.849493478
glmReserve (refitted means),226457.651361458
glmReserve (refitted means),220330.499108729
glmReserve (refitted means),230839.731620601
glmReserve (refitted means),224164.910289479
glmReserve (refitted means),223142.005680564
glmReserve (refitted means),227789.434687309
glmReserve (refitted means),214507.623912063
glmReserve (refitted means),227604.907794793
glmReserve (refitted means),225116.272526344
glmReserve (refitted means),220507.110489315
glmReserve (refitted means),227409.686312698
glmReserve (refitted means),225870.667032392
glmReserve (refitted means),228940.542108385
glmReserve (refitted means),228798.100316175
glmReserve (refitted means),222552.969440571
glmReserve (refitted means),224585.772465296
glmReserve (refitted means),228706.140998344
glmReserve (refitted means),228281.937036352
glmReserve (refitted means),225732.950932864
glmReserve (refitted means),233548.080278451
glmReserve (refitted means),228574.217803447
glmReserve (refitted means),212820.71358005
glmReserve (refitted means),228116.472492726
glmReserve (refitted means),220907.34795778
glmReserve (refitted means),233768.626758065
glmReserve (refitted means),223983.850756375
glmReserve (refitted means),227754.467471063
glmReserve (refitted means),221486.825905588
glmReserve (refitted means),219840.068212502
glmReserve (refitted means),227671.591418553
glmReserve (refitted means),223250.776683841
glmReserve (refitted means),224174.135723518
glmReserve (refitted means),218014.74973164
glmReserve (refitted means),218243.894853533
glmReserve (refitted means),220746.800093276
glmReserve (refitted means),227286.202850035
glmReserve (refitted means),220100.560149741
glmReserve (refitted means),229691.742941025
glmReserve (refitted means),226556.9906597
glmReserve (refitted means),222275.236486187
glmReserve (refitted means),225247.745236177
glmReserve (refitted means),230457.786055794
glmReserve (refitted means),223949.140115607
glmReserve (refitted means),211776.327067439
glmReserve (refitted means),224800.144850395
glmReserve (refitted means),217202.155495357
glmReserve (refitted means),220413.427020568
glmReserve (refitted means),218986.896568066
glmReserve (refitted means),219971.072692412
glmReserve (refitted means),222376.831494503
glmReserve (refitted means),220314.167669418
glmReserve (refitted means),219164.379217698
glmReserve (refitted means),223790.145128654
glmReserve (refitted means),228374.81604222
glmReserve (refitted means),223687.384718889
glmReserve (refitted means),223044.426634033
glmReserve (refitted means),220364.345817888
glmReserve (refitted means),232585.855030171
glmReserve (refitted means),235351.173817792
glmReserve (refitted means),225884.258182699
glmReserve (refitted means),221069.774497627
glmReserve (refitted means),228851.581934534
glmReserve (refitted means),222844.050090598
glmReserve (refitted means),222631.644326204
glmReserve (refitted means),224012.270944578
glmReserve (refitted means),221343.314155332
glmReserve (refitted means),228573.397918238
glmReserve (refitted means),231433.771520453
glmReserve (refitted means),229789.20741196
glmReserve (refitted means),223827.870210952
glmReserve (refitted means),221002.966782091
glmReserve (refitted means),222565.414602206
glmReserve (refitted means),223705.214667714
glmReserve (refitted means),221127.619811135
glmReserve (refitted means),232703.761055432
glmReserve (refitted means),218872.312195283
glmReserve (refitted means),224691.292967516
glmReserve (refitted means),220864.761488996
glmReserve (refitted means),215580.056725341
glmReserve (refitted means),221703.847072563
glmReserve (refitted means),232227.125807768
glmReserve (refitted means),229130.47048565
glmReserve (refitted means),229333.870485876
glmReserve (refitted means),216241.769295756
glmReserve (refitted means),226970.446674934
glmReserve (refitted means),220765.499808528
glmReserve (refitted means),224163.211341413
glmReserve (refitted means),224257.040391126
glmReserve (refitted means),213384.342001422
glmReserve (refitted means),226509.007876625
glmReserve (refitted means),226933.470290213
glmReserve (refitted means),223695.942769193
glmReserve (refitted means),229142.735367798
glmReserve (refitted means),231862.4784761
glmReserve (refitted means),221096.382707523
glmReserve (refitted means),228295.508364552
glmReserve (refitted means),230907.863579897
glmReserve (refitted means),230102.736950215
glmReserve (refitted means),222575.9413375
glmReserve (refitted means),213843.708611106
glmReserve (refitted means),225930.45968128
glmReserve (refitted means),227901.359962225
glmReserve (refitted means),228881.979924204
glmReserve (refitted means),222892.965876397
glmReserve (refitted means),217691.492589683
glmReserve (refitted means),220737.038409324
glmReserve (refitted means),222467.620872402
glmReserve (refitted means),236862.660548492
glmReserve (refitted means),219312.270348188
glmReserve (refitted means),229628.040500386
glmReserve (refitted means),225890.127692336
glmReserve (refitted means),229596.921390719
glmReserve (refitted means),233492.546803228
glmReserve (refitted means),223884.818262927
glmReserve (refitted means),225301.683376208
glmReserve (refitted means),227094.760404046
glmReserve (refitted means),223225.305763652
glmReserve (refitted means),220300.419152279
glmReserve (refitted means),214321.614627138
glmReserve (refitted means),225631.981113527
glmReserve (refitted means),221779.491563771
glmReserve (refitted means),221829.782213096
glmReserve (refitted means),229796.117403769
glmReserve (refitted means),215562.130015543
glmReserve (refitted means),221792.427647012
glmReserve (refitted means),223645.433209464
glmReserve (refitted means),220540.236563895
glmReserve (refitted means),230243.036534069
glmReserve (refitted means),218653.945112629
glmReserve (refitted means),227957.330835117
glmReserve (refitted means),228795.704595794
glmReserve (refitted means),223025.554216005
glmReserve (refitted means),236783.81934444
glmReserve (refitted means),222428.371348042
glmReserve (refitted means),220467.428638933
glmReserve (refitted means),227716.339356824
glmReserve (refitted means),229823.943175689
glmReserve (refitted means),221908.933504413
glmReserve (refitted means),222412.72075972
glmReserve (refitted means),221543.887570077
glmReserve (refitted means),225089.482438582
glmReserve (refitted means),219669.893509609
glmReserve (refitted means),224682.956690152
glmReserve (refitted means),223415.602301592
glmReserve (refitted means),233366.376572697
glmReserve (refitted means),216355.865820492
glmReserve (refitted means),232783.968522383
glmReserve (refitted means),228693.125618658
glmReserve (refitted means),219687.432181994
glmReserve (refitted means),225698.06573113
glmReserve (refitted means),229912.489697855
glmReserve (refitted means),224215.572216572
glmReserve (refitted means),223487.613435313
glmReserve (refitted means),229949.315566158
glmReserve (refitted means),223920.483938732
glmReserve (refitted means),216730.079254556
glmReserve (refitted means),220971.634904239
glmReserve (refitted means),225196.36365687
glmReserve (refitted means),226717.512061311
glmReserve (refitted means),226765.949166366
glmReserve (refitted means),226325.300686885
glmReserve (refitted means),226883.803255316
glmReserve (refitted means),231782.46468804
glmReserve (refitted means),233288.727108781
glmReserve (refitted means),226684.987372807
glmReserve (refitted means),224974.429660152
glmReserve (refitted means),218396.429742205
glmReserve (refitted means),227139.862908173
glmReserve (refitted means),224670.782354697
glmReserve (refitted means),228919.634190293
glmReserve (refitted means),232676.010402258
glmReserve (refitted means),226155.380085835
glmReserve (refitted means),232833.950696486
glmReserve (refitted means),226969.267939898
glmReserve (refitted means),218211.52743129
glmReserve (refitted means),223795.104265101
glmReserve (refitted means),229304.75028957
glmReserve (refitted means),226347.024232042
glmReserve (refitted means),217186.82457103
glmReserve (refitted means),218153.050038326
glmReserve (refitted means),214835.650544615
glmReserve (refitted means),220768.582781455
glmReserve (refitted means),226776.810326707
glmReserve (refitted means),217788.204920678
glmReserve (refitted means),232058.831427992
glmReserve (refitted means),226231.832023204
glmReserve (refitted means),210004.304354235
glmReserve (refitted means),223859.790772932
glmReserve (refitted means),220641.391539624
glmReserve (refitted means),234226.904693738
glmReserve (refitted means),230030.289016035
glmReserve (refitted means),221256.138689406
glmReserve (refitted means),230011.901015929
glmReserve (refitted means),227875.514698521
glmReserve (refitted means),225522.36486697
glmReserve (refitted means),225954.364027692
glmReserve (refitted means),227441.400748097
glmReserve (refitted means),215500.679089292
glmReserve (refitted means),234716.689294096
glmReserve (refitted means),231136.21649023
glmReserve (refitted means),224518.813524727
glmReserve (refitted means),216068.009289425
glmReserve (refitted means),224038.772271542
glmReserve (refitted means),218666.540680244
glmReserve (refitted means),226175.468306957
glmReserve (refitted means),220114.209067491
glmReserve (refitted means),229323.248526775
glmReserve (refitted means),217452.383620845
glmReserve (refitted means),224216.010261629
glmReserve (refitted means),218183.46498418
glmReserve (refitted means),223950.268862906
glmReserve (refitted means),226617.644705578
glmReserve (refitted means),226156.566547359
glmReserve (refitted means),221009.915963212
glmReserve (refitted means),232961.631444524
glmReserve (refitted means),221721.409445705
glmReserve (refitted means),237496.337146146
glmReserve (refitted means),218168.102916956
glmReserve (refitted means),222397.073431504
glmReserve (refitted means),225914.838225404
glmReserve (refitted means),229307.287107418
glmReserve (refitted means),217710.758619409
glmReserve (refitted means),218008.925281643
glmReserve (refitted means),228336.834121685
glmReserve (refitted means),231822.174701043
glmReserve (refitted means),215707.251399879
glmReserve (refitted means),219575.32685259
glmReserve (refitted means),229683.822754169
glmReserve (refitted means),227047.708355245
glmReserve (refitted means),227234.776332728
glmReserve (refitted means),220586.591151943
glmReserve (refitted means),221306.031165311
glmReserve (refitted means),217952.145254041
glmReserve (refitted means),233066.518934314
glmReserve (refitted means),223698.369099392
glmReserve (refitted means),230436.497956837
glmReserve (refitted means),218807.341102364
glmReserve (refitted means),228945.953474519
glmReserve (refitted means),225525.046838115
glmReserve (refitted means),216099.929844928
glmReserve (refitted means),219368.897550291
glmReserve (refitted means),221206.006600008
glmReserve (refitted means),227698.61430534
glmReserve (refitted means),225493.229739963
glmReserve (refitted means),226751.499616359
glmReserve (refitted means),221702.257393012
glmReserve (refitted means),228155.774136456
glmReserve (refitted means),222874.576558193
glmReserve (refitted means),224728.042999463
glmReserve (refitted means),227923.103196534
glmReserve (refitted means),223358.058507853
glmReserve (refitted means),226903.720059832
glmReserve (refitted means),222593.905013187
glmReserve (refitted means),224306.82761489
glmReserve (refitted means),220866.895449706
glmReserve (refitted means),229419.005154516
glmReserve (refitted means),230038.500801951
glmReserve (refitted means),230107.56762873
glmReserve (refitted means),230391.708579111
glmReserve (refitted means),230943.946556879
glmReserve (refitted means),230435.915159974
glmReserve (refitted means),228148.024257795
glmReserve (refitted means),219183.5082918
glmReserve (refitted means),229417.674388848
glmReserve (refitted means),223786.368388594
glmReserve (refitted means),224204.475594634
glmReserve (refitted means),235725.099467117
glmReserve (refitted means),234378.534637173
glmReserve (refitted means),219337.612427666
glmReserve (refitted means),226392.821826825
glmReserve (refitted means),230061.640413736
glmReserve (refitted means),221473.071518076
glmReserve (refitted means),222130.699249811
glmReserve (refitted means),224960.734527803
glmReserve (refitted means),217797.041553314
glmReserve (refitted means),224580.091257232
glmReserve (refitted means),218202.985610739
glmReserve (refitted means),221356.470124169
glmReserve (refitted means),219000.777651178
glmReserve (refitted means),225081.938173723
glmReserve (refitted means),218671.568156034
glmReserve (refitted means),221961.317538566
glmReserve (refitted means),232295.24797065
glmReserve (refitted means),224717.130690667
glmReserve (refitted means),232368.033946525
glmReserve (refitted means),224583.500537408
glmReserve (refitted means),226109.874302642
glmReserve (refitted means),220993.035355095
glmReserve (refitted means),235614.344669317
glmReserve (refitted means),219495.236263144
glmReserve (refitted means),232754.948809156
glmReserve (refitted means),225840.933129241
glmReserve (refitted means),223981.681723284
glmReserve (refitted means),222642.86487205
glmReserve (refitted means),229580.624076069
glmReserve (refitted means),220848.507476946
glmReserve (refitted means),219298.997214246
glmReserve (refitted means),232517.175817364
glmReserve (refitted means),217196.736551811
glmReserve (refitted means),219795.04738623
glmReserve (refitted means),219720.838559966
glmReserve (refitted means),238641.306180583
glmReserve (refitted means),224857.054267581
glmReserve (refitted means),240593.110225098
glmReserve (refitted means),224123.238642694
glmReserve (refitted means),218930.888310775
glmReserve (refitted means),222541.802636165
glmReserve (refitted means),218247.319504628
glmReserve (refitted means),230154.001599315
glmReserve (refitted means),220410.204998992
glmReserve (refitted means),223154.006138713
glmReserve (refitted means),218909.777276402
glmReserve (refitted means),223679.287730848
glmReserve (refitted means),216487.451142337
glmReserve (refitted means),229759.935960424
glmReserve (refitted means),224960.278870049
glmReserve (refitted means),223570.056607012
glmReserve (refitted means),227609.455245701
glmReserve (refitted means),218042.84211051
glmReserve (refitted means),225860.616479608
glmReserve (refitted means),223323.726410169
glmReserve (refitted means),217219.498367636
glmReserve (refitted means),213065.609831771
glmReserve (refitted means),227187.484308787
glmReserve (refitted means),226299.583735669
glmReserve (refitted means),218875.750849361
glmReserve (refitted means),227896.763027388
glmReserve (refitted means),217803.768248365
glmReserve (refitted means),226716.984279275
glmReserve (refitted means),224843.948761598
glmReserve (refitted means),226765.471591955
glmReserve (refitted means),229701.603972605
glmReserve (refitted means),227272.490513162
glmReserve (refitted means),232280.483023071
glmReserve (refitted means),221646.61265258
glmReserve (refitted means),218400.1120763
glmReserve (refitted means),219568.317449438
glmReserve (refitted means),221782.852967648
glmReserve (refitted means),235041.457120203
glmReserve (refitted means),219543.380204607
glmReserve (refitted means),222597.987155881
glmReserve (refitted means),220826.114141091
glmReserve (refitted means),222047.170252543
glmReserve (refitted means),232704.834678609
glmReserve (refitted means),223550.795056727
glmReserve (refitted means),224522.612880961
glmReserve (refitted means),229776.482052885
glmReserve (refitted means),224120.552553915
glmReserve (refitted means),222679.776163466
glmReserve (refitted means),228084.30077468
glmReserve (refitted means),227279.612772363
glmReserve (refitted means),223738.751530501
glmReserve (refitted means),222787.289650715
glmReserve (refitted means),227184.178255165
glmReserve (refitted means),219790.549325741
glmReserve (refitted means),225979.420646154
glmReserve (refitted means),225809.89500753
glmReserve (refitted means),221105.790976829
glmReserve (refitted means),237727.698302759
glmReserve (refitted means),230418.006676089
glmReserve (refitted means),224611.468827415
glmReserve (refitted means),225204.44458362
glmReserve (refitted means),230856.322561169
glmReserve (refitted means),227901.787891735
glmReserve (refitted means),225138.516343166
glmReserve (refitted means),223838.121207915
glmReserve (refitted means),214195.22583751
glmReserve (refitted means),221322.563087699
glmReserve (refitted means),232043.654208875
glmReserve (refitted means),222822.321820841
glmReserve (refitted means),214938.086921142
glmReserve (refitted means),233705.436903773
glmReserve (refitted means),211947.213383421
glmReserve (refitted means),220298.618334076
glmReserve (refitted means),226940.0724609
glmReserve (refitted means),225362.666884582
glmReserve (refitted means),215602.995845096
glmReserve (refitted means),217031.179589213
glmReserve (refitted means),227314.127550982
glmReserve (refitted means),225525.562761656
glmReserve (refitted means),218617.681551384
glmReserve (refitted means),228324.767502887
glmReserve (refitted means),228626.601885329
glmReserve (refitted means),216598.385453616
glmReserve (refitted means),231579.520645171
glmReserve (refitted means),221677.905289179
glmReserve (refitted means),222314.302956526
glmReserve (refitted means),230837.047808818
glmReserve (refitted means),230547.132117885
glmReserve (refitted means),220695.188697351
glmReserve (refitted means),222956.065692229
glmReserve (refitted means),220134.524407279
glmReserve (refitted means),227628.506227555
glmReserve (refitted means),223667.821602311
glmReserve (refitted means),224977.636479424
glmReserve (refitted means),218226.622567131
glmReserve (refitted means),230411.913845153
glmReserve (refitted means),220001.398895555
glmReserve (refitted means),223079.551699907
glmReserve (refitted means),216594.882823174
glmReserve (refitted means),223674.428748036
glmReserve (refitted means),234145.434687532
glmReserve (refitted means),220141.27955643
glmReserve (refitted means),227248.928933837
glmReserve (refitted means),215792.398406626
glmReserve (refitted means),230395.771419697
glmReserve (refitted means),225255.889008132
glmReserve (refitted means),224491.74622037
glmReserve (refitted means),224949.335284493
glmReserve (refitted means),226056.500310869
glmReserve (refitted means),223760.77031561
glmReserve (refitted means),219227.239103567
glmReserve (refitted means),235784.166700371
glmReserve (refitted means),225877.404634026
glmReserve (refitted means),225304.106591284
glmReserve (refitted means),228549.065584995
glmReserve (refitted means),225177.62993049
glmReserve (refitted means),223911.135922174
glmReserve (refitted means),231343.011162452
glmReserve (refitted means),228003.921833214
glmReserve (refitted means),213720.297488932
glmReserve (refitted means),222928.316107603
glmReserve (refitted means),220848.83727778
glmReserve (refitted means),227136.726410732
glmReserve (refitted means),219146.483871269
glmReserve (refitted means),230014.087376509
glmReserve (refitted means),227322.187359201
glmReserve (refitted means),228515.516198733
glmReserve (refitted means),226123.689499764
glmReserve (refitted means),226976.541713708
glmReserve (refitted means),231316.898670703
glmReserve (refitted means),227445.362945943
glmReserve (refitted means),227622.970527862
glmReserve (refitted means),219763.76619429
glmReserve (refitted means),226202.747490931
glmReserve (refitted means),224675.327513875
glmReserve (refitted means),218069.278465403
glmReserve (refitted means),226768.487682083
glmReserve (refitted means),214102.820369421
glmReserve (refitted means),217296.474297923
glmReserve (refitted means),221026.314905357
glmReserve (refitted means),224690.216858093
glmReserve (refitted means),219804.062681927
glmReserve (refitted means),219149.842345526
glmReserve (refitted means),222764.526165042
glmReserve (refitted means),211320.304496314
glmReserve (refitted means),224207.716380167
glmReserve (refitted means),223736.37769328
glmReserve (refitted means),215595.795742418
glmReserve (refitted means),223748.759259138
glmReserve (refitted means),225762.343940764
glmReserve (refitted means),232762.757180486
glmReserve (refitted means),243745.471663919
glmReserve (refitted means),228663.381749129
glmReserve (refitted means),225291.620984747
glmReserve (refitted means),232147.040538867
glmReserve (refitted means),228713.2279615
glmReserve (refitted means),225765.026624625
glmReserve (refitted means),223264.8531767
glmReserve (refitted means),226235.650816836
glmReserve (refitted means),224767.596913106
glmReserve (refitted means),220409.166030481
glmReserve (refitted means),216309.876269337
glmReserve (refitted means),225420.58994208
glmReserve (refitted means),219840.16367134
glmReserve (refitted means),233623.432836141
glmReserve (refitted means),220040.422166352
glmReserve (refitted means),227885.977972793
glmReserve (refitted means),222770.62381018
glmReserve (refitted means),221209.368143913
glmReserve (refitted means),214935.016941213
glmReserve (refitted means),231446.435150336
glmReserve (refitted means),233482.247806907
glmReserve (refitted means),224149.064825947
glmReserve (refitted means),220440.624644827
glmReserve (refitted means),226214.84022634
glmReserve (refitted means),225617.308687106
glmReserve (refitted means),230086.619865234
glmReserve (refitted means),214360.378974849
glmReserve (refitted means),219073.338258496
glmReserve (refitted means),226491.417861162
E&V 1999,223535.044642872
E&V 1999,225019.158564907
E&V 1999,235983.32802458
E&V 1999,219485.068870944
E&V 1999,216159.95009924
E&V 1999,212955.407073969
E&V 1999,229064.275320927
E&V 1999,222817.576762433
E&V 1999,221387.641992871
E&V 1999,223261.58269189
E&V 1999,214972.390825224
E&V 1999,221228.002497153
E&V 1999,224010.29886376
E&V 1999,219817.141080715
E&V 1999,221688.70268436
E&V 1999,229533.934481018
E&V 1999,231652.046722821
E&V 1999,217167.908615361
E&V 1999,234735.300637251
E&V 1999,216879.928306204
E&V 1999,233980.109197835
E&V 1999,215701.287141805
E&V 1999,232961.173247347
E&V 1999,218291.926101435
E&V 1999,224290.847183932
E&V 1999,222570.40136846
E&V 1999,221279.922522363
E&V 1999,233165.313513781
E&V 1999,227213.072727066
E&V 1999,212432.540209035
E&V 1999,221817.206783845
E&V 1999,225305.630201559
E&V 1999,221372.856141337
E&V 1999,226717.511813886
E&V 1999,219437.792928739
E&V 1999,223310.729005826
E&V 1999,227680.626071551
E&V 1999,219424.695709967
E&V 1999,216023.005344274
E&V 1999,218776.650476392
E&V 1999,221231.509187875
E&V 1999,217031.115741019
E&V 1999,221194.224158177
E&V 1999,225512.732334043
E&V 1999,228928.359160456
E&V 1999,226151.547467625
E&V 1999,221345.359362382
E&V 1999,219693.830303915
E&V 1999,221567.822591359
E&V 1999,223436.176847947
E&V 1999,228132.255591539
E&V 1999,215260.582220692
E&V 1999,228493.834348999
E&V 1999,228413.213680705
E&V 1999,231792.08705638
E&V 1999,223396.185984097
E&V 1999,221913.758571306
E&V 1999,220667.07497248
E&V 1999,230293.747546096
E&V 1999,228754.076899249
E&V 1999,218883.056708899
E&V 1999,221330.120140095
E&V 1999,228324.338789193
E&V 1999,219223.131914
E&V 1999,222347.673122833
E&V 1999,226940.148420911
E&V 1999,219051.225416346
E&V 1999,241989.639582006
E&V 1999,226361.225923317
E&V 1999,225385.156518916
E&V 1999,229031.339390777
E&V 1999,224899.797849827
E&V 1999,225581.061772641
E&V 1999,221808.821751314
E&V 1999,217979.182139546
E&V 1999,215419.421310808
E&V 1999,221792.619258492
E&V 1999,217139.290741724
E&V 1999,221221.56644357
E&V 1999,226072.415783582
E&V 1999,216665.565662808
E&V 1999,217349.826790119
E&V 1999,221890.461990491
E&V 1999,231129.059677342
E&V 1999,214770.586645714
E&V 1999,232507.553594169
E&V 1999,217654.836214336
E&V 1999,222344.439172416
E&V 1999,215027.754157975
E&V 1999,225162.962616726
E&V 1999,223906.722246881
E&V 1999,219055.344763464
E&V 1999,218471.396429359
E&V 1999,225951.473885643
E&V 1999,220585.576745826
E&V 1999,219216.843254756
E&V 1999,220890.164049431
E&V 1999,219687.33515726
E&V 1999,223131.55616515
E&V 1999,217651.808401118
E&V 1999,221837.221687396
E&V 1999,224649.727378184
E&V 1999,213331.103099896
E&V 1999,224962.296974494
E&V 1999,231522.44340752
E&V 1999,220979.324342506
E&V 1999,226966.029231238
E&V 1999,213861.71736887
E&V 1999,217869.193987538
E&V 1999,224372.14515001
E&V 1999,219625.09859967
E&V 1999,225162.770103285
E&V 1999,224384.641099036
E&V 1999,223522.474289338
E&V 1999,225882.402684017
E&V 1999,220454.106281658
E&V 1999,219222.473751927
E&V 1999,213483.299406779
E&V 1999,219895.97943306
E&V 1999,220850.860170783
E&V 1999,216808.930825922
E&V 1999,219898.748514304
E&V 1999,226345.535244627
E&V 1999,221909.153659861
E&V 1999,222406.727943108
E&V 1999,223937.298024454
E&V 1999,216544.295945811
E&V 1999,223352.826103105
E&V 1999,225477.597567202
E&V 1999,229004.670126683
E&V 1999,223531.446279295
E&V 1999,218298.678669184
E&V 1999,213423.782026707
E&V 1999,231043.14687859
E&V 1999,212969.952390879
E&V 1999,224558.089782817
E&V 1999,230380.184956706
E&V 1999,224773.416610211
E&V 1999,221765.328524496
E&V 1999,218513.886115037
E&V 1999,221999.791789049
E&V 1999,213684.461949028
E&V 1999,219471.983148615
E&V 1999,222901.484367011
E&V 1999,233035.997891291
E&V 1999,219333.024903613
E&V 1999,225341.376560026
E&V 1999,227124.897120858
E&V 1999,222156.417792697
E&V 1999,216247.319637503
E&V 1999,220704.627441313
E&V 1999,225777.511156833
E&V 1999,218938.713236936
E&V 1999,220039.546868977
E&V 1999,224308.252702864
E&V 1999,221591.464712197
E&V 1999,222907.391117991
E&V 1999,228089.245409505
E&V 1999,216461.345877402
E&V 1999,225087.207420709
E&V 1999,219415.030686715
E&V 1999,228597.758915885
E&V 1999,217050.225806169
E&V 1999,222344.876196994
E&V 1999,227710.009645833
E&V 1999,226172.134188367
E&V 1999,220797.624723233
E&V 1999,224532.827717992
E&V 1999,232407.887518999
E&V 1999,220914.018313717
E&V 1999,224060.935788075
E&V 1999,218425.080535467
E&V 1999,223091.604994063
E&V 1999,223688.333422292
E&V 1999,229149.787561663
E&V 1999,216648.429586848
E&V 1999,222414.181880522
E&V 1999,220814.470441141
E&V 1999,219180.598525586
E&V 1999,221738.016534837
E&V 1999,224904.912537298
E&V 1999,229230.452145967
E&V 1999,219193.665389182
E&V 1999,213040.897840683
E&V 1999,225544.404927678
E&V 1999,222293.921524966
E&V 1999,224329.002309537
E&V 1999,213397.72513847
E&V 1999,221992.889082653
E&V 1999,221817.833486653
E&V 1999,224546.07409873
E&V 1999,228254.41100682
E&V 1999,220248.463213482
E&V 1999,218942.240375776
E&V 1999,229686.085775883
E&V 1999,222690.83958664
E&V 1999,223221.158986282
E&V 1999,227242.166463869
E&V 1999,220340.457864202
E&V 1999,225420.450637145
E&V 1999,219845.499837447
E&V 1999,230675.143879521
E&V 1999,220466.940106574
E&V 1999,218662.657756082
E&V 1999,217125.711244771
E&V 1999,221815.49220314
E&V 1999,212985.797743081
E&V 1999,226877.667905993
E&V 1999,215906.005450113
E&V 1999,220064.990699026
E&V 1999,229731.063450179
E&V 1999,223315.529630043
E&V 1999,225759.612939577
E&V 1999,231155.349611109
E&V 1999,222520.052226473
E&V 1999,223997.433681303
E&V 1999,227077.88153086
E&V 1999,225477.451031206
E&V 1999,226124.179448974
E&V 1999,229295.457611652
E&V 1999,230252.283041714
E&V 1999,224438.483345237
E&V 1999,222198.8731584
E&V 1999,224937.16857185
E&V 1999,215123.723532394
E&V 1999,223298.173086985
E&V 1999,220740.057108571
E&V 1999,226279.696429014
E&V 1999,216680.974667898
E&V 1999,221024.612795064
E&V 1999,219588.2640848
E&V 1999,221003.368109754
E&V 1999,218800.813303512
E&V 1999,214812.051227875
E&V 1999,226325.845438784
E&V 1999,216128.165580887
E&V 1999,228158.5601175
E&V 1999,222638.051743065
E&V 1999,229555.915737897
E&V 1999,223278.845103016
E&V 1999,225260.532540484
E&V 1999,215536.254953785
E&V 1999,214475.495994208
E&V 1999,221488.239179071
E&V 1999,225735.406857446
E&V 1999,218928.579446458
E&V 1999,219279.961766723
E&V 1999,221594.053414389
E&V 1999,218802.495528945
E&V 1999,225202.551209543
E&V 1999,224857.335519678
E&V 1999,227920.763676506
E&V 1999,225411.505540404
E&V 1999,219425.099724988
E&V 1999,220953.445064151
E&V 1999,222296.249421324
E&V 1999,223850.739332083
E&V 1999,215434.652987048
E&V 1999,228476.189609869
E&V 1999,222939.355258627
E&V 1999,223807.857499847
E&V 1999,226251.715781837
E&V 1999,222578.880077874
E&V 1999,222328.493277986
E&V 1999,223861.274195746
E&V 1999,223382.541543077
E&V 1999,220513.628845913
E&V 1999,225914.562264561
E&V 1999,215363.939619943
E&V 1999,218665.404233469
E&V 1999,226019.800188132
E&V 1999,219079.466452287
E&V 1999,228038.4002647
E&V 1999,214379.995521321
E&V 1999,227563.893363266
E&V 1999,229069.451449268
E&V 1999,218281.208186639
E&V 1999,220285.444940646
E&V 1999,224942.248475591
E&V 1999,221065.046575781
E&V 1999,226284.79363031
E&V 1999,218549.535758282
E&V 1999,220345.252758579
E&V 1999,224442.363357701
E&V 1999,224664.960706102
E&V 1999,217375.32775678
E&V 1999,218157.586443285
E&V 1999,226555.561137659
E&V 1999,222944.5465537
E&V 1999,226123.240437821
E&V 1999,225021.736476482
E&V 1999,220859.449927014
E&V 1999,217193.795405248
E&V 1999,221641.335051935
E&V 1999,217168.865872186
E&V 1999,221000.149489537
E&V 1999,220686.322368819
E&V 1999,222282.228823394
E&V 1999,239639.508248637
E&V 1999,222816.700473844
E&V 1999,226250.779484964
E&V 1999,223566.938873723
E&V 1999,232224.469228296
E&V 1999,230056.303812071
E&V 1999,223486.567228616
E&V 1999,224937.750475211
E&V 1999,227798.116353453
E&V 1999,222081.221579911
E&V 1999,216504.615662834
E&V 1999,218086.558249935
E&V 1999,223514.88216076
E&V 1999,218276.035128473
E&V 1999,214470.317375411
E&V 1999,234514.442875585
E&V 1999,223913.931345619
E&V 1999,230755.365706598
E&V 1999,227520.555494438
E&V 1999,219029.744128799
E&V 1999,226713.335751571
E&V 1999,222227.633304257
E&V 1999,221104.327470209
E&V 1999,224040.030160188
E&V 1999,221771.890972176
E&V 1999,213661.714494219
E&V 1999,223827.375901973
E&V 1999,224543.751424364
E&V 1999,220051.452637095
E&V 1999,212961.275992849
E&V 1999,221385.825643389
E&V 1999,218008.196196375
E&V 1999,217437.319268202
E&V 1999,223595.2482235
E&V 1999,224252.196591885
E&V 1999,224650.128307409
E&V 1999,225442.519150549
E&V 1999,217232.666782824
E&V 1999,213825.729550704
E&V 1999,231710.231003283
E&V 1999,218858.782647828
E&V 1999,213492.631002962
E&V 1999,234560.487809492
E&V 1999,222106.217802662
E&V 1999,222536.995667868
E&V 1999,213943.016910429
E&V 1999,226173.056057273
E&V 1999,217792.538134487
E&V 1999,216267.030138523
E&V 1999,225092.546438361
E&V 1999,217459.037640882
E&V 1999,226497.978688095
E&V 1999,226202.744193096
E&V 1999,222886.341725759
E&V 1999,229075.508548194
E&V 1999,215336.790265463
E&V 1999,236738.173499994
E&V 1999,224428.104173793
E&V 1999,218726.3768817
E&V 1999,227624.375125127
E&V 1999,224564.05464282
E&V 1999,216503.64510641
E&V 1999,220798.328416923
E&V 1999,227533.218972073
E&V 1999,226778.860636587
E&V 1999,218839.626285278
E&V 1999,218356.686872972
E&V 1999,230490.169474369
E&V 1999,222835.395534707
E&V 1999,217987.595100228
E&V 1999,219542.823425451
E&V 1999,224664.389796507
E&V 1999,222409.714057954
E&V 1999,220591.382624106
E&V 1999,226731.240438106
E&V 1999,227343.597281354
E&V 1999,223727.790407894
E&V 1999,219210.420577723
E&V 1999,215611.136679155
E&V 1999,222264.393133858
E&V 1999,222011.442810399
E&V 1999,225457.362240654
E&V 1999,227638.375980455
E&V 1999,212751.651779195
E&V 1999,215522.766608084
E&V 1999,219798.556371243
E&V 1999,222563.871643861
E&V 1999,217098.503345527
E&V 1999,227319.585065449
E&V 1999,224910.931429665
E&V 1999,224588.548915881
E&V 1999,223722.733699273
E&V 1999,223655.895646724
E&V 1999,211164.781642739
E&V 1999,215694.405484502
E&V 1999,222717.494231255
E&V 1999,227266.782982253
E&V 1999,216723.141933653
E&V 1999,219344.12618232
E&V 1999,225959.49560394
E&V 1999,225362.36397423
E&V 1999,225571.032518873
E&V 1999,220917.727460883
E&V 1999,219122.305871693
E&V 1999,214769.062827634
E&V 1999,213730.16401498
E&V 1999,218635.781738082
E&V 1999,220699.975253817
E&V 1999,217381.433635695
E&V 1999,217406.682259393
E&V 1999,215243.003246676
E&V 1999,216339.16923358
E&V 1999,217750.754879888
E&V 1999,221099.002893961
E&V 1999,223461.916021043
E&V 1999,221660.499945753
E&V 1999,222920.252688212
E&V 1999,216960.81566221
E&V 1999,221413.343638427
E&V 1999,222213.792519418
E&V 1999,218484.312040121
E&V 1999,227946.580106904
E&V 1999,223624.112403999
E&V 1999,220416.854568363
E&V 1999,222669.75962359
E&V 1999,223811.773431738
E&V 1999,220675.204865901
E&V 1999,222855.073073736
E&V 1999,226226.727219841
E&V 1999,223154.022407263
E&V 1999,229051.166321119
E&V 1999,226746.448395451
E&V 1999,226575.091593699
E&V 1999,218913.999035234
E&V 1999,222204.506786627
E&V 1999,218742.944978445
E&V 1999,223103.444016013
E&V 1999,226152.836463361
E&V 1999,223397.804257939
E&V 1999,217050.295481789
E&V 1999,225631.5407231
E&V 1999,223352.477882084
E&V 1999,224111.467708797
E&V 1999,220875.474331145
E&V 1999,228521.514251312
E&V 1999,223186.746895565
E&V 1999,225195.594725307
E&V 1999,220766.399034406
E&V 1999,222032.423422579
E&V 1999,223882.034222004
E&V 1999,222824.994113307
E&V 1999,224341.578320399
E&V 1999,221103.713066854
E&V 1999,226512.517250452
E&V 1999,219400.834925622
E&V 1999,222646.00358598
E&V 1999,224348.11719215
E&V 1999,223207.455555387
E&V 1999,227842.494185129
E&V 1999,219061.651439115
E&V 1999,225082.107355995
E&V 1999,227079.874422837
E&V 1999,213939.098348034
E&V 1999,223582.969103301
E&V 1999,223929.726583778
E&V 1999,225125.384828723
E&V 1999,216453.403948831
E&V 1999,222158.82476697
E&V 1999,211106.976199359
E&V 1999,226444.220452341
E&V 1999,222800.82588245
E&V 1999,220779.098492859
E&V 1999,229280.685627517
E&V 1999,210039.545602641
E&V 1999,230928.633489742
E&V 1999,229458.414488497
E&V 1999,218325.903069917
E&V 1999,223019.585655329
E&V 1999,224783.741969205
E&V 1999,246833.999224295
E&V 1999,226283.388390283
E&V 1999,218936.952933252
E&V 1999,226264.147217355
E&V 1999,224842.38590917
E&V 1999,216137.948886158
E&V 1999,222620.360997359
E&V 1999,220268.244194084
E&V 1999,223030.917350436
E&V 1999,224946.300476269
E&V 1999,220103.008760541
E&V 1999,236659.160955855
E&V 1999,222677.279738032
E&V 1999,228430.667723365
E&V 1999,219569.747702569
E&V 1999,223852.572012685
E&V 1999,224004.93329761
E&V 1999,232999.859731937
E&V 1999,221880.45756538
E&V 1999,223910.954330339
E&V 1999,218595.320490399
E&V 1999,221305.552685596
E&V 1999,221690.968116473
E&V 1999,221017.566273481
E&V 1999,228261.676320659
E&V 1999,226076.786695712
E&V 1999,225446.741878622
E&V 1999,217377.086149304
E&V 1999,220418.454012989
E&V 1999,224925.147546138
E&V 1999,221231.361334996
E&V 1999,216185.319110024
E&V 1999,218192.059308833
E&V 1999,215543.767128898
E&V 1999,224887.893883911
E&V 1999,219476.432596672
E&V 1999,215528.532025526
E&V 1999,229845.981432156
E&V 1999,227448.824110632
E&V 1999,219726.910667464
E&V 1999,229681.23715313
E&V 1999,221909.677854885
E&V 1999,228290.646078955
E&V 1999,220109.945716808
E&V 1999,213475.244716661
E&V 1999,223830.025420743
E&V 1999,224503.600446375
E&V 1999,222456.910401593
E&V 1999,216481.257422766
E&V 1999,222856.569850262
E&V 1999,224560.459174819
E&V 1999,226394.127736771
E&V 1999,227277.055387183
E&V 1999,216935.874049632
E&V 1999,219300.124689005
E&V 1999,225894.265141132
E&V 1999,223157.194345586
E&V 1999,224133.963218017
E&V 1999,217747.390453459
E&V 1999,217640.570179812
E&V 1999,225999.674930518
E&V 1999,224848.809185259
E&V 1999,219619.942376212
E&V 1999,210842.502625843
E&V 1999,222240.859966044
E&V 1999,230387.588835513
E&V 1999,216739.00325713
E&V 1999,222976.142378571
E&V 1999,222320.689820754
E&V 1999,226046.330025982
E&V 1999,218836.241987025
E&V 1999,222079.213058252
E&V 1999,222758.45466547
E&V 1999,218130.908972785
E&V 1999,216711.484614441
E&V 1999,222639.94511686
E&V 1999,229229.572089259
E&V 1999,230164.595621515
E&V 1999,219448.404998893
E&V 1999,214837.207279722
E&V 1999,217133.146031283
E&V 1999,218594.684272137
E&V 1999,224661.771045948
E&V 1999,218962.797788098
E&V 1999,215832.186111237
E&V 1999,223971.879992032
E&V 1999,220386.474557374
E&V 1999,226208.212780317
E&V 1999,221644.231838628
E&V 1999,222533.715642753
E&V 1999,229835.730522372
E&V 1999,220785.081517428
E&V 1999,230253.284726641
E&V 1999,219556.311829965
E&V 1999,220011.241497952
E&V 1999,221000.753968324
E&V 1999,227124.327486064
E&V 1999,220139.149907492
E&V 1999,222740.087976409
E&V 1999,220429.554529328
E&V 1999,232668.233774067
E&V 1999,224171.109498786
E&V 1999,220668.197139482
E&V 1999,212808.935368341
E&V 1999,223800.739454178
E&V 1999,226122.083973115
E&V 1999,220313.6508842
E&V 1999,231027.170618283
E&V 1999,216216.788169541
E&V 1999,220702.999588201
E&V 1999,234928.17091666
E&V 1999,223898.098037981
E&V 1999,229813.564146402
E&V 1999,221656.618067883
E&V 1999,217560.907607557
E&V 1999,220922.058604688
E&V 1999,216000.609018612
E&V 1999,224304.143036205
E&V 1999,225373.913445289
E&V 1999,221665.388730364
E&V 1999,229944.054643202
E&V 1999,217933.220336911
E&V 1999,223689.131679379
E&V 1999,222918.152558383
E&V 1999,228995.348600545
E&V 1999,215155.920923116
E&V 1999,223687.222909561
E&V 1999,225767.58383278
E&V 1999,223323.722345861
E&V 1999,227414.330687191
E&V 1999,217814.608942019
E&V 1999,223938.097501096
E&V 1999,216491.931573436
E&V 1999,219377.754236498
E&V 1999,225841.586632057
E&V 1999,228670.318077001
E&V 1999,232522.707265995
E&V 1999,216697.555697693
E&V 1999,217588.740739172
E&V 1999,220566.492366579
E&V 1999,217380.176554513
E&V 1999,227296.624175209
E&V 1999,229575.844603048
E&V 1999,221877.812189792
E&V 1999,230459.692092594
E&V 1999,219945.010672569
E&V 1999,225970.639167514
E&V 1999,222118.856575653
E&V 1999,232226.163296399
E&V 1999,222776.999571104
E&V 1999,213042.413404399
E&V 1999,225989.21856579
E&V 1999,227350.482556193
E&V 1999,211077.232787496
E&V 1999,229048.77266762
E&V 1999,223209.160954589
E&V 1999,216325.570452718
E&V 1999,223209.479286327
E&V 1999,216127.3483572
E&V 1999,225958.70258768
E&V 1999,228464.224960862
E&V 1999,221724.942092574
E&V 1999,215164.216219536
E&V 1999,214183.951365724
E&V 1999,221714.226957029
E&V 1999,224747.682359911
E&V 1999,224745.541326649
E&V 1999,236809.582669167
E&V 1999,220940.121587966
E&V 1999,219343.625974158
E&V 1999,217554.076425571
E&V 1999,223581.554876817
E&V 1999,222544.391853697
E&V 1999,209792.17763975
E&V 1999,228774.258540268
E&V 1999,224543.264578255
E&V 1999,217854.655286374
E&V 1999,222464.835776506
E&V 1999,215338.461328182
E&V 1999,221094.667234144
E&V 1999,217931.254957228
E&V 1999,220815.523539063
E&V 1999,215882.335931521
E&V 1999,218774.686988728
E&V 1999,217279.234133369
E&V 1999,218452.262266146
E&V 1999,216001.522379298
E&V 1999,224637.682157695
E&V 1999,227236.491030437
E&V 1999,218180.10578326
E&V 1999,212332.025873927
E&V 1999,224006.252465397
E&V 1999,228161.538015749
E&V 1999,225118.432789635
E&V 1999,222760.81934877
E&V 1999,223961.427267876
E&V 1999,208168.177629161
E&V 1999,229704.181980122
E&V 1999,214279.162859754
E&V 1999,221210.423618785
E&V 1999,219757.247767054
E&V 1999,226077.846176414
E&V 1999,223941.114479069
E&V 1999,219109.579345601
E&V 1999,217343.164986674
E&V 1999,221363.365220491
E&V 1999,225139.870507929
E&V 1999,219265.85020643
E&V 1999,221778.088513668
E&V 1999,221690.580129038
E&V 1999,217365.955044648
E&V 1999,217155.657998376
E&V 1999,226108.656787286
E&V 1999,214248.47040786
E&V 1999,216927.69262881
E&V 1999,220760.454056271
E&V 1999,220495.263405231
E&V 1999,216349.19783834
E&V 1999,220115.764504958
E&V 1999,226392.851768453
E&V 1999,221563.176632747
E&V 1999,231006.720837677
E&V 1999,223909.947690273
E&V 1999,223153.949843694
E&V 1999,220514.257725851
E&V 1999,221734.125485695
E&V 1999,220671.527282701
E&V 1999,232213.545241084
E&V 1999,214092.84739312
E&V 1999,220132.424272463
E&V 1999,230897.946586341
E&V 1999,223353.932457158
E&V 1999,224187.095015919
E&V 1999,227421.284190916
E&V 1999,232640.889458411
E&V 1999,220760.065342362
E&V 1999,221252.31656912
E&V 1999,220018.366342922
E&V 1999,230960.085250452
E&V 1999,217667.154971634
E&V 1999,226462.063906249
E&V 1999,222166.573807677
E&V 1999,224502.935213398
E&V 1999,224285.052748879
E&V 1999,220459.414161464
E&V 1999,247130.885079827
E&V 1999,228088.528764817
E&V 1999,230889.967405616
E&V 1999,227212.649573955
E&V 1999,219503.311734743
E&V 1999,215606.934445309
E&V 1999,220017.066366034
E&V 1999,227554.139735766
E&V 1999,226964.530077634
E&V 1999,227244.694326366
E&V 1999,212274.217055019
E&V 1999,220461.621392765
E&V 1999,226935.934306421
E&V 1999,218626.441936012
E&V 1999,235295.25296882
E&V 1999,220605.51767685
E&V 1999,227215.264309453
E&V 1999,223674.284679774
E&V 1999,225913.064383133
E&V 1999,217607.725425515
E&V 1999,218193.216840402
E&V 1999,225377.212265474
E&V 1999,221748.555433728
E&V 1999,216483.200830366
E&V 1999,216444.885327165
E&V 1999,220691.838071349
E&V 1999,214882.92643816
E&V 1999,218429.969142732
E&V 1999,223699.454298176
E&V 1999,226752.859860089
E&V 1999,218088.109828606
E&V 1999,216322.678907111
E&V 1999,222018.376428909
E&V 1999,210462.823006947
E&V 1999,227637.11518976
E&V 1999,221139.379231915
E&V 1999,213654.708666277
E&V 1999,218073.866482171
E&V 1999,221882.369168906
E&V 1999,230186.705873855
E&V 1999,221381.5729403
E&V 1999,225748.860989035
E&V 1999,215297.063377841
E&V 1999,227112.023492736
E&V 1999,220177.887695993
E&V 1999,214491.940226935
E&V 1999,216571.985612219
E&V 1999,218084.096996203
E&V 1999,213320.333738233
E&V 1999,226812.026920584
E&V 1999,220041.742351178
E&V 1999,223988.547065203
E&V 1999,217968.301562297
E&V 1999,226453.360904431
E&V 1999,216745.473391766
E&V 1999,217026.996121238
E&V 1999,222086.307712291
E&V 1999,226748.067210542
E&V 1999,224385.647292759
E&V 1999,220369.330456245
E&V 1999,224701.612871407
E&V 1999,221334.905518073
E&V 1999,218648.504110641
E&V 1999,223654.031796672
E&V 1999,224316.397242132
E&V 1999,228743.871439512
E&V 1999,229573.758869985
E&V 1999,228089.27560676
E&V 1999,229333.056977327
E&V 1999,222846.087635325
E&V 1999,220533.279568062
E&V 1999,233733.012959308
E&V 1999,223662.801017479
E&V 1999,228971.48921127
E&V 1999,237036.675634603
E&V 1999,222705.422643199
E&V 1999,220917.375316446
E&V 1999,225933.989872291
E&V 1999,228824.352836491
E&V 1999,226200.032414969
E&V 1999,225195.282432821
E&V 1999,221523.114721264
E&V 1999,225143.687365898
E&V 1999,220911.19217623
E&V 1999,223390.441910992
E&V 1999,226896.3430197
E&V 1999,209466.564940542
E&V 1999,224815.139854285
E&V 1999,218127.735934705
E&V 1999,224848.922770308
E&V 1999,221832.374165818
E&V 1999,218167.246992704
E&V 1999,219084.225197114
E&V 1999,214501.673396898
E&V 1999,222264.415779774
E&V 1999,221447.689758511
E&V 1999,219137.397770714
E&V 1999,225217.528641734
E&V 1999,224435.126921109
E&V 1999,227964.221224187
E&V 1999,220413.665914737
E&V 1999,217740.628297038
E&V 1999,225181.224611056
E&V 1999,219420.171469377
E&V 1999,222190.600258546
E&V 1999,219915.336263029
E&V 1999,218978.922207153
E&V 1999,216115.745399047
E&V 1999,230725.802993035
E&V 1999,215014.99240401
E&V 1999,228887.251813748
E&V 1999,223336.072070112
E&V 1999,222227.358546133
E&V 1999,221642.827229705
E&V 1999,222785.898157892
E&V 1999,221305.740931459
E&V 1999,223473.510479882
E&V 1999,230379.708021841
E&V 1999,227841.086595795
E&V 1999,221757.888853033
E&V 1999,224461.236830439
E&V 1999,223012.993635161
E&V 1999,228490.722165464
E&V 1999,221076.61429792
E&V 1999,220741.762703034
E&V 1999,214537.168069183
E&V 1999,214595.410342425
E&V 1999,219164.345029092
E&V 1999,222642.821138967
E&V 1999,232330.412376142
E&V 1999,220992.915331224
E&V 1999,220094.076848374
E&V 1999,233024.209549748
E&V 1999,226112.77361844
E&V 1999,224442.372710303
E&V 1999,225272.177437957
E&V 1999,225279.054253259
E&V 1999,216428.270139779
E&V 1999,219043.719140307
E&V 1999,218692.76502402
E&V 1999,227704.225998291
E&V 1999,214489.028609139
E&V 1999,223569.662233633
E&V 1999,225238.538154564
E&V 1999,227993.400626941
E&V 1999,225843.035444778
E&V 1999,225019.418911599
E&V 1999,221281.827896756
E&V 1999,222350.660290981
E&V 1999,216247.303785223
E&V 1999,221026.933469738
E&V 1999,220391.702239991
E&V 1999,229013.559647386
E&V 1999,220544.988269213
E&V 1999,217037.257210888
E&V 1999,223860.587006813
E&V 1999,231843.497261735
E&V 1999,216978.061904628
E&V 1999,216888.074759363
E&V 1999,225835.916012418
E&V 1999,225379.960129305
E&V 1999,223815.951021127
E&V 1999,217928.029745728
E&V 1999,213579.008153069
E&V 1999,212450.541257601
E&V 1999,223999.352412127
E&V 1999,231962.781637989
E&V 1999,220018.188716139
E&V 1999,209824.899538198
E&V 1999,219667.02119751
E&V 1999,226135.858733127
E&V 1999,219876.795616545
E&V 1999,220948.797573959
E&V 1999,220654.452726803
E&V 1999,217536.140075857
E&V 1999,233260.876197749
E&V 1999,224053.454361827
E&V 1999,224516.063154931
E&V 1999,226198.959580131
E&V 1999,219083.83526555
E&V 1999,219154.746578319
E&V 1999,216842.663841895
E&V 1999,222523.951296862
E&V 1999,217847.366825933
E&V 1999,223409.120537152
E&V 1999,223446.442985163
E&V 1999,226857.252290295
E&V 1999,226587.692763144
E&V 1999,219987.120764674
E&V 1999,231264.512514795
E&V 1999,225787.99321436
E&V 1999,225395.044812639
E&V 1999,222473.846839274
E&V 1999,221854.888066428
E&V 1999,216688.069541152
E&V 1999,220702.174501602
E&V 1999,216707.320796638
E&V 1999,226186.333137955
E&V 1999,224384.729649645
E&V 1999,216800.566488375
E&V 1999,226797.325410265
E&V 1999,222379.046938472
E&V 1999,228661.734033312
E&V 1999,220480.980207418
E&V 1999,226582.327369436
E&V 1999,215226.266696662
E&V 1999,222958.682978281
E&V 1999,227693.1920666
E&V 1999,231194.280853395
E&V 1999,223891.764383506
E&V 1999,216762.498994534
E&V 1999,218230.782001474
E&V 1999,220820.369642351
E&V 1999,216759.778206042
E&V 1999,225810.170152646
E&V 1999,222726.960697777
E&V 1999,213871.695188534
E&V 1999,218774.737461145
E&V 1999,221433.632132548
E&V 1999,216098.278109174
E&V 1999,227951.667053559
E&V 1999,215969.033433946
E&V 1999,223373.806276585
E&V 1999,214098.782896361
E&V 1999,216887.711952324
E&V 1999,216438.349010922
E&V 1999,216778.789036496
E&V 1999,215947.519771175
E&V 1999,223600.034819221
E&V 1999,216631.371959776
E&V 1999,222344.448337448
E&V 1999,231788.367456367
E&V 1999,224193.02780555
E&V 1999,223619.67564834
E&V 1999,228947.56921513
E&V 1999,222259.584470424
E&V 1999,232884.671713743
E&V 1999,231739.193337894
E&V 1999,223245.584826246
E&V 1999,218797.16779664
E&V 1999,226131.097383218
E&V 1999,216144.623565394
E&V 1999,219319.8952242
E&V 1999,224524.885438589
E&V 1999,212378.39426511
E&V 1999,220016.121140098
E&V 1999,222817.318515152
E&V 1999,219243.018895868
E&V 1999,216643.531939716
E&V 1999,222924.2324523
E&V 1999,227715.099862964
E&V 1999,224537.105874506
E&V 1999,222877.337037722
E&V 1999,225701.81620151
E&V 1999,225769.40323561
E&V 1999,224845.933694929
E&V 1999,216715.59256161
E&V 1999,222482.381826967
E&V 1999,225966.121328075
E&V 1999,226096.082465794
E&V 1999,218291.04125015
E&V 1999,229628.570551951
E&V 1999,216332.466413792
E&V 1999,221142.077811698
E&V 1999,227554.915845752
E&V 1999,225890.224970193
E&V 1999,221947.464993066
E&V 1999,219581.687070113
E&V 1999,219644.560213673
E&V 1999,230845.220963428
E&V 1999,222210.823045494
E&V 1999,226561.241220851
E&V 1999,224779.440802279
E&V 1999,212679.073612364
E&V 1999,219600.454248518
E&V 1999,219523.900570931
E&V 1999,220704.312408953
E&V 1999,222799.057761028
"Paper C, phi pearson",231366.499166488
"Paper C, phi pearson",221738.15827771
"Paper C, phi pearson",211720.73603831
"Paper C, phi pearson",218467.421359158
"Paper C, phi pearson",223858.778560466
"Paper C, phi pearson",220831.687105084
"Paper C, phi pearson",223493.211703574
"Paper C, phi pearson",225845.30117555
"Paper C, phi pearson",208368.402639678
"Paper C, phi pearson",221902.714820465
"Paper C, phi pearson",226204.324077375
"Paper C, phi pearson",230593.279629611
"Paper C, phi pearson",220759.440594787
"Paper C, phi pearson",216636.684892045
"Paper C, phi pearson",222973.025605656
"Paper C, phi pearson",233340.582096264
"Paper C, phi pearson",228816.867086239
"Paper C, phi pearson",226464.127310735
"Paper C, phi pearson",220395.415743132
"Paper C, phi pearson",216955.273129676
"Paper C, phi pearson",212775.688413336
"Paper C, phi pearson",218081.138558501
"Paper C, phi pearson",216856.466871235
"Paper C, phi pearson",220319.31151151
"Paper C, phi pearson",235128.139334484
"Paper C, phi pearson",224126.903663581
"Paper C, phi pearson",224994.478613869
"Paper C, phi pearson",225471.242933374
"Paper C, phi pearson",219722.251971439
"Paper C, phi pearson",225436.934691606
"Paper C, phi pearson",219421.341084064
"Paper C, phi pearson",230784.174173442
"Paper C, phi pearson",226631.97563167
"Paper C, phi pearson",220457.929233146
"Paper C, phi pearson",215038.411464003
"Paper C, phi pearson",225701.340005573
"Paper C, phi pearson",227776.215103955
"Paper C, phi pearson",213969.687556564
"Paper C, phi pearson",211810.925529552
"Paper C, phi pearson",220263.769077624
"Paper C, phi pearson",221868.730175681
"Paper C, phi pearson",219895.965086241
"Paper C, phi pearson",214031.278717145
"Paper C, phi pearson",218626.100122096
"Paper C, phi pearson",226653.86473929
"Paper C, phi pearson",219344.106339101
"Paper C, phi pearson",221075.723969755
"Paper C, phi pearson",220536.148699026
"Paper C, phi pearson",232087.979450492
"Paper C, phi pearson",229183.333171695
"Paper C, phi pearson",219714.058687567
"Paper C, phi pearson",224523.024675567
"Paper C, phi pearson",219471.672441476
"Paper C, phi pearson",223769.104821898
"Paper C, phi pearson",221018.644462628
"Paper C, phi pearson",225201.361861238
"Paper C, phi pearson",220584.405854459
"Paper C, phi pearson",220485.389786415
"Paper C, phi pearson",222495.254660588
"Paper C, phi pearson",221431.660149257
"Paper C, phi pearson",216384.597573731
"Paper C, phi pearson",220424.153769783
"Paper C, phi pearson",230350.565886761
"Paper C, phi pearson",225863.980967333
"Paper C, phi pearson",215556.335847341
"Paper C, phi pearson",218479.775977971
"Paper C, phi pearson",224309.10032937
"Paper C, phi pearson",219318.105828521
"Paper C, phi pearson",222718.88928184
"Paper C, phi pearson",220737.234565403
"Paper C, phi pearson",220821.521334868
"Paper C, phi pearson",225575.146692742
"Paper C, phi pearson",229868.722077669
"Paper C, phi pearson",227817.823706678
"Paper C, phi pearson",229206.53687329
"Paper C, phi pearson",219008.661873866
"Paper C, phi pearson",235862.606405941
"Paper C, phi pearson",220870.165018358
"Paper C, phi pearson",222356.143158002
"Paper C, phi pearson",225119.986750485
"Paper C, phi pearson",223979.291474224
"Paper C, phi pearson",224869.064870494
"Paper C, phi pearson",219676.073708957
"Paper C, phi pearson",230995.966960849
"Paper C, phi pearson",215736.529041085
"Paper C, phi pearson",228201.921651345
"Paper C, phi pearson",208253.085201474
"Paper C, phi pearson",226395.833765267
"Paper C, phi pearson",226268.810046206
"Paper C, phi pearson",222496.939374977
"Paper C, phi pearson",232642.057219041
"Paper C, phi pearson",217599.361745462
"Paper C, phi pearson",222585.656841345
"Paper C, phi pearson",211266.759737027
"Paper C, phi pearson",226516.621315039
"Paper C, phi pearson",229865.875619727
"Paper C, phi pearson",221793.631390331
"Paper C, phi pearson",221243.295677262
"Paper C, phi pearson",220294.677260608
"Paper C, phi pearson",226497.797858857
"Paper C, phi pearson",226813.124592985
"Paper C, phi pearson",227376.8915118
"Paper C, phi pearson",221500.402019819
"Paper C, phi pearson",227988.375889901
"Paper C, phi pearson",222838.898054488
"Paper C, phi pearson",226853.910172446
"Paper C, phi pearson",218055.836272395
"Paper C, phi pearson",225263.830875011
"Paper C, phi pearson",220825.020647403
"Paper C, phi pearson",222229.895832904
"Paper C, phi pearson",225870.505809897
"Paper C, phi pearson",218842.765121562
"Paper C, phi pearson",227693.999376251
"Paper C, phi pearson",226515.299596867
"Paper C, phi pearson",220232.564448766
"Paper C, phi pearson",222508.303965176
"Paper C, phi pearson",224112.684534644
"Paper C, phi pearson",222993.918212643
"Paper C, phi pearson",221225.897162351
"Paper C, phi pearson",225265.346916191
"Paper C, phi pearson",222644.424136242
"Paper C, phi pearson",228592.184195566
"Paper C, phi pearson",219657.22484876
"Paper C, phi pearson",225626.719393047
"Paper C, phi pearson",223850.616438413
"Paper C, phi pearson",224084.19338641
"Paper C, phi pearson",218659.323171393
"Paper C, phi pearson",222674.356150589
"Paper C, phi pearson",227011.651025325
"Paper C, phi pearson",220423.057218252
"Paper C, phi pearson",223338.80785136
"Paper C, phi pearson",219297.547077907
"Paper C, phi pearson",225926.761274463
"Paper C, phi pearson",212003.710060698
"Paper C, phi pearson",220273.729120697
"Paper C, phi pearson",222777.802983634
"Paper C, phi pearson",225846.379707802
"Paper C, phi pearson",225599.257106782
"Paper C, phi pearson",217350.198911741
"Paper C, phi pearson",220560.537996204
"Paper C, phi pearson",218864.39378138
"Paper C, phi pearson",215965.47614475
"Paper C, phi pearson",221356.053384656
"Paper C, phi pearson",223313.420499309
"Paper C, phi pearson",213602.963020016
"Paper C, phi pearson",217414.93441503
"Paper C, phi pearson",218559.170663003
"Paper C, phi pearson",221842.215479128
"Paper C, phi pearson",222903.251744207
"Paper C, phi pearson",223113.088503375
"Paper C, phi pearson",230276.939065669
"Paper C, phi pearson",230701.826749439
"Paper C, phi pearson",219583.951950655
"Paper C, phi pearson",219234.029460933
"Paper C, phi pearson",217538.414580627
"Paper C, phi pearson",226570.10525825
"Paper C, phi pearson",218064.408950102
"Paper C, phi pearson",228295.506478894
"Paper C, phi pearson",216434.876714783
"Paper C, phi pearson",234052.585758214
"Paper C, phi pearson",224167.190264791
"Paper C, phi pearson",216665.885321697
"Paper C, phi pearson",217421.062798925
"Paper C, phi pearson",223889.864161894
"Paper C, phi pearson",224850.923390464
"Paper C, phi pearson",224470.715171381
"Paper C, phi pearson",215857.258360133
"Paper C, phi pearson",219179.01346612
"Paper C, phi pearson",215491.112835891
"Paper C, phi pearson",224665.714157812
"Paper C, phi pearson",218577.090355811
"Paper C, phi pearson",227284.143180942
"Paper C, phi pearson",215431.339075895
"Paper C, phi pearson",233739.553661863
"Paper C, phi pearson",217769.011373813
"Paper C, phi pearson",218616.841396094
"Paper C, phi pearson",217444.601458069
"Paper C, phi pearson",221735.226568216
"Paper C, phi pearson",226142.457329111
"Paper C, phi pearson",226625.512623271
"Paper C, phi pearson",226224.591424685
"Paper C, phi pearson",214786.286585978
"Paper C, phi pearson",222554.113272575
"Paper C, phi pearson",205847.918167397
"Paper C, phi pearson",217430.004412911
"Paper C, phi pearson",216633.175194529
"Paper C, phi pearson",217092.368426277
"Paper C, phi pearson",218890.916799227
"Paper C, phi pearson",221470.833897811
"Paper C, phi pearson",219771.916888431
"Paper C, phi pearson",230711.676395491
"Paper C, phi pearson",217339.270607042
"Paper C, phi pearson",222519.795598076
"Paper C, phi pearson",222893.341954382
"Paper C, phi pearson",221604.828732934
"Paper C, phi pearson",208457.756489061
"Paper C, phi pearson",229968.020626121
"Paper C, phi pearson",223280.14804392
"Paper C, phi pearson",223583.220176013
"Paper C, phi pearson",223422.495784562
"Paper C, phi pearson",220965.298503988
"Paper C, phi pearson",210101.722650624
"Paper C, phi pearson",224837.326396031
"Paper C, phi pearson",221045.757721019
"Paper C, phi pearson",219488.108373541
"Paper C, phi pearson",219773.119399346
"Paper C, phi pearson",217044.377120824
"Paper C, phi pearson",225071.72162321
"Paper C, phi pearson",221359.638986301
"Paper C, phi pearson",227918.486544568
"Paper C, phi pearson",219821.584227909
"Paper C, phi pearson",231928.105577966
"Paper C, phi pearson",227996.591807158
"Paper C, phi pearson",219144.806172746
"Paper C, phi pearson",224375.952254009
"Paper C, phi pearson",227617.591723846
"Paper C, phi pearson",225536.355685843
"Paper C, phi pearson",225386.862006487
"Paper C, phi pearson",220519.008253754
"Paper C, phi pearson",218295.2049444
"Paper C, phi pearson",225006.411394655
"Paper C, phi pearson",225436.719293586
"Paper C, phi pearson",222671.321647076
"Paper C, phi pearson",233583.621849031
"Paper C, phi pearson",223633.23730443
"Paper C, phi pearson",220368.324680913
"Paper C, phi pearson",223532.499371136
"Paper C, phi pearson",217108.387188362
"Paper C, phi pearson",223662.481261943
"Paper C, phi pearson",227367.461926106
"Paper C, phi pearson",226998.649070566
"Paper C, phi pearson",223347.174645282
"Paper C, phi pearson",236888.030930385
"Paper C, phi pearson",229275.65638572
"Paper C, phi pearson",212374.601347898
"Paper C, phi pearson",218090.018777821
"Paper C, phi pearson",221632.700386545
"Paper C, phi pearson",221670.009608191
"Paper C, phi pearson",217976.222072935
"Paper C, phi pearson",228890.630602283
"Paper C, phi pearson",226172.855259952
"Paper C, phi pearson",228054.658596835
"Paper C, phi pearson",218781.765628118
"Paper C, phi pearson",222102.349944403
"Paper C, phi pearson",225010.40034671
"Paper C, phi pearson",227899.780791859
"Paper C, phi pearson",224472.771426628
"Paper C, phi pearson",225898.621536781
"Paper C, phi pearson",232586.879070457
"Paper C, phi pearson",218896.14068509
"Paper C, phi pearson",217609.771166519
"Paper C, phi pearson",211804.410558552
"Paper C, phi pearson",220522.063135166
"Paper C, phi pearson",228930.358806304
"Paper C, phi pearson",224438.11471573
"Paper C, phi pearson",226907.598054066
"Paper C, phi pearson",234481.41263433
"Paper C, phi pearson",216833.970690034
"Paper C, phi pearson",219227.395189861
"Paper C, phi pearson",229263.173485587
"Paper C, phi pearson",220944.538193305
"Paper C, phi pearson",223702.508683629
"Paper C, phi pearson",219146.754347679
"Paper C, phi pearson",215659.41801028
"Paper C, phi pearson",211716.376142469
"Paper C, phi pearson",224349.385687617
"Paper C, phi pearson",209414.504340547
"Paper C, phi pearson",226244.989936793
"Paper C, phi pearson",221090.281211804
"Paper C, phi pearson",225440.698322003
"Paper C, phi pearson",221794.724229029
"Paper C, phi pearson",224263.225759868
"Paper C, phi pearson",223519.720983931
"Paper C, phi pearson",220672.326177532
"Paper C, phi pearson",224168.538688548
"Paper C, phi pearson",217287.605997843
"Paper C, phi pearson",216587.852811145
"Paper C, phi pearson",217880.801842215
"Paper C, phi pearson",229512.796472641
"Paper C, phi pearson",227751.322536089
"Paper C, phi pearson",218226.470439288
"Paper C, phi pearson",235842.414283447
"Paper C, phi pearson",223729.315594693
"Paper C, phi pearson",228515.014022678
"Paper C, phi pearson",219910.499940944
"Paper C, phi pearson",225675.697790672
"Paper C, phi pearson",222650.037116671
"Paper C, phi pearson",226699.911371026
"Paper C, phi pearson",217671.565722473
"Paper C, phi pearson",220158.133828629
"Paper C, phi pearson",224668.891143345
"Paper C, phi pearson",215462.548979228
"Paper C, phi pearson",222044.180492221
"Paper C, phi pearson",214576.41668628
"Paper C, phi pearson",227275.505489761
"Paper C, phi pearson",230967.915158382
"Paper C, phi pearson",226191.352954788
"Paper C, phi pearson",209799.114185296
"Paper C, phi pearson",219990.071718224
"Paper C, phi pearson",227416.641685208
"Paper C, phi pearson",229087.869339386
"Paper C, phi pearson",233316.765778246
"Paper C, phi pearson",223840.761852877
"Paper C, phi pearson",220612.202678856
"Paper C, phi pearson",208413.874340807
"Paper C, phi pearson",225465.85805828
"Paper C, phi pearson",215654.195935343
"Paper C, phi pearson",225608.886039905
"Paper C, phi pearson",226814.381742275
"Paper C, phi pearson",219949.189239846
"Paper C, phi pearson",222472.010450096
"Paper C, phi pearson",228509.789389003
"Paper C, phi pearson",225837.320039096
"Paper C, phi pearson",216744.247728185
"Paper C, phi pearson",228827.764953834
"Paper C, phi pearson",217120.884498631
"Paper C, phi pearson",225587.3849073
"Paper C, phi pearson",219375.73217296
"Paper C, phi pearson",222228.373516369
"Paper C, phi pearson",225287.028585715
"Paper C, phi pearson",210329.593062495
"Paper C, phi pearson",226483.046104314
"Paper C, phi pearson",217503.989714023
"Paper C, phi pearson",224126.268589586
"Paper C, phi pearson",226210.594677466
"Paper C, phi pearson",220059.290773479
"Paper C, phi pearson",228356.322774964
"Paper C, phi pearson",221885.870644267
"Paper C, phi pearson",224215.631472734
"Paper C, phi pearson",219021.339820224
"Paper C, phi pearson",219420.535935522
"Paper C, phi pearson",230031.262404675
"Paper C, phi pearson",230188.470194324
"Paper C, phi pearson",229172.763547478
"Paper C, phi pearson",228327.469504837
"Paper C, phi pearson",217486.29049833
"Paper C, phi pearson",218916.316057966
"Paper C, phi pearson",212770.488224588
"Paper C, phi pearson",220618.235574848
"Paper C, phi pearson",221861.56298294
"Paper C, phi pearson",218609.219581912
"Paper C, phi pearson",225047.973991728
"Paper C, phi pearson",229558.967956532
"Paper C, phi pearson",226645.768659061
"Paper C, phi pearson",209742.831499113
"Paper C, phi pearson",219524.047996046
"Paper C, phi pearson",214781.891515625
"Paper C, phi pearson",226226.04090348
"Paper C, phi pearson",224817.468400539
"Paper C, phi pearson",218033.559756774
"Paper C, phi pearson",219938.627181318
"Paper C, phi pearson",221091.527368704
"Paper C, phi pearson",227439.38938513
"Paper C, phi pearson",219039.172353985
"Paper C, phi pearson",222127.783101828
"Paper C, phi pearson",222815.650940604
"Paper C, phi pearson",217954.034375416
"Paper C, phi pearson",222388.5851224
"Paper C, phi pearson",226602.118771168
"Paper C, phi pearson",217429.771122795
"Paper C, phi pearson",218160.596239186
"Paper C, phi pearson",222648.594872012
"Paper C, phi pearson",223381.593334339
"Paper C, phi pearson",216115.990963582
"Paper C, phi pearson",225616.084333878
"Paper C, phi pearson",228987.608617592
"Paper C, phi pearson",212984.837254741
"Paper C, phi pearson",228599.467714052
"Paper C, phi pearson",212412.91881899
"Paper C, phi pearson",219180.72241764
"Paper C, phi pearson",220363.907801799
"Paper C, phi pearson",215725.754924944
"Paper C, phi pearson",222595.620150509
"Paper C, phi pearson",217550.010493681
"Paper C, phi pearson",217657.962952315
"Paper C, phi pearson",228906.318358581
"Paper C, phi pearson",219702.774548508
"Paper C, phi pearson",225760.757805885
"Paper C, phi pearson",230045.261806266
"Paper C, phi pearson",225507.143646032
"Paper C, phi pearson",229149.557280118
"Paper C, phi pearson",223831.85336173
"Paper C, phi pearson",219526.431901986
"Paper C, phi pearson",231973.462104038
"Paper C, phi pearson",219645.350626113
"Paper C, phi pearson",221887.275629664
"Paper C, phi pearson",222682.748483585
"Paper C, phi pearson",217190.344470582
"Paper C, phi pearson",215672.345328204
"Paper C, phi pearson",227804.859478281
"Paper C, phi pearson",219166.388563193
"Paper C, phi pearson",222972.334987614
"Paper C, phi pearson",224096.350783691
"Paper C, phi pearson",216218.482609953
"Paper C, phi pearson",219482.502366956
"Paper C, phi pearson",218887.375723666
"Paper C, phi pearson",220949.387504476
"Paper C, phi pearson",215739.288305564
"Paper C, phi pearson",228569.890887915
"Paper C, phi pearson",227795.78631788
"Paper C, phi pearson",220801.552637944
"Paper C, phi pearson",227019.470337402
"Paper C, phi pearson",217544.820142801
"Paper C, phi pearson",223620.920243309
"Paper C, phi pearson",230340.454011745
"Paper C, phi pearson",230514.571885425
"Paper C, phi pearson",220998.391774462
"Paper C, phi pearson",221352.926643328
"Paper C, phi pearson",219492.512070124
"Paper C, phi pearson",218200.025705055
"Paper C, phi pearson",217306.180744491
"Paper C, phi pearson",229819.948268119
"Paper C, phi pearson",219713.03151364
"Paper C, phi pearson",219211.677354427
"Paper C, phi pearson",228736.699208314
"Paper C, phi pearson",221643.078607931
"Paper C, phi pearson",220857.573482981
"Paper C, phi pearson",224285.774546033
"Paper C, phi pearson",220374.157738876
"Paper C, phi pearson",219532.34953162
"Paper C, phi pearson",219756.675803884
"Paper C, phi pearson",226348.612210428
"Paper C, phi pearson",215764.07485297
"Paper C, phi pearson",224756.346728714
"Paper C, phi pearson",217193.321324079
"Paper C, phi pearson",222488.69117901
"Paper C, phi pearson",222216.325568578
"Paper C, phi pearson",214525.727842577
"Paper C, phi pearson",223494.838499782
"Paper C, phi pearson",226441.483607253
"Paper C, phi pearson",229852.489052567
"Paper C, phi pearson",226325.701174636
"Paper C, phi pearson",226947.901603152
"Paper C, phi pearson",221200.57870447
"Paper C, phi pearson",225677.317142274
"Paper C, phi pearson",219631.740510945
"Paper C, phi pearson",227407.18914089
"Paper C, phi pearson",222244.742172446
"Paper C, phi pearson",223750.435743664
"Paper C, phi pearson",215925.139326947
"Paper C, phi pearson",223940.226910457
"Paper C, phi pearson",220930.867351931
"Paper C, phi pearson",227648.413107561
"Paper C, phi pearson",222858.621184457
"Paper C, phi pearson",227729.848060876
"Paper C, phi pearson",225349.791701819
"Paper C, phi pearson",227643.063376372
"Paper C, phi pearson",223409.515165811
"Paper C, phi pearson",227614.004354795
"Paper C, phi pearson",219987.397723484
"Paper C, phi pearson",222432.811973096
"Paper C, phi pearson",217855.184504752
"Paper C, phi pearson",226362.502815383
"Paper C, phi pearson",222255.193467783
"Paper C, phi pearson",221810.544018801
"Paper C, phi pearson",212911.471369424
"Paper C, phi pearson",232335.595715586
"Paper C, phi pearson",227046.403724855
"Paper C, phi pearson",214278.928138977
"Paper C, phi pearson",213125.815195887
"Paper C, phi pearson",214322.302456022
"Paper C, phi pearson",213872.166106455
"Paper C, phi pearson",222674.882395925
"Paper C, phi pearson",226387.986534908
"Paper C, phi pearson",234700.278298608
"Paper C, phi pearson",216085.584595228
"Paper C, phi pearson",226954.395437842
"Paper C, phi pearson",228040.282026354
"Paper C, phi pearson",216765.471925234
"Paper C, phi pearson",221536.892049147
"Paper C, phi pearson",218262.373387846
"Paper C, phi pearson",223576.663727046
"Paper C, phi pearson",219666.131979933
"Paper C, phi pearson",220355.460697843
"Paper C, phi pearson",220196.476819098
"Paper C, phi pearson",225132.120047536
"Paper C, phi pearson",217947.577656786
"Paper C, phi pearson",213866.663607985
"Paper C, phi pearson",225874.678739531
"Paper C, phi pearson",213843.623208245
"Paper C, phi pearson",216988.081503905
"Paper C, phi pearson",223730.862793261
"Paper C, phi pearson",232040.584615618
"Paper C, phi pearson",229613.092712555
"Paper C, phi pearson",221194.887941676
"Paper C, phi pearson",222368.672785849
"Paper C, phi pearson",219512.648288381
"Paper C, phi pearson",218289.176299364
"Paper C, phi pearson",224188.560880554
"Paper C, phi pearson",226968.721386225
"Paper C, phi pearson",225536.411084725
"Paper C, phi pearson",217184.126926836
"Paper C, phi pearson",226667.366633448
"Paper C, phi pearson",229865.547918179
"Paper C, phi pearson",226490.777793964
"Paper C, phi pearson",224086.640102888
"Paper C, phi pearson",211063.53094255
"Paper C, phi pearson",220963.909693706
"Paper C, phi pearson",214786.86892056
"Paper C, phi pearson",229524.575959528
"Paper C, phi pearson",225469.924790374
"Paper C, phi pearson",216889.905368996
"Paper C, phi pearson",219582.29444044
"Paper C, phi pearson",218069.66963396
"Paper C, phi pearson",223601.561864882
"Paper C, phi pearson",219777.940820826
"Paper C, phi pearson",219502.165472477
"Paper C, phi pearson",220803.013364291
"Paper C, phi pearson",227954.418469826
"Paper C, phi pearson",222857.969386647
"Paper C, phi pearson",222822.522728298
"Paper C, phi pearson",220759.901096758
"Paper C, phi pearson",210557.799756211
"Paper C, phi pearson",221464.150303137
"Paper C, phi pearson",213406.164503313
"Paper C, phi pearson",223688.675496831
"Paper C, phi pearson",220331.060304443
"Paper C, phi pearson",216268.716463501
"Paper C, phi pearson",214939.354512888
"Paper C, phi pearson",212048.259591796
"Paper C, phi pearson",227627.272963207
"Paper C, phi pearson",220604.181539729
"Paper C, phi pearson",223657.491439492
"Paper C, phi pearson",234189.34928904
"Paper C, phi pearson",225556.870301354
"Paper C, phi pearson",220842.976884649
"Paper C, phi pearson",230730.434694177
"Paper C, phi pearson",222992.695985177
"Paper C, phi pearson",234489.894439095
"Paper C, phi pearson",215960.437630629
"Paper C, phi pearson",229019.354619154
"Paper C, phi pearson",217475.709611156
"Paper C, phi pearson",224426.136509813
"Paper C, phi pearson",227454.850531289
"Paper C, phi pearson",219898.132342334
"Paper C, phi pearson",219240.679512401
"Paper C, phi pearson",225243.570769103
"Paper C, phi pearson",228885.234938449
"Paper C, phi pearson",219148.569893776
"Paper C, phi pearson",230374.085368893
"Paper C, phi pearson",220865.57613191
"Paper C, phi pearson",223091.438662455
"Paper C, phi pearson",221370.042058736
"Paper C, phi pearson",216378.067273587
"Paper C, phi pearson",226274.503936898
"Paper C, phi pearson",211464.457981294
"Paper C, phi pearson",223468.762947257
"Paper C, phi pearson",217284.366991308
"Paper C, phi pearson",216007.296928201
"Paper C, phi pearson",226587.590385272
"Paper C, phi pearson",218456.73263724
"Paper C, phi pearson",221790.946275068
"Paper C, phi pearson",219161.124966008
"Paper C, phi pearson",218630.712133243
"Paper C, phi pearson",219868.796934379
"Paper C, phi pearson",222416.640747983
"Paper C, phi pearson",214808.180975271
"Paper C, phi pearson",217073.543552353
"Paper C, phi pearson",214077.542896878
"Paper C, phi pearson",235590.053614779
"Paper C, phi pearson",217497.031128233
"Paper C, phi pearson",229319.038682667
"Paper C, phi pearson",220753.716952086
"Paper C, phi pearson",211350.983070786
"Paper C, phi pearson",227697.107301745
"Paper C, phi pearson",216146.574430927
"Paper C, phi pearson",221171.846497939
"Paper C, phi pearson",219375.485649241
"Paper C, phi pearson",224100.042800994
"Paper C, phi pearson",217893.072097842
"Paper C, phi pearson",218518.407666013
"Paper C, phi pearson",218914.101712724
"Paper C, phi pearson",232974.946315751
"Paper C, phi pearson",221230.626008791
"Paper C, phi pearson",217157.073056798
"Paper C, phi pearson",220362.300204749
"Paper C, phi pearson",234500.497743788
"Paper C, phi pearson",220808.562163069
"Paper C, phi pearson",225336.617365974
"Paper C, phi pearson",216329.876290961
"Paper C, phi pearson",220013.486600494
"Paper C, phi pearson",224196.56823543
"Paper C, phi pearson",227247.878780059
"Paper C, phi pearson",215564.341210518
"Paper C, phi pearson",220377.983395887
"Paper C, phi pearson",215601.58015184
"Paper C, phi pearson",216106.85603905
"Paper C, phi pearson",218852.754611043
"Paper C, phi pearson",227865.652140543
"Paper C, phi pearson",212186.953877085
"Paper C, phi pearson",222191.977573381
"Paper C, phi pearson",220099.374743691
"Paper C, phi pearson",224121.443579597
"Paper C, phi pearson",225364.920896229
"Paper C, phi pearson",221167.26728717
"Paper C, phi pearson",221014.784291781
"Paper C, phi pearson",230945.459998323
"Paper C, phi pearson",215565.000272437
"Paper C, phi pearson",222543.867615581
"Paper C, phi pearson",218975.05916809
"Paper C, phi pearson",214121.325384092
"Paper C, phi pearson",221609.726444486
"Paper C, phi pearson",217974.790608438
"Paper C, phi pearson",223558.837597923
"Paper C, phi pearson",212852.862210481
"Paper C, phi pearson",219040.089803614
"Paper C, phi pearson",218777.423502437
"Paper C, phi pearson",210169.090380198
"Paper C, phi pearson",223382.861076434
"Paper C, phi pearson",215336.914517463
"Paper C, phi pearson",219870.337458609
"Paper C, phi pearson",226083.876047897
"Paper C, phi pearson",220938.147118055
"Paper C, phi pearson",218113.887060916
"Paper C, phi pearson",223766.197309238
"Paper C, phi pearson",229298.910580352
"Paper C, phi pearson",228287.161402997
"Paper C, phi pearson",216441.771281954
"Paper C, phi pearson",212879.329154604
"Paper C, phi pearson",228985.223167818
"Paper C, phi pearson",207864.415629579
"Paper C, phi pearson",210829.130403183
"Paper C, phi pearson",217480.924591476
"Paper C, phi pearson",231184.509167889
"Paper C, phi pearson",220967.637831694
"Paper C, phi pearson",221198.728738565
"Paper C, phi pearson",226127.546898621
"Paper C, phi pearson",224398.922203518
"Paper C, phi pearson",233548.310645883
"Paper C, phi pearson",222171.936327229
"Paper C, phi pearson",225790.845623218
"Paper C, phi pearson",207536.137547965
"Paper C, phi pearson",221910.068972328
"Paper C, phi pearson",220710.348177873
"Paper C, phi pearson",226163.529710642
"Paper C, phi pearson",219089.215160581
"Paper C, phi pearson",232839.421945217
"Paper C, phi pearson",222733.042238827
"Paper C, phi pearson",232657.308651275
"Paper C, phi pearson",219192.839390955
"Paper C, phi pearson",221594.423860558
"Paper C, phi pearson",229792.661605437
"Paper C, phi pearson",224023.954821511
"Paper C, phi pearson",223075.157014731
"Paper C, phi pearson",221948.299253337
"Paper C, phi pearson",218737.735866417
"Paper C, phi pearson",223591.304221267
"Paper C, phi pearson",228396.720227525
"Paper C, phi pearson",219690.23524644
"Paper C, phi pearson",225132.149741162
"Paper C, phi pearson",212513.236412416
"Paper C, phi pearson",218449.253701486
"Paper C, phi pearson",229495.551728516
"Paper C, phi pearson",228445.161811409
"Paper C, phi pearson",217669.419367503
"Paper C, phi pearson",215692.072579228
"Paper C, phi pearson",225619.296294657
"Paper C, phi pearson",222902.839511628
"Paper C, phi pearson",217215.089373193
"Paper C, phi pearson",227015.142569843
"Paper C, phi pearson",217256.098111662
"Paper C, phi pearson",221979.581376148
"Paper C, phi pearson",224643.171287755
"Paper C, phi pearson",218223.406042107
"Paper C, phi pearson",230749.907772533
"Paper C, phi pearson",219779.049886089
"Paper C, phi pearson",228191.891361111
"Paper C, phi pearson",226505.957113914
"Paper C, phi pearson",217715.164881118
"Paper C, phi pearson",222799.054430953
"Paper C, phi pearson",221916.364821941
"Paper C, phi pearson",226120.752706703
"Paper C, phi pearson",223502.869545733
"Paper C, phi pearson",225270.155545803
"Paper C, phi pearson",216180.754463662
"Paper C, phi pearson",224524.438504338
"Paper C, phi pearson",218549.591916694
"Paper C, phi pearson",221089.057973414
"Paper C, phi pearson",237934.045990875
"Paper C, phi pearson",225151.502009566
"Paper C, phi pearson",218162.177888624
"Paper C, phi pearson",226538.993497429
"Paper C, phi pearson",226975.578274289
"Paper C, phi pearson",228181.946796217
"Paper C, phi pearson",222505.313055703
"Paper C, phi pearson",214393.204471696
"Paper C, phi pearson",231820.758041537
"Paper C, phi pearson",224435.335093728
"Paper C, phi pearson",223406.481369084
"Paper C, phi pearson",222112.868097644
"Paper C, phi pearson",227773.430019785
"Paper C, phi pearson",209890.628730276
"Paper C, phi pearson",217313.270859819
"Paper C, phi pearson",230439.570498496
"Paper C, phi pearson",220460.212841243
"Paper C, phi pearson",215386.614649907
"Paper C, phi pearson",220511.261977684
"Paper C, phi pearson",219229.122271509
"Paper C, phi pearson",219136.425948915
"Paper C, phi pearson",222120.930046326
"Paper C, phi pearson",218648.430493807
"Paper C, phi pearson",227556.00913375
"Paper C, phi pearson",231096.119678948
"Paper C, phi pearson",224513.01958265
"Paper C, phi pearson",222616.515803531
"Paper C, phi pearson",219755.45386599
"Paper C, phi pearson",222041.548177705
"Paper C, phi pearson",222938.541541418
"Paper C, phi pearson",239630.952831668
"Paper C, phi pearson",228771.596623638
"Paper C, phi pearson",229460.892877224
"Paper C, phi pearson",227338.563208829
"Paper C, phi pearson",222624.410027625
"Paper C, phi pearson",232674.530539442
"Paper C, phi pearson",228847.023780978
"Paper C, phi pearson",224088.789758163
"Paper C, phi pearson",233085.100685118
"Paper C, phi pearson",224497.540020594
"Paper C, phi pearson",227476.60846703
"Paper C, phi pearson",224149.474331144
"Paper C, phi pearson",219987.597532804
"Paper C, phi pearson",233888.041553058
"Paper C, phi pearson",214654.831799751
"Paper C, phi pearson",214036.712262624
"Paper C, phi pearson",230845.203430951
"Paper C, phi pearson",210200.759123481
"Paper C, phi pearson",223896.017689686
"Paper C, phi pearson",230214.137218132
"Paper C, phi pearson",220975.069262051
"Paper C, phi pearson",224273.583006017
"Paper C, phi pearson",226148.782241254
"Paper C, phi pearson",223300.277767894
"Paper C, phi pearson",225996.708506787
"Paper C, phi pearson",224311.842952065
"Paper C, phi pearson",215184.540318484
"Paper C, phi pearson",221822.365862877
"Paper C, phi pearson",215760.440255223
"Paper C, phi pearson",219590.735788765
"Paper C, phi pearson",227374.445350171
"Paper C, phi pearson",228098.570058979
"Paper C, phi pearson",220802.669943722
"Paper C, phi pearson",219060.675010792
"Paper C, phi pearson",222923.247483735
"Paper C, phi pearson",224320.945266597
"Paper C, phi pearson",226756.20616356
"Paper C, phi pearson",220848.474495173
"Paper C, phi pearson",223195.631108134
"Paper C, phi pearson",224383.847320192
"Paper C, phi pearson",225001.345736589
"Paper C, phi pearson",208818.216931608
"Paper C, phi pearson",229264.502848925
"Paper C, phi pearson",211485.8582343
"Paper C, phi pearson",228120.69931334
"Paper C, phi pearson",220857.646371325
"Paper C, phi pearson",230019.133998536
"Paper C, phi pearson",225994.011670638
"Paper C, phi pearson",217298.692402072
"Paper C, phi pearson",223078.23832406
"Paper C, phi pearson",213724.082235759
"Paper C, phi pearson",224755.378319156
"Paper C, phi pearson",222458.098750262
"Paper C, phi pearson",214581.795143713
"Paper C, phi pearson",218393.344524872
"Paper C, phi pearson",221131.683740329
"Paper C, phi pearson",221817.654327329
"Paper C, phi pearson",220718.607373123
"Paper C, phi pearson",229210.72264713
"Paper C, phi pearson",224996.25004075
"Paper C, phi pearson",216036.217415145
"Paper C, phi pearson",215922.121798066
"Paper C, phi pearson",223505.751952491
"Paper C, phi pearson",215133.456381176
"Paper C, phi pearson",215743.133373064
"Paper C, phi pearson",219574.280749901
"Paper C, phi pearson",212728.396410035
"Paper C, phi pearson",223589.142276206
"Paper C, phi pearson",214678.910102027
"Paper C, phi pearson",225229.301227978
"Paper C, phi pearson",224054.568975675
"Paper C, phi pearson",232355.659605155
"Paper C, phi pearson",224824.647095788
"Paper C, phi pearson",211894.728851267
"Paper C, phi pearson",222869.944738341
"Paper C, phi pearson",224418.649273341
"Paper C, phi pearson",224869.414968939
"Paper C, phi pearson",217332.735773556
"Paper C, phi pearson",226786.861835625
"Paper C, phi pearson",222499.336094811
"Paper C, phi pearson",222783.463114698
"Paper C, phi pearson",227179.80142478
"Paper C, phi pearson",214678.235195634
"Paper C, phi pearson",217844.436174368
"Paper C, phi pearson",225106.238204634
"Paper C, phi pearson",219631.735530654
"Paper C, phi pearson",225320.527439498
"Paper C, phi pearson",219797.579245268
"Paper C, phi pearson",225034.893022614
"Paper C, phi pearson",227525.018858805
"Paper C, phi pearson",222946.359561609
"Paper C, phi pearson",222532.47068081
"Paper C, phi pearson",216767.879388794
"Paper C, phi pearson",224223.720481517
"Paper C, phi pearson",210713.168394262
"Paper C, phi pearson",222109.863731597
"Paper C, phi pearson",222301.954236964
"Paper C, phi pearson",217575.273633411
"Paper C, phi pearson",215324.349691317
"Paper C, phi pearson",227589.95813203
"Paper C, phi pearson",212830.904943033
"Paper C, phi pearson",215107.87641377
"Paper C, phi pearson",217931.207467294
"Paper C, phi pearson",216929.447901234
"Paper C, phi pearson",233443.852023105
"Paper C, phi pearson",228546.99181905
"Paper C, phi pearson",223455.230434163
"Paper C, phi pearson",211441.037169383
"Paper C, phi pearson",233185.777838706
"Paper C, phi pearson",222700.089203521
"Paper C, phi pearson",224661.50992593
"Paper C, phi pearson",221476.830864778
"Paper C, phi pearson",220576.568351103
"Paper C, phi pearson",210657.876630029
"Paper C, phi pearson",212515.157919746
"Paper C, phi pearson",216941.089981078
"Paper C, phi pearson",224842.515641731
"Paper C, phi pearson",217224.360280338
"Paper C, phi pearson",219463.204710177
"Paper C, phi pearson",230505.184131267
"Paper C, phi pearson",216543.458015434
"Paper C, phi pearson",227550.972524796
"Paper C, phi pearson",221083.769748913
"Paper C, phi pearson",224292.602014802
"Paper C, phi pearson",219609.852461631
"Paper C, phi pearson",226852.487037794
"Paper C, phi pearson",217004.024647832
"Paper C, phi pearson",218630.323017938
"Paper C, phi pearson",225167.991172908
"Paper C, phi pearson",219043.2263313
"Paper C, phi pearson",224194.558831644
"Paper C, phi pearson",232394.173126555
"Paper C, phi pearson",229646.672341226
"Paper C, phi pearson",226656.993226538
"Paper C, phi pearson",214387.925922059
"Paper C, phi pearson",226484.81897822
"Paper C, phi pearson",215844.905626472
"Paper C, phi pearson",224191.046600606
"Paper C, phi pearson",221206.963242607
"Paper C, phi pearson",221073.899651287
"Paper C, phi pearson",214433.029617702
"Paper C, phi pearson",218526.972037048
"Paper C, phi pearson",216388.050492883
"Paper C, phi pearson",222469.397709241
"Paper C, phi pearson",217302.763332464
"Paper C, phi pearson",223712.407046016
"Paper C, phi pearson",217637.830138637
"Paper C, phi pearson",215213.904121403
"Paper C, phi pearson",229138.609690149
"Paper C, phi pearson",224667.057238353
"Paper C, phi pearson",216611.475899003
"Paper C, phi pearson",235436.331046045
"Paper C, phi pearson",224150.570194621
"Paper C, phi pearson",227516.562263258
"Paper C, phi pearson",225555.356769834
"Paper C, phi pearson",214899.591693949
"Paper C, phi pearson",230068.226399923
"Paper C, phi pearson",227222.385502297
"Paper C, phi pearson",220693.447992006
"Paper C, phi pearson",218909.564543492
"Paper C, phi pearson",224913.429817664
"Paper C, phi pearson",229920.234091343
"Paper C, phi pearson",218447.007133549
"Paper C, phi pearson",221418.264045802
"Paper C, phi pearson",222222.135986363
"Paper C, phi pearson",229407.982502323
"Paper C, phi pearson",222719.621481878
"Paper C, phi pearson",222173.701321513
"Paper C, phi pearson",225590.554437132
"Paper C, phi pearson",208941.791867894
"Paper C, phi pearson",224819.324449941
"Paper C, phi pearson",227891.346503272
"Paper C, phi pearson",219176.04271216
"Paper C, phi pearson",223737.738515236
"Paper C, phi pearson",226122.949255591
"Paper C, phi pearson",228991.660813277
"Paper C, phi pearson",219030.084110944
"Paper C, phi pearson",219272.580429503
"Paper C, phi pearson",220667.889372804
"Paper C, phi pearson",219210.140708498
"Paper C, phi pearson",218511.786866374
"Paper C, phi pearson",223439.145737222
"Paper C, phi pearson",221750.087015889
"Paper C, phi pearson",222645.389731753
"Paper C, phi pearson",218378.478573653
"Paper C, phi pearson",225029.446367766
"Paper C, phi pearson",218205.740132273
"Paper C, phi pearson",232348.100269751
"Paper C, phi pearson",226207.322078866
"Paper C, phi pearson",219978.635157903
"Paper C, phi pearson",231370.051146365
"Paper C, phi pearson",223759.951509289
"Paper C, phi pearson",220905.214871507
"Paper C, phi pearson",211199.687585347
"Paper C, phi pearson",223374.688278726
"Paper C, phi pearson",219033.935089951
"Paper C, phi pearson",219750.470381149
"Paper C, phi pearson",221698.506832863
"Paper C, phi pearson",214072.043382294
"Paper C, phi pearson",212975.546598865
"Paper C, phi pearson",222117.730990629
"Paper C, phi pearson",230213.157501554
"Paper C, phi pearson",224276.248746837
"Paper C, phi pearson",230175.70209332
"Paper C, phi pearson",225418.594148506
"Paper C, phi pearson",223830.689235109
"Paper C, phi pearson",223108.582212515
"Paper C, phi pearson",219601.408328596
"Paper C, phi pearson",222424.975599886
"Paper C, phi pearson",220212.812834799
"Paper C, phi pearson",232761.715082478
"Paper C, phi pearson",216511.270516946
"Paper C, phi pearson",227531.927878305
"Paper C, phi pearson",220816.769008664
"Paper C, phi pearson",210495.123877865
"Paper C, phi pearson",238201.927244064
"Paper C, phi pearson",217428.929753325
"Paper C, phi pearson",213848.272036685
"Paper C, phi pearson",213711.823863259
"Paper C, phi pearson",219639.814417784
"Paper C, phi pearson",221629.320168858
"Paper C, phi pearson",230150.129732387
"Paper C, phi pearson",218791.782432136
"Paper C, phi pearson",227035.17484397
"Paper C, phi pearson",216292.343772447
"Paper C, phi pearson",225230.149863077
"Paper C, phi pearson",223415.087053583
"Paper C, phi pearson",220569.367342252
"Paper C, phi pearson",219242.318478989
"Paper C, phi pearson",226348.40501639
"Paper C, phi pearson",222845.284180667
"Paper C, phi pearson",209469.525157881
"Paper C, phi pearson",225441.972478407
"Paper C, phi pearson",215213.627659178
"Paper C, phi pearson",231120.558127385
"Paper C, phi pearson",225756.139434892
"Paper C, phi pearson",221824.951533596
"Paper C, phi pearson",224811.590924502
"Paper C, phi pearson",224797.76606935
"Paper C, phi pearson",224661.727934469
"Paper C, phi pearson",221562.902968621
"Paper C, phi pearson",213893.066299864
"Paper C, phi pearson",217533.89424082
"Paper C, phi pearson",217031.292210805
"Paper C, phi pearson",218735.706992598
"Paper C, phi pearson",220798.441299856
"Paper C, phi pearson",231564.981585185
"Paper C, phi pearson",223971.108373997
"Paper C, phi pearson",224505.789280687
"Paper C, phi pearson",219883.595059759
"Paper C, phi pearson",226212.913827931
"Paper C, phi pearson",217251.73558209
"Paper C, phi pearson",229282.602728654
"Paper C, phi pearson",221551.715590972
"Paper C, phi pearson",230442.184238153
"Paper C, phi pearson",228141.829358963
"Paper C, phi pearson",222990.912043831
"Paper C, phi pearson",225422.797148757
"Paper C, phi pearson",224022.910605875
"Paper C, phi pearson",222145.316979921
"Paper C, phi pearson",220676.334537131
"Paper C, phi pearson",234710.689410737
"Paper C, phi pearson",224935.797600857
"Paper C, phi pearson",218946.052651847
"Paper C, phi pearson",220922.084714446
"Paper C, phi pearson",220906.41201827
"Paper C, phi pearson",207918.800597767
"Paper C, phi pearson",220433.357465838
"Paper C, phi pearson",222474.704392009
"Paper C, phi pearson",221826.564266564
"Paper C, phi pearson",218658.278393415
"Paper C, phi pearson",228312.298789634
"Paper C, phi pearson",221051.178988195
"Paper C, phi pearson",225650.964593483
"Paper C, phi pearson",228290.655858375
"Paper C, phi pearson",226208.089346745
"Paper C, phi pearson",223848.942738978
"Paper C, phi pearson",222497.338115709
"Paper C, phi pearson",226313.889245669
"Paper C, phi pearson",226273.940826128
"Paper C, phi pearson",224098.350225307
"Paper C, phi pearson",220906.482967834
"Paper C, phi pearson",228581.406893513
"Paper C, phi pearson",218184.760577908
"Paper C, phi pearson",222838.147634075
"Paper C, phi pearson",224540.475143651
"Paper C, phi pearson",228004.150355447
"Paper C, phi pearson",215458.333042147
"Paper C, phi pearson",220227.279874348
"Paper C, phi pearson",221753.916664355
"Paper C, phi pearson",219731.780399285
"Paper C, phi pearson",220567.07260947
"Paper C, phi deviance",228725.439914154
"Paper C, phi deviance",221598.337608011
"Paper C, phi deviance",215459.112005152
"Paper C, phi deviance",222114.54318466
"Paper C, phi deviance",221555.696279354
"Paper C, phi deviance",213323.431311232
"Paper C, phi deviance",228075.003592308
"Paper C, phi deviance",218574.843170196
"Paper C, phi deviance",220154.788855007
"Paper C, phi deviance",217553.158208519
"Paper C, phi deviance",224376.342793916
"Paper C, phi deviance",227970.805075653
"Paper C, phi deviance",216155.649994936
"Paper C, phi deviance",210595.181205438
"Paper C, phi deviance",229555.943634814
"Paper C, phi deviance",230105.16194245
"Paper C, phi deviance",228057.618303691
"Paper C, phi deviance",227099.675208083
"Paper C, phi deviance",221270.132968875
"Paper C, phi deviance",227442.573002583
"Paper C, phi deviance",214502.204877409
"Paper C, phi deviance",217943.270772395
"Paper C, phi deviance",214856.299949488
"Paper C, phi deviance",223077.652315363
"Paper C, phi deviance",230934.14247692
"Paper C, phi deviance",233222.782958048
"Paper C, phi deviance",221251.180746208
"Paper C, phi deviance",213302.691394459
"Paper C, phi deviance",213251.566013502
"Paper C, phi deviance",227220.027032618
"Paper C, phi deviance",220224.639473459
"Paper C, phi deviance",222235.844365348
"Paper C, phi deviance",219736.896054017
"Paper C, phi deviance",221097.559044305
"Paper C, phi deviance",224296.249963804
"Paper C, phi deviance",224563.478049074
"Paper C, phi deviance",222624.895409097
"Paper C, phi deviance",222122.632441125
"Paper C, phi deviance",221815.460860371
"Paper C, phi deviance",217800.609097792
"Paper C, phi deviance",222107.743655483
"Paper C, phi deviance",223670.838281255
"Paper C, phi deviance",208273.144942638
"Paper C, phi deviance",214091.643681485
"Paper C, phi deviance",226353.216182551
"Paper C, phi deviance",218156.710891015
"Paper C, phi deviance",222474.433123337
"Paper C, phi deviance",220749.376284468
"Paper C, phi deviance",227880.148238666
"Paper C, phi deviance",232468.719626413
"Paper C, phi deviance",226346.36907095
"Paper C, phi deviance",225725.896957505
"Paper C, phi deviance",225820.574022874
"Paper C, phi deviance",220992.993672558
"Paper C, phi deviance",216383.653864217
"Paper C, phi deviance",225409.121590631
"Paper C, phi deviance",222254.817849951
"Paper C, phi deviance",218974.700702734
"Paper C, phi deviance",214618.665508173
"Paper C, phi deviance",228665.30859673
"Paper C, phi deviance",226277.03098626
"Paper C, phi deviance",219336.913881141
"Paper C, phi deviance",228741.986447515
"Paper C, phi deviance",228153.181632743
"Paper C, phi deviance",220015.967417766
"Paper C, phi deviance",224055.835435388
"Paper C, phi deviance",220293.522472154
"Paper C, phi deviance",215923.945458845
"Paper C, phi deviance",215271.966582522
"Paper C, phi deviance",219080.601145606
"Paper C, phi deviance",229939.70562659
"Paper C, phi deviance",227480.158928133
"Paper C, phi deviance",226458.884396808
"Paper C, phi deviance",237398.854552471
"Paper C, phi deviance",231597.578347732
"Paper C, phi deviance",225884.814140852
"Paper C, phi deviance",232283.28095761
"Paper C, phi deviance",211227.336390115
"Paper C, phi deviance",229385.874833691
"Paper C, phi deviance",228055.333734607
"Paper C, phi deviance",217176.719177559
"Paper C, phi deviance",224056.17271598
"Paper C, phi deviance",226314.365882622
"Paper C, phi deviance",217686.803805924
"Paper C, phi deviance",220845.635690784
"Paper C, phi deviance",216604.911253362
"Paper C, phi deviance",222905.826868016
"Paper C, phi deviance",219085.877944272
"Paper C, phi deviance",224763.806604784
"Paper C, phi deviance",227670.775654981
"Paper C, phi deviance",224214.082044115
"Paper C, phi deviance",228328.613634643
"Paper C, phi deviance",217328.810261878
"Paper C, phi deviance",223862.396299055
"Paper C, phi deviance",226149.05887523
"Paper C, phi deviance",224140.165922804
"Paper C, phi deviance",222399.114314872
"Paper C, phi deviance",221737.409622675
"Paper C, phi deviance",221395.019624734
"Paper C, phi deviance",221539.771268934
"Paper C, phi deviance",217836.898550523
"Paper C, phi deviance",219813.193248818
"Paper C, phi deviance",223906.689077837
"Paper C, phi deviance",222382.250658483
"Paper C, phi deviance",215226.701823852
"Paper C, phi deviance",216139.268694565
"Paper C, phi deviance",225147.040437441
"Paper C, phi deviance",214395.141356621
"Paper C, phi deviance",224332.137330875
"Paper C, phi deviance",231051.662258329
"Paper C, phi deviance",224312.838040212
"Paper C, phi deviance",220747.03814814
"Paper C, phi deviance",214123.874439825
"Paper C, phi deviance",230316.252226694
"Paper C, phi deviance",219292.730074452
"Paper C, phi deviance",229145.683742317
"Paper C, phi deviance",221265.310270456
"Paper C, phi deviance",227338.859557698
"Paper C, phi deviance",219954.375756014
"Paper C, phi deviance",225378.89442421
"Paper C, phi deviance",223020.524833995
"Paper C, phi deviance",224910.259173089
"Paper C, phi deviance",222950.528754492
"Paper C, phi deviance",219886.046456744
"Paper C, phi deviance",223286.434141751
"Paper C, phi deviance",221572.238492412
"Paper C, phi deviance",217844.273629226
"Paper C, phi deviance",223891.942882836
"Paper C, phi deviance",220395.17206143
"Paper C, phi deviance",216706.614200986
"Paper C, phi deviance",217567.320433858
"Paper C, phi deviance",228183.898477269
"Paper C, phi deviance",220583.97245261
"Paper C, phi deviance",223149.039513631
"Paper C, phi deviance",224637.292971843
"Paper C, phi deviance",209717.659684889
"Paper C, phi deviance",225297.596934808
"Paper C, phi deviance",226509.235067413
"Paper C, phi deviance",213150.443193524
"Paper C, phi deviance",229638.509936842
"Paper C, phi deviance",221558.092850419
"Paper C, phi deviance",230505.30774483
"Paper C, phi deviance",213451.723567846
"Paper C, phi deviance",225252.692459771
"Paper C, phi deviance",217262.196015869
"Paper C, phi deviance",237120.716082102
"Paper C, phi deviance",223931.284462397
"Paper C, phi deviance",215768.93322521
"Paper C, phi deviance",218778.782169764
"Paper C, phi deviance",225621.698202169
"Paper C, phi deviance",229008.436774678
"Paper C, phi deviance",213407.231169384
"Paper C, phi deviance",214395.407634916
"Paper C, phi deviance",231497.56667705
"Paper C, phi deviance",230452.190124941
"Paper C, phi deviance",218659.400640859
"Paper C, phi deviance",222269.746984466
"Paper C, phi deviance",224648.193111006
"Paper C, phi deviance",240133.061358362
"Paper C, phi deviance",226410.441838754
"Paper C, phi deviance",236779.998120156
"Paper C, phi deviance",220359.990755367
"Paper C, phi deviance",222264.714129211
"Paper C, phi deviance",226538.664276462
"Paper C, phi deviance",228861.691463945
"Paper C, phi deviance",225630.927100063
"Paper C, phi deviance",221785.990771214
"Paper C, phi deviance",227090.703207854
"Paper C, phi deviance",225927.610605405
"Paper C, phi deviance",223387.818408686
"Paper C, phi deviance",215255.314853729
"Paper C, phi deviance",216363.102771972
"Paper C, phi deviance",216000.307246021
"Paper C, phi deviance",226399.105552057
"Paper C, phi deviance",217425.048267575
"Paper C, phi deviance",229720.78969718
"Paper C, phi deviance",216181.535290039
"Paper C, phi deviance",220107.325434454
"Paper C, phi deviance",220960.256451996
"Paper C, phi deviance",224861.031078314
"Paper C, phi deviance",220165.809281764
"Paper C, phi deviance",218502.530881171
"Paper C, phi deviance",221605.031736082
"Paper C, phi deviance",225561.898047383
"Paper C, phi deviance",221905.917400001
"Paper C, phi deviance",227466.354354839
"Paper C, phi deviance",219846.790033963
"Paper C, phi deviance",226700.853262634
"Paper C, phi deviance",220273.464269098
"Paper C, phi deviance",219100.483490175
"Paper C, phi deviance",226908.931866172
"Paper C, phi deviance",224830.670102798
"Paper C, phi deviance",220427.158239356
"Paper C, phi deviance",215752.707229483
"Paper C, phi deviance",226984.444907343
"Paper C, phi deviance",214941.607020292
"Paper C, phi deviance",231933.073340105
"Paper C, phi deviance",224316.519677414
"Paper C, phi deviance",223366.755655463
"Paper C, phi deviance",225104.783131242
"Paper C, phi deviance",223807.197690049
"Paper C, phi deviance",232494.403969125
"Paper C, phi deviance",217542.144395959
"Paper C, phi deviance",220908.42097613
"Paper C, phi deviance",220192.039566886
"Paper C, phi deviance",227842.948591558
"Paper C, phi deviance",223376.899326974
"Paper C, phi deviance",217959.809722243
"Paper C, phi deviance",207297.127838317
"Paper C, phi deviance",224579.223488687
"Paper C, phi deviance",226718.85767679
"Paper C, phi deviance",218580.320273301
"Paper C, phi deviance",221644.078801186
"Paper C, phi deviance",224471.301903692
"Paper C, phi deviance",216220.041418206
"Paper C, phi deviance",224206.00984111
"Paper C, phi deviance",234412.540891422
"Paper C, phi deviance",230431.628581755
"Paper C, phi deviance",218989.717546631
"Paper C, phi deviance",218014.338617284
"Paper C, phi deviance",218385.35965091
"Paper C, phi deviance",223973.756178671
"Paper C, phi deviance",217460.477204145
"Paper C, phi deviance",226599.016355178
"Paper C, phi deviance",221517.144849698
"Paper C, phi deviance",228939.635966521
"Paper C, phi deviance",223120.853661969
"Paper C, phi deviance",223662.819288877
"Paper C, phi deviance",215366.946961644
"Paper C, phi deviance",217454.783476332
"Paper C, phi deviance",215316.642270414
"Paper C, phi deviance",217189.967406752
"Paper C, phi deviance",226905.083742342
"Paper C, phi deviance",224575.978774567
"Paper C, phi deviance",232401.836095887
"Paper C, phi deviance",221050.015722958
"Paper C, phi deviance",215039.568739972
"Paper C, phi deviance",222042.915113514
"Paper C, phi deviance",222928.660865393
"Paper C, phi deviance",217767.983374534
"Paper C, phi deviance",227830.415532994
"Paper C, phi deviance",227711.583465676
"Paper C, phi deviance",235798.688022233
"Paper C, phi deviance",225674.05647456
"Paper C, phi deviance",222770.292100709
"Paper C, phi deviance",221102.460431526
"Paper C, phi deviance",226396.654960843
"Paper C, phi deviance",223814.661174379
"Paper C, phi deviance",224653.267176618
"Paper C, phi deviance",212570.739315123
"Paper C, phi deviance",226698.782546977
"Paper C, phi deviance",219945.039109552
"Paper C, phi deviance",216422.65266371
"Paper C, phi deviance",214104.044871005
"Paper C, phi deviance",215070.24819423
"Paper C, phi deviance",233615.654565165
"Paper C, phi deviance",222375.8450189
"Paper C, phi deviance",214532.461052919
"Paper C, phi deviance",220619.321701522
"Paper C, phi deviance",219132.064340546
"Paper C, phi deviance",219329.033917107
"Paper C, phi deviance",224544.314490938
"Paper C, phi deviance",214463.628699535
"Paper C, phi deviance",222241.997784826
"Paper C, phi deviance",214482.830939226
"Paper C, phi deviance",220542.897726241
"Paper C, phi deviance",223741.960190225
"Paper C, phi deviance",222435.849775103
"Paper C, phi deviance",221337.148987357
"Paper C, phi deviance",232659.786304474
"Paper C, phi deviance",222739.01416288
"Paper C, phi deviance",224716.992477557
"Paper C, phi deviance",227199.887443989
"Paper C, phi deviance",215758.843135037
"Paper C, phi deviance",226086.32277087
"Paper C, phi deviance",218649.559592627
"Paper C, phi deviance",229277.038790137
"Paper C, phi deviance",214620.037914607
"Paper C, phi deviance",226230.319761339
"Paper C, phi deviance",221705.058422615
"Paper C, phi deviance",219566.026645096
"Paper C, phi deviance",224682.334168838
"Paper C, phi deviance",226942.901819698
"Paper C, phi deviance",226309.86756813
"Paper C, phi deviance",222439.750807942
"Paper C, phi deviance",219069.30027691
"Paper C, phi deviance",215398.34139786
"Paper C, phi deviance",228461.883793482
"Paper C, phi deviance",220400.037886738
"Paper C, phi deviance",230426.009288703
"Paper C, phi deviance",224743.231411284
"Paper C, phi deviance",210295.272762841
"Paper C, phi deviance",220732.863080796
"Paper C, phi deviance",214903.605515736
"Paper C, phi deviance",225244.801658433
"Paper C, phi deviance",232576.963520807
"Paper C, phi deviance",229035.012533811
"Paper C, phi deviance",223568.157495586
"Paper C, phi deviance",219371.717838796
"Paper C, phi deviance",228338.536586168
"Paper C, phi deviance",230883.028739698
"Paper C, phi deviance",226522.714110686
"Paper C, phi deviance",226570.558665231
"Paper C, phi deviance",211683.498318892
"Paper C, phi deviance",221796.388088481
"Paper C, phi deviance",222800.168169915
"Paper C, phi deviance",216029.99773327
"Paper C, phi deviance",220197.485342629
"Paper C, phi deviance",223698.47558298
"Paper C, phi deviance",227131.221176356
"Paper C, phi deviance",215906.216558287
"Paper C, phi deviance",219715.763096536
"Paper C, phi deviance",216978.805627315
"Paper C, phi deviance",210094.160774899
"Paper C, phi deviance",221251.403615445
"Paper C, phi deviance",221790.448675642
"Paper C, phi deviance",215801.484522172
"Paper C, phi deviance",217990.986001871
"Paper C, phi deviance",225359.1409127
"Paper C, phi deviance",223661.761882874
"Paper C, phi deviance",218662.12549612
"Paper C, phi deviance",223532.304516169
"Paper C, phi deviance",220612.382429318
"Paper C, phi deviance",227139.038934105
"Paper C, phi deviance",226570.913065204
"Paper C, phi deviance",219082.831861811
"Paper C, phi deviance",226332.090490975
"Paper C, phi deviance",217038.571242489
"Paper C, phi deviance",222458.935296506
"Paper C, phi deviance",222616.817854281
"Paper C, phi deviance",214621.404077457
"Paper C, phi deviance",227419.824235453
"Paper C, phi deviance",221104.974792532
"Paper C, phi deviance",220834.683424134
"Paper C, phi deviance",232006.795040664
"Paper C, phi deviance",225188.002996836
"Paper C, phi deviance",223019.629018326
"Paper C, phi deviance",219358.452900285
"Paper C, phi deviance",222546.437381572
"Paper C, phi deviance",221107.626359421
"Paper C, phi deviance",219872.469231584
"Paper C, phi deviance",227182.009286046
"Paper C, phi deviance",219523.043581076
"Paper C, phi deviance",226710.882046488
"Paper C, phi deviance",224839.142265626
"Paper C, phi deviance",222249.156342954
"Paper C, phi deviance",220647.708890897
"Paper C, phi deviance",225695.714794726
"Paper C, phi deviance",215577.608781287
"Paper C, phi deviance",229117.070093067
"Paper C, phi deviance",218641.569486607
"Paper C, phi deviance",227635.944962806
"Paper C, phi deviance",225967.549092913
"Paper C, phi deviance",217595.64482066
"Paper C, phi deviance",217752.240141326
"Paper C, phi deviance",219043.77381641
"Paper C, phi deviance",222318.703162269
"Paper C, phi deviance",220436.710547641
"Paper C, phi deviance",212428.66930882
"Paper C, phi deviance",222790.377836048
"Paper C, phi deviance",220225.854123677
"Paper C, phi deviance",225425.037930852
"Paper C, phi deviance",223166.600558668
"Paper C, phi deviance",228608.18610374
"Paper C, phi deviance",225115.795039571
"Paper C, phi deviance",222078.693997421
"Paper C, phi deviance",222960.518928293
"Paper C, phi deviance",218937.233647729
"Paper C, phi deviance",224894.014733869
"Paper C, phi deviance",217175.902500559
"Paper C, phi deviance",218901.986306982
"Paper C, phi deviance",229312.547331096
"Paper C, phi deviance",213042.856427475
"Paper C, phi deviance",224272.698208285
"Paper C, phi deviance",212496.786305708
"Paper C, phi deviance",220504.143482541
"Paper C, phi deviance",221276.443665422
"Paper C, phi deviance",218183.28761482
"Paper C, phi deviance",222639.760032351
"Paper C, phi deviance",224716.210202503
"Paper C, phi deviance",223621.222461824
"Paper C, phi deviance",227091.648892572
"Paper C, phi deviance",232973.028786942
"Paper C, phi deviance",233223.133679454
"Paper C, phi deviance",217900.567691589
"Paper C, phi deviance",228123.4387983
"Paper C, phi deviance",218772.678393945
"Paper C, phi deviance",226166.108732473
"Paper C, phi deviance",218100.564201508
"Paper C, phi deviance",223300.547225114
"Paper C, phi deviance",213501.43095863
"Paper C, phi deviance",225829.088053098
"Paper C, phi deviance",227182.611441744
"Paper C, phi deviance",215638.967215636
"Paper C, phi deviance",224645.319141834
"Paper C, phi deviance",221278.163312764
"Paper C, phi deviance",228000.08986899
"Paper C, phi deviance",219812.931971061
"Paper C, phi deviance",222118.994844154
"Paper C, phi deviance",220886.637595022
"Paper C, phi deviance",220771.364742439
"Paper C, phi deviance",225286.924666713
"Paper C, phi deviance",226222.637044993
"Paper C, phi deviance",225770.301125464
"Paper C, phi deviance",227743.537969998
"Paper C, phi deviance",224274.34344782
"Paper C, phi deviance",228767.006937204
"Paper C, phi deviance",232985.084571741
"Paper C, phi deviance",233792.778167198
"Paper C, phi deviance",215128.374906431
"Paper C, phi deviance",218118.064975907
"Paper C, phi deviance",222260.704666104
"Paper C, phi deviance",227882.129553446
"Paper C, phi deviance",222177.981955829
"Paper C, phi deviance",220945.92587067
"Paper C, phi deviance",227403.862272046
"Paper C, phi deviance",222494.655085706
"Paper C, phi deviance",220436.61542446
"Paper C, phi deviance",216420.928397567
"Paper C, phi deviance",220420.096180116
"Paper C, phi deviance",215097.595491257
"Paper C, phi deviance",227070.528973558
"Paper C, phi deviance",214094.969348986
"Paper C, phi deviance",221458.935438654
"Paper C, phi deviance",213722.680379602
"Paper C, phi deviance",231673.229451297
"Paper C, phi deviance",222416.337093611
"Paper C, phi deviance",225006.117164557
"Paper C, phi deviance",223267.481672462
"Paper C, phi deviance",222421.684028176
"Paper C, phi deviance",218616.226836539
"Paper C, phi deviance",230384.229807565
"Paper C, phi deviance",221703.117274177
"Paper C, phi deviance",226811.514376125
"Paper C, phi deviance",220429.909603099
"Paper C, phi deviance",217962.378356389
"Paper C, phi deviance",219288.269796875
"Paper C, phi deviance",212748.914608136
"Paper C, phi deviance",230572.375929169
"Paper C, phi deviance",222216.435870576
"Paper C, phi deviance",216563.240347362
"Paper C, phi deviance",225597.639344336
"Paper C, phi deviance",211512.783677032
"Paper C, phi deviance",215071.281373198
"Paper C, phi deviance",221691.169856911
"Paper C, phi deviance",218387.710728634
"Paper C, phi deviance",222138.022291959
"Paper C, phi deviance",221775.534132062
"Paper C, phi deviance",217727.641539182
"Paper C, phi deviance",223168.111422654
"Paper C, phi deviance",214691.886576727
"Paper C, phi deviance",220671.783683015
"Paper C, phi deviance",233053.569792803
"Paper C, phi deviance",223151.182325561
"Paper C, phi deviance",223520.142000792
"Paper C, phi deviance",215952.667748784
"Paper C, phi deviance",218860.646817472
"Paper C, phi deviance",228817.008953134
"Paper C, phi deviance",219475.653568868
"Paper C, phi deviance",230931.150691347
"Paper C, phi deviance",225492.916554757
"Paper C, phi deviance",230757.243939857
"Paper C, phi deviance",227091.543069042
"Paper C, phi deviance",233531.14410444
"Paper C, phi deviance",226381.561075607
"Paper C, phi deviance",212554.934599898
"Paper C, phi deviance",219780.563542144
"Paper C, phi deviance",227573.964788214
"Paper C, phi deviance",223950.201142525
"Paper C, phi deviance",217152.252829972
"Paper C, phi deviance",229291.316439099
"Paper C, phi deviance",230471.730735719
"Paper C, phi deviance",220115.62435052
"Paper C, phi deviance",212000.042410412
"Paper C, phi deviance",222386.58938932
"Paper C, phi deviance",217903.686906489
"Paper C, phi deviance",224749.149500818
"Paper C, phi deviance",217892.480705789
"Paper C, phi deviance",223412.568902058
"Paper C, phi deviance",219892.12356983
"Paper C, phi deviance",226375.136117672
"Paper C, phi deviance",226953.146835379
"Paper C, phi deviance",219871.998654401
"Paper C, phi deviance",222541.838790173
"Paper C, phi deviance",223822.737561441
"Paper C, phi deviance",224746.737186527
"Paper C, phi deviance",228279.166512972
"Paper C, phi deviance",220772.735483378
"Paper C, phi deviance",223842.993805317
"Paper C, phi deviance",225347.096481301
"Paper C, phi deviance",224219.004875085
"Paper C, phi deviance",220885.199228748
"Paper C, phi deviance",221201.619060306
"Paper C, phi deviance",235961.941018246
"Paper C, phi deviance",227713.759264427
"Paper C, phi deviance",219676.083036371
"Paper C, phi deviance",216582.460139742
"Paper C, phi deviance",221702.47618669
"Paper C, phi deviance",224627.001938645
"Paper C, phi deviance",215292.479507481
"Paper C, phi deviance",224058.985642673
"Paper C, phi deviance",220160.002197396
"Paper C, phi deviance",217285.368883288
"Paper C, phi deviance",221248.096633184
"Paper C, phi deviance",224211.48563053
"Paper C, phi deviance",224380.183530223
"Paper C, phi deviance",226252.37565618
"Paper C, phi deviance",218798.969816611
"Paper C, phi deviance",224603.072502634
"Paper C, phi deviance",223714.42941547
"Paper C, phi deviance",219978.869730561
"Paper C, phi deviance",230497.493686065
"Paper C, phi deviance",219945.19864994
"Paper C, phi deviance",217260.143762732
"Paper C, phi deviance",224479.025115631
"Paper C, phi deviance",221733.317019701
"Paper C, phi deviance",215661.145675243
"Paper C, phi deviance",221645.415472546
"Paper C, phi deviance",220547.226227143
"Paper C, phi deviance",220307.052718385
"Paper C, phi deviance",223010.26567143
"Paper C, phi deviance",218753.371217621
"Paper C, phi deviance",222087.491792123
"Paper C, phi deviance",213658.717327271
"Paper C, phi deviance",229407.791205532
"Paper C, phi deviance",222284.223650702
"Paper C, phi deviance",210242.704735116
"Paper C, phi deviance",210889.205541235
"Paper C, phi deviance",225317.462695624
"Paper C, phi deviance",219499.669848605
"Paper C, phi deviance",225040.958061929
"Paper C, phi deviance",226017.041341598
"Paper C, phi deviance",229797.280346383
"Paper C, phi deviance",228305.436864249
"Paper C, phi deviance",224299.133397967
"Paper C, phi deviance",216185.202054871
"Paper C, phi deviance",212915.352971089
"Paper C, phi deviance",220584.377280531
"Paper C, phi deviance",219892.823298229
"Paper C, phi deviance",226049.149047027
"Paper C, phi deviance",225718.335801501
"Paper C, phi deviance",214380.316221499
"Paper C, phi deviance",218061.314595187
"Paper C, phi deviance",227874.33127846
"Paper C, phi deviance",222101.137771337
"Paper C, phi deviance",218875.822789799
"Paper C, phi deviance",220701.318863054
"Paper C, phi deviance",218714.476387113
"Paper C, phi deviance",218177.762452474
"Paper C, phi deviance",225301.833887513
"Paper C, phi deviance",219947.868537709
"Paper C, phi deviance",217673.036528743
"Paper C, phi deviance",219534.092878057
"Paper C, phi deviance",236003.59369369
"Paper C, phi deviance",217390.327604797
"Paper C, phi deviance",222274.972235987
"Paper C, phi deviance",223373.74340077
"Paper C, phi deviance",217204.658219458
"Paper C, phi deviance",219116.589743159
"Paper C, phi deviance",230619.14907825
"Paper C, phi deviance",217589.140108113
"Paper C, phi deviance",230876.747885861
"Paper C, phi deviance",217357.469055079
"Paper C, phi deviance",225245.923953902
"Paper C, phi deviance",222275.869298519
"Paper C, phi deviance",222894.542665782
"Paper C, phi deviance",226913.581126808
"Paper C, phi deviance",227607.949501029
"Paper C, phi deviance",223892.610049108
"Paper C, phi deviance",222467.865127727
"Paper C, phi deviance",216826.039465929
"Paper C, phi deviance",226401.408935117
"Paper C, phi deviance",230583.678877751
"Paper C, phi deviance",232065.041004977
"Paper C, phi deviance",222859.006440398
"Paper C, phi deviance",226374.377297356
"Paper C, phi deviance",228758.657333909
"Paper C, phi deviance",216533.849894394
"Paper C, phi deviance",218988.980721738
"Paper C, phi deviance",217670.592294537
"Paper C, phi deviance",218891.814537492
"Paper C, phi deviance",222012.360588486
"Paper C, phi deviance",218486.688607743
"Paper C, phi deviance",217541.072077005
"Paper C, phi deviance",220730.397149263
"Paper C, phi deviance",224631.346237811
"Paper C, phi deviance",234241.617854747
"Paper C, phi deviance",212437.089439575
"Paper C, phi deviance",229244.024693633
"Paper C, phi deviance",218642.076688887
"Paper C, phi deviance",216595.856337003
"Paper C, phi deviance",226312.497598132
"Paper C, phi deviance",213239.46690694
"Paper C, phi deviance",220051.818994769
"Paper C, phi deviance",223734.011893246
"Paper C, phi deviance",225495.62195357
"Paper C, phi deviance",228810.598793199
"Paper C, phi deviance",216951.389884442
"Paper C, phi deviance",222711.597264368
"Paper C, phi deviance",217934.669211054
"Paper C, phi deviance",222728.171065776
"Paper C, phi deviance",221412.742878236
"Paper C, phi deviance",210563.757249991
"Paper C, phi deviance",208644.805687852
"Paper C, phi deviance",218523.476249632
"Paper C, phi deviance",219694.720930442
"Paper C, phi deviance",218348.706642726
"Paper C, phi deviance",218552.787030386
"Paper C, phi deviance",216334.177738389
"Paper C, phi deviance",217971.943616102
"Paper C, phi deviance",227469.254560707
"Paper C, phi deviance",226779.168342401
"Paper C, phi deviance",225694.57165401
"Paper C, phi deviance",215580.994094598
"Paper C, phi deviance",225233.646007356
"Paper C, phi deviance",215599.171655994
"Paper C, phi deviance",221470.841363229
"Paper C, phi deviance",224133.26947836
"Paper C, phi deviance",226135.232585702
"Paper C, phi deviance",221800.957410413
"Paper C, phi deviance",217968.943462874
"Paper C, phi deviance",217043.854147116
"Paper C, phi deviance",224670.964429358
"Paper C, phi deviance",225650.294043869
"Paper C, phi deviance",233495.638095702
"Paper C, phi deviance",226573.033070064
"Paper C, phi deviance",217609.123305629
"Paper C, phi deviance",218781.167347369
"Paper C, phi deviance",228606.250094444
"Paper C, phi deviance",232681.637593735
"Paper C, phi deviance",226096.744991898
"Paper C, phi deviance",212073.383723915
"Paper C, phi deviance",220274.046461834
"Paper C, phi deviance",220828.191677187
"Paper C, phi deviance",221170.395869863
"Paper C, phi deviance",220512.730499674
"Paper C, phi deviance",224070.201818969
"Paper C, phi deviance",230016.088494369
"Paper C, phi deviance",223020.990877591
"Paper C, phi deviance",223500.068480778
"Paper C, phi deviance",234559.592116992
"Paper C, phi deviance",233679.058067554
"Paper C, phi deviance",226385.416254224
"Paper C, phi deviance",222321.616862063
"Paper C, phi deviance",221132.039366035
"Paper C, phi deviance",224384.527132455
"Paper C, phi deviance",224995.42190012
"Paper C, phi deviance",233900.673899879
"Paper C, phi deviance",224860.917054257
"Paper C, phi deviance",226909.672443369
"Paper C, phi deviance",215284.537432739
"Paper C, phi deviance",224294.714064008
"Paper C, phi deviance",220340.926825555
"Paper C, phi deviance",228752.324944568
"Paper C, phi deviance",218921.75295297
"Paper C, phi deviance",212866.381383278
"Paper C, phi deviance",230651.680220581
"Paper C, phi deviance",217658.644580769
"Paper C, phi deviance",215172.405729412
"Paper C, phi deviance",227262.756577414
"Paper C, phi deviance",221092.508023226
"Paper C, phi deviance",228329.710371771
"Paper C, phi deviance",228468.066225539
"Paper C, phi deviance",226435.075271298
"Paper C, phi deviance",228178.072636349
"Paper C, phi deviance",215126.183098969
"Paper C, phi deviance",223591.070785607
"Paper C, phi deviance",226112.669251775
"Paper C, phi deviance",220377.482244412
"Paper C, phi deviance",224617.752169014
"Paper C, phi deviance",222915.13774097
"Paper C, phi deviance",221573.251527321
"Paper C, phi deviance",217637.842831854
"Paper C, phi deviance",222671.704584651
"Paper C, phi deviance",222654.466216733
"Paper C, phi deviance",222358.626245753
"Paper C, phi deviance",216224.01729714
"Paper C, phi deviance",219241.332025819
"Paper C, phi deviance",228754.22031018
"Paper C, phi deviance",219813.241623494
"Paper C, phi deviance",227166.924253157
"Paper C, phi deviance",223308.988649403
"Paper C, phi deviance",214029.841633707
"Paper C, phi deviance",230209.468833509
"Paper C, phi deviance",223241.5786539
"Paper C, phi deviance",219287.999585127
"Paper C, phi deviance",236390.267899003
"Paper C, phi deviance",222961.956630803
"Paper C, phi deviance",224341.873348726
"Paper C, phi deviance",222599.530432917
"Paper C, phi deviance",214205.93343568
"Paper C, phi deviance",212550.095114038
"Paper C, phi deviance",217637.362034187
"Paper C, phi deviance",220435.074108183
"Paper C, phi deviance",229275.23480138
"Paper C, phi deviance",212124.750294284
"Paper C, phi deviance",228859.074752375
"Paper C, phi deviance",219012.768489495
"Paper C, phi deviance",218129.132465135
"Paper C, phi deviance",217812.573142458
"Paper C, phi deviance",224849.073281959
"Paper C, phi deviance",223469.283519015
"Paper C, phi deviance",224955.227210046
"Paper C, phi deviance",220888.569310903
"Paper C, phi deviance",228841.380965746
"Paper C, phi deviance",226505.362052747
"Paper C, phi deviance",225726.426712227
"Paper C, phi deviance",228366.334189567
"Paper C, phi deviance",225420.147072425
"Paper C, phi deviance",235656.52533136
"Paper C, phi deviance",213030.17074041
"Paper C, phi deviance",223260.078049358
"Paper C, phi deviance",230999.394849171
"Paper C, phi deviance",231380.566524941
"Paper C, phi deviance",225035.603113833
"Paper C, phi deviance",222741.489768808
"Paper C, phi deviance",221637.916470739
"Paper C, phi deviance",221974.717562447
"Paper C, phi deviance",220007.136001732
"Paper C, phi deviance",227375.160104645
"Paper C, phi deviance",219695.953403671
"Paper C, phi deviance",224478.044404842
"Paper C, phi deviance",226110.750839139
"Paper C, phi deviance",220182.218016198
"Paper C, phi deviance",228475.361340184
"Paper C, phi deviance",225366.911682039
"Paper C, phi deviance",225440.653856087
"Paper C, phi deviance",226000.282892772
"Paper C, phi deviance",231733.76409505
"Paper C, phi deviance",221365.321869819
"Paper C, phi deviance",231575.47733499
"Paper C, phi deviance",219909.560584722
"Paper C, phi deviance",219929.919448565
"Paper C, phi deviance",211268.164002356
"Paper C, phi deviance",212499.240323206
"Paper C, phi deviance",218356.41472832
"Paper C, phi deviance",212340.897389942
"Paper C, phi deviance",233374.923810683
"Paper C, phi deviance",217598.172862846
"Paper C, phi deviance",217795.342318078
"Paper C, phi deviance",224540.900620224
"Paper C, phi deviance",228003.093797298
"Paper C, phi deviance",225848.145153817
"Paper C, phi deviance",220295.016057603
"Paper C, phi deviance",219758.645913073
"Paper C, phi deviance",226848.084362254
"Paper C, phi deviance",222520.059038126
"Paper C, phi deviance",224785.489604659
"Paper C, phi deviance",229842.207780202
"Paper C, phi deviance",221595.194044909
"Paper C, phi deviance",231380.781625649
"Paper C, phi deviance",223451.038514828
"Paper C, phi deviance",215110.829176172
"Paper C, phi deviance",221666.012475513
"Paper C, phi deviance",222907.05847558
"Paper C, phi deviance",221334.897319421
"Paper C, phi deviance",225633.314363229
"Paper C, phi deviance",226504.773168923
"Paper C, phi deviance",218012.104644173
"Paper C, phi deviance",221076.956839927
"Paper C, phi deviance",221284.443412904
"Paper C, phi deviance",228151.749628166
"Paper C, phi deviance",218585.776107468
"Paper C, phi deviance",216491.67203584
"Paper C, phi deviance",220333.670893158
"Paper C, phi deviance",212105.399988992
"Paper C, phi deviance",226162.354409654
"Paper C, phi deviance",224431.140731299
"Paper C, phi deviance",220057.759912391
"Paper C, phi deviance",225659.41296673
"Paper C, phi deviance",219868.361141703
"Paper C, phi deviance",226292.043232819
"Paper C, phi deviance",214690.273873359
"Paper C, phi deviance",215477.580572625
"Paper C, phi deviance",219314.668919736
"Paper C, phi deviance",220150.401737854
"Paper C, phi deviance",228838.496731093
"Paper C, phi deviance",222152.974914691
"Paper C, phi deviance",226942.701231307
"Paper C, phi deviance",218583.960262918
"Paper C, phi deviance",224782.945014324
"Paper C, phi deviance",226017.135798782
"Paper C, phi deviance",218958.336681692
"Paper C, phi deviance",226594.95522666
"Paper C, phi deviance",218920.51586885
"Paper C, phi deviance",223960.827249883
"Paper C, phi deviance",219189.183814057
"Paper C, phi deviance",222140.869962833
"Paper C, phi deviance",219293.380872023
"Paper C, phi deviance",225334.548712034
"Paper C, phi deviance",232577.294178146
"Paper C, phi deviance",230635.840537389
"Paper C, phi deviance",233111.144348934
"Paper C, phi deviance",212996.348571281
"Paper C, phi deviance",217206.103865071
"Paper C, phi deviance",222609.751389434
"Paper C, phi deviance",224204.764685491
"Paper C, phi deviance",224335.987749524
"Paper C, phi deviance",222439.761275699
"Paper C, phi deviance",221540.011872293
"Paper C, phi deviance",225499.854043208
"Paper C, phi deviance",226075.15926442
"Paper C, phi deviance",226983.504719857
"Paper C, phi deviance",216343.757156062
"Paper C, phi deviance",220888.920756413
"Paper C, phi deviance",220727.962779292
"Paper C, phi deviance",214526.895220022
"Paper C, phi deviance",225273.915060915
"Paper C, phi deviance",225856.278912864
"Paper C, phi deviance",217025.618415539
"Paper C, phi deviance",226853.585992057
"Paper C, phi deviance",210858.459255188
"Paper C, phi deviance",222853.676061296
"Paper C, phi deviance",218504.034232564
"Paper C, phi deviance",229985.139778844
"Paper C, phi deviance",231622.295640634
"Paper C, phi deviance",232183.43150881
"Paper C, phi deviance",219508.700370098
"Paper C, phi deviance",232377.803007591
"Paper C, phi deviance",218984.089194113
"Paper C, phi deviance",230949.730427447
"Paper C, phi deviance",219367.152580371
"Paper C, phi deviance",227061.62047599
"Paper C, phi deviance",217955.308924041
"Paper C, phi deviance",213093.545547645
"Paper C, phi deviance",226284.848457242
"Paper C, phi deviance",214565.888907495
"Paper C, phi deviance",222459.53244603
"Paper C, phi deviance",217923.619700728
"Paper C, phi deviance",222881.446784469
"Paper C, phi deviance",222938.67552333
"Paper C, phi deviance",220976.565247885
"Paper C, phi deviance",222213.73192878
"Paper C, phi deviance",215695.368077742
"Paper C, phi deviance",223413.868735206
"Paper C, phi deviance",227134.709461426
"Paper C, phi deviance",221106.173382471
"Paper C, phi deviance",222243.25079507
"Paper C, phi deviance",218762.677660341
"Paper C, phi deviance",216749.066656636
"Paper C, phi deviance",222425.141945269
"Paper C, phi deviance",223247.02433991
"Paper C, phi deviance",222433.842977239
"Paper C, phi deviance",213967.953905064
"Paper C, phi deviance",223777.019127312
"Paper C, phi deviance",221919.37798563
"Paper C, phi deviance",227021.24021376
"Paper C, phi deviance",223169.592639104
"Paper C, phi deviance",219201.973456074
"Paper C, phi deviance",223709.882009305
"Paper C, phi deviance",219178.352927523
"Paper C, phi deviance",214382.741756853
"Paper C, phi deviance",222739.17375973
"Paper C, phi deviance",232035.937682815
"Paper C, phi deviance",218936.206840656
"Paper C, phi deviance",219159.646537869
"Paper C, phi deviance",221250.947389097
"Paper C, phi deviance",220926.97090381
"Paper C, phi deviance",219244.657216954
"Paper C, phi deviance",220305.304824573
"Paper C, phi deviance",227656.518664244
"Paper C, phi deviance",223455.397863116
"Paper C, phi deviance",224745.454380615
"Paper C, phi deviance",235454.553108675
"Paper C, phi deviance",222417.628398221
"Paper C, phi deviance",218446.09919225
"Paper C, phi deviance",213193.92481994
"Paper C, phi deviance",215807.383563799
"Paper C, phi deviance",217350.961289653
"Paper C, phi deviance",211660.566500027
"Paper C, phi deviance",218668.766636311
"Paper C, phi deviance",218490.253543028
"Paper C, phi deviance",216289.882258013
"Paper C, phi deviance",213394.43674156
"Paper C, phi deviance",227080.31497529
"Paper C, phi deviance",220893.545366072
"Paper C, phi deviance",223979.997482592
"Paper C, phi deviance",221606.579898297
"Paper C, phi deviance",223408.706331559
"Paper C, phi deviance",231454.96803943
"Paper C, phi deviance",218523.009756445
"Paper C, phi deviance",217930.242649314
"Paper C, phi deviance",224192.322337554
"Paper C, phi deviance",230844.005886941
"Paper C, phi deviance",220576.37947828
"Paper C, phi deviance",208513.67974522
"Paper C, phi deviance",225346.225773498
"Paper C, phi deviance",222397.001023792
"Paper C, phi deviance",220155.703020215
"Paper C, phi deviance",215931.166296698
"Paper C, phi deviance",219485.889879221
"Paper C, phi deviance",221191.701009085
"Paper C, phi deviance",210809.706510627
"Paper C, phi deviance",218586.288211414
"Paper C, phi deviance",222596.146285237
"Paper C, phi deviance",221590.31989445
"Paper C, phi deviance",229498.802637133
"Paper C, phi deviance",217755.239661781
"Paper C, phi deviance",221503.566070755
"Paper C, phi deviance",224135.307775536
"Paper C, phi deviance",229178.647992998
"Paper C, phi deviance",227169.605874719
"Paper C, phi deviance",215331.030669424
"Paper C, phi deviance",220419.077843324
"Paper C, phi deviance",217461.240545476
"Paper C, phi deviance",222833.627183105
"Paper C, phi deviance",232938.282344907
"Paper C, phi deviance",218426.6815401
"Paper C, phi deviance",222789.14802193
"Paper C, phi deviance",224703.076009209
"Paper C, phi deviance",226168.0753336
"Paper C, phi deviance",224765.30572011
"Paper C, phi deviance",219694.081342079
"Paper C, phi deviance",225344.574837118
"Paper C, phi deviance",224099.797794804
"Paper C, phi deviance",223034.782184735
"Paper C, phi deviance",222782.718324474
"Paper C, phi deviance",221990.98115065
"Paper C, phi deviance",226259.275471425
"Paper C, phi deviance",227039.414836712
"Paper C, phi deviance",216750.053345916
"Paper C, phi deviance",215919.716146158
"Paper C, phi deviance",213905.974035972
"Paper C, phi deviance",225389.540596024
"Paper C, phi deviance",222306.644009102
"Paper C, phi deviance",219275.84797196
"Paper C, phi deviance",218032.098342673
"Paper C, phi deviance",222318.781274398
"Paper C, phi deviance",229704.724175002
"Paper C, phi deviance",214165.351423955
"Paper C, phi deviance",220091.779551487
"Paper C, phi deviance",226188.149925991
"Paper C, phi deviance",211649.373680386
"Paper C, phi deviance",223102.979641997
"Paper C, phi deviance",222002.494979861
"Paper C, phi deviance",215488.311684581
"Paper C, phi deviance",220261.69565049
"Paper C, phi deviance",225210.00409795
"Paper C, phi deviance",218511.502049261
"Paper C, phi deviance",220541.51557132
"Paper C, phi deviance",215692.543465463
"Paper C, phi deviance",222825.792462703
"Paper C, phi deviance",216743.718574092
"Paper C, phi deviance",223360.646426059
"Paper C, phi deviance",222262.040361081
"Paper C, phi deviance",221332.346126943
"Paper C, phi deviance",227793.565546279
"Paper C, phi deviance",223644.293458867
"Paper C, phi deviance",221146.166067844
"Paper C, phi deviance",231744.711142336
"Paper C, phi deviance",224863.767721247
"Paper C, phi deviance",227297.011243453
"Paper C, phi deviance",212386.776167615
"Paper C, phi deviance",223644.320071511
"Paper C, phi deviance",224726.856696392
"Paper C, phi deviance",222123.832967842
"Paper C, phi deviance",218804.846188572
"Paper C, phi deviance",219939.739843617
"Paper C, phi deviance",214569.956294504
"Paper C, phi deviance",224509.90765336
"Paper C, phi deviance",230932.269423827
"Paper C, phi deviance",215313.72140052
"Paper C, phi deviance",218661.131823523
"Paper C, phi deviance",215892.460144444
"Paper C, phi deviance",222589.83147972
"Paper C, phi deviance",227820.186579975
"Paper C, phi deviance",224159.965093149
"Paper C, phi deviance",221055.128222295
"Paper C, phi deviance",220515.238292253
"Paper C, phi deviance",224583.249894647
"Paper C, phi deviance",222044.995857715
"Paper C, phi deviance",219296.53590765
"Paper C, phi deviance",214054.501678616
"Paper C, phi deviance",224575.374368118
"Paper C, phi deviance",220969.933740494
"Paper C, phi deviance",230066.746064543
"Paper C, phi deviance",216431.336740925
"Paper C, phi deviance",222500.4866379
"Paper C, phi deviance",207691.957168465
"Paper C, phi deviance",219418.959138498
"Paper C, phi deviance",220403.075761696
"Paper C, phi deviance",228772.867380268
"Paper C, phi deviance",224753.953650898
"Paper C, phi deviance",225100.927132645
"Paper C, phi deviance",216509.370514343
"Paper C, phi deviance",212864.481107409
"Paper C, phi deviance",222407.500896148
"Paper C, phi deviance",222147.209881312
"Paper C, phi deviance",220940.522457131
"Paper C, phi deviance",212218.723699617
"Paper C, phi deviance",225698.343049137
"Paper C, phi deviance",216564.471072831
"Paper C, phi deviance",230297.44863197
"Paper C, phi deviance",224336.97300902
"Paper C, phi deviance",224009.21324426
"Paper C, phi deviance",210710.640929256
"Paper C, phi deviance",218829.923387883
"Paper C, phi deviance",226986.703642264
"Paper C, phi deviance",236448.079671096
"Paper C, phi deviance",212464.570190425
