model,task,run,fit,networks,epochs,seconds_fit,seconds_build,seconds_total,seconds_per_epoch,run_seconds,host,cores,workers,threads,time
bccnn,bccnn.fit.claims_split_refit,claims_split_refit,halves early_stop,1,100,7.89299416542053,,,0.0789299416542053,24.468001127243,STATISVM7,12,12,1,2026-10-08 15:18:57
bccnn,bccnn.fit.claims_split_refit,claims_split_refit,final refit,1,99,6.73421883583069,,,0.0680224124831383,24.468001127243,STATISVM7,12,12,1,2026-10-08 15:18:57
bccnn,bccnn.fit.rolling_origin_partition,rolling_origin_partition,1 early_stop,1,100,7.36603307723999,9.32221293449402,,0.0736603307723999,31.3477900028229,STATISVM7,12,12,1,2026-10-08 15:19:04
bccnn,bccnn.fit.rolling_origin_partition,rolling_origin_partition,2 early_stop,1,100,6.83281302452087,0.283129930496216,,0.0683281302452087,31.3477900028229,STATISVM7,12,12,1,2026-10-08 15:19:04
bccnn,bccnn.fit.rolling_origin_partition,rolling_origin_partition,final early_stop,1,100,6.60306310653687,0.294457912445068,,0.0660306310653686,31.3477900028229,STATISVM7,12,12,1,2026-10-08 15:19:04
bccnn,bccnn.fit.rolling_origin_refit,rolling_origin_refit,1 early_stop,1,100,7.53635096549988,8.76209592819214,,0.0753635096549988,37.5030398368835,STATISVM7,12,12,1,2026-10-08 15:19:10
bccnn,bccnn.fit.rolling_origin_refit,rolling_origin_refit,2 early_stop,1,100,6.83347582817078,0.303087949752808,,0.0683347582817078,37.5030398368835,STATISVM7,12,12,1,2026-10-08 15:19:10
bccnn,bccnn.fit.rolling_origin_refit,rolling_origin_refit,final early_stop,1,100,6.75452280044556,0.319551944732666,,0.0675452280044556,37.5030398368835,STATISVM7,12,12,1,2026-10-08 15:19:10
bccnn,bccnn.fit.rolling_origin_refit,rolling_origin_refit,1 refit,1,6,1.39091110229492,,,0.231818517049154,37.5030398368835,STATISVM7,12,12,1,2026-10-08 15:19:10
bccnn,bccnn.fit.rolling_origin_refit,rolling_origin_refit,2 refit,1,24,2.49289703369141,,,0.103870709737142,37.5030398368835,STATISVM7,12,12,1,2026-10-08 15:19:10
bccnn,bccnn.fit.rolling_origin_refit,rolling_origin_refit,final refit,1,1,1.13609409332275,,,1.13609409332275,37.5030398368835,STATISVM7,12,12,1,2026-10-08 15:19:10
bccnn,bccnn.bootstrap.claims_split_refit,c1,refit 1,1,99,6.43433690071106,,15.4862010478973,0.0649933020273844,36.6364262104034,STATISVM7,12,12,1,2026-10-08 15:19:46
bccnn,bccnn.bootstrap.claims_split_refit,c1,refit 2,1,99,6.66450095176697,,7.09314799308777,0.0673181914319896,36.6364262104034,STATISVM7,12,12,1,2026-10-08 15:19:46
bccnn,bccnn.bootstrap.claims_split_refit,c1,refit 3,1,99,6.52546787261963,,6.95870208740234,0.0659138168951478,36.6364262104034,STATISVM7,12,12,1,2026-10-08 15:19:46
bccnn,bccnn.bootstrap.claims_split_refit,c1,refit 4,1,99,6.65900897979736,,7.09837508201599,0.0672627169676501,36.6364262104034,STATISVM7,12,12,1,2026-10-08 15:19:46
bccnn,bccnn.bootstrap.claims_split_refit,c2,refit 5,1,99,6.6588568687439,,15.0385341644287,0.0672611804923626,35.8597767353058,STATISVM7,12,12,1,2026-10-08 15:21:40
bccnn,bccnn.bootstrap.claims_split_refit,c2,refit 6,1,99,6.40739178657532,,6.8207848072052,0.0647211291573264,35.8597767353058,STATISVM7,12,12,1,2026-10-08 15:21:40
bccnn,bccnn.bootstrap.claims_split_refit,c2,refit 7,1,99,6.78850698471069,,7.18102097511292,0.0685707776233403,35.8597767353058,STATISVM7,12,12,1,2026-10-08 15:21:40
bccnn,bccnn.bootstrap.claims_split_refit,c2,refit 8,1,99,6.40469002723694,,6.81943678855896,0.064693838658959,35.8597767353058,STATISVM7,12,12,1,2026-10-08 15:21:40
bccnn,bccnn.bootstrap.rolling_origin_partition,c1,refit 1,1,1,0.898537158966065,,8.97593283653259,0.898537158966065,13.4598426818848,STATISVM7,12,12,1,2026-10-08 15:19:29
bccnn,bccnn.bootstrap.rolling_origin_partition,c1,refit 2,1,1,1.01683187484741,,1.41935706138611,1.01683187484741,13.4598426818848,STATISVM7,12,12,1,2026-10-08 15:19:29
bccnn,bccnn.bootstrap.rolling_origin_partition,c1,refit 3,1,1,1.13710594177246,,1.54386687278748,1.13710594177246,13.4598426818848,STATISVM7,12,12,1,2026-10-08 15:19:29
bccnn,bccnn.bootstrap.rolling_origin_partition,c1,refit 4,1,1,1.08253598213196,,1.52068591117859,1.08253598213196,13.4598426818848,STATISVM7,12,12,1,2026-10-08 15:19:29
bccnn,bccnn.bootstrap.rolling_origin_partition,c2,refit 5,1,1,1.13730120658875,,9.34423589706421,1.13730120658875,13.9688680171967,STATISVM7,12,12,1,2026-10-08 15:21:14
bccnn,bccnn.bootstrap.rolling_origin_partition,c2,refit 6,1,1,1.19538879394531,,1.62383818626404,1.19538879394531,13.9688680171967,STATISVM7,12,12,1,2026-10-08 15:21:14
bccnn,bccnn.bootstrap.rolling_origin_partition,c2,refit 7,1,1,1.11552000045776,,1.57037401199341,1.11552000045776,13.9688680171967,STATISVM7,12,12,1,2026-10-08 15:21:14
bccnn,bccnn.bootstrap.rolling_origin_partition,c2,refit 8,1,1,1.02605819702148,,1.430419921875,1.02605819702148,13.9688680171967,STATISVM7,12,12,1,2026-10-08 15:21:14
bccnn,bccnn.bootstrap.rolling_origin_refit,c1,refit 1,1,1,1.21046113967896,,9.87234115600586,1.21046113967896,14.6591222286224,STATISVM7,12,12,1,2026-10-08 15:19:40
bccnn,bccnn.bootstrap.rolling_origin_refit,c1,refit 2,1,1,1.21185088157654,,1.6666419506073,1.21185088157654,14.6591222286224,STATISVM7,12,12,1,2026-10-08 15:19:40
bccnn,bccnn.bootstrap.rolling_origin_refit,c1,refit 3,1,1,1.14058303833008,,1.60896706581116,1.14058303833008,14.6591222286224,STATISVM7,12,12,1,2026-10-08 15:19:40
bccnn,bccnn.bootstrap.rolling_origin_refit,c1,refit 4,1,1,1.06565880775452,,1.51117205619812,1.06565880775452,14.6591222286224,STATISVM7,12,12,1,2026-10-08 15:19:40
bccnn,bccnn.bootstrap.rolling_origin_refit,c2,refit 5,1,1,1.09666895866394,,9.43202805519104,1.09666895866394,13.8893601894379,STATISVM7,12,12,1,2026-10-08 15:21:08
bccnn,bccnn.bootstrap.rolling_origin_refit,c2,refit 6,1,1,1.05160617828369,,1.45094108581543,1.05160617828369,13.8893601894379,STATISVM7,12,12,1,2026-10-08 15:21:08
bccnn,bccnn.bootstrap.rolling_origin_refit,c2,refit 7,1,1,1.03590607643127,,1.47680306434631,1.03590607643127,13.8893601894379,STATISVM7,12,12,1,2026-10-08 15:21:08
bccnn,bccnn.bootstrap.rolling_origin_refit,c2,refit 8,1,1,1.10480189323425,,1.52958798408508,1.10480189323425,13.8893601894379,STATISVM7,12,12,1,2026-10-08 15:21:08
bccnn,bccnn.masking,s2026,halves early_stop,1,100,6.515,,,0.06515,21.5768051147461,STATISVM7,12,12,1,2026-10-08 15:19:37
bccnn,bccnn.masking,s2026,final refit 99,1,99,6.35,,,0.0641414141414141,21.5768051147461,STATISVM7,12,12,1,2026-10-08 15:19:37
bccnn,bccnn.masking,s2027,halves early_stop,1,100,6.594,,,0.06594,16.6419200897217,STATISVM7,12,12,1,2026-10-08 15:21:21
bccnn,bccnn.masking,s2027,final refit 3,1,3,1.256,,,0.418666666666667,16.6419200897217,STATISVM7,12,12,1,2026-10-08 15:21:21
bccnn,bccnn.search,dropout=0.1,seed 2026 1 early_stop,1,100,6.30620193481445,,,0.0630620193481445,26.065927028656,STATISVM7,12,12,1,2026-10-08 15:21:20
bccnn,bccnn.search,dropout=0.1,seed 2026 2 early_stop,1,100,6.37768912315369,,,0.0637768912315369,26.065927028656,STATISVM7,12,12,1,2026-10-08 15:21:20
bccnn,bccnn.search,dropout=0.1,seed 2026 1 refit,1,6,1.44217109680176,,,0.24036184946696,26.065927028656,STATISVM7,12,12,1,2026-10-08 15:21:20
bccnn,bccnn.search,dropout=0.1,seed 2026 2 refit,1,24,2.29102301597595,,,0.0954592923323314,26.065927028656,STATISVM7,12,12,1,2026-10-08 15:21:20
bccnn,bccnn.search,dropout=0,seed 2026 1 early_stop,1,100,6.14726495742798,,,0.0614726495742798,17.6422879695892,STATISVM7,12,12,1,2026-10-08 15:21:38
bccnn,bccnn.search,dropout=0,seed 2026 2 early_stop,1,100,6.58617091178894,,,0.0658617091178894,17.6422879695892,STATISVM7,12,12,1,2026-10-08 15:21:38
bccnn,bccnn.search,dropout=0,seed 2026 1 refit,1,1,0.867775917053223,,,0.867775917053223,17.6422879695892,STATISVM7,12,12,1,2026-10-08 15:21:38
bccnn,bccnn.search,dropout=0,seed 2026 2 refit,1,25,2.23021697998047,,,0.0892086791992188,17.6422879695892,STATISVM7,12,12,1,2026-10-08 15:21:38
bccnn,bccnn.search,final config.yml,1 early_stop,1,100,6.735,,,0.06735,25.1902740001679,STATISVM7,12,12,1,2026-10-08 15:22:35
bccnn,bccnn.search,final config.yml,1 refit,1,6,1.378,,,0.229666666666667,25.1902740001679,STATISVM7,12,12,1,2026-10-08 15:22:35
bccnn,bccnn.search,final config.yml,2 early_stop,1,100,6.963,,,0.06963,25.1902740001679,STATISVM7,12,12,1,2026-10-08 15:22:35
bccnn,bccnn.search,final config.yml,2 refit,1,24,2.244,,,0.0935,25.1902740001679,STATISVM7,12,12,1,2026-10-08 15:22:35
bccnn,bccnn.search,final config.yml,final early_stop,1,100,6.513,,,0.06513,25.1902740001679,STATISVM7,12,12,1,2026-10-08 15:22:35
bccnn,bccnn.search,final config.yml,final refit,1,1,1.099,,,1.099,25.1902740001679,STATISVM7,12,12,1,2026-10-08 15:22:35
bccnn,bccnn.search,final chosen,1 early_stop,1,100,7.014,,,0.07014,25.3864417076111,STATISVM7,12,12,1,2026-10-08 15:22:35
bccnn,bccnn.search,final chosen,1 refit,1,6,1.351,,,0.225166666666667,25.3864417076111,STATISVM7,12,12,1,2026-10-08 15:22:35
bccnn,bccnn.search,final chosen,2 early_stop,1,100,6.808,,,0.06808,25.3864417076111,STATISVM7,12,12,1,2026-10-08 15:22:35
bccnn,bccnn.search,final chosen,2 refit,1,24,2.34,,,0.0975,25.3864417076111,STATISVM7,12,12,1,2026-10-08 15:22:35
bccnn,bccnn.search,final chosen,final early_stop,1,100,6.461,,,0.06461,25.3864417076111,STATISVM7,12,12,1,2026-10-08 15:22:35
bccnn,bccnn.search,final chosen,final refit,1,1,1.172,,,1.172,25.3864417076111,STATISVM7,12,12,1,2026-10-08 15:22:35
bccnn,bccnn.grid,grid_20_tanh_d0.1_rmsprop_b64_s2026,1 early_stop,1,300,19.9778249263763,8.70796799659729,,0.0665927497545878,109.538357973099,STATISVM7,12,12,1,2026-10-08 15:43:15
bccnn,bccnn.grid,grid_20_tanh_d0.1_rmsprop_b64_s2026,2 early_stop,1,300,20.7255940437317,0.32530403137207,,0.0690853134791056,109.538357973099,STATISVM7,12,12,1,2026-10-08 15:43:15
bccnn,bccnn.grid,grid_20_tanh_d0.1_rmsprop_b64_s2026,final early_stop,1,300,20.6223130226135,0.328630924224854,,0.0687410434087118,109.538357973099,STATISVM7,12,12,1,2026-10-08 15:43:15
bccnn,bccnn.grid,grid_20_tanh_d0.1_rmsprop_b64_s2026,1 refit 41,1,41,3.50485396385193,,,0.0854842430207788,109.538357973099,STATISVM7,12,12,1,2026-10-08 15:43:15
bccnn,bccnn.grid,grid_20_tanh_d0.1_rmsprop_b64_s2026,1 refit 56,1,56,4.56422090530396,,,0.0815039447375706,109.538357973099,STATISVM7,12,12,1,2026-10-08 15:43:15
bccnn,bccnn.grid,grid_20_tanh_d0.1_rmsprop_b64_s2026,2 refit 258,1,258,18.4483749866486,,,0.0715053294056146,109.538357973099,STATISVM7,12,12,1,2026-10-08 15:43:15
bccnn,bccnn.grid,grid_20_tanh_d0.1_rmsprop_b64_s2026,final refit 2,1,2,0.939282178878784,,,0.469641089439392,109.538357973099,STATISVM7,12,12,1,2026-10-08 15:43:15
bccnn,bccnn.grid,grid_20_tanh_d0.1_rmsprop_b64_s2026,final refit 119,1,119,8.54903793334961,,,0.0718406549020976,109.538357973099,STATISVM7,12,12,1,2026-10-08 15:43:15
bccnn,bccnn.grid,grid_20_tanh_d0.1_rmsprop_b64_s2027,1 early_stop,1,300,20.4945108890533,8.20110297203064,,0.0683150362968445,97.5907919406891,STATISVM7,12,12,1,2026-10-08 15:43:08
bccnn,bccnn.grid,grid_20_tanh_d0.1_rmsprop_b64_s2027,2 early_stop,1,300,21.1216959953308,0.331342935562134,,0.0704056533177694,97.5907919406891,STATISVM7,12,12,1,2026-10-08 15:43:08
bccnn,bccnn.grid,grid_20_tanh_d0.1_rmsprop_b64_s2027,final early_stop,1,300,20.8359718322754,0.299114942550659,,0.069453239440918,97.5907919406891,STATISVM7,12,12,1,2026-10-08 15:43:08
bccnn,bccnn.grid,grid_20_tanh_d0.1_rmsprop_b64_s2027,1 refit 44,1,44,3.75137996673584,,,0.0852586356076327,97.5907919406891,STATISVM7,12,12,1,2026-10-08 15:43:08
bccnn,bccnn.grid,grid_20_tanh_d0.1_rmsprop_b64_s2027,1 refit 176,1,176,12.1443400382996,,,0.069001932035793,97.5907919406891,STATISVM7,12,12,1,2026-10-08 15:43:08
bccnn,bccnn.grid,grid_20_tanh_d0.1_rmsprop_b64_s2027,2 refit 4,1,4,1.02867698669434,,,0.257169246673584,97.5907919406891,STATISVM7,12,12,1,2026-10-08 15:43:08
bccnn,bccnn.grid,grid_20_tanh_d0.1_rmsprop_b64_s2027,final refit 28,1,28,2.80862402915955,,,0.100308001041412,97.5907919406891,STATISVM7,12,12,1,2026-10-08 15:43:08
bccnn,bccnn.grid,grid_20_tanh_d0.1_rmsprop_b64_s2027,final refit 43,1,43,3.72006988525391,,,0.0865132531454397,97.5907919406891,STATISVM7,12,12,1,2026-10-08 15:43:08
bccnn,bccnn.grid,grid_20_tanh_d0.1_rmsprop_b64_s2028,1 early_stop,1,300,20.5052511692047,8.80811285972595,,0.0683508372306824,120.450245857239,STATISVM7,12,12,1,2026-10-08 15:43:41
bccnn,bccnn.grid,grid_20_tanh_d0.1_rmsprop_b64_s2028,2 early_stop,1,300,21.4167768955231,0.326437950134277,,0.0713892563184102,120.450245857239,STATISVM7,12,12,1,2026-10-08 15:43:41
bccnn,bccnn.grid,grid_20_tanh_d0.1_rmsprop_b64_s2028,final early_stop,1,300,18.4497821331024,0.350438117980957,,0.0614992737770081,120.450245857239,STATISVM7,12,12,1,2026-10-08 15:43:41
bccnn,bccnn.grid,grid_20_tanh_d0.1_rmsprop_b64_s2028,1 refit 58,1,58,4.38381910324097,,,0.0755830879869132,120.450245857239,STATISVM7,12,12,1,2026-10-08 15:43:41
bccnn,bccnn.grid,grid_20_tanh_d0.1_rmsprop_b64_s2028,1 refit 211,1,211,14.8024668693542,,,0.0701538714187405,120.450245857239,STATISVM7,12,12,1,2026-10-08 15:43:41
bccnn,bccnn.grid,grid_20_tanh_d0.1_rmsprop_b64_s2028,1 refit 19,1,19,2.23800396919251,,,0.117789682589079,120.450245857239,STATISVM7,12,12,1,2026-10-08 15:43:41
bccnn,bccnn.grid,grid_20_tanh_d0.1_rmsprop_b64_s2028,2 refit 100,1,100,7.20509314537048,,,0.0720509314537048,120.450245857239,STATISVM7,12,12,1,2026-10-08 15:43:41
bccnn,bccnn.grid,grid_20_tanh_d0.1_rmsprop_b64_s2028,2 refit 45,1,45,3.63133382797241,,,0.0806963072882758,120.450245857239,STATISVM7,12,12,1,2026-10-08 15:43:41
bccnn,bccnn.grid,grid_20_tanh_d0.1_rmsprop_b64_s2028,2 refit 42,1,42,3.53648805618286,,,0.0842020965757824,120.450245857239,STATISVM7,12,12,1,2026-10-08 15:43:41
bccnn,bccnn.grid,grid_20_tanh_d0.1_rmsprop_b64_s2028,final refit 92,1,92,5.34978294372559,,,0.0581498146057129,120.450245857239,STATISVM7,12,12,1,2026-10-08 15:43:41
bccnn,bccnn.grid,grid_20_tanh_d0.1_rmsprop_b64_s2028,final refit 35,1,35,2.32018494606018,,,0.0662909984588623,120.450245857239,STATISVM7,12,12,1,2026-10-08 15:43:41
bccnn,bccnn.grid,grid_20_tanh_d0.1_rmsprop_b64_s2028,final refit 44,1,44,2.79311394691467,,,0.0634798624298789,120.450245857239,STATISVM7,12,12,1,2026-10-08 15:43:41
bccnn,bccnn.grid,grid_20_tanh_d0.1_rmsprop_b64_s2029,1 early_stop,1,300,20.415079832077,8.8705620765686,,0.0680502661069234,103.930850028992,STATISVM7,12,12,1,2026-10-08 15:43:24
bccnn,bccnn.grid,grid_20_tanh_d0.1_rmsprop_b64_s2029,2 early_stop,1,300,20.9116458892822,0.335386991500855,,0.0697054862976074,103.930850028992,STATISVM7,12,12,1,2026-10-08 15:43:24
bccnn,bccnn.grid,grid_20_tanh_d0.1_rmsprop_b64_s2029,final early_stop,1,300,20.1344690322876,0.361375093460083,,0.067114896774292,103.930850028992,STATISVM7,12,12,1,2026-10-08 15:43:24
bccnn,bccnn.grid,grid_20_tanh_d0.1_rmsprop_b64_s2029,1 refit 30,1,30,2.81765604019165,,,0.0939218680063883,103.930850028992,STATISVM7,12,12,1,2026-10-08 15:43:24
bccnn,bccnn.grid,grid_20_tanh_d0.1_rmsprop_b64_s2029,2 refit 72,1,72,5.37078619003296,,,0.0745942526393467,103.930850028992,STATISVM7,12,12,1,2026-10-08 15:43:24
bccnn,bccnn.grid,grid_20_tanh_d0.1_rmsprop_b64_s2029,2 refit 289,1,289,20.1849660873413,,,0.0698441733125997,103.930850028992,STATISVM7,12,12,1,2026-10-08 15:43:24
bccnn,bccnn.grid,grid_20_tanh_d0.1_rmsprop_b64_s2029,final refit 1,1,1,0.836865186691284,,,0.836865186691284,103.930850028992,STATISVM7,12,12,1,2026-10-08 15:43:24
bccnn,bccnn.grid,grid_20_tanh_d0.1_rmsprop_b64_s2029,final refit 4,1,4,0.963338136672974,,,0.240834534168243,103.930850028992,STATISVM7,12,12,1,2026-10-08 15:43:24
bccnn,bccnn.grid,grid_20_tanh_d0.1_rmsprop_bfull_s2026,1 early_stop,1,300,17.2665550708771,7.89769887924194,,0.0575551835695903,95.1160979270935,STATISVM7,12,12,1,2026-10-08 15:21:22
bccnn,bccnn.grid,grid_20_tanh_d0.1_rmsprop_bfull_s2026,2 early_stop,1,300,17.5721840858459,0.282087802886963,,0.0585739469528198,95.1160979270935,STATISVM7,12,12,1,2026-10-08 15:21:22
bccnn,bccnn.grid,grid_20_tanh_d0.1_rmsprop_bfull_s2026,final early_stop,1,300,16.3959369659424,0.304234027862549,,0.0546531232198079,95.1160979270935,STATISVM7,12,12,1,2026-10-08 15:21:22
bccnn,bccnn.grid,grid_20_tanh_d0.1_rmsprop_bfull_s2026,1 refit 81,1,81,4.75100088119507,,,0.0586543318666058,95.1160979270935,STATISVM7,12,12,1,2026-10-08 15:21:22
bccnn,bccnn.grid,grid_20_tanh_d0.1_rmsprop_bfull_s2026,1 refit 38,1,38,2.94791889190674,,,0.0775768129449142,95.1160979270935,STATISVM7,12,12,1,2026-10-08 15:21:22
bccnn,bccnn.grid,grid_20_tanh_d0.1_rmsprop_bfull_s2026,1 refit 37,1,37,2.96380496025085,,,0.0801028367635366,95.1160979270935,STATISVM7,12,12,1,2026-10-08 15:21:22
bccnn,bccnn.grid,grid_20_tanh_d0.1_rmsprop_bfull_s2026,2 refit 43,1,43,2.94014286994934,,,0.0683754155802172,95.1160979270935,STATISVM7,12,12,1,2026-10-08 15:21:22
bccnn,bccnn.grid,grid_20_tanh_d0.1_rmsprop_bfull_s2026,2 refit 251,1,251,14.759889125824,,,0.0588043391467091,95.1160979270935,STATISVM7,12,12,1,2026-10-08 15:21:22
bccnn,bccnn.grid,grid_20_tanh_d0.1_rmsprop_bfull_s2026,final refit 23,1,23,2.0238471031189,,,0.0879933523095173,95.1160979270935,STATISVM7,12,12,1,2026-10-08 15:21:22
bccnn,bccnn.grid,grid_20_tanh_d0.1_rmsprop_bfull_s2026,final refit 18,1,18,1.71969699859619,,,0.0955387221442328,95.1160979270935,STATISVM7,12,12,1,2026-10-08 15:21:22
bccnn,bccnn.grid,grid_20_tanh_d0.1_rmsprop_bfull_s2027,1 early_stop,1,300,17.9978718757629,9.21302604675293,,0.0599929062525431,103.370689868927,STATISVM7,12,12,1,2026-10-08 15:42:49
bccnn,bccnn.grid,grid_20_tanh_d0.1_rmsprop_bfull_s2027,2 early_stop,1,300,18.4693670272827,0.305854082107544,,0.0615645567576091,103.370689868927,STATISVM7,12,12,1,2026-10-08 15:42:49
bccnn,bccnn.grid,grid_20_tanh_d0.1_rmsprop_bfull_s2027,final early_stop,1,300,18.7704639434814,0.327669143676758,,0.0625682131449382,103.370689868927,STATISVM7,12,12,1,2026-10-08 15:42:49
bccnn,bccnn.grid,grid_20_tanh_d0.1_rmsprop_bfull_s2027,1 refit 38,1,38,3.04482483863831,,,0.0801269694378502,103.370689868927,STATISVM7,12,12,1,2026-10-08 15:42:49
bccnn,bccnn.grid,grid_20_tanh_d0.1_rmsprop_bfull_s2027,1 refit 143,1,143,9.16550612449646,,,0.0640944484230522,103.370689868927,STATISVM7,12,12,1,2026-10-08 15:42:49
bccnn,bccnn.grid,grid_20_tanh_d0.1_rmsprop_bfull_s2027,2 refit 52,1,52,3.89441919326782,,,0.074892676793612,103.370689868927,STATISVM7,12,12,1,2026-10-08 15:42:49
bccnn,bccnn.grid,grid_20_tanh_d0.1_rmsprop_bfull_s2027,2 refit 230,1,230,13.8933560848236,,,0.0604058960209722,103.370689868927,STATISVM7,12,12,1,2026-10-08 15:42:49
bccnn,bccnn.grid,grid_20_tanh_d0.1_rmsprop_bfull_s2027,2 refit 1,1,1,0.837772846221924,,,0.837772846221924,103.370689868927,STATISVM7,12,12,1,2026-10-08 15:42:49
bccnn,bccnn.grid,grid_20_tanh_d0.1_rmsprop_bfull_s2027,final refit 24,1,24,2.41520500183105,,,0.100633541742961,103.370689868927,STATISVM7,12,12,1,2026-10-08 15:42:49
bccnn,bccnn.grid,grid_20_tanh_d0.1_rmsprop_bfull_s2027,final refit 13,1,13,1.43731307983398,,,0.110562544602614,103.370689868927,STATISVM7,12,12,1,2026-10-08 15:42:49
bccnn,bccnn.grid,grid_20_tanh_d0.1_rmsprop_bfull_s2028,1 early_stop,1,300,18.3121609687805,9.54652810096741,,0.0610405365626017,79.9134790897369,STATISVM7,12,12,1,2026-10-08 15:42:39
bccnn,bccnn.grid,grid_20_tanh_d0.1_rmsprop_bfull_s2028,2 early_stop,1,300,18.694739818573,0.390136003494263,,0.0623157993952433,79.9134790897369,STATISVM7,12,12,1,2026-10-08 15:42:39
bccnn,bccnn.grid,grid_20_tanh_d0.1_rmsprop_bfull_s2028,final early_stop,1,300,19.2948729991913,0.32166600227356,,0.0643162433306376,79.9134790897369,STATISVM7,12,12,1,2026-10-08 15:42:39
bccnn,bccnn.grid,grid_20_tanh_d0.1_rmsprop_bfull_s2028,1 refit 1,1,1,0.776900053024292,,,0.776900053024292,79.9134790897369,STATISVM7,12,12,1,2026-10-08 15:42:39
bccnn,bccnn.grid,grid_20_tanh_d0.1_rmsprop_bfull_s2028,1 refit 7,1,7,1.16923904418945,,,0.167034149169922,79.9134790897369,STATISVM7,12,12,1,2026-10-08 15:42:39
bccnn,bccnn.grid,grid_20_tanh_d0.1_rmsprop_bfull_s2028,2 refit 42,1,42,3.32775187492371,,,0.0792321874981835,79.9134790897369,STATISVM7,12,12,1,2026-10-08 15:42:39
bccnn,bccnn.grid,grid_20_tanh_d0.1_rmsprop_bfull_s2028,2 refit 37,1,37,2.89985203742981,,,0.0783743793899949,79.9134790897369,STATISVM7,12,12,1,2026-10-08 15:42:39
bccnn,bccnn.grid,grid_20_tanh_d0.1_rmsprop_bfull_s2028,final refit 1,1,1,0.815544843673706,,,0.815544843673706,79.9134790897369,STATISVM7,12,12,1,2026-10-08 15:42:39
bccnn,bccnn.grid,grid_20_tanh_d0.1_rmsprop_bfull_s2028,final refit 7,1,7,1.04103779792786,,,0.148719685418265,79.9134790897369,STATISVM7,12,12,1,2026-10-08 15:42:39
bccnn,bccnn.grid,grid_20_tanh_d0.1_rmsprop_bfull_s2029,1 early_stop,1,300,18.0933649539948,8.86115598678589,,0.0603112165133158,110.929916858673,STATISVM7,12,12,1,2026-10-08 15:43:16
bccnn,bccnn.grid,grid_20_tanh_d0.1_rmsprop_bfull_s2029,2 early_stop,1,300,19.1250751018524,0.310286998748779,,0.0637502503395081,110.929916858673,STATISVM7,12,12,1,2026-10-08 15:43:16
bccnn,bccnn.grid,grid_20_tanh_d0.1_rmsprop_bfull_s2029,final early_stop,1,300,18.5716910362244,0.316969871520996,,0.0619056367874146,110.929916858673,STATISVM7,12,12,1,2026-10-08 15:43:16
bccnn,bccnn.grid,grid_20_tanh_d0.1_rmsprop_bfull_s2029,1 refit 30,1,30,2.69083714485168,,,0.0896945714950562,110.929916858673,STATISVM7,12,12,1,2026-10-08 15:43:16
bccnn,bccnn.grid,grid_20_tanh_d0.1_rmsprop_bfull_s2029,1 refit 72,1,72,5.19717216491699,,,0.0721829467349582,110.929916858673,STATISVM7,12,12,1,2026-10-08 15:43:16
bccnn,bccnn.grid,grid_20_tanh_d0.1_rmsprop_bfull_s2029,2 refit 92,1,92,6.19200992584229,,,0.067304455715677,110.929916858673,STATISVM7,12,12,1,2026-10-08 15:43:16
bccnn,bccnn.grid,grid_20_tanh_d0.1_rmsprop_bfull_s2029,2 refit 295,1,295,18.8431479930878,,,0.0638750779426704,110.929916858673,STATISVM7,12,12,1,2026-10-08 15:43:16
bccnn,bccnn.grid,grid_20_tanh_d0.1_rmsprop_bfull_s2029,2 refit 22,1,22,2.00027799606323,,,0.0909217270937833,110.929916858673,STATISVM7,12,12,1,2026-10-08 15:43:16
bccnn,bccnn.grid,grid_20_tanh_d0.1_rmsprop_bfull_s2029,final refit 84,1,84,5.67802000045776,,,0.0675954761959258,110.929916858673,STATISVM7,12,12,1,2026-10-08 15:43:16
bccnn,bccnn.grid,grid_20_tanh_d0.1_rmsprop_bfull_s2029,final refit 7,1,7,1.078125,,,0.154017857142857,110.929916858673,STATISVM7,12,12,1,2026-10-08 15:43:16
nncl,nncl.cl_grid,clgrid_20_rmsprop_cl_paper_s2026,j1,1,5,1.12579011917114,0.557891845703125,1.91434502601624,0.225158023834229,36.2756509780884,STATISVM7,12,12,1,2026-10-08 15:20:16
nncl,nncl.cl_grid,clgrid_20_rmsprop_cl_paper_s2026,j2,1,5,1.18342304229736,0.424181938171387,1.83065414428711,0.236684608459473,36.2756509780884,STATISVM7,12,12,1,2026-10-08 15:20:16
nncl,nncl.cl_grid,clgrid_20_rmsprop_cl_paper_s2026,j3,1,5,1.32430100440979,0.447649955749512,1.97723793983459,0.264860200881958,36.2756509780884,STATISVM7,12,12,1,2026-10-08 15:20:16
nncl,nncl.cl_grid,clgrid_20_rmsprop_cl_paper_s2026,j4,1,5,1.21318411827087,0.385373830795288,1.82173585891724,0.242636823654175,36.2756509780884,STATISVM7,12,12,1,2026-10-08 15:20:16
nncl,nncl.cl_grid,clgrid_20_rmsprop_cl_paper_s2026,j5,1,5,1.31868505477905,0.428133964538574,1.95463085174561,0.263737010955811,36.2756509780884,STATISVM7,12,12,1,2026-10-08 15:20:16
nncl,nncl.cl_grid,clgrid_20_rmsprop_cl_paper_s2026,j6,1,5,1.36096882820129,0.389196157455444,1.98027610778809,0.272193765640259,36.2756509780884,STATISVM7,12,12,1,2026-10-08 15:20:16
nncl,nncl.cl_grid,clgrid_20_rmsprop_cl_paper_s2026,j7,1,5,1.1765878200531,0.40767502784729,1.81726503372192,0.23531756401062,36.2756509780884,STATISVM7,12,12,1,2026-10-08 15:20:16
nncl,nncl.cl_grid,clgrid_20_rmsprop_cl_paper_s2026,j8,1,5,1.32940196990967,0.381630182266235,1.89337515830994,0.265880393981934,36.2756509780884,STATISVM7,12,12,1,2026-10-08 15:20:16
nncl,nncl.cl_grid,clgrid_20_rmsprop_cl_paper_s2026,j9,1,5,1.19061398506165,0.412348985671997,1.80357193946838,0.238122797012329,36.2756509780884,STATISVM7,12,12,1,2026-10-08 15:20:16
nncl,nncl.cl_grid,clgrid_20_rmsprop_cl_paper_s2026,j10,1,5,1.29209613800049,0.442085981369019,1.95105004310608,0.258419227600098,36.2756509780884,STATISVM7,12,12,1,2026-10-08 15:20:16
nncl,nncl.cl_grid,clgrid_20_rmsprop_cl_paper_s2026,j11,1,5,1.30756807327271,0.409364938735962,1.96291899681091,0.261513614654541,36.2756509780884,STATISVM7,12,12,1,2026-10-08 15:20:16
nncl,nncl.cl_grid,clgrid_20_rmsprop_cl_paper_s2026,j12,1,5,1.24453997612,0.441510915756226,1.89060401916504,0.248907995223999,36.2756509780884,STATISVM7,12,12,1,2026-10-08 15:20:16
nncl,nncl.cl_grid,clgrid_20_rmsprop_cl_paper_s2026,j13,1,5,1.27911019325256,0.42719292640686,1.92580008506775,0.255822038650513,36.2756509780884,STATISVM7,12,12,1,2026-10-08 15:20:16
nncl,nncl.cl_grid,clgrid_20_rmsprop_cl_paper_s2026,j14,1,5,1.11792421340942,0.441324949264526,1.76423311233521,0.223584842681885,36.2756509780884,STATISVM7,12,12,1,2026-10-08 15:20:16
nncl,nncl.cl_grid,clgrid_20_rmsprop_cl_paper_s2026,j15,1,5,1.25349593162537,0.429747104644775,1.90495991706848,0.250699186325073,36.2756509780884,STATISVM7,12,12,1,2026-10-08 15:20:16
nncl,nncl.cl_grid,clgrid_20_rmsprop_cl_paper_s2026,j16,1,5,1.39993906021118,0.454092979431152,2.06337094306946,0.279987812042236,36.2756509780884,STATISVM7,12,12,1,2026-10-08 15:20:16
nncl,nncl.cl_grid,clgrid_20_rmsprop_cl_paper_s2026,j17,1,5,1.23779511451721,0.464779853820801,2.01670789718628,0.247559022903442,36.2756509780884,STATISVM7,12,12,1,2026-10-08 15:20:16
nncl,nncl.cl_grid,clgrid_20_rmsprop_cl_paper_s2026,j18,1,5,1.17613291740417,0.466004848480225,1.8533079624176,0.235226583480835,36.2756509780884,STATISVM7,12,12,1,2026-10-08 15:20:16
nncl,nncl.cl_grid,clgrid_20_rmsprop_cl_paper_s2026,j19,1,5,1.27637815475464,0.479481935501099,1.94960594177246,0.255275630950928,36.2756509780884,STATISVM7,12,12,1,2026-10-08 15:20:16
nncl,nncl.cl_grid,clgrid_20_rmsprop_cl_paper_s2027,j1,1,5,1.12711596488953,0.567322969436646,1.89459300041199,0.225423192977905,34.6168694496155,STATISVM7,12,12,1,2026-10-08 15:24:13
nncl,nncl.cl_grid,clgrid_20_rmsprop_cl_paper_s2027,j2,1,5,1.17295503616333,0.376227855682373,1.77790403366089,0.234591007232666,34.6168694496155,STATISVM7,12,12,1,2026-10-08 15:24:13
nncl,nncl.cl_grid,clgrid_20_rmsprop_cl_paper_s2027,j3,1,5,1.38694906234741,0.407078981399536,2.00947499275208,0.277389812469482,34.6168694496155,STATISVM7,12,12,1,2026-10-08 15:24:13
nncl,nncl.cl_grid,clgrid_20_rmsprop_cl_paper_s2027,j4,1,5,1.29304695129395,0.392894983291626,1.87834095954895,0.258609390258789,34.6168694496155,STATISVM7,12,12,1,2026-10-08 15:24:13
nncl,nncl.cl_grid,clgrid_20_rmsprop_cl_paper_s2027,j5,1,5,1.10417413711548,0.409395933151245,1.70858812332153,0.220834827423096,34.6168694496155,STATISVM7,12,12,1,2026-10-08 15:24:13
nncl,nncl.cl_grid,clgrid_20_rmsprop_cl_paper_s2027,j6,1,5,1.06343507766724,0.333664894104004,1.58360695838928,0.212687015533447,34.6168694496155,STATISVM7,12,12,1,2026-10-08 15:24:13
nncl,nncl.cl_grid,clgrid_20_rmsprop_cl_paper_s2027,j7,1,5,1.04918599128723,0.357973098754883,1.59159207344055,0.209837198257446,34.6168694496155,STATISVM7,12,12,1,2026-10-08 15:24:13
nncl,nncl.cl_grid,clgrid_20_rmsprop_cl_paper_s2027,j8,1,5,1.30004405975342,0.38570499420166,1.88962411880493,0.260008811950684,34.6168694496155,STATISVM7,12,12,1,2026-10-08 15:24:13
nncl,nncl.cl_grid,clgrid_20_rmsprop_cl_paper_s2027,j9,1,5,1.28847408294678,0.432301998138428,1.92427515983582,0.257694816589355,34.6168694496155,STATISVM7,12,12,1,2026-10-08 15:24:13
nncl,nncl.cl_grid,clgrid_20_rmsprop_cl_paper_s2027,j10,1,5,1.20886087417603,0.431199073791504,1.84272599220276,0.241772174835205,34.6168694496155,STATISVM7,12,12,1,2026-10-08 15:24:13
nncl,nncl.cl_grid,clgrid_20_rmsprop_cl_paper_s2027,j11,1,5,1.08136796951294,0.445559978485107,1.71111512184143,0.216273593902588,34.6168694496155,STATISVM7,12,12,1,2026-10-08 15:24:13
nncl,nncl.cl_grid,clgrid_20_rmsprop_cl_paper_s2027,j12,1,5,1.15778398513794,0.39148211479187,1.73301100730896,0.231556797027588,34.6168694496155,STATISVM7,12,12,1,2026-10-08 15:24:13
nncl,nncl.cl_grid,clgrid_20_rmsprop_cl_paper_s2027,j13,1,5,1.28675699234009,0.406183004379272,1.9007260799408,0.257351398468018,34.6168694496155,STATISVM7,12,12,1,2026-10-08 15:24:13
nncl,nncl.cl_grid,clgrid_20_rmsprop_cl_paper_s2027,j14,1,5,1.15708613395691,0.427332878112793,1.84201788902283,0.231417226791382,34.6168694496155,STATISVM7,12,12,1,2026-10-08 15:24:13
nncl,nncl.cl_grid,clgrid_20_rmsprop_cl_paper_s2027,j15,1,5,1.07172107696533,0.428375959396362,1.69300317764282,0.214344215393066,34.6168694496155,STATISVM7,12,12,1,2026-10-08 15:24:13
nncl,nncl.cl_grid,clgrid_20_rmsprop_cl_paper_s2027,j16,1,5,1.42357206344605,0.41157603263855,2.04984998703003,0.284714412689209,34.6168694496155,STATISVM7,12,12,1,2026-10-08 15:24:13
nncl,nncl.cl_grid,clgrid_20_rmsprop_cl_paper_s2027,j17,1,5,1.22995901107788,0.429280996322632,1.85566997528076,0.245991802215576,34.6168694496155,STATISVM7,12,12,1,2026-10-08 15:24:13
nncl,nncl.cl_grid,clgrid_20_rmsprop_cl_paper_s2027,j18,1,5,1.15919303894043,0.446369886398315,1.80115389823914,0.231838607788086,34.6168694496155,STATISVM7,12,12,1,2026-10-08 15:24:13
nncl,nncl.cl_grid,clgrid_20_rmsprop_cl_paper_s2027,j19,1,5,1.27752304077148,0.451885938644409,1.92959690093994,0.255504608154297,34.6168694496155,STATISVM7,12,12,1,2026-10-08 15:24:13
nncl,nncl.cl_grid,clgrid_20_rmsprop_cl_start_s2026,j1,1,4,1.37462997436523,0.51202917098999,2.13884210586548,0.343657493591309,40.0290579795837,STATISVM7,12,12,1,2026-10-08 15:23:59
nncl,nncl.cl_grid,clgrid_20_rmsprop_cl_start_s2026,j2,1,10,1.74259305000305,0.405455827713013,2.32046103477478,0.174259305000305,40.0290579795837,STATISVM7,12,12,1,2026-10-08 15:23:59
nncl,nncl.cl_grid,clgrid_20_rmsprop_cl_start_s2026,j3,1,10,1.71349906921387,0.319985866546631,2.22930693626404,0.171349906921387,40.0290579795837,STATISVM7,12,12,1,2026-10-08 15:23:59
nncl,nncl.cl_grid,clgrid_20_rmsprop_cl_start_s2026,j4,1,10,1.98990511894226,0.381577014923096,2.57301807403564,0.198990511894226,40.0290579795837,STATISVM7,12,12,1,2026-10-08 15:23:59
nncl,nncl.cl_grid,clgrid_20_rmsprop_cl_start_s2026,j5,1,10,1.86747908592224,0.427733898162842,2.5165228843689,0.186747908592224,40.0290579795837,STATISVM7,12,12,1,2026-10-08 15:23:59
nncl,nncl.cl_grid,clgrid_20_rmsprop_cl_start_s2026,j6,1,10,1.73815608024597,0.393479824066162,2.32278800010681,0.173815608024597,40.0290579795837,STATISVM7,12,12,1,2026-10-08 15:23:59
nncl,nncl.cl_grid,clgrid_20_rmsprop_cl_start_s2026,j7,1,10,1.76257085800171,0.380285978317261,2.33004999160767,0.176257085800171,40.0290579795837,STATISVM7,12,12,1,2026-10-08 15:23:59
nncl,nncl.cl_grid,clgrid_20_rmsprop_cl_start_s2026,j8,1,10,1.81871199607849,0.362756967544556,2.42746496200562,0.181871199607849,40.0290579795837,STATISVM7,12,12,1,2026-10-08 15:23:59
nncl,nncl.cl_grid,clgrid_20_rmsprop_cl_start_s2026,j9,1,4,1.09456205368042,0.41827392578125,1.70118880271912,0.273640513420105,40.0290579795837,STATISVM7,12,12,1,2026-10-08 15:23:59
nncl,nncl.cl_grid,clgrid_20_rmsprop_cl_start_s2026,j10,1,10,1.84546780586243,0.444916963577271,2.52242398262024,0.184546780586243,40.0290579795837,STATISVM7,12,12,1,2026-10-08 15:23:59
nncl,nncl.cl_grid,clgrid_20_rmsprop_cl_start_s2026,j11,1,4,1.14816689491272,0.427422046661377,1.80660390853882,0.28704172372818,40.0290579795837,STATISVM7,12,12,1,2026-10-08 15:23:59
nncl,nncl.cl_grid,clgrid_20_rmsprop_cl_start_s2026,j12,1,4,1.16765904426575,0.422339916229248,1.76479506492615,0.291914761066437,40.0290579795837,STATISVM7,12,12,1,2026-10-08 15:23:59
nncl,nncl.cl_grid,clgrid_20_rmsprop_cl_start_s2026,j13,1,3,1.07946705818176,0.42818808555603,1.70318698883057,0.359822352727254,40.0290579795837,STATISVM7,12,12,1,2026-10-08 15:23:59
nncl,nncl.cl_grid,clgrid_20_rmsprop_cl_start_s2026,j14,1,3,0.857280969619751,0.418775081634522,1.466304063797,0.285760323206584,40.0290579795837,STATISVM7,12,12,1,2026-10-08 15:23:59
nncl,nncl.cl_grid,clgrid_20_rmsprop_cl_start_s2026,j15,1,3,0.980547189712524,0.452154874801636,1.63648104667664,0.326849063237508,40.0290579795837,STATISVM7,12,12,1,2026-10-08 15:23:59
nncl,nncl.cl_grid,clgrid_20_rmsprop_cl_start_s2026,j16,1,5,1.30891799926758,0.421372175216675,1.93113923072815,0.261783599853516,40.0290579795837,STATISVM7,12,12,1,2026-10-08 15:23:59
nncl,nncl.cl_grid,clgrid_20_rmsprop_cl_start_s2026,j17,1,3,1.02858400344849,0.418759822845459,1.62958788871765,0.342861334482829,40.0290579795837,STATISVM7,12,12,1,2026-10-08 15:23:59
nncl,nncl.cl_grid,clgrid_20_rmsprop_cl_start_s2026,j18,1,10,1.94285607337952,0.45088005065918,2.61970210075378,0.194285607337952,40.0290579795837,STATISVM7,12,12,1,2026-10-08 15:23:59
nncl,nncl.cl_grid,clgrid_20_rmsprop_cl_start_s2026,j19,1,10,1.68555903434753,0.504312992095947,2.3891909122467,0.168555903434753,40.0290579795837,STATISVM7,12,12,1,2026-10-08 15:23:59
nncl,nncl.cl_grid,clgrid_20_rmsprop_cl_start_s2027,j1,1,4,1.04419493675232,0.512964963912964,1.7689380645752,0.26104873418808,40.2671945095062,STATISVM7,12,12,1,2026-10-08 15:24:29
nncl,nncl.cl_grid,clgrid_20_rmsprop_cl_start_s2027,j2,1,10,1.85055589675903,0.358013153076172,2.44442415237427,0.185055589675903,40.2671945095062,STATISVM7,12,12,1,2026-10-08 15:24:29
nncl,nncl.cl_grid,clgrid_20_rmsprop_cl_start_s2027,j3,1,10,1.89012503623962,0.369460105895996,2.4765031337738,0.189012503623962,40.2671945095062,STATISVM7,12,12,1,2026-10-08 15:24:29
nncl,nncl.cl_grid,clgrid_20_rmsprop_cl_start_s2027,j4,1,10,1.93843293190002,0.390069007873535,2.51342105865479,0.193843293190002,40.2671945095062,STATISVM7,12,12,1,2026-10-08 15:24:29
nncl,nncl.cl_grid,clgrid_20_rmsprop_cl_start_s2027,j5,1,10,1.60722303390503,0.373332977294922,2.16321110725403,0.160722303390503,40.2671945095062,STATISVM7,12,12,1,2026-10-08 15:24:29
nncl,nncl.cl_grid,clgrid_20_rmsprop_cl_start_s2027,j6,1,10,1.59601402282715,0.369377136230469,2.16456508636475,0.159601402282715,40.2671945095062,STATISVM7,12,12,1,2026-10-08 15:24:29
nncl,nncl.cl_grid,clgrid_20_rmsprop_cl_start_s2027,j7,1,10,1.84354496002197,0.382712841033936,2.42222094535828,0.184354496002197,40.2671945095062,STATISVM7,12,12,1,2026-10-08 15:24:29
nncl,nncl.cl_grid,clgrid_20_rmsprop_cl_start_s2027,j8,1,10,1.69199800491333,0.386810064315796,2.29363298416138,0.169199800491333,40.2671945095062,STATISVM7,12,12,1,2026-10-08 15:24:29
nncl,nncl.cl_grid,clgrid_20_rmsprop_cl_start_s2027,j9,1,5,1.47679710388184,0.409138917922974,2.10949802398682,0.295359420776367,40.2671945095062,STATISVM7,12,12,1,2026-10-08 15:24:29
nncl,nncl.cl_grid,clgrid_20_rmsprop_cl_start_s2027,j10,1,10,1.68260908126831,0.394268989562988,2.28500604629517,0.168260908126831,40.2671945095062,STATISVM7,12,12,1,2026-10-08 15:24:29
nncl,nncl.cl_grid,clgrid_20_rmsprop_cl_start_s2027,j11,1,6,1.39818000793457,0.384864091873169,1.98800897598267,0.233030001322428,40.2671945095062,STATISVM7,12,12,1,2026-10-08 15:24:29
nncl,nncl.cl_grid,clgrid_20_rmsprop_cl_start_s2027,j12,1,3,1.04514694213867,0.410835981369019,1.65467000007629,0.348382314046224,40.2671945095062,STATISVM7,12,12,1,2026-10-08 15:24:29
nncl,nncl.cl_grid,clgrid_20_rmsprop_cl_start_s2027,j13,1,10,1.54973196983337,0.398868083953857,2.14859104156494,0.154973196983337,40.2671945095062,STATISVM7,12,12,1,2026-10-08 15:24:29
nncl,nncl.cl_grid,clgrid_20_rmsprop_cl_start_s2027,j14,1,7,1.60114407539368,0.446993827819824,2.29256701469421,0.228734867913382,40.2671945095062,STATISVM7,12,12,1,2026-10-08 15:24:29
nncl,nncl.cl_grid,clgrid_20_rmsprop_cl_start_s2027,j15,1,5,1.39838004112244,0.46484112739563,2.07658314704895,0.279676008224487,40.2671945095062,STATISVM7,12,12,1,2026-10-08 15:24:29
nncl,nncl.cl_grid,clgrid_20_rmsprop_cl_start_s2027,j16,1,5,1.42989897727966,0.469744920730591,2.09602284431458,0.285979795455933,40.2671945095062,STATISVM7,12,12,1,2026-10-08 15:24:29
nncl,nncl.cl_grid,clgrid_20_rmsprop_cl_start_s2027,j17,1,3,1.03401303291321,0.470128059387207,1.72814297676086,0.344671010971069,40.2671945095062,STATISVM7,12,12,1,2026-10-08 15:24:29
nncl,nncl.cl_grid,clgrid_20_rmsprop_cl_start_s2027,j18,1,3,1.20234608650208,0.451874017715454,1.87205100059509,0.400782028834025,40.2671945095062,STATISVM7,12,12,1,2026-10-08 15:24:29
nncl,nncl.cl_grid,clgrid_20_rmsprop_cl_start_s2027,j19,1,4,1.07823085784912,0.477086067199707,1.76913690567017,0.26955771446228,40.2671945095062,STATISVM7,12,12,1,2026-10-08 15:24:29
nncl,nncl.cl_grid,clgrid_20_sgd_cl_paper_s2026,j1,1,5,0.928014993667603,0.542454957962036,1.68408894538879,0.185602998733521,29.0795953273773,STATISVM7,12,12,1,2026-10-08 15:23:57
nncl,nncl.cl_grid,clgrid_20_sgd_cl_paper_s2026,j2,1,5,0.990358114242554,0.437663793563843,1.61839699745178,0.198071622848511,29.0795953273773,STATISVM7,12,12,1,2026-10-08 15:23:57
nncl,nncl.cl_grid,clgrid_20_sgd_cl_paper_s2026,j3,1,5,0.863352060317993,0.40454888343811,1.4624879360199,0.172670412063599,29.0795953273773,STATISVM7,12,12,1,2026-10-08 15:23:57
nncl,nncl.cl_grid,clgrid_20_sgd_cl_paper_s2026,j4,1,5,0.778180122375488,0.372189998626709,1.37671899795532,0.155636024475098,29.0795953273773,STATISVM7,12,12,1,2026-10-08 15:23:57
nncl,nncl.cl_grid,clgrid_20_sgd_cl_paper_s2026,j5,1,5,0.923305034637451,0.358311891555786,1.46113395690918,0.18466100692749,29.0795953273773,STATISVM7,12,12,1,2026-10-08 15:23:57
nncl,nncl.cl_grid,clgrid_20_sgd_cl_paper_s2026,j6,1,5,0.945775032043457,0.348320960998535,1.50306701660156,0.189155006408691,29.0795953273773,STATISVM7,12,12,1,2026-10-08 15:23:57
nncl,nncl.cl_grid,clgrid_20_sgd_cl_paper_s2026,j7,1,5,0.90438985824585,0.357898235321045,1.5020592212677,0.18087797164917,29.0795953273773,STATISVM7,12,12,1,2026-10-08 15:23:57
nncl,nncl.cl_grid,clgrid_20_sgd_cl_paper_s2026,j8,1,5,0.920236825942993,0.375190019607544,1.48615503311157,0.184047365188599,29.0795953273773,STATISVM7,12,12,1,2026-10-08 15:23:57
nncl,nncl.cl_grid,clgrid_20_sgd_cl_paper_s2026,j9,1,5,0.83117413520813,0.394322872161865,1.45161509513855,0.166234827041626,29.0795953273773,STATISVM7,12,12,1,2026-10-08 15:23:57
nncl,nncl.cl_grid,clgrid_20_sgd_cl_paper_s2026,j10,1,5,1.03291893005371,0.42200493812561,1.6620728969574,0.206583786010742,29.0795953273773,STATISVM7,12,12,1,2026-10-08 15:23:57
nncl,nncl.cl_grid,clgrid_20_sgd_cl_paper_s2026,j11,1,5,1.10462999343872,0.438822984695435,1.77119708061218,0.220925998687744,29.0795953273773,STATISVM7,12,12,1,2026-10-08 15:23:57
nncl,nncl.cl_grid,clgrid_20_sgd_cl_paper_s2026,j12,1,5,0.805949926376343,0.415527105331421,1.4196310043335,0.161189985275269,29.0795953273773,STATISVM7,12,12,1,2026-10-08 15:23:57
nncl,nncl.cl_grid,clgrid_20_sgd_cl_paper_s2026,j13,1,5,1.02688813209534,0.426422834396362,1.6435718536377,0.205377626419067,29.0795953273773,STATISVM7,12,12,1,2026-10-08 15:23:57
nncl,nncl.cl_grid,clgrid_20_sgd_cl_paper_s2026,j14,1,5,0.786348104476929,0.354558944702148,1.34662795066834,0.157269620895386,29.0795953273773,STATISVM7,12,12,1,2026-10-08 15:23:57
nncl,nncl.cl_grid,clgrid_20_sgd_cl_paper_s2026,j15,1,5,0.804216146469116,0.391448974609375,1.39449405670166,0.160843229293823,29.0795953273773,STATISVM7,12,12,1,2026-10-08 15:23:57
nncl,nncl.cl_grid,clgrid_20_sgd_cl_paper_s2026,j16,1,5,0.945995092391968,0.385783910751343,1.51821208000183,0.189199018478394,29.0795953273773,STATISVM7,12,12,1,2026-10-08 15:23:57
nncl,nncl.cl_grid,clgrid_20_sgd_cl_paper_s2026,j17,1,5,0.990003824234009,0.407173156738281,1.58605718612671,0.198000764846802,29.0795953273773,STATISVM7,12,12,1,2026-10-08 15:23:57
nncl,nncl.cl_grid,clgrid_20_sgd_cl_paper_s2026,j18,1,5,0.910516977310181,0.426651000976563,1.55336999893188,0.182103395462036,29.0795953273773,STATISVM7,12,12,1,2026-10-08 15:23:57
nncl,nncl.cl_grid,clgrid_20_sgd_cl_paper_s2026,j19,1,5,1.00109505653381,0.440340042114258,1.63863801956177,0.200219011306763,29.0795953273773,STATISVM7,12,12,1,2026-10-08 15:23:57
nncl,nncl.cl_grid,clgrid_20_sgd_cl_paper_s2027,j1,1,5,0.928260803222656,0.531007051467896,1.65380787849426,0.185652160644531,28.5019948482513,STATISVM7,12,12,1,2026-10-08 15:24:17
nncl,nncl.cl_grid,clgrid_20_sgd_cl_paper_s2027,j2,1,5,0.90190601348877,0.346983909606934,1.47066402435303,0.180381202697754,28.5019948482513,STATISVM7,12,12,1,2026-10-08 15:24:17
nncl,nncl.cl_grid,clgrid_20_sgd_cl_paper_s2027,j3,1,5,0.925734996795654,0.385178089141846,1.51027202606201,0.185146999359131,28.5019948482513,STATISVM7,12,12,1,2026-10-08 15:24:17
nncl,nncl.cl_grid,clgrid_20_sgd_cl_paper_s2027,j4,1,5,0.980983018875122,0.404978036880493,1.60195708274841,0.196196603775024,28.5019948482513,STATISVM7,12,12,1,2026-10-08 15:24:17
nncl,nncl.cl_grid,clgrid_20_sgd_cl_paper_s2027,j5,1,5,0.881067991256714,0.414539098739624,1.51993608474731,0.176213598251343,28.5019948482513,STATISVM7,12,12,1,2026-10-08 15:24:17
nncl,nncl.cl_grid,clgrid_20_sgd_cl_paper_s2027,j6,1,5,0.890751123428345,0.394805908203125,1.47644591331482,0.178150224685669,28.5019948482513,STATISVM7,12,12,1,2026-10-08 15:24:17
nncl,nncl.cl_grid,clgrid_20_sgd_cl_paper_s2027,j7,1,5,0.816199064254761,0.398914813995361,1.41167593002319,0.163239812850952,28.5019948482513,STATISVM7,12,12,1,2026-10-08 15:24:17
nncl,nncl.cl_grid,clgrid_20_sgd_cl_paper_s2027,j8,1,5,0.770559072494507,0.351974964141846,1.30762195587158,0.154111814498901,28.5019948482513,STATISVM7,12,12,1,2026-10-08 15:24:17
nncl,nncl.cl_grid,clgrid_20_sgd_cl_paper_s2027,j9,1,5,0.767605066299439,0.349722862243652,1.31092000007629,0.153521013259888,28.5019948482513,STATISVM7,12,12,1,2026-10-08 15:24:17
nncl,nncl.cl_grid,clgrid_20_sgd_cl_paper_s2027,j10,1,5,0.910533905029297,0.411648035049439,1.54374599456787,0.182106781005859,28.5019948482513,STATISVM7,12,12,1,2026-10-08 15:24:17
nncl,nncl.cl_grid,clgrid_20_sgd_cl_paper_s2027,j11,1,5,0.820888042449951,0.392926931381226,1.40257096290588,0.16417760848999,28.5019948482513,STATISVM7,12,12,1,2026-10-08 15:24:17
nncl,nncl.cl_grid,clgrid_20_sgd_cl_paper_s2027,j12,1,5,0.916795969009399,0.373788833618164,1.51381278038025,0.18335919380188,28.5019948482513,STATISVM7,12,12,1,2026-10-08 15:24:17
nncl,nncl.cl_grid,clgrid_20_sgd_cl_paper_s2027,j13,1,5,0.932651996612549,0.407368898391724,1.5736780166626,0.18653039932251,28.5019948482513,STATISVM7,12,12,1,2026-10-08 15:24:17
nncl,nncl.cl_grid,clgrid_20_sgd_cl_paper_s2027,j14,1,5,0.961842060089111,0.410872936248779,1.57245397567749,0.192368412017822,28.5019948482513,STATISVM7,12,12,1,2026-10-08 15:24:17
nncl,nncl.cl_grid,clgrid_20_sgd_cl_paper_s2027,j15,1,5,0.866122961044312,0.406219959259033,1.46130204200745,0.173224592208862,28.5019948482513,STATISVM7,12,12,1,2026-10-08 15:24:17
nncl,nncl.cl_grid,clgrid_20_sgd_cl_paper_s2027,j16,1,5,1.09911584854126,0.385987043380737,1.71262907981873,0.219823169708252,28.5019948482513,STATISVM7,12,12,1,2026-10-08 15:24:17
nncl,nncl.cl_grid,clgrid_20_sgd_cl_paper_s2027,j17,1,5,0.873276948928833,0.446807861328125,1.51514101028442,0.174655389785767,28.5019948482513,STATISVM7,12,12,1,2026-10-08 15:24:17
nncl,nncl.cl_grid,clgrid_20_sgd_cl_paper_s2027,j18,1,5,0.799726963043213,0.394544124603272,1.39602112770081,0.159945392608643,28.5019948482513,STATISVM7,12,12,1,2026-10-08 15:24:17
nncl,nncl.cl_grid,clgrid_20_sgd_cl_paper_s2027,j19,1,5,0.94903302192688,0.406440019607544,1.54733896255493,0.189806604385376,28.5019948482513,STATISVM7,12,12,1,2026-10-08 15:24:17
nncl,nncl.cl_grid,clgrid_20_sgd_cl_start_s2026,j1,1,3,0.77160382270813,0.57005500793457,1.54042887687683,0.257201274236043,35.1374111175537,STATISVM7,12,12,1,2026-10-08 15:24:09
nncl,nncl.cl_grid,clgrid_20_sgd_cl_start_s2026,j2,1,10,1.39698696136475,0.345381021499634,1.94251012802124,0.139698696136475,35.1374111175537,STATISVM7,12,12,1,2026-10-08 15:24:09
nncl,nncl.cl_grid,clgrid_20_sgd_cl_start_s2026,j3,1,10,1.55667495727539,0.370622158050537,2.13564515113831,0.155667495727539,35.1374111175537,STATISVM7,12,12,1,2026-10-08 15:24:09
nncl,nncl.cl_grid,clgrid_20_sgd_cl_start_s2026,j4,1,10,1.37866497039795,0.367297172546387,1.94754505157471,0.137866497039795,35.1374111175537,STATISVM7,12,12,1,2026-10-08 15:24:09
nncl,nncl.cl_grid,clgrid_20_sgd_cl_start_s2026,j5,1,10,1.67293310165405,0.392269849777222,2.28852391242981,0.167293310165405,35.1374111175537,STATISVM7,12,12,1,2026-10-08 15:24:09
nncl,nncl.cl_grid,clgrid_20_sgd_cl_start_s2026,j6,1,10,1.71718502044678,0.409353971481323,2.34485983848572,0.171718502044678,35.1374111175537,STATISVM7,12,12,1,2026-10-08 15:24:09
nncl,nncl.cl_grid,clgrid_20_sgd_cl_start_s2026,j7,1,10,1.53992319107056,0.369556903839111,2.11785888671875,0.153992319107056,35.1374111175537,STATISVM7,12,12,1,2026-10-08 15:24:09
nncl,nncl.cl_grid,clgrid_20_sgd_cl_start_s2026,j8,1,10,1.43012404441834,0.331593036651611,1.97993397712708,0.143012404441834,35.1374111175537,STATISVM7,12,12,1,2026-10-08 15:24:09
nncl,nncl.cl_grid,clgrid_20_sgd_cl_start_s2026,j9,1,8,1.17756199836731,0.361688137054443,1.73802399635315,0.147195249795914,35.1374111175537,STATISVM7,12,12,1,2026-10-08 15:24:09
nncl,nncl.cl_grid,clgrid_20_sgd_cl_start_s2026,j10,1,10,1.70404386520386,0.408178091049194,2.33852910995483,0.170404386520386,35.1374111175537,STATISVM7,12,12,1,2026-10-08 15:24:09
nncl,nncl.cl_grid,clgrid_20_sgd_cl_start_s2026,j11,1,9,1.5358898639679,0.420263051986694,2.18546009063721,0.170654429329766,35.1374111175537,STATISVM7,12,12,1,2026-10-08 15:24:09
nncl,nncl.cl_grid,clgrid_20_sgd_cl_start_s2026,j12,1,6,1.01833701133728,0.425480127334595,1.64879012107849,0.16972283522288,35.1374111175537,STATISVM7,12,12,1,2026-10-08 15:24:09
nncl,nncl.cl_grid,clgrid_20_sgd_cl_start_s2026,j13,1,10,1.26796984672546,0.391206026077271,1.85098004341126,0.126796984672546,35.1374111175537,STATISVM7,12,12,1,2026-10-08 15:24:09
nncl,nncl.cl_grid,clgrid_20_sgd_cl_start_s2026,j14,1,3,0.622080802917481,0.379400014877319,1.19710993766785,0.20736026763916,35.1374111175537,STATISVM7,12,12,1,2026-10-08 15:24:09
nncl,nncl.cl_grid,clgrid_20_sgd_cl_start_s2026,j15,1,3,0.707705020904541,0.374337196350098,1.27337908744812,0.235901673634847,35.1374111175537,STATISVM7,12,12,1,2026-10-08 15:24:09
nncl,nncl.cl_grid,clgrid_20_sgd_cl_start_s2026,j16,1,3,0.693014860153198,0.408545970916748,1.31598782539368,0.231004953384399,35.1374111175537,STATISVM7,12,12,1,2026-10-08 15:24:09
nncl,nncl.cl_grid,clgrid_20_sgd_cl_start_s2026,j17,1,3,0.623690128326416,0.41710090637207,1.23701906204224,0.207896709442139,35.1374111175537,STATISVM7,12,12,1,2026-10-08 15:24:09
nncl,nncl.cl_grid,clgrid_20_sgd_cl_start_s2026,j18,1,10,1.36532115936279,0.382622957229614,1.94988703727722,0.136532115936279,35.1374111175537,STATISVM7,12,12,1,2026-10-08 15:24:09
nncl,nncl.cl_grid,clgrid_20_sgd_cl_start_s2026,j19,1,10,1.46364903450012,0.430509805679321,2.10493898391724,0.146364903450012,35.1374111175537,STATISVM7,12,12,1,2026-10-08 15:24:09
nncl,nncl.cl_grid,clgrid_20_sgd_cl_start_s2027,j1,1,3,0.715187072753906,0.554459095001221,1.50342297554016,0.238395690917969,33.8970234394074,STATISVM7,12,12,1,2026-10-08 15:24:27
nncl,nncl.cl_grid,clgrid_20_sgd_cl_start_s2027,j2,1,10,1.68865203857422,0.398241996765137,2.32923603057861,0.168865203857422,33.8970234394074,STATISVM7,12,12,1,2026-10-08 15:24:27
nncl,nncl.cl_grid,clgrid_20_sgd_cl_start_s2027,j3,1,10,1.3978259563446,0.359148025512695,1.94243693351746,0.13978259563446,33.8970234394074,STATISVM7,12,12,1,2026-10-08 15:24:27
nncl,nncl.cl_grid,clgrid_20_sgd_cl_start_s2027,j4,1,10,1.20590877532959,0.345487117767334,1.73456597328186,0.120590877532959,33.8970234394074,STATISVM7,12,12,1,2026-10-08 15:24:27
nncl,nncl.cl_grid,clgrid_20_sgd_cl_start_s2027,j5,1,10,1.54095578193665,0.331176042556763,2.07967901229858,0.154095578193665,33.8970234394074,STATISVM7,12,12,1,2026-10-08 15:24:27
nncl,nncl.cl_grid,clgrid_20_sgd_cl_start_s2027,j6,1,10,1.5663959980011,0.370702028274536,2.12911510467529,0.15663959980011,33.8970234394074,STATISVM7,12,12,1,2026-10-08 15:24:27
nncl,nncl.cl_grid,clgrid_20_sgd_cl_start_s2027,j7,1,10,1.36870908737183,0.397363901138306,1.9852728843689,0.136870908737183,33.8970234394074,STATISVM7,12,12,1,2026-10-08 15:24:27
nncl,nncl.cl_grid,clgrid_20_sgd_cl_start_s2027,j8,1,10,1.55513000488281,0.41595196723938,2.17806696891785,0.155513000488281,33.8970234394074,STATISVM7,12,12,1,2026-10-08 15:24:27
nncl,nncl.cl_grid,clgrid_20_sgd_cl_start_s2027,j9,1,3,0.668253898620606,0.377676963806152,1.25424385070801,0.222751299540202,33.8970234394074,STATISVM7,12,12,1,2026-10-08 15:24:27
nncl,nncl.cl_grid,clgrid_20_sgd_cl_start_s2027,j10,1,3,0.642627000808716,0.390551090240479,1.23320412635803,0.214209000269572,33.8970234394074,STATISVM7,12,12,1,2026-10-08 15:24:27
nncl,nncl.cl_grid,clgrid_20_sgd_cl_start_s2027,j11,1,10,1.59389185905457,0.374069213867188,2.15984916687012,0.159389185905457,33.8970234394074,STATISVM7,12,12,1,2026-10-08 15:24:27
nncl,nncl.cl_grid,clgrid_20_sgd_cl_start_s2027,j12,1,10,1.51839995384216,0.393088102340698,2.10912919044495,0.151839995384216,33.8970234394074,STATISVM7,12,12,1,2026-10-08 15:24:27
nncl,nncl.cl_grid,clgrid_20_sgd_cl_start_s2027,j13,1,10,1.59022283554077,0.39494800567627,2.20225286483765,0.159022283554077,33.8970234394074,STATISVM7,12,12,1,2026-10-08 15:24:27
nncl,nncl.cl_grid,clgrid_20_sgd_cl_start_s2027,j14,1,3,0.707981109619141,0.396672010421753,1.30825614929199,0.23599370320638,33.8970234394074,STATISVM7,12,12,1,2026-10-08 15:24:27
nncl,nncl.cl_grid,clgrid_20_sgd_cl_start_s2027,j15,1,3,0.766810894012451,0.390171051025391,1.38659596443176,0.255603631337484,33.8970234394074,STATISVM7,12,12,1,2026-10-08 15:24:27
nncl,nncl.cl_grid,clgrid_20_sgd_cl_start_s2027,j16,1,3,0.826292037963867,0.40438985824585,1.47200107574463,0.275430679321289,33.8970234394074,STATISVM7,12,12,1,2026-10-08 15:24:27
nncl,nncl.cl_grid,clgrid_20_sgd_cl_start_s2027,j17,1,3,0.80908203125,0.420618057250977,1.45871615409851,0.269694010416667,33.8970234394074,STATISVM7,12,12,1,2026-10-08 15:24:27
nncl,nncl.cl_grid,clgrid_20_sgd_cl_start_s2027,j18,1,10,1.47879409790039,0.391507863998413,2.06708002090454,0.147879409790039,33.8970234394074,STATISVM7,12,12,1,2026-10-08 15:24:27
nncl,nncl.cl_grid,clgrid_20_sgd_cl_start_s2027,j19,1,3,0.765230178833008,0.393919944763184,1.36389899253845,0.255076726277669,33.8970234394074,STATISVM7,12,12,1,2026-10-08 15:24:27
nncl,nncl.grid,grid_20_rmsprop_early_stop_s2026,j1,1,10,1.7685239315033,0.496026039123535,2.46421313285828,0.17685239315033,46.8162524700165,STATISVM7,12,12,1,2026-10-08 15:23:39
nncl,nncl.grid,grid_20_rmsprop_early_stop_s2026,j2,1,10,1.96474409103394,0.419811010360718,2.62739300727844,0.196474409103394,46.8162524700165,STATISVM7,12,12,1,2026-10-08 15:23:39
nncl,nncl.grid,grid_20_rmsprop_early_stop_s2026,j3,1,10,1.77866911888123,0.384723901748657,2.42280602455139,0.177866911888123,46.8162524700165,STATISVM7,12,12,1,2026-10-08 15:23:39
nncl,nncl.grid,grid_20_rmsprop_early_stop_s2026,j4,1,10,1.89593601226807,0.385269165039063,2.45762205123901,0.189593601226807,46.8162524700165,STATISVM7,12,12,1,2026-10-08 15:23:39
nncl,nncl.grid,grid_20_rmsprop_early_stop_s2026,j5,1,10,1.53469705581665,0.340020895004272,2.05842399597168,0.153469705581665,46.8162524700165,STATISVM7,12,12,1,2026-10-08 15:23:39
nncl,nncl.grid,grid_20_rmsprop_early_stop_s2026,j6,1,10,1.97342205047607,0.330980062484741,2.52656292915344,0.197342205047607,46.8162524700165,STATISVM7,12,12,1,2026-10-08 15:23:39
nncl,nncl.grid,grid_20_rmsprop_early_stop_s2026,j7,1,10,1.93042016029358,0.56624698638916,2.71340703964233,0.193042016029358,46.8162524700165,STATISVM7,12,12,1,2026-10-08 15:23:39
nncl,nncl.grid,grid_20_rmsprop_early_stop_s2026,j8,1,10,2.27912187576294,0.418867111206055,2.94600701332092,0.227912187576294,46.8162524700165,STATISVM7,12,12,1,2026-10-08 15:23:39
nncl,nncl.grid,grid_20_rmsprop_early_stop_s2026,j9,1,10,1.78242897987366,0.402930021286011,2.39801001548767,0.178242897987366,46.8162524700165,STATISVM7,12,12,1,2026-10-08 15:23:39
nncl,nncl.grid,grid_20_rmsprop_early_stop_s2026,j10,1,10,1.78242683410645,0.406361103057861,2.3976628780365,0.178242683410645,46.8162524700165,STATISVM7,12,12,1,2026-10-08 15:23:39
nncl,nncl.grid,grid_20_rmsprop_early_stop_s2026,j11,1,10,1.70558595657349,0.402545928955078,2.33684587478638,0.170558595657349,46.8162524700165,STATISVM7,12,12,1,2026-10-08 15:23:39
nncl,nncl.grid,grid_20_rmsprop_early_stop_s2026,j12,1,10,1.9207489490509,0.415271043777466,2.53648400306702,0.19207489490509,46.8162524700165,STATISVM7,12,12,1,2026-10-08 15:23:39
nncl,nncl.grid,grid_20_rmsprop_early_stop_s2026,j13,1,10,1.60843205451965,0.383381843566895,2.17844700813293,0.160843205451965,46.8162524700165,STATISVM7,12,12,1,2026-10-08 15:23:39
nncl,nncl.grid,grid_20_rmsprop_early_stop_s2026,j14,1,10,2.00952100753784,0.379828929901123,2.58871912956238,0.200952100753784,46.8162524700165,STATISVM7,12,12,1,2026-10-08 15:23:39
nncl,nncl.grid,grid_20_rmsprop_early_stop_s2026,j15,1,10,1.94906091690063,0.458423137664795,2.63535308837891,0.194906091690063,46.8162524700165,STATISVM7,12,12,1,2026-10-08 15:23:39
nncl,nncl.grid,grid_20_rmsprop_early_stop_s2026,j16,1,10,1.79777693748474,0.471862077713013,2.48863410949707,0.179777693748474,46.8162524700165,STATISVM7,12,12,1,2026-10-08 15:23:39
nncl,nncl.grid,grid_20_rmsprop_early_stop_s2026,j17,1,10,1.53241014480591,0.441529035568237,2.17936205863953,0.153241014480591,46.8162524700165,STATISVM7,12,12,1,2026-10-08 15:23:39
nncl,nncl.grid,grid_20_rmsprop_early_stop_s2026,j18,1,10,1.83587884902954,0.424659013748169,2.47653102874756,0.183587884902954,46.8162524700165,STATISVM7,12,12,1,2026-10-08 15:23:39
nncl,nncl.grid,grid_20_rmsprop_early_stop_s2026,j19,1,10,1.74598097801209,0.434889078140259,2.38376808166504,0.174598097801209,46.8162524700165,STATISVM7,12,12,1,2026-10-08 15:23:39
nncl,nncl.grid,grid_20_rmsprop_early_stop_s2027,j1,1,10,2.00860905647278,0.49898099899292,2.72471308708191,0.200860905647278,45.6690442562103,STATISVM7,12,12,1,2026-10-08 15:24:04
nncl,nncl.grid,grid_20_rmsprop_early_stop_s2027,j2,1,10,1.67953085899353,0.358717918395996,2.24442577362061,0.167953085899353,45.6690442562103,STATISVM7,12,12,1,2026-10-08 15:24:04
nncl,nncl.grid,grid_20_rmsprop_early_stop_s2027,j3,1,10,1.52290201187134,0.337924957275391,2.05675482749939,0.152290201187134,45.6690442562103,STATISVM7,12,12,1,2026-10-08 15:24:04
nncl,nncl.grid,grid_20_rmsprop_early_stop_s2027,j4,1,10,1.86743307113647,0.35003399848938,2.43509411811829,0.186743307113647,45.6690442562103,STATISVM7,12,12,1,2026-10-08 15:24:04
nncl,nncl.grid,grid_20_rmsprop_early_stop_s2027,j5,1,10,1.87260413169861,0.393702983856201,2.47159910202026,0.187260413169861,45.6690442562103,STATISVM7,12,12,1,2026-10-08 15:24:04
nncl,nncl.grid,grid_20_rmsprop_early_stop_s2027,j6,1,10,1.74164700508118,0.40761399269104,2.35829091072083,0.174164700508118,45.6690442562103,STATISVM7,12,12,1,2026-10-08 15:24:04
nncl,nncl.grid,grid_20_rmsprop_early_stop_s2027,j7,1,10,1.68367385864258,0.379065990447998,2.24093103408813,0.168367385864258,45.6690442562103,STATISVM7,12,12,1,2026-10-08 15:24:04
nncl,nncl.grid,grid_20_rmsprop_early_stop_s2027,j8,1,10,1.87979602813721,0.378216028213501,2.46147704124451,0.187979602813721,45.6690442562103,STATISVM7,12,12,1,2026-10-08 15:24:04
nncl,nncl.grid,grid_20_rmsprop_early_stop_s2027,j9,1,10,1.73081612586975,0.440762996673584,2.37033009529114,0.173081612586975,45.6690442562103,STATISVM7,12,12,1,2026-10-08 15:24:04
nncl,nncl.grid,grid_20_rmsprop_early_stop_s2027,j10,1,10,1.96493291854858,0.410868883132935,2.58310079574585,0.196493291854858,45.6690442562103,STATISVM7,12,12,1,2026-10-08 15:24:04
nncl,nncl.grid,grid_20_rmsprop_early_stop_s2027,j11,1,10,1.85864281654358,0.436939001083374,2.50678300857544,0.185864281654358,45.6690442562103,STATISVM7,12,12,1,2026-10-08 15:24:04
nncl,nncl.grid,grid_20_rmsprop_early_stop_s2027,j12,1,10,1.62125396728516,0.429211139678955,2.26205706596375,0.162125396728516,45.6690442562103,STATISVM7,12,12,1,2026-10-08 15:24:04
nncl,nncl.grid,grid_20_rmsprop_early_stop_s2027,j13,1,10,1.84983491897583,0.41425609588623,2.46740198135376,0.184983491897583,45.6690442562103,STATISVM7,12,12,1,2026-10-08 15:24:04
nncl,nncl.grid,grid_20_rmsprop_early_stop_s2027,j14,1,10,1.6684730052948,0.444911003112793,2.29216289520264,0.16684730052948,45.6690442562103,STATISVM7,12,12,1,2026-10-08 15:24:04
nncl,nncl.grid,grid_20_rmsprop_early_stop_s2027,j15,1,10,1.84686207771301,0.491634130477905,2.5391161441803,0.184686207771301,45.6690442562103,STATISVM7,12,12,1,2026-10-08 15:24:04
nncl,nncl.grid,grid_20_rmsprop_early_stop_s2027,j16,1,10,1.85139989852905,0.457786083221436,2.52286314964294,0.185139989852905,45.6690442562103,STATISVM7,12,12,1,2026-10-08 15:24:04
nncl,nncl.grid,grid_20_rmsprop_early_stop_s2027,j17,1,10,1.68766593933105,0.474438190460205,2.36959910392761,0.168766593933105,45.6690442562103,STATISVM7,12,12,1,2026-10-08 15:24:04
nncl,nncl.grid,grid_20_rmsprop_early_stop_s2027,j18,1,10,1.64138412475586,0.422431945800781,2.24758911132813,0.164138412475586,45.6690442562103,STATISVM7,12,12,1,2026-10-08 15:24:04
nncl,nncl.grid,grid_20_rmsprop_early_stop_s2027,j19,1,10,1.86474585533142,0.425080060958862,2.51475501060486,0.186474585533142,45.6690442562103,STATISVM7,12,12,1,2026-10-08 15:24:04
nncl,nncl.grid,grid_20_rmsprop_paper_s2026,j1,1,5,1.15716218948364,0.497951984405518,1.88772797584534,0.231432437896729,36.3312060832977,STATISVM7,12,12,1,2026-10-08 15:20:16
nncl,nncl.grid,grid_20_rmsprop_paper_s2026,j2,1,5,1.23548412322998,0.414254903793335,1.85335993766785,0.247096824645996,36.3312060832977,STATISVM7,12,12,1,2026-10-08 15:20:16
nncl,nncl.grid,grid_20_rmsprop_paper_s2026,j3,1,5,1.25346398353577,0.473138809204102,1.93009400367737,0.250692796707153,36.3312060832977,STATISVM7,12,12,1,2026-10-08 15:20:16
nncl,nncl.grid,grid_20_rmsprop_paper_s2026,j4,1,5,1.18786287307739,0.43137001991272,1.85104894638062,0.237572574615479,36.3312060832977,STATISVM7,12,12,1,2026-10-08 15:20:16
nncl,nncl.grid,grid_20_rmsprop_paper_s2026,j5,1,5,1.37182593345642,0.391041994094849,1.95951795578003,0.274365186691284,36.3312060832977,STATISVM7,12,12,1,2026-10-08 15:20:16
nncl,nncl.grid,grid_20_rmsprop_paper_s2026,j6,1,5,1.19287800788879,0.414870023727417,1.84002614021301,0.238575601577759,36.3312060832977,STATISVM7,12,12,1,2026-10-08 15:20:16
nncl,nncl.grid,grid_20_rmsprop_paper_s2026,j7,1,5,1.16371893882751,0.418704032897949,1.80278611183167,0.232743787765503,36.3312060832977,STATISVM7,12,12,1,2026-10-08 15:20:16
nncl,nncl.grid,grid_20_rmsprop_paper_s2026,j8,1,5,1.22479104995728,0.410778045654297,1.85434103012085,0.244958209991455,36.3312060832977,STATISVM7,12,12,1,2026-10-08 15:20:16
nncl,nncl.grid,grid_20_rmsprop_paper_s2026,j9,1,5,1.20384693145752,0.381078004837036,1.77539896965027,0.240769386291504,36.3312060832977,STATISVM7,12,12,1,2026-10-08 15:20:16
nncl,nncl.grid,grid_20_rmsprop_paper_s2026,j10,1,5,1.33972716331482,0.450753927230835,2.01412391662598,0.267945432662964,36.3312060832977,STATISVM7,12,12,1,2026-10-08 15:20:16
nncl,nncl.grid,grid_20_rmsprop_paper_s2026,j11,1,5,1.31361389160156,0.395827054977417,1.95729994773865,0.262722778320313,36.3312060832977,STATISVM7,12,12,1,2026-10-08 15:20:16
nncl,nncl.grid,grid_20_rmsprop_paper_s2026,j12,1,5,1.47100400924683,0.441349983215332,2.12865495681763,0.294200801849365,36.3312060832977,STATISVM7,12,12,1,2026-10-08 15:20:16
nncl,nncl.grid,grid_20_rmsprop_paper_s2026,j13,1,5,1.23633098602295,0.428744077682495,1.8669261932373,0.24726619720459,36.3312060832977,STATISVM7,12,12,1,2026-10-08 15:20:16
nncl,nncl.grid,grid_20_rmsprop_paper_s2026,j14,1,5,1.14100885391235,0.439125061035156,1.77413702011108,0.228201770782471,36.3312060832977,STATISVM7,12,12,1,2026-10-08 15:20:16
nncl,nncl.grid,grid_20_rmsprop_paper_s2026,j15,1,5,1.19653797149658,0.417620897293091,1.86713790893555,0.239307594299316,36.3312060832977,STATISVM7,12,12,1,2026-10-08 15:20:16
nncl,nncl.grid,grid_20_rmsprop_paper_s2026,j16,1,5,1.343425989151,0.477712154388428,2.04481410980225,0.2686851978302,36.3312060832977,STATISVM7,12,12,1,2026-10-08 15:20:16
nncl,nncl.grid,grid_20_rmsprop_paper_s2026,j17,1,5,1.34192800521851,0.46638298034668,2.02286505699158,0.268385601043701,36.3312060832977,STATISVM7,12,12,1,2026-10-08 15:20:16
nncl,nncl.grid,grid_20_rmsprop_paper_s2026,j18,1,5,1.33460402488709,0.436633825302124,2.01774287223816,0.266920804977417,36.3312060832977,STATISVM7,12,12,1,2026-10-08 15:20:16
nncl,nncl.grid,grid_20_rmsprop_paper_s2026,j19,1,5,1.21973395347595,0.456538915634155,1.88320302963257,0.24394679069519,36.3312060832977,STATISVM7,12,12,1,2026-10-08 15:20:16
nncl,nncl.grid,grid_20_rmsprop_paper_s2027,j1,1,5,1.23831510543823,0.541313886642456,1.97589802742004,0.247663021087647,34.997629404068,STATISVM7,12,12,1,2026-10-08 15:23:48
nncl,nncl.grid,grid_20_rmsprop_paper_s2027,j2,1,5,1.24447894096375,0.358526945114136,1.78679299354553,0.248895788192749,34.997629404068,STATISVM7,12,12,1,2026-10-08 15:23:48
nncl,nncl.grid,grid_20_rmsprop_paper_s2027,j3,1,5,1.27335810661316,0.345674991607666,1.83665013313293,0.254671621322632,34.997629404068,STATISVM7,12,12,1,2026-10-08 15:23:48
nncl,nncl.grid,grid_20_rmsprop_paper_s2027,j4,1,5,1.27288699150085,0.349486827850342,1.97719097137451,0.254577398300171,34.997629404068,STATISVM7,12,12,1,2026-10-08 15:23:48
nncl,nncl.grid,grid_20_rmsprop_paper_s2027,j5,1,5,1.07550692558289,0.402697086334229,1.66212916374207,0.215101385116577,34.997629404068,STATISVM7,12,12,1,2026-10-08 15:23:48
nncl,nncl.grid,grid_20_rmsprop_paper_s2027,j6,1,5,1.00780987739563,0.385668039321899,1.60049104690552,0.201561975479126,34.997629404068,STATISVM7,12,12,1,2026-10-08 15:23:48
nncl,nncl.grid,grid_20_rmsprop_paper_s2027,j7,1,5,1.03008985519409,0.352466106414795,1.56905102729797,0.206017971038818,34.997629404068,STATISVM7,12,12,1,2026-10-08 15:23:48
nncl,nncl.grid,grid_20_rmsprop_paper_s2027,j8,1,5,1.33447909355164,0.372354030609131,1.93529915809631,0.266895818710327,34.997629404068,STATISVM7,12,12,1,2026-10-08 15:23:48
nncl,nncl.grid,grid_20_rmsprop_paper_s2027,j9,1,5,1.20013213157654,0.418114900588989,1.82567000389099,0.240026426315308,34.997629404068,STATISVM7,12,12,1,2026-10-08 15:23:48
nncl,nncl.grid,grid_20_rmsprop_paper_s2027,j10,1,5,1.22664284706116,0.474934101104736,1.89949297904968,0.245328569412231,34.997629404068,STATISVM7,12,12,1,2026-10-08 15:23:48
nncl,nncl.grid,grid_20_rmsprop_paper_s2027,j11,1,5,1.35337209701538,0.453496932983398,1.98607993125916,0.270674419403076,34.997629404068,STATISVM7,12,12,1,2026-10-08 15:23:48
nncl,nncl.grid,grid_20_rmsprop_paper_s2027,j12,1,5,1.10392785072327,0.382090091705322,1.67738509178162,0.220785570144653,34.997629404068,STATISVM7,12,12,1,2026-10-08 15:23:48
nncl,nncl.grid,grid_20_rmsprop_paper_s2027,j13,1,5,1.1942629814148,0.42970085144043,1.88017892837524,0.238852596282959,34.997629404068,STATISVM7,12,12,1,2026-10-08 15:23:48
nncl,nncl.grid,grid_20_rmsprop_paper_s2027,j14,1,5,1.17199683189392,0.415680170059204,1.78506302833557,0.234399366378784,34.997629404068,STATISVM7,12,12,1,2026-10-08 15:23:48
nncl,nncl.grid,grid_20_rmsprop_paper_s2027,j15,1,5,1.35549402236938,0.449690103530884,2.03341102600098,0.271098804473877,34.997629404068,STATISVM7,12,12,1,2026-10-08 15:23:48
nncl,nncl.grid,grid_20_rmsprop_paper_s2027,j16,1,5,1.21738290786743,0.424959182739258,1.86078214645386,0.243476581573486,34.997629404068,STATISVM7,12,12,1,2026-10-08 15:23:48
nncl,nncl.grid,grid_20_rmsprop_paper_s2027,j17,1,5,1.24133610725403,0.498822927474976,1.94935297966003,0.248267221450806,34.997629404068,STATISVM7,12,12,1,2026-10-08 15:23:48
nncl,nncl.grid,grid_20_rmsprop_paper_s2027,j18,1,5,1.15903377532959,0.462561130523682,1.82231998443604,0.231806755065918,34.997629404068,STATISVM7,12,12,1,2026-10-08 15:23:48
nncl,nncl.grid,grid_20_rmsprop_paper_s2027,j19,1,5,1.28926110267639,0.455489873886108,1.93439078330994,0.257852220535278,34.997629404068,STATISVM7,12,12,1,2026-10-08 15:23:48
nncl,nncl.grid,grid_20_sgd_early_stop_s2026,j1,1,10,1.38625001907349,0.519330024719238,2.10812306404114,0.138625001907349,39.3416633605957,STATISVM7,12,12,1,2026-10-08 15:23:32
nncl,nncl.grid,grid_20_sgd_early_stop_s2026,j2,1,10,1.60567307472229,0.350564956665039,2.18960189819336,0.160567307472229,39.3416633605957,STATISVM7,12,12,1,2026-10-08 15:23:32
nncl,nncl.grid,grid_20_sgd_early_stop_s2026,j3,1,10,1.52322793006897,0.369247913360596,2.0980019569397,0.152322793006897,39.3416633605957,STATISVM7,12,12,1,2026-10-08 15:23:32
nncl,nncl.grid,grid_20_sgd_early_stop_s2026,j4,1,10,1.49463605880737,0.371443033218384,2.09847807884216,0.149463605880737,39.3416633605957,STATISVM7,12,12,1,2026-10-08 15:23:32
nncl,nncl.grid,grid_20_sgd_early_stop_s2026,j5,1,10,1.26854181289673,0.356792211532593,1.84463810920715,0.126854181289673,39.3416633605957,STATISVM7,12,12,1,2026-10-08 15:23:32
nncl,nncl.grid,grid_20_sgd_early_stop_s2026,j6,1,10,1.40454697608948,0.338520050048828,1.90962600708008,0.140454697608948,39.3416633605957,STATISVM7,12,12,1,2026-10-08 15:23:32
nncl,nncl.grid,grid_20_sgd_early_stop_s2026,j7,1,10,1.75975894927979,0.381909847259522,2.47249698638916,0.175975894927979,39.3416633605957,STATISVM7,12,12,1,2026-10-08 15:23:32
nncl,nncl.grid,grid_20_sgd_early_stop_s2026,j8,1,10,1.53949403762817,0.453435182571411,2.25046801567078,0.153949403762817,39.3416633605957,STATISVM7,12,12,1,2026-10-08 15:23:32
nncl,nncl.grid,grid_20_sgd_early_stop_s2026,j9,1,10,1.68702292442322,0.36996603012085,2.30542206764221,0.168702292442322,39.3416633605957,STATISVM7,12,12,1,2026-10-08 15:23:32
nncl,nncl.grid,grid_20_sgd_early_stop_s2026,j10,1,10,1.34824299812317,0.503190040588379,2.03351998329163,0.134824299812317,39.3416633605957,STATISVM7,12,12,1,2026-10-08 15:23:32
nncl,nncl.grid,grid_20_sgd_early_stop_s2026,j11,1,10,1.43297719955444,0.402894973754883,2.04762411117554,0.143297719955444,39.3416633605957,STATISVM7,12,12,1,2026-10-08 15:23:32
nncl,nncl.grid,grid_20_sgd_early_stop_s2026,j12,1,10,1.4006040096283,0.403034925460815,1.99194097518921,0.14006040096283,39.3416633605957,STATISVM7,12,12,1,2026-10-08 15:23:32
nncl,nncl.grid,grid_20_sgd_early_stop_s2026,j13,1,10,1.49895000457764,0.383241891860962,2.07355093955994,0.149895000457764,39.3416633605957,STATISVM7,12,12,1,2026-10-08 15:23:32
nncl,nncl.grid,grid_20_sgd_early_stop_s2026,j14,1,10,1.51509118080139,0.461338996887207,2.17868399620056,0.151509118080139,39.3416633605957,STATISVM7,12,12,1,2026-10-08 15:23:32
nncl,nncl.grid,grid_20_sgd_early_stop_s2026,j15,1,10,1.24844789505005,0.386885166168213,1.82634115219116,0.124844789505005,39.3416633605957,STATISVM7,12,12,1,2026-10-08 15:23:32
nncl,nncl.grid,grid_20_sgd_early_stop_s2026,j16,1,10,1.34153008460999,0.373045921325684,1.95537781715393,0.134153008460999,39.3416633605957,STATISVM7,12,12,1,2026-10-08 15:23:32
nncl,nncl.grid,grid_20_sgd_early_stop_s2026,j17,1,10,1.65298008918762,0.423388957977295,2.3008770942688,0.165298008918762,39.3416633605957,STATISVM7,12,12,1,2026-10-08 15:23:32
nncl,nncl.grid,grid_20_sgd_early_stop_s2026,j18,1,3,0.854975938796997,0.448430061340332,1.52496409416199,0.284991979598999,39.3416633605957,STATISVM7,12,12,1,2026-10-08 15:23:32
nncl,nncl.grid,grid_20_sgd_early_stop_s2026,j19,1,9,1.51999592781067,0.398257970809937,2.13192701339722,0.168888436423408,39.3416633605957,STATISVM7,12,12,1,2026-10-08 15:23:32
nncl,nncl.grid,grid_20_sgd_early_stop_s2027,j1,1,10,1.48857092857361,0.569574117660523,2.33328199386597,0.148857092857361,38.9972620010376,STATISVM7,12,12,1,2026-10-08 15:23:57
nncl,nncl.grid,grid_20_sgd_early_stop_s2027,j2,1,10,1.41806602478027,0.403778076171875,2.04526805877686,0.141806602478027,38.9972620010376,STATISVM7,12,12,1,2026-10-08 15:23:57
nncl,nncl.grid,grid_20_sgd_early_stop_s2027,j3,1,10,1.23881387710571,0.362904071807861,1.82824301719666,0.123881387710571,38.9972620010376,STATISVM7,12,12,1,2026-10-08 15:23:57
nncl,nncl.grid,grid_20_sgd_early_stop_s2027,j4,1,10,1.52443313598633,0.325109004974365,2.05433106422424,0.152443313598633,38.9972620010376,STATISVM7,12,12,1,2026-10-08 15:23:57
nncl,nncl.grid,grid_20_sgd_early_stop_s2027,j5,1,10,1.64106702804565,0.389649152755737,2.23047614097595,0.164106702804565,38.9972620010376,STATISVM7,12,12,1,2026-10-08 15:23:57
nncl,nncl.grid,grid_20_sgd_early_stop_s2027,j6,1,10,1.65672779083252,0.408774137496948,2.27534914016724,0.165672779083252,38.9972620010376,STATISVM7,12,12,1,2026-10-08 15:23:57
nncl,nncl.grid,grid_20_sgd_early_stop_s2027,j7,1,10,1.61036586761475,0.386605024337769,2.20321083068848,0.161036586761475,38.9972620010376,STATISVM7,12,12,1,2026-10-08 15:23:57
nncl,nncl.grid,grid_20_sgd_early_stop_s2027,j8,1,10,1.3909068107605,0.343361139297485,1.92098307609558,0.13909068107605,38.9972620010376,STATISVM7,12,12,1,2026-10-08 15:23:57
nncl,nncl.grid,grid_20_sgd_early_stop_s2027,j9,1,10,1.39891004562378,0.329555988311768,1.95202803611755,0.139891004562378,38.9972620010376,STATISVM7,12,12,1,2026-10-08 15:23:57
nncl,nncl.grid,grid_20_sgd_early_stop_s2027,j10,1,10,1.42389798164368,0.394202947616577,2.0430018901825,0.142389798164368,38.9972620010376,STATISVM7,12,12,1,2026-10-08 15:23:57
nncl,nncl.grid,grid_20_sgd_early_stop_s2027,j11,1,10,1.38067388534546,0.370213031768799,1.94948196411133,0.138067388534546,38.9972620010376,STATISVM7,12,12,1,2026-10-08 15:23:57
nncl,nncl.grid,grid_20_sgd_early_stop_s2027,j12,1,10,1.55376887321472,0.426019191741943,2.1996750831604,0.155376887321472,38.9972620010376,STATISVM7,12,12,1,2026-10-08 15:23:57
nncl,nncl.grid,grid_20_sgd_early_stop_s2027,j13,1,10,1.52167201042175,0.41855001449585,2.18094396591187,0.152167201042175,38.9972620010376,STATISVM7,12,12,1,2026-10-08 15:23:57
nncl,nncl.grid,grid_20_sgd_early_stop_s2027,j14,1,10,1.50017690658569,0.38129997253418,2.07312488555908,0.150017690658569,38.9972620010376,STATISVM7,12,12,1,2026-10-08 15:23:57
nncl,nncl.grid,grid_20_sgd_early_stop_s2027,j15,1,10,1.35649394989014,0.382067918777466,1.92893886566162,0.135649394989014,38.9972620010376,STATISVM7,12,12,1,2026-10-08 15:23:57
nncl,nncl.grid,grid_20_sgd_early_stop_s2027,j16,1,10,1.57112407684326,0.39649486541748,2.15380787849426,0.157112407684326,38.9972620010376,STATISVM7,12,12,1,2026-10-08 15:23:57
nncl,nncl.grid,grid_20_sgd_early_stop_s2027,j17,1,10,1.59109497070313,0.422674894332886,2.23233199119568,0.159109497070313,38.9972620010376,STATISVM7,12,12,1,2026-10-08 15:23:57
nncl,nncl.grid,grid_20_sgd_early_stop_s2027,j18,1,3,0.791272878646851,0.396359205245972,1.40211915969849,0.263757626215617,38.9972620010376,STATISVM7,12,12,1,2026-10-08 15:23:57
nncl,nncl.grid,grid_20_sgd_early_stop_s2027,j19,1,9,1.34443998336792,0.422633171081543,1.99066495895386,0.149382220374213,38.9972620010376,STATISVM7,12,12,1,2026-10-08 15:23:57
nncl,nncl.grid,grid_20_sgd_paper_s2026,j1,1,5,0.908073902130127,0.518528938293457,1.61875987052917,0.181614780426025,29.8048419952393,STATISVM7,12,12,1,2026-10-08 15:23:22
nncl,nncl.grid,grid_20_sgd_paper_s2026,j2,1,5,0.931428909301758,0.348599910736084,1.51045680046082,0.186285781860352,29.8048419952393,STATISVM7,12,12,1,2026-10-08 15:23:22
nncl,nncl.grid,grid_20_sgd_paper_s2026,j3,1,5,0.88775897026062,0.391622066497803,1.47403883934021,0.177551794052124,29.8048419952393,STATISVM7,12,12,1,2026-10-08 15:23:22
nncl,nncl.grid,grid_20_sgd_paper_s2026,j4,1,5,0.848881006240845,0.408069133758545,1.46406507492065,0.169776201248169,29.8048419952393,STATISVM7,12,12,1,2026-10-08 15:23:22
nncl,nncl.grid,grid_20_sgd_paper_s2026,j5,1,5,0.906105995178223,0.388138055801392,1.52767300605774,0.181221199035645,29.8048419952393,STATISVM7,12,12,1,2026-10-08 15:23:22
nncl,nncl.grid,grid_20_sgd_paper_s2026,j6,1,5,0.819194078445435,0.398682117462158,1.41384220123291,0.163838815689087,29.8048419952393,STATISVM7,12,12,1,2026-10-08 15:23:22
nncl,nncl.grid,grid_20_sgd_paper_s2026,j7,1,5,0.778769016265869,0.362307071685791,1.3194420337677,0.155753803253174,29.8048419952393,STATISVM7,12,12,1,2026-10-08 15:23:22
nncl,nncl.grid,grid_20_sgd_paper_s2026,j8,1,5,0.982406854629517,0.340015172958374,1.5082311630249,0.196481370925903,29.8048419952393,STATISVM7,12,12,1,2026-10-08 15:23:22
nncl,nncl.grid,grid_20_sgd_paper_s2026,j9,1,5,1.03569483757019,0.342955112457275,1.61589694023132,0.207138967514038,29.8048419952393,STATISVM7,12,12,1,2026-10-08 15:23:22
nncl,nncl.grid,grid_20_sgd_paper_s2026,j10,1,5,1.1438159942627,0.449074983596802,1.81991291046143,0.228763198852539,29.8048419952393,STATISVM7,12,12,1,2026-10-08 15:23:22
nncl,nncl.grid,grid_20_sgd_paper_s2026,j11,1,5,0.97186803817749,0.394860982894897,1.59236693382263,0.194373607635498,29.8048419952393,STATISVM7,12,12,1,2026-10-08 15:23:22
nncl,nncl.grid,grid_20_sgd_paper_s2026,j12,1,5,1.06172800064087,0.41759204864502,1.75849413871765,0.212345600128174,29.8048419952393,STATISVM7,12,12,1,2026-10-08 15:23:22
nncl,nncl.grid,grid_20_sgd_paper_s2026,j13,1,5,1.00152897834778,0.403662919998169,1.61877489089966,0.200305795669556,29.8048419952393,STATISVM7,12,12,1,2026-10-08 15:23:22
nncl,nncl.grid,grid_20_sgd_paper_s2026,j14,1,5,0.810476064682007,0.387890100479126,1.38198804855347,0.162095212936401,29.8048419952393,STATISVM7,12,12,1,2026-10-08 15:23:22
nncl,nncl.grid,grid_20_sgd_paper_s2026,j15,1,5,1.09190392494202,0.413757085800171,1.7305212020874,0.218380784988403,29.8048419952393,STATISVM7,12,12,1,2026-10-08 15:23:22
nncl,nncl.grid,grid_20_sgd_paper_s2026,j16,1,5,1.05303502082825,0.408722162246704,1.6543459892273,0.210607004165649,29.8048419952393,STATISVM7,12,12,1,2026-10-08 15:23:22
nncl,nncl.grid,grid_20_sgd_paper_s2026,j17,1,5,0.909543991088867,0.374865055084229,1.46342396736145,0.181908798217773,29.8048419952393,STATISVM7,12,12,1,2026-10-08 15:23:22
nncl,nncl.grid,grid_20_sgd_paper_s2026,j18,1,5,1.22167491912842,0.395715951919556,1.87296295166016,0.244334983825684,29.8048419952393,STATISVM7,12,12,1,2026-10-08 15:23:22
nncl,nncl.grid,grid_20_sgd_paper_s2026,j19,1,5,0.873846054077148,0.390255928039551,1.45964503288269,0.17476921081543,29.8048419952393,STATISVM7,12,12,1,2026-10-08 15:23:22
nncl,nncl.grid,grid_20_sgd_paper_s2027,j1,1,5,0.882996082305908,0.489105939865112,1.57768392562866,0.176599216461182,28.463534116745,STATISVM7,12,12,1,2026-10-08 15:23:47
nncl,nncl.grid,grid_20_sgd_paper_s2027,j2,1,5,1.04947304725647,0.362056970596314,1.61406993865967,0.209894609451294,28.463534116745,STATISVM7,12,12,1,2026-10-08 15:23:47
nncl,nncl.grid,grid_20_sgd_paper_s2027,j3,1,5,0.85096287727356,0.339115142822266,1.37490010261536,0.170192575454712,28.463534116745,STATISVM7,12,12,1,2026-10-08 15:23:47
nncl,nncl.grid,grid_20_sgd_paper_s2027,j4,1,5,0.886318206787109,0.336452007293701,1.41238617897034,0.177263641357422,28.463534116745,STATISVM7,12,12,1,2026-10-08 15:23:47
nncl,nncl.grid,grid_20_sgd_paper_s2027,j5,1,5,0.787911891937256,0.319598913192749,1.30240488052368,0.157582378387451,28.463534116745,STATISVM7,12,12,1,2026-10-08 15:23:47
nncl,nncl.grid,grid_20_sgd_paper_s2027,j6,1,5,1.01038718223572,0.380834817886353,1.62438797950745,0.202077436447144,28.463534116745,STATISVM7,12,12,1,2026-10-08 15:23:47
nncl,nncl.grid,grid_20_sgd_paper_s2027,j7,1,5,1.03146386146545,0.394399166107178,1.62605214118958,0.206292772293091,28.463534116745,STATISVM7,12,12,1,2026-10-08 15:23:47
nncl,nncl.grid,grid_20_sgd_paper_s2027,j8,1,5,1.01778697967529,0.430068016052246,1.65641903877258,0.203557395935059,28.463534116745,STATISVM7,12,12,1,2026-10-08 15:23:47
nncl,nncl.grid,grid_20_sgd_paper_s2027,j9,1,5,0.990335941314697,0.412312030792236,1.59161806106567,0.198067188262939,28.463534116745,STATISVM7,12,12,1,2026-10-08 15:23:47
nncl,nncl.grid,grid_20_sgd_paper_s2027,j10,1,5,0.809277057647705,0.374177932739258,1.36230278015137,0.161855411529541,28.463534116745,STATISVM7,12,12,1,2026-10-08 15:23:47
nncl,nncl.grid,grid_20_sgd_paper_s2027,j11,1,5,0.806156158447266,0.365420818328857,1.3589038848877,0.161231231689453,28.463534116745,STATISVM7,12,12,1,2026-10-08 15:23:47
nncl,nncl.grid,grid_20_sgd_paper_s2027,j12,1,5,0.762909173965454,0.389937877655029,1.35105895996094,0.152581834793091,28.463534116745,STATISVM7,12,12,1,2026-10-08 15:23:47
nncl,nncl.grid,grid_20_sgd_paper_s2027,j13,1,5,0.898497104644775,0.454901933670044,1.59871196746826,0.179699420928955,28.463534116745,STATISVM7,12,12,1,2026-10-08 15:23:47
nncl,nncl.grid,grid_20_sgd_paper_s2027,j14,1,5,0.982917070388794,0.398006916046143,1.60773491859436,0.196583414077759,28.463534116745,STATISVM7,12,12,1,2026-10-08 15:23:47
nncl,nncl.grid,grid_20_sgd_paper_s2027,j15,1,5,0.779316186904907,0.402666807174683,1.37806296348572,0.155863237380981,28.463534116745,STATISVM7,12,12,1,2026-10-08 15:23:47
nncl,nncl.grid,grid_20_sgd_paper_s2027,j16,1,5,0.936975002288818,0.380933046340942,1.52663016319275,0.187395000457764,28.463534116745,STATISVM7,12,12,1,2026-10-08 15:23:47
nncl,nncl.grid,grid_20_sgd_paper_s2027,j17,1,5,0.901937007904053,0.451782941818237,1.5793559551239,0.180387401580811,28.463534116745,STATISVM7,12,12,1,2026-10-08 15:23:47
nncl,nncl.grid,grid_20_sgd_paper_s2027,j18,1,5,0.877568006515503,0.409978151321411,1.47785806655884,0.175513601303101,28.463534116745,STATISVM7,12,12,1,2026-10-08 15:23:47
nncl,nncl.grid,grid_20_sgd_paper_s2027,j19,1,5,0.816511869430542,0.390797138214111,1.44299221038818,0.163302373886108,28.463534116745,STATISVM7,12,12,1,2026-10-08 15:23:47
nncl,nncl.main,paper_q10,j1,1,5,1.22271490097046,0.427300453186035,1.80711269378662,0.244542980194092,32.6875786781311,vm,4,4,1,2026-10-08 11:58:46
nncl,nncl.main,paper_q10,j2,1,5,1.13430786132813,0.318433523178101,1.6257643699646,0.226861572265625,32.6875786781311,vm,4,4,1,2026-10-08 11:58:46
nncl,nncl.main,paper_q10,j3,1,5,0.955869436264038,0.318316221237183,1.43537497520447,0.191173887252808,32.6875786781311,vm,4,4,1,2026-10-08 11:58:46
nncl,nncl.main,paper_q10,j4,1,5,0.873682022094727,0.331246137619019,1.40403985977173,0.174736404418945,32.6875786781311,vm,4,4,1,2026-10-08 11:58:46
nncl,nncl.main,paper_q10,j5,1,5,1.09360980987549,0.322858333587647,1.58691167831421,0.218721961975098,32.6875786781311,vm,4,4,1,2026-10-08 11:58:46
nncl,nncl.main,paper_q10,j6,1,5,1.19085073471069,0.337525606155396,1.72521018981934,0.238170146942139,32.6875786781311,vm,4,4,1,2026-10-08 11:58:46
nncl,nncl.main,paper_q10,j7,1,5,1.19643378257751,0.402422904968262,1.85011672973633,0.239286756515503,32.6875786781311,vm,4,4,1,2026-10-08 11:58:46
nncl,nncl.main,paper_q10,j8,1,5,1.20970678329468,0.317031621932983,1.71710181236267,0.241941356658936,32.6875786781311,vm,4,4,1,2026-10-08 11:58:46
nncl,nncl.main,paper_q10,j9,1,5,1.27466702461243,0.363321542739868,1.87826228141785,0.254933404922485,32.6875786781311,vm,4,4,1,2026-10-08 11:58:46
nncl,nncl.main,paper_q10,j10,1,5,1.28074288368225,0.391258239746094,1.96182441711426,0.25614857673645,32.6875786781311,vm,4,4,1,2026-10-08 11:58:46
nncl,nncl.main,paper_q10,j11,1,5,1.20395708084106,0.413613557815552,1.82011675834656,0.240791416168213,32.6875786781311,vm,4,4,1,2026-10-08 11:58:46
nncl,nncl.main,paper_q10,j12,1,5,0.942845106124878,0.365841150283814,1.47851395606995,0.188569021224976,32.6875786781311,vm,4,4,1,2026-10-08 11:58:46
nncl,nncl.main,paper_q10,j13,1,5,0.904239416122437,0.374229192733765,1.46522903442383,0.180847883224487,32.6875786781311,vm,4,4,1,2026-10-08 11:58:46
nncl,nncl.main,paper_q10,j14,1,5,0.900780916213989,0.365063190460205,1.47257280349731,0.180156183242798,32.6875786781311,vm,4,4,1,2026-10-08 11:58:46
nncl,nncl.main,paper_q10,j15,1,5,1.22897911071777,0.437025308609009,1.89550113677979,0.245795822143555,32.6875786781311,vm,4,4,1,2026-10-08 11:58:46
nncl,nncl.main,paper_q10,j16,1,5,1.26322841644287,0.426346778869629,1.92706751823425,0.252645683288574,32.6875786781311,vm,4,4,1,2026-10-08 11:58:46
nncl,nncl.main,paper_q10,j17,1,5,1.31198692321777,0.413118600845337,1.92589974403381,0.262397384643555,32.6875786781311,vm,4,4,1,2026-10-08 11:58:46
nncl,nncl.main,paper_q10,j18,1,5,1.17895102500916,0.442975759506226,1.84970855712891,0.235790205001831,32.6875786781311,vm,4,4,1,2026-10-08 11:58:46
nncl,nncl.main,paper_q10,j19,1,5,1.18608355522156,0.413289785385132,1.86125016212463,0.237216711044312,32.6875786781311,vm,4,4,1,2026-10-08 11:58:46
nncl,nncl.main,paper_q20,j1,1,5,1.35670351982117,0.510899066925049,2.13113594055176,0.271340703964233,33.6341898441315,vm,4,4,1,2026-10-08 11:59:03
nncl,nncl.main,paper_q20,j2,1,5,1.04608988761902,0.297931432723999,1.54340314865112,0.209217977523804,33.6341898441315,vm,4,4,1,2026-10-08 11:59:03
nncl,nncl.main,paper_q20,j3,1,5,0.933750629425049,0.308151721954346,1.40842533111572,0.18675012588501,33.6341898441315,vm,4,4,1,2026-10-08 11:59:03
nncl,nncl.main,paper_q20,j4,1,5,0.964086532592773,0.30932354927063,1.42850804328918,0.192817306518555,33.6341898441315,vm,4,4,1,2026-10-08 11:59:03
nncl,nncl.main,paper_q20,j5,1,5,1.12774395942688,0.322311162948608,1.64655017852783,0.225548791885376,33.6341898441315,vm,4,4,1,2026-10-08 11:59:03
nncl,nncl.main,paper_q20,j6,1,5,1.10932421684265,0.349024534225464,1.64505481719971,0.22186484336853,33.6341898441315,vm,4,4,1,2026-10-08 11:59:03
nncl,nncl.main,paper_q20,j7,1,5,1.10011768341064,0.371491193771362,1.70214939117432,0.220023536682129,33.6341898441315,vm,4,4,1,2026-10-08 11:59:03
nncl,nncl.main,paper_q20,j8,1,5,1.16610884666443,0.363909482955933,1.69691562652588,0.233221769332886,33.6341898441315,vm,4,4,1,2026-10-08 11:59:03
nncl,nncl.main,paper_q20,j9,1,5,1.08611464500427,0.38335394859314,1.69385290145874,0.217222929000855,33.6341898441315,vm,4,4,1,2026-10-08 11:59:03
nncl,nncl.main,paper_q20,j10,1,5,1.20684957504272,0.389551639556885,1.83881092071533,0.241369915008545,33.6341898441315,vm,4,4,1,2026-10-08 11:59:03
nncl,nncl.main,paper_q20,j11,1,5,1.18734169006348,0.454764127731323,1.84820127487183,0.237468338012695,33.6341898441315,vm,4,4,1,2026-10-08 11:59:03
nncl,nncl.main,paper_q20,j12,1,5,1.32766842842102,0.402258157730103,1.92984652519226,0.265533685684204,33.6341898441315,vm,4,4,1,2026-10-08 11:59:03
nncl,nncl.main,paper_q20,j13,1,5,1.29233503341675,0.385963916778564,1.86401319503784,0.25846700668335,33.6341898441315,vm,4,4,1,2026-10-08 11:59:03
nncl,nncl.main,paper_q20,j14,1,5,1.17901134490967,0.414566516876221,1.86276435852051,0.235802268981934,33.6341898441315,vm,4,4,1,2026-10-08 11:59:03
nncl,nncl.main,paper_q20,j15,1,5,1.18297672271729,0.455309391021729,1.84946990013123,0.236595344543457,33.6341898441315,vm,4,4,1,2026-10-08 11:59:03
nncl,nncl.main,paper_q20,j16,1,5,1.17837142944336,0.366806507110596,1.7861795425415,0.235674285888672,33.6341898441315,vm,4,4,1,2026-10-08 11:59:03
nncl,nncl.main,paper_q20,j17,1,5,1.15917158126831,0.442067623138428,1.81354570388794,0.231834316253662,33.6341898441315,vm,4,4,1,2026-10-08 11:59:03
nncl,nncl.main,paper_q20,j18,1,5,1.16916847229004,0.45962119102478,1.8525550365448,0.233833694458008,33.6341898441315,vm,4,4,1,2026-10-08 11:59:03
nncl,nncl.main,paper_q20,j19,1,5,1.38558769226074,0.417782783508301,2.09280800819397,0.277117538452148,33.6341898441315,vm,4,4,1,2026-10-08 11:59:03
nncl,nncl.main,paper_q5,j1,1,5,1.24200367927551,0.455333709716797,1.94604754447937,0.248400735855103,33.0457208156586,vm,4,4,1,2026-10-08 11:58:42
nncl,nncl.main,paper_q5,j2,1,5,1.08464288711548,0.342105388641357,1.61464262008667,0.216928577423096,33.0457208156586,vm,4,4,1,2026-10-08 11:58:42
nncl,nncl.main,paper_q5,j3,1,5,1.23245644569397,0.328211784362793,1.80164074897766,0.246491289138794,33.0457208156586,vm,4,4,1,2026-10-08 11:58:42
nncl,nncl.main,paper_q5,j4,1,5,1.14227390289307,0.332913875579834,1.7083158493042,0.228454780578613,33.0457208156586,vm,4,4,1,2026-10-08 11:58:42
nncl,nncl.main,paper_q5,j5,1,5,1.09594678878784,0.368102788925171,1.647540807724,0.219189357757568,33.0457208156586,vm,4,4,1,2026-10-08 11:58:42
nncl,nncl.main,paper_q5,j6,1,5,0.978211879730225,0.356342554092407,1.50655055046082,0.195642375946045,33.0457208156586,vm,4,4,1,2026-10-08 11:58:42
nncl,nncl.main,paper_q5,j7,1,5,0.969531297683716,0.344724178314209,1.50397253036499,0.193906259536743,33.0457208156586,vm,4,4,1,2026-10-08 11:58:42
nncl,nncl.main,paper_q5,j8,1,5,1.01727342605591,0.411634922027588,1.64749526977539,0.203454685211182,33.0457208156586,vm,4,4,1,2026-10-08 11:58:42
nncl,nncl.main,paper_q5,j9,1,5,1.48197078704834,0.341522455215454,2.07710552215576,0.296394157409668,33.0457208156586,vm,4,4,1,2026-10-08 11:58:42
nncl,nncl.main,paper_q5,j10,1,5,1.15596199035645,0.381065845489502,1.72906017303467,0.231192398071289,33.0457208156586,vm,4,4,1,2026-10-08 11:58:42
nncl,nncl.main,paper_q5,j11,1,5,1.04081559181213,0.349936962127686,1.57480025291443,0.208163118362427,33.0457208156586,vm,4,4,1,2026-10-08 11:58:42
nncl,nncl.main,paper_q5,j12,1,5,1.32233715057373,0.411750555038452,1.98994588851929,0.264467430114746,33.0457208156586,vm,4,4,1,2026-10-08 11:58:42
nncl,nncl.main,paper_q5,j13,1,5,1.32296276092529,0.399524211883545,1.89051413536072,0.264592552185059,33.0457208156586,vm,4,4,1,2026-10-08 11:58:42
nncl,nncl.main,paper_q5,j14,1,5,1.25203585624695,0.419974803924561,1.84616661071777,0.25040717124939,33.0457208156586,vm,4,4,1,2026-10-08 11:58:42
nncl,nncl.main,paper_q5,j15,1,5,0.947710990905762,0.394925594329834,1.51057028770447,0.189542198181152,33.0457208156586,vm,4,4,1,2026-10-08 11:58:42
nncl,nncl.main,paper_q5,j16,1,5,0.959526777267456,0.37366247177124,1.53491854667664,0.191905355453491,33.0457208156586,vm,4,4,1,2026-10-08 11:58:42
nncl,nncl.main,paper_q5,j17,1,5,1.21571803092957,0.389368534088135,1.80760645866394,0.243143606185913,33.0457208156586,vm,4,4,1,2026-10-08 11:58:42
nncl,nncl.main,paper_q5,j18,1,5,1.26755833625793,0.487705230712891,1.91838622093201,0.253511667251587,33.0457208156586,vm,4,4,1,2026-10-08 11:58:42
nncl,nncl.main,paper_q5,j19,1,5,1.14378261566162,0.405990600585938,1.79044079780579,0.228756523132324,33.0457208156586,vm,4,4,1,2026-10-08 11:58:42
nncl,nncl.main,s1_adam,j1,1,5,1.56575870513916,0.476099729537964,2.23791098594666,0.313151741027832,37.8877234458923,vm,4,4,1,2026-10-08 11:59:22
nncl,nncl.main,s1_adam,j2,1,5,1.42630004882813,0.38100790977478,2.04256391525269,0.285260009765625,37.8877234458923,vm,4,4,1,2026-10-08 11:59:22
nncl,nncl.main,s1_adam,j3,1,5,1.36154508590698,0.324480056762695,1.8686249256134,0.272309017181397,37.8877234458923,vm,4,4,1,2026-10-08 11:59:22
nncl,nncl.main,s1_adam,j4,1,5,1.32447624206543,0.372450590133667,2.05382561683655,0.264895248413086,37.8877234458923,vm,4,4,1,2026-10-08 11:59:22
nncl,nncl.main,s1_adam,j5,1,5,1.52326107025146,0.334255933761597,2.14915370941162,0.304652214050293,37.8877234458923,vm,4,4,1,2026-10-08 11:59:22
nncl,nncl.main,s1_adam,j6,1,5,1.33402109146118,0.373505353927612,1.91224145889282,0.266804218292236,37.8877234458923,vm,4,4,1,2026-10-08 11:59:22
nncl,nncl.main,s1_adam,j7,1,5,1.68747615814209,0.402385234832764,2.28633499145508,0.337495231628418,37.8877234458923,vm,4,4,1,2026-10-08 11:59:22
nncl,nncl.main,s1_adam,j8,1,5,1.53382086753845,0.516145706176758,2.29319930076599,0.30676417350769,37.8877234458923,vm,4,4,1,2026-10-08 11:59:22
nncl,nncl.main,s1_adam,j9,1,5,1.36852979660034,0.339217901229858,2.0434889793396,0.273705959320068,37.8877234458923,vm,4,4,1,2026-10-08 11:59:22
nncl,nncl.main,s1_adam,j10,1,5,1.13546013832092,0.42112135887146,1.7525041103363,0.227092027664185,37.8877234458923,vm,4,4,1,2026-10-08 11:59:22
nncl,nncl.main,s1_adam,j11,1,5,1.07800912857056,0.391226053237915,1.68272829055786,0.215601825714111,37.8877234458923,vm,4,4,1,2026-10-08 11:59:22
nncl,nncl.main,s1_adam,j12,1,5,1.18587589263916,0.419599294662476,1.77196192741394,0.237175178527832,37.8877234458923,vm,4,4,1,2026-10-08 11:59:22
nncl,nncl.main,s1_adam,j13,1,5,1.31857585906982,0.381513118743897,1.9556245803833,0.263715171813965,37.8877234458923,vm,4,4,1,2026-10-08 11:59:22
nncl,nncl.main,s1_adam,j14,1,5,1.5654091835022,0.418450832366943,2.2069079875946,0.313081836700439,37.8877234458923,vm,4,4,1,2026-10-08 11:59:22
nncl,nncl.main,s1_adam,j15,1,5,1.32820177078247,0.419468879699707,2.00501418113709,0.265640354156494,37.8877234458923,vm,4,4,1,2026-10-08 11:59:22
nncl,nncl.main,s1_adam,j16,1,5,1.34083914756775,0.50305962562561,2.03327918052673,0.26816782951355,37.8877234458923,vm,4,4,1,2026-10-08 11:59:22
nncl,nncl.main,s1_adam,j17,1,5,1.27816867828369,0.478997945785523,1.93180966377258,0.255633735656738,37.8877234458923,vm,4,4,1,2026-10-08 11:59:22
nncl,nncl.main,s1_adam,j18,1,5,1.10286808013916,0.399920463562012,1.70395135879517,0.220573616027832,37.8877234458923,vm,4,4,1,2026-10-08 11:59:22
nncl,nncl.main,s1_adam,j19,1,5,1.31114459037781,0.43989634513855,1.95659828186035,0.262228918075562,37.8877234458923,vm,4,4,1,2026-10-08 11:59:22
nncl,nncl.main,s2_early_stop,j1,1,10,2.24174165725708,0.428295135498047,2.92221450805664,0.224174165725708,50.6600434780121,vm,4,4,1,2026-10-08 11:59:33
nncl,nncl.main,s2_early_stop,j2,1,10,2.32932996749878,0.453550100326538,3.07120895385742,0.232932996749878,50.6600434780121,vm,4,4,1,2026-10-08 11:59:33
nncl,nncl.main,s2_early_stop,j3,1,10,1.91364574432373,0.473109483718872,2.58585333824158,0.191364574432373,50.6600434780121,vm,4,4,1,2026-10-08 11:59:33
nncl,nncl.main,s2_early_stop,j4,1,10,2.25293254852295,0.507180690765381,3.03988170623779,0.225293254852295,50.6600434780121,vm,4,4,1,2026-10-08 11:59:33
nncl,nncl.main,s2_early_stop,j5,1,10,1.76743102073669,0.626718521118164,2.61491751670837,0.176743102073669,50.6600434780121,vm,4,4,1,2026-10-08 11:59:33
nncl,nncl.main,s2_early_stop,j6,1,10,2.15532922744751,0.51363730430603,2.88413953781128,0.215532922744751,50.6600434780121,vm,4,4,1,2026-10-08 11:59:33
nncl,nncl.main,s2_early_stop,j7,1,10,2.16151762008667,0.564928770065308,2.93432283401489,0.216151762008667,50.6600434780121,vm,4,4,1,2026-10-08 11:59:33
nncl,nncl.main,s2_early_stop,j8,1,10,1.70440649986267,0.52004861831665,2.39404582977295,0.170440649986267,50.6600434780121,vm,4,4,1,2026-10-08 11:59:33
nncl,nncl.main,s2_early_stop,j9,1,10,1.85243940353394,0.475940227508545,2.58456492424011,0.185243940353394,50.6600434780121,vm,4,4,1,2026-10-08 11:59:33
nncl,nncl.main,s2_early_stop,j10,1,10,1.95180606842041,0.483810901641846,2.6086277961731,0.195180606842041,50.6600434780121,vm,4,4,1,2026-10-08 11:59:33
nncl,nncl.main,s2_early_stop,j11,1,10,2.00651001930237,0.522233724594116,2.73210835456848,0.200651001930237,50.6600434780121,vm,4,4,1,2026-10-08 11:59:33
nncl,nncl.main,s2_early_stop,j12,1,10,1.95456957817078,0.485793828964233,2.74496102333069,0.195456957817078,50.6600434780121,vm,4,4,1,2026-10-08 11:59:33
nncl,nncl.main,s2_early_stop,j13,1,10,2.01707196235657,0.464133262634277,2.71539068222046,0.201707196235657,50.6600434780121,vm,4,4,1,2026-10-08 11:59:33
nncl,nncl.main,s2_early_stop,j14,1,10,1.74632525444031,0.476858377456665,2.40770840644836,0.174632525444031,50.6600434780121,vm,4,4,1,2026-10-08 11:59:33
nncl,nncl.main,s2_early_stop,j15,1,10,1.67163252830505,0.495957612991333,2.32847857475281,0.167163252830505,50.6600434780121,vm,4,4,1,2026-10-08 11:59:33
nncl,nncl.main,s2_early_stop,j16,1,10,1.53307747840881,0.490629196166992,2.21653366088867,0.153307747840881,50.6600434780121,vm,4,4,1,2026-10-08 11:59:33
nncl,nncl.main,s2_early_stop,j17,1,10,2.09433460235596,0.500209093093872,2.81988620758057,0.209433460235596,50.6600434780121,vm,4,4,1,2026-10-08 11:59:33
nncl,nncl.main,s2_early_stop,j18,1,10,1.78236103057861,0.521274328231812,2.48149132728577,0.178236103057861,50.6600434780121,vm,4,4,1,2026-10-08 11:59:33
nncl,nncl.main,s2_early_stop,j19,1,10,1.90775203704834,0.482410907745361,2.57370829582214,0.190775203704834,50.6600434780121,vm,4,4,1,2026-10-08 11:59:33
nncl,nncl.main,s3_cl_start,j1,1,3,1.25900077819824,0.496378660202026,1.95481634140015,0.419666926066081,40.8537473678589,vm,4,4,1,2026-10-08 11:59:28
nncl,nncl.main,s3_cl_start,j2,1,10,1.8752932548523,0.466455698013306,2.66970014572144,0.18752932548523,40.8537473678589,vm,4,4,1,2026-10-08 11:59:28
nncl,nncl.main,s3_cl_start,j3,1,10,1.92706084251404,0.482158422470093,2.63356614112854,0.192706084251404,40.8537473678589,vm,4,4,1,2026-10-08 11:59:28
nncl,nncl.main,s3_cl_start,j4,1,10,1.88204908370972,0.490447044372559,2.58136820793152,0.188204908370972,40.8537473678589,vm,4,4,1,2026-10-08 11:59:28
nncl,nncl.main,s3_cl_start,j5,1,10,1.91526079177856,0.542659044265747,2.71150588989258,0.191526079177856,40.8537473678589,vm,4,4,1,2026-10-08 11:59:28
nncl,nncl.main,s3_cl_start,j6,1,10,2.33950424194336,0.506345748901367,3.05993485450745,0.233950424194336,40.8537473678589,vm,4,4,1,2026-10-08 11:59:28
nncl,nncl.main,s3_cl_start,j7,1,10,1.81103134155273,0.506252765655518,2.47925448417664,0.181103134155273,40.8537473678589,vm,4,4,1,2026-10-08 11:59:28
nncl,nncl.main,s3_cl_start,j8,1,10,2.17955183982849,0.469461441040039,2.85070300102234,0.217955183982849,40.8537473678589,vm,4,4,1,2026-10-08 11:59:28
nncl,nncl.main,s3_cl_start,j9,1,5,1.2802746295929,0.44600772857666,1.91051697731018,0.256054925918579,40.8537473678589,vm,4,4,1,2026-10-08 11:59:28
nncl,nncl.main,s3_cl_start,j10,1,3,1.14605736732483,0.56456446647644,1.88761639595032,0.38201912244161,40.8537473678589,vm,4,4,1,2026-10-08 11:59:28
nncl,nncl.main,s3_cl_start,j11,1,3,1.12121605873108,0.500898361206055,1.85202097892761,0.373738686243693,40.8537473678589,vm,4,4,1,2026-10-08 11:59:28
nncl,nncl.main,s3_cl_start,j12,1,3,1.03947353363037,0.514468669891357,1.74861431121826,0.34649117787679,40.8537473678589,vm,4,4,1,2026-10-08 11:59:28
nncl,nncl.main,s3_cl_start,j13,1,7,1.45048570632935,0.496053218841553,2.1932053565979,0.207212243761335,40.8537473678589,vm,4,4,1,2026-10-08 11:59:28
nncl,nncl.main,s3_cl_start,j14,1,3,0.964143037796021,0.506665468215942,1.68222951889038,0.321381012598674,40.8537473678589,vm,4,4,1,2026-10-08 11:59:28
nncl,nncl.main,s3_cl_start,j15,1,3,1.01535129547119,0.494615793228149,1.72583913803101,0.33845043182373,40.8537473678589,vm,4,4,1,2026-10-08 11:59:28
nncl,nncl.main,s3_cl_start,j16,1,3,1.08057522773743,0.472542762756348,1.72115635871887,0.360191742579142,40.8537473678589,vm,4,4,1,2026-10-08 11:59:28
nncl,nncl.main,s3_cl_start,j17,1,3,0.922583103179932,0.497886419296265,1.59753131866455,0.307527701059977,40.8537473678589,vm,4,4,1,2026-10-08 11:59:28
nncl,nncl.main,s3_cl_start,j18,1,4,1.0210657119751,0.555766820907593,1.74849200248718,0.255266427993774,40.8537473678589,vm,4,4,1,2026-10-08 11:59:28
nncl,nncl.main,s3_cl_start,j19,1,3,1.09791207313538,0.538143634796143,1.84567594528198,0.365970691045125,40.8537473678589,vm,4,4,1,2026-10-08 11:59:28
nncl,nncl.search.cl_start,tuned_cl_start_s2026,j1,1,3,1.30071902275085,0.878391027450562,2.40529012680054,0.433573007583618,54.0974719524384,STATISVM7,12,12,1,2026-10-08 15:29:00
nncl,nncl.search.cl_start,tuned_cl_start_s2026,j2,1,10,2.61043882369995,1.05432415008545,3.86186504364014,0.261043882369995,54.0974719524384,STATISVM7,12,12,1,2026-10-08 15:29:00
nncl,nncl.search.cl_start,tuned_cl_start_s2026,j3,1,10,2.20099186897278,0.849851131439209,3.27979803085327,0.220099186897278,54.0974719524384,STATISVM7,12,12,1,2026-10-08 15:29:00
nncl,nncl.search.cl_start,tuned_cl_start_s2026,j4,1,10,2.58075785636902,1.05020213127136,3.84841418266296,0.258075785636902,54.0974719524384,STATISVM7,12,12,1,2026-10-08 15:29:00
nncl,nncl.search.cl_start,tuned_cl_start_s2026,j5,1,10,2.26226210594177,0.900202989578247,3.42066192626953,0.226226210594177,54.0974719524384,STATISVM7,12,12,1,2026-10-08 15:29:00
nncl,nncl.search.cl_start,tuned_cl_start_s2026,j6,1,10,2.0815908908844,0.925189018249512,3.23799300193787,0.20815908908844,54.0974719524384,STATISVM7,12,12,1,2026-10-08 15:29:00
nncl,nncl.search.cl_start,tuned_cl_start_s2026,j7,1,10,2.19803190231323,0.907987117767334,3.32329511642456,0.219803190231323,54.0974719524384,STATISVM7,12,12,1,2026-10-08 15:29:00
nncl,nncl.search.cl_start,tuned_cl_start_s2026,j8,1,10,2.18061900138855,0.864294052124023,3.23920202255249,0.218061900138855,54.0974719524384,STATISVM7,12,12,1,2026-10-08 15:29:00
nncl,nncl.search.cl_start,tuned_cl_start_s2026,j9,1,5,1.35979199409485,0.88218092918396,2.46650910377502,0.27195839881897,54.0974719524384,STATISVM7,12,12,1,2026-10-08 15:29:00
nncl,nncl.search.cl_start,tuned_cl_start_s2026,j10,1,3,1.36078691482544,0.919003963470459,2.48807382583618,0.453595638275147,54.0974719524384,STATISVM7,12,12,1,2026-10-08 15:29:00
nncl,nncl.search.cl_start,tuned_cl_start_s2026,j11,1,3,1.28682994842529,0.913661956787109,2.40257787704468,0.428943316141764,54.0974719524384,STATISVM7,12,12,1,2026-10-08 15:29:00
nncl,nncl.search.cl_start,tuned_cl_start_s2026,j12,1,3,1.20754408836365,0.946752071380615,2.37757802009583,0.402514696121216,54.0974719524384,STATISVM7,12,12,1,2026-10-08 15:29:00
nncl,nncl.search.cl_start,tuned_cl_start_s2026,j13,1,7,1.62045693397522,0.9083251953125,2.7510290145874,0.231493847710746,54.0974719524384,STATISVM7,12,12,1,2026-10-08 15:29:00
nncl,nncl.search.cl_start,tuned_cl_start_s2026,j14,1,3,1.27041411399841,0.923199892044067,2.41146302223206,0.423471371332804,54.0974719524384,STATISVM7,12,12,1,2026-10-08 15:29:00
nncl,nncl.search.cl_start,tuned_cl_start_s2026,j15,1,3,1.17240786552429,0.97722315788269,2.37748718261719,0.390802621841431,54.0974719524384,STATISVM7,12,12,1,2026-10-08 15:29:00
nncl,nncl.search.cl_start,tuned_cl_start_s2026,j16,1,3,1.29749298095703,1.01025009155273,2.52849411964417,0.43249766031901,54.0974719524384,STATISVM7,12,12,1,2026-10-08 15:29:00
nncl,nncl.search.cl_start,tuned_cl_start_s2026,j17,1,3,1.18638110160828,0.931901931762695,2.35671710968018,0.395460367202759,54.0974719524384,STATISVM7,12,12,1,2026-10-08 15:29:00
nncl,nncl.search.cl_start,tuned_cl_start_s2026,j18,1,4,1.40354895591736,1.17859816551209,2.84937810897827,0.35088723897934,54.0974719524384,STATISVM7,12,12,1,2026-10-08 15:29:00
nncl,nncl.search.cl_start,tuned_cl_start_s2026,j19,1,3,1.26520800590515,0.992276191711426,2.47164511680603,0.421736001968384,54.0974719524384,STATISVM7,12,12,1,2026-10-08 15:29:00
nncl,nncl.search.cl_start,tuned_cl_start_s2027,j1,1,3,1.2097749710083,1.00970196723938,2.44781494140625,0.403258323669434,53.6904802322388,STATISVM7,12,12,1,2026-10-08 15:29:54
nncl,nncl.search.cl_start,tuned_cl_start_s2027,j2,1,10,2.18953680992126,0.970840215682983,3.38348913192749,0.218953680992126,53.6904802322388,STATISVM7,12,12,1,2026-10-08 15:29:54
nncl,nncl.search.cl_start,tuned_cl_start_s2027,j3,1,10,1.93183588981628,0.999739170074463,3.13528299331665,0.193183588981628,53.6904802322388,STATISVM7,12,12,1,2026-10-08 15:29:54
nncl,nncl.search.cl_start,tuned_cl_start_s2027,j4,1,10,1.8157811164856,0.992454767227173,2.99115991592407,0.18157811164856,53.6904802322388,STATISVM7,12,12,1,2026-10-08 15:29:54
nncl,nncl.search.cl_start,tuned_cl_start_s2027,j5,1,10,2.22420907020569,1.46200108528137,3.91149520874023,0.222420907020569,53.6904802322388,STATISVM7,12,12,1,2026-10-08 15:29:54
nncl,nncl.search.cl_start,tuned_cl_start_s2027,j6,1,10,2.07269597053528,0.850381851196289,3.15745496749878,0.207269597053528,53.6904802322388,STATISVM7,12,12,1,2026-10-08 15:29:54
nncl,nncl.search.cl_start,tuned_cl_start_s2027,j7,1,10,2.08480310440063,0.819101810455322,3.11662197113037,0.208480310440063,53.6904802322388,STATISVM7,12,12,1,2026-10-08 15:29:54
nncl,nncl.search.cl_start,tuned_cl_start_s2027,j8,1,10,2.32543611526489,0.838385820388794,3.38647294044495,0.232543611526489,53.6904802322388,STATISVM7,12,12,1,2026-10-08 15:29:54
nncl,nncl.search.cl_start,tuned_cl_start_s2027,j9,1,4,1.36877799034119,0.864980936050415,2.49385690689087,0.342194497585297,53.6904802322388,STATISVM7,12,12,1,2026-10-08 15:29:54
nncl,nncl.search.cl_start,tuned_cl_start_s2027,j10,1,3,1.33341884613037,0.864406108856201,2.40476512908936,0.444472948710124,53.6904802322388,STATISVM7,12,12,1,2026-10-08 15:29:54
nncl,nncl.search.cl_start,tuned_cl_start_s2027,j11,1,3,1.171875,0.852880954742432,2.27266001701355,0.390625,53.6904802322388,STATISVM7,12,12,1,2026-10-08 15:29:54
nncl,nncl.search.cl_start,tuned_cl_start_s2027,j12,1,5,1.58280515670776,0.939908981323242,2.73305010795593,0.316561031341553,53.6904802322388,STATISVM7,12,12,1,2026-10-08 15:29:54
nncl,nncl.search.cl_start,tuned_cl_start_s2027,j13,1,10,2.00382900238037,0.989428997039795,3.18343496322632,0.200382900238037,53.6904802322388,STATISVM7,12,12,1,2026-10-08 15:29:54
nncl,nncl.search.cl_start,tuned_cl_start_s2027,j14,1,3,1.17539596557617,0.919242143630981,2.30891108512878,0.391798655192057,53.6904802322388,STATISVM7,12,12,1,2026-10-08 15:29:54
nncl,nncl.search.cl_start,tuned_cl_start_s2027,j15,1,3,1.17947793006897,0.904141187667847,2.26817297935486,0.39315931002299,53.6904802322388,STATISVM7,12,12,1,2026-10-08 15:29:54
nncl,nncl.search.cl_start,tuned_cl_start_s2027,j16,1,3,1.15831112861633,0.989243030548096,2.3739960193634,0.386103709538778,53.6904802322388,STATISVM7,12,12,1,2026-10-08 15:29:54
nncl,nncl.search.cl_start,tuned_cl_start_s2027,j17,1,3,1.26506209373474,0.91706395149231,2.47110795974731,0.421687364578247,53.6904802322388,STATISVM7,12,12,1,2026-10-08 15:29:54
nncl,nncl.search.cl_start,tuned_cl_start_s2027,j18,1,5,1.60298609733582,1.01001381874084,2.96871089935303,0.320597219467163,53.6904802322388,STATISVM7,12,12,1,2026-10-08 15:29:54
nncl,nncl.search.cl_start,tuned_cl_start_s2027,j19,1,4,1.47171998023987,0.990525960922241,2.68202209472656,0.367929995059967,53.6904802322388,STATISVM7,12,12,1,2026-10-08 15:29:54
nncl,nncl.search.early_stop,tuned_early_stop_s2026,j1,1,10,2.16182804107666,0.803017139434815,3.17719507217407,0.216182804107666,61.8594753742218,STATISVM7,12,12,1,2026-10-08 15:29:44
nncl,nncl.search.early_stop,tuned_early_stop_s2026,j2,1,10,2.23052310943604,0.830666065216065,3.29067802429199,0.223052310943604,61.8594753742218,STATISVM7,12,12,1,2026-10-08 15:29:44
nncl,nncl.search.early_stop,tuned_early_stop_s2026,j3,1,10,2.03722405433655,0.84761381149292,3.15387892723084,0.203722405433655,61.8594753742218,STATISVM7,12,12,1,2026-10-08 15:29:44
nncl,nncl.search.early_stop,tuned_early_stop_s2026,j4,1,10,2.29382920265198,0.861485958099365,3.39429593086243,0.229382920265198,61.8594753742218,STATISVM7,12,12,1,2026-10-08 15:29:44
nncl,nncl.search.early_stop,tuned_early_stop_s2026,j5,1,10,2.36544418334961,0.97691798210144,3.68971300125122,0.236544418334961,61.8594753742218,STATISVM7,12,12,1,2026-10-08 15:29:44
nncl,nncl.search.early_stop,tuned_early_stop_s2026,j6,1,10,2.14044308662415,0.893783807754517,3.26542091369629,0.214044308662415,61.8594753742218,STATISVM7,12,12,1,2026-10-08 15:29:44
nncl,nncl.search.early_stop,tuned_early_stop_s2026,j7,1,10,2.10339093208313,0.892997980117798,3.21593594551086,0.210339093208313,61.8594753742218,STATISVM7,12,12,1,2026-10-08 15:29:44
nncl,nncl.search.early_stop,tuned_early_stop_s2026,j8,1,10,2.11573004722595,0.91936182975769,3.29832696914673,0.211573004722595,61.8594753742218,STATISVM7,12,12,1,2026-10-08 15:29:44
nncl,nncl.search.early_stop,tuned_early_stop_s2026,j9,1,10,1.92150712013245,0.949352025985718,3.05756902694702,0.192150712013245,61.8594753742218,STATISVM7,12,12,1,2026-10-08 15:29:44
nncl,nncl.search.early_stop,tuned_early_stop_s2026,j10,1,10,1.87832188606262,0.831567049026489,2.90368986129761,0.187832188606262,61.8594753742218,STATISVM7,12,12,1,2026-10-08 15:29:44
nncl,nncl.search.early_stop,tuned_early_stop_s2026,j11,1,10,2.02632999420166,0.89507794380188,3.12023401260376,0.202632999420166,61.8594753742218,STATISVM7,12,12,1,2026-10-08 15:29:44
nncl,nncl.search.early_stop,tuned_early_stop_s2026,j12,1,10,2.16416788101196,0.890352010726929,3.27540683746338,0.216416788101196,61.8594753742218,STATISVM7,12,12,1,2026-10-08 15:29:44
nncl,nncl.search.early_stop,tuned_early_stop_s2026,j13,1,10,2.31031799316406,0.896848917007446,3.47997879981995,0.231031799316406,61.8594753742218,STATISVM7,12,12,1,2026-10-08 15:29:44
nncl,nncl.search.early_stop,tuned_early_stop_s2026,j14,1,10,2.07312297821045,0.925387859344482,3.21556282043457,0.207312297821045,61.8594753742218,STATISVM7,12,12,1,2026-10-08 15:29:44
nncl,nncl.search.early_stop,tuned_early_stop_s2026,j15,1,10,2.06517100334167,0.97308087348938,3.25367593765259,0.206517100334167,61.8594753742218,STATISVM7,12,12,1,2026-10-08 15:29:44
nncl,nncl.search.early_stop,tuned_early_stop_s2026,j16,1,10,2.05532503128052,0.978064060211182,3.25052213668823,0.205532503128052,61.8594753742218,STATISVM7,12,12,1,2026-10-08 15:29:44
nncl,nncl.search.early_stop,tuned_early_stop_s2026,j17,1,10,2.35668683052063,0.930849075317383,3.61608099937439,0.235668683052063,61.8594753742218,STATISVM7,12,12,1,2026-10-08 15:29:44
nncl,nncl.search.early_stop,tuned_early_stop_s2026,j18,1,10,2.07214188575745,1.00943613052368,3.27922916412354,0.207214188575745,61.8594753742218,STATISVM7,12,12,1,2026-10-08 15:29:44
nncl,nncl.search.early_stop,tuned_early_stop_s2026,j19,1,10,1.72917294502258,1.00050616264343,2.92208099365234,0.172917294502258,61.8594753742218,STATISVM7,12,12,1,2026-10-08 15:29:44
nncl,nncl.search.early_stop,tuned_early_stop_s2027,j1,1,10,2.04273414611816,1.0086989402771,3.24233198165894,0.204273414611816,64.251006603241,STATISVM7,12,12,1,2026-10-08 15:30:49
nncl,nncl.search.early_stop,tuned_early_stop_s2027,j2,1,10,2.16651797294617,1.00053095817566,3.39131712913513,0.216651797294617,64.251006603241,STATISVM7,12,12,1,2026-10-08 15:30:49
nncl,nncl.search.early_stop,tuned_early_stop_s2027,j3,1,10,2.46872091293335,1.069983959198,3.8242039680481,0.246872091293335,64.251006603241,STATISVM7,12,12,1,2026-10-08 15:30:49
nncl,nncl.search.early_stop,tuned_early_stop_s2027,j4,1,10,1.87418699264526,0.990614175796509,3.07134914398193,0.187418699264526,64.251006603241,STATISVM7,12,12,1,2026-10-08 15:30:49
nncl,nncl.search.early_stop,tuned_early_stop_s2027,j5,1,10,2.1846911907196,1.02234387397766,3.43401002883911,0.21846911907196,64.251006603241,STATISVM7,12,12,1,2026-10-08 15:30:49
nncl,nncl.search.early_stop,tuned_early_stop_s2027,j6,1,10,1.8966498374939,1.47897911071777,3.56548810005188,0.18966498374939,64.251006603241,STATISVM7,12,12,1,2026-10-08 15:30:49
nncl,nncl.search.early_stop,tuned_early_stop_s2027,j7,1,10,2.14113092422485,0.858792066574097,3.21810507774353,0.214113092422485,64.251006603241,STATISVM7,12,12,1,2026-10-08 15:30:49
nncl,nncl.search.early_stop,tuned_early_stop_s2027,j8,1,10,2.07083988189697,0.865032196044922,3.19515419006348,0.207083988189697,64.251006603241,STATISVM7,12,12,1,2026-10-08 15:30:49
nncl,nncl.search.early_stop,tuned_early_stop_s2027,j9,1,10,2.05989003181458,0.873553991317749,3.14271998405457,0.205989003181458,64.251006603241,STATISVM7,12,12,1,2026-10-08 15:30:49
nncl,nncl.search.early_stop,tuned_early_stop_s2027,j10,1,10,2.0538649559021,0.835474014282227,3.09707689285278,0.20538649559021,64.251006603241,STATISVM7,12,12,1,2026-10-08 15:30:49
nncl,nncl.search.early_stop,tuned_early_stop_s2027,j11,1,10,2.37481999397278,0.872080087661743,3.48907899856567,0.237481999397278,64.251006603241,STATISVM7,12,12,1,2026-10-08 15:30:49
nncl,nncl.search.early_stop,tuned_early_stop_s2027,j12,1,10,2.06187295913696,0.912885904312134,3.18164801597595,0.206187295913696,64.251006603241,STATISVM7,12,12,1,2026-10-08 15:30:49
nncl,nncl.search.early_stop,tuned_early_stop_s2027,j13,1,10,2.10261702537537,0.874881982803345,3.22682309150696,0.210261702537537,64.251006603241,STATISVM7,12,12,1,2026-10-08 15:30:49
nncl,nncl.search.early_stop,tuned_early_stop_s2027,j14,1,10,2.01139903068542,0.942209005355835,3.17408394813538,0.201139903068542,64.251006603241,STATISVM7,12,12,1,2026-10-08 15:30:49
nncl,nncl.search.early_stop,tuned_early_stop_s2027,j15,1,10,2.5177960395813,0.972672939300537,3.89486408233643,0.25177960395813,64.251006603241,STATISVM7,12,12,1,2026-10-08 15:30:49
nncl,nncl.search.early_stop,tuned_early_stop_s2027,j16,1,10,2.58387899398804,0.931766986846924,3.76704096794128,0.258387899398804,64.251006603241,STATISVM7,12,12,1,2026-10-08 15:30:49
nncl,nncl.search.early_stop,tuned_early_stop_s2027,j17,1,10,2.47989201545715,1.01207709312439,3.69253206253052,0.247989201545715,64.251006603241,STATISVM7,12,12,1,2026-10-08 15:30:49
nncl,nncl.search.early_stop,tuned_early_stop_s2027,j18,1,10,1.99699592590332,0.908419132232666,3.14136409759522,0.199699592590332,64.251006603241,STATISVM7,12,12,1,2026-10-08 15:30:49
nncl,nncl.search.early_stop,tuned_early_stop_s2027,j19,1,10,2.21274495124817,0.982756853103638,3.50181484222412,0.221274495124817,64.251006603241,STATISVM7,12,12,1,2026-10-08 15:30:49
nncl,nncl.search.paper,tuned_paper_s2026,j1,1,5,1.36123394966126,0.751788139343262,2.30802607536316,0.272246789932251,45.1613447666168,STATISVM7,12,12,1,2026-10-08 15:28:13
nncl,nncl.search.paper,tuned_paper_s2026,j2,1,5,1.38732194900513,0.827706098556519,2.42531704902649,0.277464389801025,45.1613447666168,STATISVM7,12,12,1,2026-10-08 15:28:13
nncl,nncl.search.paper,tuned_paper_s2026,j3,1,5,1.39318513870239,0.825171947479248,2.43655514717102,0.278637027740479,45.1613447666168,STATISVM7,12,12,1,2026-10-08 15:28:13
nncl,nncl.search.paper,tuned_paper_s2026,j4,1,5,1.33986783027649,0.775668144226074,2.32909512519836,0.267973566055298,45.1613447666168,STATISVM7,12,12,1,2026-10-08 15:28:13
nncl,nncl.search.paper,tuned_paper_s2026,j5,1,5,1.32181215286255,0.818313837051392,2.35224795341492,0.26436243057251,45.1613447666168,STATISVM7,12,12,1,2026-10-08 15:28:13
nncl,nncl.search.paper,tuned_paper_s2026,j6,1,5,1.21947598457336,0.795888185501099,2.25406908988953,0.243895196914673,45.1613447666168,STATISVM7,12,12,1,2026-10-08 15:28:13
nncl,nncl.search.paper,tuned_paper_s2026,j7,1,5,1.28148698806763,0.757405996322632,2.22616386413574,0.256297397613525,45.1613447666168,STATISVM7,12,12,1,2026-10-08 15:28:13
nncl,nncl.search.paper,tuned_paper_s2026,j8,1,5,1.34018301963806,0.779577970504761,2.30914998054504,0.268036603927612,45.1613447666168,STATISVM7,12,12,1,2026-10-08 15:28:13
nncl,nncl.search.paper,tuned_paper_s2026,j9,1,5,1.21711301803589,0.796093940734863,2.22176909446716,0.243422603607178,45.1613447666168,STATISVM7,12,12,1,2026-10-08 15:28:13
nncl,nncl.search.paper,tuned_paper_s2026,j10,1,5,1.27599215507507,0.916801929473877,2.43794894218445,0.255198431015015,45.1613447666168,STATISVM7,12,12,1,2026-10-08 15:28:13
nncl,nncl.search.paper,tuned_paper_s2026,j11,1,5,1.2385778427124,0.966032028198242,2.49410200119019,0.24771556854248,45.1613447666168,STATISVM7,12,12,1,2026-10-08 15:28:13
nncl,nncl.search.paper,tuned_paper_s2026,j12,1,5,1.26418089866638,0.803974151611328,2.2983820438385,0.252836179733276,45.1613447666168,STATISVM7,12,12,1,2026-10-08 15:28:13
nncl,nncl.search.paper,tuned_paper_s2026,j13,1,5,1.20263195037842,0.80507493019104,2.31314492225647,0.240526390075684,45.1613447666168,STATISVM7,12,12,1,2026-10-08 15:28:13
nncl,nncl.search.paper,tuned_paper_s2026,j14,1,5,1.38666892051697,0.863852977752686,2.46030187606812,0.277333784103394,45.1613447666168,STATISVM7,12,12,1,2026-10-08 15:28:13
nncl,nncl.search.paper,tuned_paper_s2026,j15,1,5,1.40815114974976,0.778047800064087,2.42069792747498,0.281630229949951,45.1613447666168,STATISVM7,12,12,1,2026-10-08 15:28:13
nncl,nncl.search.paper,tuned_paper_s2026,j16,1,5,1.4011390209198,0.797037839889526,2.40489482879639,0.28022780418396,45.1613447666168,STATISVM7,12,12,1,2026-10-08 15:28:13
nncl,nncl.search.paper,tuned_paper_s2026,j17,1,5,1.31536197662354,0.793385982513428,2.3005747795105,0.263072395324707,45.1613447666168,STATISVM7,12,12,1,2026-10-08 15:28:13
nncl,nncl.search.paper,tuned_paper_s2026,j18,1,5,1.61264300346375,0.93836498260498,2.82582902908325,0.322528600692749,45.1613447666168,STATISVM7,12,12,1,2026-10-08 15:28:13
nncl,nncl.search.paper,tuned_paper_s2026,j19,1,5,1.306156873703,0.830687999725342,2.34307503700256,0.261231374740601,45.1613447666168,STATISVM7,12,12,1,2026-10-08 15:28:13
nncl,nncl.search.paper,tuned_paper_s2027,j1,1,5,1.53226494789124,0.877518177032471,2.62843894958496,0.306452989578247,45.3813474178314,STATISVM7,12,12,1,2026-10-08 15:29:00
nncl,nncl.search.paper,tuned_paper_s2027,j2,1,5,1.4439709186554,1.03934907913208,2.73298120498657,0.288794183731079,45.3813474178314,STATISVM7,12,12,1,2026-10-08 15:29:00
nncl,nncl.search.paper,tuned_paper_s2027,j3,1,5,1.42826890945435,0.942984104156494,2.57938599586487,0.285653781890869,45.3813474178314,STATISVM7,12,12,1,2026-10-08 15:29:00
nncl,nncl.search.paper,tuned_paper_s2027,j4,1,5,1.30566692352295,0.890018224716187,2.41446614265442,0.26113338470459,45.3813474178314,STATISVM7,12,12,1,2026-10-08 15:29:00
nncl,nncl.search.paper,tuned_paper_s2027,j5,1,5,1.44025993347168,0.900238990783691,2.58836007118225,0.288051986694336,45.3813474178314,STATISVM7,12,12,1,2026-10-08 15:29:00
nncl,nncl.search.paper,tuned_paper_s2027,j6,1,5,1.26763701438904,0.846329927444458,2.33866310119629,0.253527402877808,45.3813474178314,STATISVM7,12,12,1,2026-10-08 15:29:00
nncl,nncl.search.paper,tuned_paper_s2027,j7,1,5,1.47942709922791,1.36895799636841,3.08612012863159,0.295885419845581,45.3813474178314,STATISVM7,12,12,1,2026-10-08 15:29:00
nncl,nncl.search.paper,tuned_paper_s2027,j8,1,5,1.27190399169922,0.679596900939941,2.17065906524658,0.254380798339844,45.3813474178314,STATISVM7,12,12,1,2026-10-08 15:29:00
nncl,nncl.search.paper,tuned_paper_s2027,j9,1,5,1.19173192977905,0.681602954864502,2.10081386566162,0.238346385955811,45.3813474178314,STATISVM7,12,12,1,2026-10-08 15:29:00
nncl,nncl.search.paper,tuned_paper_s2027,j10,1,5,1.23744487762451,0.672390222549439,2.11387014389038,0.247488975524902,45.3813474178314,STATISVM7,12,12,1,2026-10-08 15:29:00
nncl,nncl.search.paper,tuned_paper_s2027,j11,1,5,1.21360898017883,0.674484968185425,2.09236001968384,0.242721796035767,45.3813474178314,STATISVM7,12,12,1,2026-10-08 15:29:00
nncl,nncl.search.paper,tuned_paper_s2027,j12,1,5,1.22838497161865,0.765881061553955,2.19409108161926,0.24567699432373,45.3813474178314,STATISVM7,12,12,1,2026-10-08 15:29:00
nncl,nncl.search.paper,tuned_paper_s2027,j13,1,5,1.32354998588562,0.765835046768189,2.30388808250427,0.264709997177124,45.3813474178314,STATISVM7,12,12,1,2026-10-08 15:29:00
nncl,nncl.search.paper,tuned_paper_s2027,j14,1,5,1.443284034729,0.7466139793396,2.43432593345642,0.288656806945801,45.3813474178314,STATISVM7,12,12,1,2026-10-08 15:29:00
nncl,nncl.search.paper,tuned_paper_s2027,j15,1,5,1.35122179985046,0.738131999969482,2.31666398048401,0.270244359970093,45.3813474178314,STATISVM7,12,12,1,2026-10-08 15:29:00
nncl,nncl.search.paper,tuned_paper_s2027,j16,1,5,1.21182894706726,0.782521963119507,2.2711808681488,0.242365789413452,45.3813474178314,STATISVM7,12,12,1,2026-10-08 15:29:00
nncl,nncl.search.paper,tuned_paper_s2027,j17,1,5,1.29943490028381,0.792479991912842,2.40970993041992,0.259886980056763,45.3813474178314,STATISVM7,12,12,1,2026-10-08 15:29:00
nncl,nncl.search.paper,tuned_paper_s2027,j18,1,5,1.28819704055786,0.729243040084839,2.23539090156555,0.257639408111572,45.3813474178314,STATISVM7,12,12,1,2026-10-08 15:29:00
nncl,nncl.search.paper,tuned_paper_s2027,j19,1,5,1.29572796821594,0.824270963668823,2.3699779510498,0.259145593643189,45.3813474178314,STATISVM7,12,12,1,2026-10-08 15:29:00
nncl,nncl.search.cl_start,dropout=0.1,seed 2026 origin 15,14,,25.9487476348877,,,,89.7318770885468,STATISVM7,12,12,1,2026-10-08 15:28:05
nncl,nncl.search.cl_start,dropout=0.1,seed 2026 origin 18,17,,33.2001428604126,,,,89.7318770885468,STATISVM7,12,12,1,2026-10-08 15:28:05
nncl,nncl.search.cl_start,dropout=0,seed 2026 origin 15,14,,23.5759027004242,,,,85.5537421703339,STATISVM7,12,12,1,2026-10-08 15:26:35
nncl,nncl.search.cl_start,dropout=0,seed 2026 origin 18,17,,32.4184885025024,,,,85.5537421703339,STATISVM7,12,12,1,2026-10-08 15:26:35
nncl,nncl.search.early_stop,dropout=0.1,seed 2026 origin 15,14,,32.3221294879913,,,,102.806004047394,STATISVM7,12,12,1,2026-10-08 15:28:41
nncl,nncl.search.early_stop,dropout=0.1,seed 2026 origin 18,17,,39.7820246219635,,,,102.806004047394,STATISVM7,12,12,1,2026-10-08 15:28:41
nncl,nncl.search.early_stop,dropout=0,seed 2026 origin 15,14,,29.1183199882507,,,,98.486316204071,STATISVM7,12,12,1,2026-10-08 15:26:58
nncl,nncl.search.early_stop,dropout=0,seed 2026 origin 18,17,,38.8198647499085,,,,98.486316204071,STATISVM7,12,12,1,2026-10-08 15:26:58
nncl,nncl.search.paper,"dropout=0.1, hidden=20, activation=tanh",seed 2026 origin 15,14,,20.2086873054504,,,,71.4009561538696,STATISVM7,12,12,1,2026-10-08 15:27:28
nncl,nncl.search.paper,"dropout=0.1, hidden=20, activation=tanh",seed 2026 origin 18,17,,22.8641741275787,,,,71.4009561538696,STATISVM7,12,12,1,2026-10-08 15:27:28
nncl,nncl.search.paper,"dropout=0, hidden=20, activation=tanh",seed 2026 origin 15,14,,16.9115138053894,,,,66.4660520553589,STATISVM7,12,12,1,2026-10-08 15:26:16
nncl,nncl.search.paper,"dropout=0, hidden=20, activation=tanh",seed 2026 origin 18,17,,20.9167726039887,,,,66.4660520553589,STATISVM7,12,12,1,2026-10-08 15:26:16
nncl,nncl_numeric.cl_grid,clgrid_20_rmsprop_cl_paper_s2026,j1,1,5,1.16169381141663,0.634307146072388,2.06963706016541,0.232338762283325,36.5730850696564,STATISVM7,12,12,1,2026-10-08 15:20:22
nncl,nncl_numeric.cl_grid,clgrid_20_rmsprop_cl_paper_s2026,j2,1,5,1.26001596450806,0.438682079315186,1.91874814033508,0.252003192901611,36.5730850696564,STATISVM7,12,12,1,2026-10-08 15:20:22
nncl,nncl_numeric.cl_grid,clgrid_20_rmsprop_cl_paper_s2026,j3,1,5,1.31804513931274,0.373697996139526,1.91024303436279,0.263609027862549,36.5730850696564,STATISVM7,12,12,1,2026-10-08 15:20:22
nncl,nncl_numeric.cl_grid,clgrid_20_rmsprop_cl_paper_s2026,j4,1,5,1.24850487709045,0.403964042663574,1.88166689872742,0.249700975418091,36.5730850696564,STATISVM7,12,12,1,2026-10-08 15:20:22
nncl,nncl_numeric.cl_grid,clgrid_20_rmsprop_cl_paper_s2026,j5,1,5,1.12083578109741,0.427536010742188,1.73122477531433,0.224167156219482,36.5730850696564,STATISVM7,12,12,1,2026-10-08 15:20:22
nncl,nncl_numeric.cl_grid,clgrid_20_rmsprop_cl_paper_s2026,j6,1,5,1.1446099281311,0.396065950393677,1.72993993759155,0.228921985626221,36.5730850696564,STATISVM7,12,12,1,2026-10-08 15:20:22
nncl,nncl_numeric.cl_grid,clgrid_20_rmsprop_cl_paper_s2026,j7,1,5,1.31261706352234,0.389209032058716,1.92740416526794,0.262523412704468,36.5730850696564,STATISVM7,12,12,1,2026-10-08 15:20:22
nncl,nncl_numeric.cl_grid,clgrid_20_rmsprop_cl_paper_s2026,j8,1,5,1.33052587509155,0.410305023193359,1.97064399719238,0.266105175018311,36.5730850696564,STATISVM7,12,12,1,2026-10-08 15:20:22
nncl,nncl_numeric.cl_grid,clgrid_20_rmsprop_cl_paper_s2026,j9,1,5,1.43421292304993,0.436289072036743,2.12269806861877,0.286842584609985,36.5730850696564,STATISVM7,12,12,1,2026-10-08 15:20:22
nncl,nncl_numeric.cl_grid,clgrid_20_rmsprop_cl_paper_s2026,j10,1,5,1.20477700233459,0.394391059875488,1.81398916244507,0.240955400466919,36.5730850696564,STATISVM7,12,12,1,2026-10-08 15:20:22
nncl,nncl_numeric.cl_grid,clgrid_20_rmsprop_cl_paper_s2026,j11,1,5,1.3241720199585,0.429988861083984,1.95221090316772,0.264834403991699,36.5730850696564,STATISVM7,12,12,1,2026-10-08 15:20:22
nncl,nncl_numeric.cl_grid,clgrid_20_rmsprop_cl_paper_s2026,j12,1,5,1.26258516311646,0.420839786529541,1.89858078956604,0.252517032623291,36.5730850696564,STATISVM7,12,12,1,2026-10-08 15:20:22
nncl,nncl_numeric.cl_grid,clgrid_20_rmsprop_cl_paper_s2026,j13,1,5,1.2835488319397,0.437248229980469,1.92912220954895,0.256709766387939,36.5730850696564,STATISVM7,12,12,1,2026-10-08 15:20:22
nncl,nncl_numeric.cl_grid,clgrid_20_rmsprop_cl_paper_s2026,j14,1,5,1.36872005462646,0.474051952362061,2.04717493057251,0.273744010925293,36.5730850696564,STATISVM7,12,12,1,2026-10-08 15:20:22
nncl,nncl_numeric.cl_grid,clgrid_20_rmsprop_cl_paper_s2026,j15,1,5,1.14187717437744,0.451526880264282,1.81396508216858,0.228375434875488,36.5730850696564,STATISVM7,12,12,1,2026-10-08 15:20:22
nncl,nncl_numeric.cl_grid,clgrid_20_rmsprop_cl_paper_s2026,j16,1,5,1.20324921607971,0.465044975280762,1.87246513366699,0.240649843215942,36.5730850696564,STATISVM7,12,12,1,2026-10-08 15:20:22
nncl,nncl_numeric.cl_grid,clgrid_20_rmsprop_cl_paper_s2026,j17,1,5,1.2349169254303,0.471369981765747,1.96814489364624,0.24698338508606,36.5730850696564,STATISVM7,12,12,1,2026-10-08 15:20:22
nncl,nncl_numeric.cl_grid,clgrid_20_rmsprop_cl_paper_s2026,j18,1,5,1.31416702270508,0.456094026565552,1.9892590045929,0.262833404541016,36.5730850696564,STATISVM7,12,12,1,2026-10-08 15:20:22
nncl,nncl_numeric.cl_grid,clgrid_20_rmsprop_cl_paper_s2026,j19,1,5,1.29405903816223,0.491245031356812,2.02596688270569,0.258811807632446,36.5730850696564,STATISVM7,12,12,1,2026-10-08 15:20:22
nncl,nncl_numeric.cl_grid,clgrid_20_rmsprop_cl_paper_s2027,j1,1,5,1.23699307441711,0.547670841217041,1.9995858669281,0.247398614883423,37.1937117576599,STATISVM7,12,12,1,2026-10-08 15:31:06
nncl,nncl_numeric.cl_grid,clgrid_20_rmsprop_cl_paper_s2027,j2,1,5,1.40699410438538,0.409873962402344,2.04960989952087,0.281398820877075,37.1937117576599,STATISVM7,12,12,1,2026-10-08 15:31:06
nncl,nncl_numeric.cl_grid,clgrid_20_rmsprop_cl_paper_s2027,j3,1,5,1.41287302970886,0.434530019760132,2.04605007171631,0.282574605941772,37.1937117576599,STATISVM7,12,12,1,2026-10-08 15:31:06
nncl,nncl_numeric.cl_grid,clgrid_20_rmsprop_cl_paper_s2027,j4,1,5,1.45345091819763,0.42012095451355,2.09584283828735,0.290690183639526,37.1937117576599,STATISVM7,12,12,1,2026-10-08 15:31:06
nncl,nncl_numeric.cl_grid,clgrid_20_rmsprop_cl_paper_s2027,j5,1,5,1.44033694267273,0.44000506401062,2.14747500419617,0.288067388534546,37.1937117576599,STATISVM7,12,12,1,2026-10-08 15:31:06
nncl,nncl_numeric.cl_grid,clgrid_20_rmsprop_cl_paper_s2027,j6,1,5,1.23573303222656,0.408139944076538,1.87807011604309,0.247146606445313,37.1937117576599,STATISVM7,12,12,1,2026-10-08 15:31:06
nncl,nncl_numeric.cl_grid,clgrid_20_rmsprop_cl_paper_s2027,j7,1,5,1.22666001319885,0.422302007675171,1.84314179420471,0.245332002639771,37.1937117576599,STATISVM7,12,12,1,2026-10-08 15:31:06
nncl,nncl_numeric.cl_grid,clgrid_20_rmsprop_cl_paper_s2027,j8,1,5,1.26149201393127,0.418087005615234,1.87156009674072,0.252298402786255,37.1937117576599,STATISVM7,12,12,1,2026-10-08 15:31:06
nncl,nncl_numeric.cl_grid,clgrid_20_rmsprop_cl_paper_s2027,j9,1,5,1.32561802864075,0.42456579208374,1.97870492935181,0.265123605728149,37.1937117576599,STATISVM7,12,12,1,2026-10-08 15:31:06
nncl,nncl_numeric.cl_grid,clgrid_20_rmsprop_cl_paper_s2027,j10,1,5,1.46976208686829,0.501271963119507,2.23907709121704,0.293952417373657,37.1937117576599,STATISVM7,12,12,1,2026-10-08 15:31:06
nncl,nncl_numeric.cl_grid,clgrid_20_rmsprop_cl_paper_s2027,j11,1,5,1.28766012191772,0.49209189414978,1.96304893493652,0.257532024383545,37.1937117576599,STATISVM7,12,12,1,2026-10-08 15:31:06
nncl,nncl_numeric.cl_grid,clgrid_20_rmsprop_cl_paper_s2027,j12,1,5,1.36673593521118,0.387360095977783,2.00324606895447,0.273347187042236,37.1937117576599,STATISVM7,12,12,1,2026-10-08 15:31:06
nncl,nncl_numeric.cl_grid,clgrid_20_rmsprop_cl_paper_s2027,j13,1,5,1.17594814300537,0.449595928192139,1.85350608825684,0.235189628601074,37.1937117576599,STATISVM7,12,12,1,2026-10-08 15:31:06
nncl,nncl_numeric.cl_grid,clgrid_20_rmsprop_cl_paper_s2027,j14,1,5,1.19924402236938,0.453073024749756,1.85679697990417,0.239848804473877,37.1937117576599,STATISVM7,12,12,1,2026-10-08 15:31:06
nncl,nncl_numeric.cl_grid,clgrid_20_rmsprop_cl_paper_s2027,j15,1,5,1.33579111099243,0.430830955505371,1.98357892036438,0.267158222198486,37.1937117576599,STATISVM7,12,12,1,2026-10-08 15:31:06
nncl,nncl_numeric.cl_grid,clgrid_20_rmsprop_cl_paper_s2027,j16,1,5,1.13029503822327,0.472653150558472,1.80969905853271,0.226059007644653,37.1937117576599,STATISVM7,12,12,1,2026-10-08 15:31:06
nncl,nncl_numeric.cl_grid,clgrid_20_rmsprop_cl_paper_s2027,j17,1,5,1.151034116745,0.465476989746094,1.83236908912659,0.230206823348999,37.1937117576599,STATISVM7,12,12,1,2026-10-08 15:31:06
nncl,nncl_numeric.cl_grid,clgrid_20_rmsprop_cl_paper_s2027,j18,1,5,1.22282600402832,0.492307901382446,1.92331790924072,0.244565200805664,37.1937117576599,STATISVM7,12,12,1,2026-10-08 15:31:06
nncl,nncl_numeric.cl_grid,clgrid_20_rmsprop_cl_paper_s2027,j19,1,5,1.18737101554871,0.423222064971924,1.81903100013733,0.237474203109741,37.1937117576599,STATISVM7,12,12,1,2026-10-08 15:31:06
nncl,nncl_numeric.cl_grid,clgrid_20_rmsprop_cl_start_s2026,j1,1,4,1.25336480140686,0.549685001373291,1.99941086769104,0.313341200351715,41.2200150489807,STATISVM7,12,12,1,2026-10-08 15:30:55
nncl,nncl_numeric.cl_grid,clgrid_20_rmsprop_cl_start_s2026,j2,1,10,1.96086597442627,0.400863885879517,2.5756299495697,0.196086597442627,41.2200150489807,STATISVM7,12,12,1,2026-10-08 15:30:55
nncl,nncl_numeric.cl_grid,clgrid_20_rmsprop_cl_start_s2026,j3,1,10,1.92128086090088,0.373553037643433,2.55569195747376,0.192128086090088,41.2200150489807,STATISVM7,12,12,1,2026-10-08 15:30:55
nncl,nncl_numeric.cl_grid,clgrid_20_rmsprop_cl_start_s2026,j4,1,10,1.91266703605652,0.450809001922607,2.56865406036377,0.191266703605652,41.2200150489807,STATISVM7,12,12,1,2026-10-08 15:30:55
nncl,nncl_numeric.cl_grid,clgrid_20_rmsprop_cl_start_s2026,j5,1,10,1.91471815109253,0.417782068252564,2.53804922103882,0.191471815109253,41.2200150489807,STATISVM7,12,12,1,2026-10-08 15:30:55
nncl,nncl_numeric.cl_grid,clgrid_20_rmsprop_cl_start_s2026,j6,1,10,1.83777117729187,0.3835289478302,2.48778200149536,0.183777117729187,41.2200150489807,STATISVM7,12,12,1,2026-10-08 15:30:55
nncl,nncl_numeric.cl_grid,clgrid_20_rmsprop_cl_start_s2026,j7,1,10,1.65205502510071,0.416168928146362,2.30120205879211,0.165205502510071,41.2200150489807,STATISVM7,12,12,1,2026-10-08 15:30:55
nncl,nncl_numeric.cl_grid,clgrid_20_rmsprop_cl_start_s2026,j8,1,10,2.01800203323364,0.426947832107544,2.6947968006134,0.201800203323364,41.2200150489807,STATISVM7,12,12,1,2026-10-08 15:30:55
nncl,nncl_numeric.cl_grid,clgrid_20_rmsprop_cl_start_s2026,j9,1,4,1.27470803260803,0.480963945388794,1.97056102752686,0.318677008152008,41.2200150489807,STATISVM7,12,12,1,2026-10-08 15:30:55
nncl,nncl_numeric.cl_grid,clgrid_20_rmsprop_cl_start_s2026,j10,1,5,1.38207387924194,0.436480045318604,2.01976203918457,0.276414775848389,41.2200150489807,STATISVM7,12,12,1,2026-10-08 15:30:55
nncl,nncl_numeric.cl_grid,clgrid_20_rmsprop_cl_start_s2026,j11,1,4,1.25380396842957,0.491980075836182,1.99837207794189,0.313450992107391,41.2200150489807,STATISVM7,12,12,1,2026-10-08 15:30:55
nncl,nncl_numeric.cl_grid,clgrid_20_rmsprop_cl_start_s2026,j12,1,3,1.17640995979309,0.467091083526611,1.85614514350891,0.392136653264364,41.2200150489807,STATISVM7,12,12,1,2026-10-08 15:30:55
nncl,nncl_numeric.cl_grid,clgrid_20_rmsprop_cl_start_s2026,j13,1,4,1.22806787490845,0.488075017929077,1.90026903152466,0.307016968727112,41.2200150489807,STATISVM7,12,12,1,2026-10-08 15:30:55
nncl,nncl_numeric.cl_grid,clgrid_20_rmsprop_cl_start_s2026,j14,1,4,1.06485390663147,0.439198970794678,1.72278785705566,0.266213476657867,41.2200150489807,STATISVM7,12,12,1,2026-10-08 15:30:55
nncl,nncl_numeric.cl_grid,clgrid_20_rmsprop_cl_start_s2026,j15,1,4,1.1059398651123,0.481806993484497,1.83521485328674,0.276484966278076,41.2200150489807,STATISVM7,12,12,1,2026-10-08 15:30:55
nncl,nncl_numeric.cl_grid,clgrid_20_rmsprop_cl_start_s2026,j16,1,4,1.1779260635376,0.540815114974976,1.96280002593994,0.294481515884399,41.2200150489807,STATISVM7,12,12,1,2026-10-08 15:30:55
nncl,nncl_numeric.cl_grid,clgrid_20_rmsprop_cl_start_s2026,j17,1,3,1.23783397674561,0.516552209854126,1.96569514274597,0.412611325581868,41.2200150489807,STATISVM7,12,12,1,2026-10-08 15:30:55
nncl,nncl_numeric.cl_grid,clgrid_20_rmsprop_cl_start_s2026,j18,1,7,1.47686314582825,0.461160898208618,2.17226600646973,0.210980449404035,41.2200150489807,STATISVM7,12,12,1,2026-10-08 15:30:55
nncl,nncl_numeric.cl_grid,clgrid_20_rmsprop_cl_start_s2026,j19,1,6,1.38603091239929,0.488487958908081,2.09492492675781,0.231005152066549,41.2200150489807,STATISVM7,12,12,1,2026-10-08 15:30:55
nncl,nncl_numeric.cl_grid,clgrid_20_rmsprop_cl_start_s2027,j1,1,4,1.16856813430786,0.634057998657227,2.01466012001038,0.292142033576965,41.4737961292267,STATISVM7,12,12,1,2026-10-08 15:31:11
nncl,nncl_numeric.cl_grid,clgrid_20_rmsprop_cl_start_s2027,j2,1,10,1.88697600364685,0.408418893814087,2.57707285881043,0.188697600364685,41.4737961292267,STATISVM7,12,12,1,2026-10-08 15:31:11
nncl,nncl_numeric.cl_grid,clgrid_20_rmsprop_cl_start_s2027,j3,1,10,2.15167212486267,0.424896955490112,2.798504114151,0.215167212486267,41.4737961292267,STATISVM7,12,12,1,2026-10-08 15:31:11
nncl,nncl_numeric.cl_grid,clgrid_20_rmsprop_cl_start_s2027,j4,1,10,2.07978987693787,0.483659029006958,2.81042504310608,0.207978987693787,41.4737961292267,STATISVM7,12,12,1,2026-10-08 15:31:11
nncl,nncl_numeric.cl_grid,clgrid_20_rmsprop_cl_start_s2027,j5,1,10,1.84675598144531,0.39717698097229,2.54650592803955,0.184675598144531,41.4737961292267,STATISVM7,12,12,1,2026-10-08 15:31:11
nncl,nncl_numeric.cl_grid,clgrid_20_rmsprop_cl_start_s2027,j6,1,10,1.57817697525024,0.370856046676636,2.13026094436646,0.157817697525024,41.4737961292267,STATISVM7,12,12,1,2026-10-08 15:31:11
nncl,nncl_numeric.cl_grid,clgrid_20_rmsprop_cl_start_s2027,j7,1,10,2.02217102050781,0.420022010803223,2.70732688903809,0.202217102050781,41.4737961292267,STATISVM7,12,12,1,2026-10-08 15:31:11
nncl,nncl_numeric.cl_grid,clgrid_20_rmsprop_cl_start_s2027,j8,1,10,2.23419189453125,0.468399047851563,3.07710909843445,0.223419189453125,41.4737961292267,STATISVM7,12,12,1,2026-10-08 15:31:11
nncl,nncl_numeric.cl_grid,clgrid_20_rmsprop_cl_start_s2027,j9,1,4,1.13430500030518,0.450046062469482,1.77416491508484,0.283576250076294,41.4737961292267,STATISVM7,12,12,1,2026-10-08 15:31:11
nncl,nncl_numeric.cl_grid,clgrid_20_rmsprop_cl_start_s2027,j10,1,10,2.10572600364685,0.401197195053101,2.78977704048157,0.210572600364685,41.4737961292267,STATISVM7,12,12,1,2026-10-08 15:31:11
nncl,nncl_numeric.cl_grid,clgrid_20_rmsprop_cl_start_s2027,j11,1,4,1.03553700447083,0.413514852523804,1.6635479927063,0.258884251117706,41.4737961292267,STATISVM7,12,12,1,2026-10-08 15:31:11
nncl,nncl_numeric.cl_grid,clgrid_20_rmsprop_cl_start_s2027,j12,1,3,0.997853994369507,0.415868043899536,1.64319205284119,0.332617998123169,41.4737961292267,STATISVM7,12,12,1,2026-10-08 15:31:11
nncl,nncl_numeric.cl_grid,clgrid_20_rmsprop_cl_start_s2027,j13,1,10,1.78285598754883,0.465514898300171,2.48687696456909,0.178285598754883,41.4737961292267,STATISVM7,12,12,1,2026-10-08 15:31:11
nncl,nncl_numeric.cl_grid,clgrid_20_rmsprop_cl_start_s2027,j14,1,4,1.15563797950745,0.466466188430786,1.84673309326172,0.288909494876862,41.4737961292267,STATISVM7,12,12,1,2026-10-08 15:31:11
nncl,nncl_numeric.cl_grid,clgrid_20_rmsprop_cl_start_s2027,j15,1,4,1.17808318138123,0.433749914169312,1.83843398094177,0.294520795345306,41.4737961292267,STATISVM7,12,12,1,2026-10-08 15:31:11
nncl,nncl_numeric.cl_grid,clgrid_20_rmsprop_cl_start_s2027,j16,1,4,1.08196306228638,0.401021003723145,1.74595308303833,0.270490765571594,41.4737961292267,STATISVM7,12,12,1,2026-10-08 15:31:11
nncl,nncl_numeric.cl_grid,clgrid_20_rmsprop_cl_start_s2027,j17,1,3,0.972436904907227,0.488579034805298,1.65390801429749,0.324145634969076,41.4737961292267,STATISVM7,12,12,1,2026-10-08 15:31:11
nncl,nncl_numeric.cl_grid,clgrid_20_rmsprop_cl_start_s2027,j18,1,3,1.05358004570007,0.439368963241577,1.72633194923401,0.351193348566691,41.4737961292267,STATISVM7,12,12,1,2026-10-08 15:31:11
nncl,nncl_numeric.cl_grid,clgrid_20_rmsprop_cl_start_s2027,j19,1,3,0.890454053878784,0.538144111633301,1.64301204681396,0.296818017959595,41.4737961292267,STATISVM7,12,12,1,2026-10-08 15:31:11
nncl,nncl_numeric.cl_grid,clgrid_20_sgd_cl_paper_s2026,j1,1,5,0.981472969055176,0.526556968688965,1.7880699634552,0.196294593811035,31.4735593795776,STATISVM7,12,12,1,2026-10-08 15:30:51
nncl,nncl_numeric.cl_grid,clgrid_20_sgd_cl_paper_s2026,j2,1,5,0.989315032958984,0.450428009033203,1.78106689453125,0.197863006591797,31.4735593795776,STATISVM7,12,12,1,2026-10-08 15:30:51
nncl,nncl_numeric.cl_grid,clgrid_20_sgd_cl_paper_s2026,j3,1,5,0.882105827331543,0.396906137466431,1.47276091575623,0.176421165466309,31.4735593795776,STATISVM7,12,12,1,2026-10-08 15:30:51
nncl,nncl_numeric.cl_grid,clgrid_20_sgd_cl_paper_s2026,j4,1,5,0.871171951293945,0.37328314781189,1.44576597213745,0.174234390258789,31.4735593795776,STATISVM7,12,12,1,2026-10-08 15:30:51
nncl,nncl_numeric.cl_grid,clgrid_20_sgd_cl_paper_s2026,j5,1,5,0.994065999984741,0.398706912994385,1.64039087295532,0.198813199996948,31.4735593795776,STATISVM7,12,12,1,2026-10-08 15:30:51
nncl,nncl_numeric.cl_grid,clgrid_20_sgd_cl_paper_s2026,j6,1,5,0.960974931716919,0.397902011871338,1.56106996536255,0.192194986343384,31.4735593795776,STATISVM7,12,12,1,2026-10-08 15:30:51
nncl,nncl_numeric.cl_grid,clgrid_20_sgd_cl_paper_s2026,j7,1,5,0.891252040863037,0.380901098251343,1.49023604393005,0.178250408172607,31.4735593795776,STATISVM7,12,12,1,2026-10-08 15:30:51
nncl,nncl_numeric.cl_grid,clgrid_20_sgd_cl_paper_s2026,j8,1,5,0.885879993438721,0.400373935699463,1.47893691062927,0.177175998687744,31.4735593795776,STATISVM7,12,12,1,2026-10-08 15:30:51
nncl,nncl_numeric.cl_grid,clgrid_20_sgd_cl_paper_s2026,j9,1,5,1.04432010650635,0.481905937194824,1.84480285644531,0.20886402130127,31.4735593795776,STATISVM7,12,12,1,2026-10-08 15:30:51
nncl,nncl_numeric.cl_grid,clgrid_20_sgd_cl_paper_s2026,j10,1,5,1.12054896354675,0.571390867233276,1.89391088485718,0.224109792709351,31.4735593795776,STATISVM7,12,12,1,2026-10-08 15:30:51
nncl,nncl_numeric.cl_grid,clgrid_20_sgd_cl_paper_s2026,j11,1,5,1.05900096893311,0.414073944091797,1.74607586860657,0.211800193786621,31.4735593795776,STATISVM7,12,12,1,2026-10-08 15:30:51
nncl,nncl_numeric.cl_grid,clgrid_20_sgd_cl_paper_s2026,j12,1,5,1.08961200714111,0.425389051437378,1.76308012008667,0.217922401428223,31.4735593795776,STATISVM7,12,12,1,2026-10-08 15:30:51
nncl,nncl_numeric.cl_grid,clgrid_20_sgd_cl_paper_s2026,j13,1,5,0.961719989776611,0.556610107421875,1.73211193084717,0.192343997955322,31.4735593795776,STATISVM7,12,12,1,2026-10-08 15:30:51
nncl,nncl_numeric.cl_grid,clgrid_20_sgd_cl_paper_s2026,j14,1,5,1.05378103256226,0.465191125869751,1.70615911483765,0.210756206512451,31.4735593795776,STATISVM7,12,12,1,2026-10-08 15:30:51
nncl,nncl_numeric.cl_grid,clgrid_20_sgd_cl_paper_s2026,j15,1,5,0.987738132476807,0.391923904418945,1.58773493766785,0.197547626495361,31.4735593795776,STATISVM7,12,12,1,2026-10-08 15:30:51
nncl,nncl_numeric.cl_grid,clgrid_20_sgd_cl_paper_s2026,j16,1,5,0.835034847259522,0.411285161972046,1.47081112861633,0.167006969451904,31.4735593795776,STATISVM7,12,12,1,2026-10-08 15:30:51
nncl,nncl_numeric.cl_grid,clgrid_20_sgd_cl_paper_s2026,j17,1,5,0.901830911636353,0.43022894859314,1.61399698257446,0.180366182327271,31.4735593795776,STATISVM7,12,12,1,2026-10-08 15:30:51
nncl,nncl_numeric.cl_grid,clgrid_20_sgd_cl_paper_s2026,j18,1,5,1.08124399185181,0.465410947799683,1.78865003585815,0.216248798370361,31.4735593795776,STATISVM7,12,12,1,2026-10-08 15:30:51
nncl,nncl_numeric.cl_grid,clgrid_20_sgd_cl_paper_s2026,j19,1,5,0.985928058624268,0.473906993865967,1.66792798042297,0.197185611724854,31.4735593795776,STATISVM7,12,12,1,2026-10-08 15:30:51
nncl,nncl_numeric.cl_grid,clgrid_20_sgd_cl_paper_s2027,j1,1,5,1.11707377433777,0.55004620552063,1.87829899787903,0.223414754867554,31.7493276596069,STATISVM7,12,12,1,2026-10-08 15:31:01
nncl,nncl_numeric.cl_grid,clgrid_20_sgd_cl_paper_s2027,j2,1,5,0.982368946075439,0.376623153686523,1.62859106063843,0.196473789215088,31.7493276596069,STATISVM7,12,12,1,2026-10-08 15:31:01
nncl,nncl_numeric.cl_grid,clgrid_20_sgd_cl_paper_s2027,j3,1,5,1.22080421447754,0.391030788421631,1.85055685043335,0.244160842895508,31.7493276596069,STATISVM7,12,12,1,2026-10-08 15:31:01
nncl,nncl_numeric.cl_grid,clgrid_20_sgd_cl_paper_s2027,j4,1,5,0.884382963180542,0.435014963150024,1.56321001052856,0.176876592636108,31.7493276596069,STATISVM7,12,12,1,2026-10-08 15:31:01
nncl,nncl_numeric.cl_grid,clgrid_20_sgd_cl_paper_s2027,j5,1,5,1.00084495544434,0.415940046310425,1.67132091522217,0.200168991088867,31.7493276596069,STATISVM7,12,12,1,2026-10-08 15:31:01
nncl,nncl_numeric.cl_grid,clgrid_20_sgd_cl_paper_s2027,j6,1,5,1.01663589477539,0.510217189788818,1.73436212539673,0.203327178955078,31.7493276596069,STATISVM7,12,12,1,2026-10-08 15:31:01
nncl,nncl_numeric.cl_grid,clgrid_20_sgd_cl_paper_s2027,j7,1,5,1.07148003578186,0.366842985153198,1.6480131149292,0.214296007156372,31.7493276596069,STATISVM7,12,12,1,2026-10-08 15:31:01
nncl,nncl_numeric.cl_grid,clgrid_20_sgd_cl_paper_s2027,j8,1,5,1.03699398040771,0.435136079788208,1.67778396606445,0.207398796081543,31.7493276596069,STATISVM7,12,12,1,2026-10-08 15:31:01
nncl,nncl_numeric.cl_grid,clgrid_20_sgd_cl_paper_s2027,j9,1,5,1.02489995956421,0.3941969871521,1.63945603370667,0.204979991912842,31.7493276596069,STATISVM7,12,12,1,2026-10-08 15:31:01
nncl,nncl_numeric.cl_grid,clgrid_20_sgd_cl_paper_s2027,j10,1,5,0.963953971862793,0.39515209197998,1.5570170879364,0.192790794372559,31.7493276596069,STATISVM7,12,12,1,2026-10-08 15:31:01
nncl,nncl_numeric.cl_grid,clgrid_20_sgd_cl_paper_s2027,j11,1,5,1.16741895675659,0.394229888916016,1.78507781028748,0.233483791351318,31.7493276596069,STATISVM7,12,12,1,2026-10-08 15:31:01
nncl,nncl_numeric.cl_grid,clgrid_20_sgd_cl_paper_s2027,j12,1,5,1.15812420845032,0.417720794677734,1.85809278488159,0.231624841690064,31.7493276596069,STATISVM7,12,12,1,2026-10-08 15:31:01
nncl,nncl_numeric.cl_grid,clgrid_20_sgd_cl_paper_s2027,j13,1,5,0.90494704246521,0.466177940368652,1.55988907814026,0.180989408493042,31.7493276596069,STATISVM7,12,12,1,2026-10-08 15:31:01
nncl,nncl_numeric.cl_grid,clgrid_20_sgd_cl_paper_s2027,j14,1,5,0.950403928756714,0.380974054336548,1.59668803215027,0.190080785751343,31.7493276596069,STATISVM7,12,12,1,2026-10-08 15:31:01
nncl,nncl_numeric.cl_grid,clgrid_20_sgd_cl_paper_s2027,j15,1,5,0.979991912841797,0.454302072525024,1.64348101615906,0.195998382568359,31.7493276596069,STATISVM7,12,12,1,2026-10-08 15:31:01
nncl,nncl_numeric.cl_grid,clgrid_20_sgd_cl_paper_s2027,j16,1,5,1.0652289390564,0.4444420337677,1.71063899993896,0.213045787811279,31.7493276596069,STATISVM7,12,12,1,2026-10-08 15:31:01
nncl,nncl_numeric.cl_grid,clgrid_20_sgd_cl_paper_s2027,j17,1,5,1.030925989151,0.376312971115112,1.64820885658264,0.2061851978302,31.7493276596069,STATISVM7,12,12,1,2026-10-08 15:31:01
nncl,nncl_numeric.cl_grid,clgrid_20_sgd_cl_paper_s2027,j18,1,5,0.874721050262451,0.39975905418396,1.47721695899963,0.17494421005249,31.7493276596069,STATISVM7,12,12,1,2026-10-08 15:31:01
nncl,nncl_numeric.cl_grid,clgrid_20_sgd_cl_paper_s2027,j19,1,5,0.999258995056152,0.404359817504883,1.62142395973206,0.19985179901123,31.7493276596069,STATISVM7,12,12,1,2026-10-08 15:31:01
nncl,nncl_numeric.cl_grid,clgrid_20_sgd_cl_start_s2026,j1,1,3,0.820758819580078,0.508740186691284,1.60198616981506,0.273586273193359,36.9931230545044,STATISVM7,12,12,1,2026-10-08 15:30:56
nncl,nncl_numeric.cl_grid,clgrid_20_sgd_cl_start_s2026,j2,1,10,1.65297389030457,0.418810129165649,2.30004215240479,0.165297389030457,36.9931230545044,STATISVM7,12,12,1,2026-10-08 15:30:56
nncl,nncl_numeric.cl_grid,clgrid_20_sgd_cl_start_s2026,j3,1,10,1.45705413818359,0.370085000991821,2.02614903450012,0.145705413818359,36.9931230545044,STATISVM7,12,12,1,2026-10-08 15:30:56
nncl,nncl_numeric.cl_grid,clgrid_20_sgd_cl_start_s2026,j4,1,10,1.38616991043091,0.356971979141235,1.98459506034851,0.138616991043091,36.9931230545044,STATISVM7,12,12,1,2026-10-08 15:30:56
nncl,nncl_numeric.cl_grid,clgrid_20_sgd_cl_start_s2026,j5,1,10,1.60256195068359,0.399424076080322,2.23083806037903,0.160256195068359,36.9931230545044,STATISVM7,12,12,1,2026-10-08 15:30:56
nncl,nncl_numeric.cl_grid,clgrid_20_sgd_cl_start_s2026,j6,1,10,1.68935894966126,0.395981073379517,2.29795002937317,0.168935894966126,36.9931230545044,STATISVM7,12,12,1,2026-10-08 15:30:56
nncl,nncl_numeric.cl_grid,clgrid_20_sgd_cl_start_s2026,j7,1,10,1.68387389183044,0.43126916885376,2.33842611312866,0.168387389183044,36.9931230545044,STATISVM7,12,12,1,2026-10-08 15:30:56
nncl,nncl_numeric.cl_grid,clgrid_20_sgd_cl_start_s2026,j8,1,10,1.44006991386414,0.470925092697144,2.12022614479065,0.144006991386414,36.9931230545044,STATISVM7,12,12,1,2026-10-08 15:30:56
nncl,nncl_numeric.cl_grid,clgrid_20_sgd_cl_start_s2026,j9,1,3,0.872321844100952,0.401137113571167,1.4776349067688,0.290773948033651,36.9931230545044,STATISVM7,12,12,1,2026-10-08 15:30:56
nncl,nncl_numeric.cl_grid,clgrid_20_sgd_cl_start_s2026,j10,1,10,1.7835168838501,0.435410976409912,2.46093893051147,0.17835168838501,36.9931230545044,STATISVM7,12,12,1,2026-10-08 15:30:56
nncl,nncl_numeric.cl_grid,clgrid_20_sgd_cl_start_s2026,j11,1,5,0.970630884170532,0.424316167831421,1.64001512527466,0.194126176834106,36.9931230545044,STATISVM7,12,12,1,2026-10-08 15:30:56
nncl,nncl_numeric.cl_grid,clgrid_20_sgd_cl_start_s2026,j12,1,10,1.46283602714539,0.460946083068848,2.11626219749451,0.146283602714539,36.9931230545044,STATISVM7,12,12,1,2026-10-08 15:30:56
nncl,nncl_numeric.cl_grid,clgrid_20_sgd_cl_start_s2026,j13,1,10,1.54356813430786,0.371611833572388,2.11298704147339,0.154356813430786,36.9931230545044,STATISVM7,12,12,1,2026-10-08 15:30:56
nncl,nncl_numeric.cl_grid,clgrid_20_sgd_cl_start_s2026,j14,1,3,0.807731151580811,0.42084789276123,1.5065929889679,0.269243717193604,36.9931230545044,STATISVM7,12,12,1,2026-10-08 15:30:56
nncl,nncl_numeric.cl_grid,clgrid_20_sgd_cl_start_s2026,j15,1,3,0.800119161605835,0.434993982315064,1.48652100563049,0.266706387201945,36.9931230545044,STATISVM7,12,12,1,2026-10-08 15:30:56
nncl,nncl_numeric.cl_grid,clgrid_20_sgd_cl_start_s2026,j16,1,3,0.828605890274048,0.436474084854126,1.4719181060791,0.276201963424683,36.9931230545044,STATISVM7,12,12,1,2026-10-08 15:30:56
nncl,nncl_numeric.cl_grid,clgrid_20_sgd_cl_start_s2026,j17,1,3,0.744395017623901,0.443345785140991,1.38792586326599,0.2481316725413,36.9931230545044,STATISVM7,12,12,1,2026-10-08 15:30:56
nncl,nncl_numeric.cl_grid,clgrid_20_sgd_cl_start_s2026,j18,1,10,1.56822395324707,0.443191051483154,2.22535514831543,0.156822395324707,36.9931230545044,STATISVM7,12,12,1,2026-10-08 15:30:56
nncl,nncl_numeric.cl_grid,clgrid_20_sgd_cl_start_s2026,j19,1,10,1.59618306159973,0.421681880950928,2.20675897598267,0.159618306159973,36.9931230545044,STATISVM7,12,12,1,2026-10-08 15:30:56
nncl,nncl_numeric.cl_grid,clgrid_20_sgd_cl_start_s2027,j1,1,3,0.857046842575073,0.614102125167847,1.71568512916565,0.285682280858358,34.8379414081574,STATISVM7,12,12,1,2026-10-08 15:31:16
nncl,nncl_numeric.cl_grid,clgrid_20_sgd_cl_start_s2027,j2,1,10,1.30750513076782,0.359937906265259,1.8609139919281,0.130750513076782,34.8379414081574,STATISVM7,12,12,1,2026-10-08 15:31:16
nncl,nncl_numeric.cl_grid,clgrid_20_sgd_cl_start_s2027,j3,1,10,1.41816401481628,0.397397994995117,2.01693105697632,0.141816401481628,34.8379414081574,STATISVM7,12,12,1,2026-10-08 15:31:16
nncl,nncl_numeric.cl_grid,clgrid_20_sgd_cl_start_s2027,j4,1,10,1.67076992988586,0.398001909255981,2.3154718875885,0.167076992988586,34.8379414081574,STATISVM7,12,12,1,2026-10-08 15:31:16
nncl,nncl_numeric.cl_grid,clgrid_20_sgd_cl_start_s2027,j5,1,10,1.73423790931702,0.422938108444214,2.37079620361328,0.173423790931702,34.8379414081574,STATISVM7,12,12,1,2026-10-08 15:31:16
nncl,nncl_numeric.cl_grid,clgrid_20_sgd_cl_start_s2027,j6,1,10,1.58249998092651,0.369055032730103,2.19083499908447,0.158249998092651,34.8379414081574,STATISVM7,12,12,1,2026-10-08 15:31:16
nncl,nncl_numeric.cl_grid,clgrid_20_sgd_cl_start_s2027,j7,1,10,1.66723489761353,0.441445112228394,2.34541010856628,0.166723489761353,34.8379414081574,STATISVM7,12,12,1,2026-10-08 15:31:16
nncl,nncl_numeric.cl_grid,clgrid_20_sgd_cl_start_s2027,j8,1,10,1.43287301063538,0.374425172805786,2.12175607681274,0.143287301063538,34.8379414081574,STATISVM7,12,12,1,2026-10-08 15:31:16
nncl,nncl_numeric.cl_grid,clgrid_20_sgd_cl_start_s2027,j9,1,3,0.661607980728149,0.410197973251343,1.2991189956665,0.22053599357605,34.8379414081574,STATISVM7,12,12,1,2026-10-08 15:31:16
nncl,nncl_numeric.cl_grid,clgrid_20_sgd_cl_start_s2027,j10,1,3,0.728906154632568,0.413177013397217,1.36477303504944,0.242968718210856,34.8379414081574,STATISVM7,12,12,1,2026-10-08 15:31:16
nncl,nncl_numeric.cl_grid,clgrid_20_sgd_cl_start_s2027,j11,1,3,0.696801900863648,0.410265922546387,1.31450390815735,0.232267300287882,34.8379414081574,STATISVM7,12,12,1,2026-10-08 15:31:16
nncl,nncl_numeric.cl_grid,clgrid_20_sgd_cl_start_s2027,j12,1,10,1.60712695121765,0.420935153961182,2.23750019073486,0.160712695121765,34.8379414081574,STATISVM7,12,12,1,2026-10-08 15:31:16
nncl,nncl_numeric.cl_grid,clgrid_20_sgd_cl_start_s2027,j13,1,10,1.46979689598084,0.349586009979248,2.02810192108154,0.146979689598084,34.8379414081574,STATISVM7,12,12,1,2026-10-08 15:31:16
nncl,nncl_numeric.cl_grid,clgrid_20_sgd_cl_start_s2027,j14,1,3,0.7567138671875,0.440144062042236,1.44956302642822,0.252237955729167,34.8379414081574,STATISVM7,12,12,1,2026-10-08 15:31:16
nncl,nncl_numeric.cl_grid,clgrid_20_sgd_cl_start_s2027,j15,1,3,0.788815975189209,0.408584117889404,1.43689799308777,0.262938658396403,34.8379414081574,STATISVM7,12,12,1,2026-10-08 15:31:16
nncl,nncl_numeric.cl_grid,clgrid_20_sgd_cl_start_s2027,j16,1,3,0.71856689453125,0.432176113128662,1.36418294906616,0.239522298177083,34.8379414081574,STATISVM7,12,12,1,2026-10-08 15:31:16
nncl,nncl_numeric.cl_grid,clgrid_20_sgd_cl_start_s2027,j17,1,3,0.657153129577637,0.407229900360107,1.27137804031372,0.219051043192546,34.8379414081574,STATISVM7,12,12,1,2026-10-08 15:31:16
nncl,nncl_numeric.cl_grid,clgrid_20_sgd_cl_start_s2027,j18,1,10,1.31580591201782,0.387847900390625,1.9627377986908,0.131580591201782,34.8379414081574,STATISVM7,12,12,1,2026-10-08 15:31:16
nncl,nncl_numeric.cl_grid,clgrid_20_sgd_cl_start_s2027,j19,1,10,1.55262994766235,0.413980960845947,2.17138409614563,0.155262994766235,34.8379414081574,STATISVM7,12,12,1,2026-10-08 15:31:16
nncl,nncl_numeric.grid,grid_20_rmsprop_early_stop_s2026,j1,1,10,1.95372104644775,0.525424003601074,2.66495394706726,0.195372104644775,47.6138513088226,STATISVM7,12,12,1,2026-10-08 15:30:15
nncl,nncl_numeric.grid,grid_20_rmsprop_early_stop_s2026,j2,1,10,1.91223621368408,0.391351938247681,2.51621103286743,0.191223621368408,47.6138513088226,STATISVM7,12,12,1,2026-10-08 15:30:15
nncl,nncl_numeric.grid,grid_20_rmsprop_early_stop_s2026,j3,1,10,1.71365904808044,0.390208959579468,2.32361698150635,0.171365904808044,47.6138513088226,STATISVM7,12,12,1,2026-10-08 15:30:15
nncl,nncl_numeric.grid,grid_20_rmsprop_early_stop_s2026,j4,1,10,2.05759310722351,0.398396015167236,2.65612506866455,0.205759310722351,47.6138513088226,STATISVM7,12,12,1,2026-10-08 15:30:15
nncl,nncl_numeric.grid,grid_20_rmsprop_early_stop_s2026,j5,1,10,1.87275886535645,0.480664968490601,2.54588389396668,0.187275886535645,47.6138513088226,STATISVM7,12,12,1,2026-10-08 15:30:15
nncl,nncl_numeric.grid,grid_20_rmsprop_early_stop_s2026,j6,1,10,1.70210194587708,0.426576137542725,2.33821105957031,0.170210194587708,47.6138513088226,STATISVM7,12,12,1,2026-10-08 15:30:15
nncl,nncl_numeric.grid,grid_20_rmsprop_early_stop_s2026,j7,1,10,1.76340508460999,0.388777017593384,2.36071300506592,0.176340508460999,47.6138513088226,STATISVM7,12,12,1,2026-10-08 15:30:15
nncl,nncl_numeric.grid,grid_20_rmsprop_early_stop_s2026,j8,1,10,1.77668905258179,0.393305063247681,2.38074016571045,0.177668905258179,47.6138513088226,STATISVM7,12,12,1,2026-10-08 15:30:15
nncl,nncl_numeric.grid,grid_20_rmsprop_early_stop_s2026,j9,1,10,1.79242205619812,0.399233102798462,2.40161418914795,0.179242205619812,47.6138513088226,STATISVM7,12,12,1,2026-10-08 15:30:15
nncl,nncl_numeric.grid,grid_20_rmsprop_early_stop_s2026,j10,1,10,1.85557293891907,0.469129085540772,2.58878993988037,0.185557293891907,47.6138513088226,STATISVM7,12,12,1,2026-10-08 15:30:15
nncl,nncl_numeric.grid,grid_20_rmsprop_early_stop_s2026,j11,1,10,2.22984290122986,0.378679037094116,2.82335090637207,0.222984290122986,47.6138513088226,STATISVM7,12,12,1,2026-10-08 15:30:15
nncl,nncl_numeric.grid,grid_20_rmsprop_early_stop_s2026,j12,1,10,1.9404559135437,0.447904109954834,2.58446002006531,0.19404559135437,47.6138513088226,STATISVM7,12,12,1,2026-10-08 15:30:15
nncl,nncl_numeric.grid,grid_20_rmsprop_early_stop_s2026,j13,1,10,1.75968098640442,0.470450878143311,2.42187690734863,0.175968098640442,47.6138513088226,STATISVM7,12,12,1,2026-10-08 15:30:15
nncl,nncl_numeric.grid,grid_20_rmsprop_early_stop_s2026,j14,1,10,1.85846495628357,0.427653074264526,2.52344608306885,0.185846495628357,47.6138513088226,STATISVM7,12,12,1,2026-10-08 15:30:15
nncl,nncl_numeric.grid,grid_20_rmsprop_early_stop_s2026,j15,1,10,1.81956195831299,0.441394090652466,2.45396113395691,0.181956195831299,47.6138513088226,STATISVM7,12,12,1,2026-10-08 15:30:15
nncl,nncl_numeric.grid,grid_20_rmsprop_early_stop_s2026,j16,1,10,1.81396913528442,0.398177862167358,2.40428686141968,0.181396913528442,47.6138513088226,STATISVM7,12,12,1,2026-10-08 15:30:15
nncl,nncl_numeric.grid,grid_20_rmsprop_early_stop_s2026,j17,1,10,1.89728093147278,0.481773138046265,2.59493398666382,0.189728093147278,47.6138513088226,STATISVM7,12,12,1,2026-10-08 15:30:15
nncl,nncl_numeric.grid,grid_20_rmsprop_early_stop_s2026,j18,1,10,1.93276309967041,0.431802034378052,2.57458114624023,0.193276309967041,47.6138513088226,STATISVM7,12,12,1,2026-10-08 15:30:15
nncl,nncl_numeric.grid,grid_20_rmsprop_early_stop_s2026,j19,1,10,1.74459409713745,0.46258807182312,2.45609498023987,0.174459409713745,47.6138513088226,STATISVM7,12,12,1,2026-10-08 15:30:15
nncl,nncl_numeric.grid,grid_20_rmsprop_early_stop_s2027,j1,1,10,2.18118691444397,0.646539926528931,3.03073191642761,0.218118691444397,49.005175113678,STATISVM7,12,12,1,2026-10-08 15:30:42
nncl,nncl_numeric.grid,grid_20_rmsprop_early_stop_s2027,j2,1,10,1.77009415626526,0.413856029510498,2.36805605888367,0.177009415626526,49.005175113678,STATISVM7,12,12,1,2026-10-08 15:30:42
nncl,nncl_numeric.grid,grid_20_rmsprop_early_stop_s2027,j3,1,10,1.72061085700989,0.363708019256592,2.33360600471497,0.172061085700989,49.005175113678,STATISVM7,12,12,1,2026-10-08 15:30:42
nncl,nncl_numeric.grid,grid_20_rmsprop_early_stop_s2027,j4,1,10,1.82311201095581,0.400748014450073,2.48604702949524,0.182311201095581,49.005175113678,STATISVM7,12,12,1,2026-10-08 15:30:42
nncl,nncl_numeric.grid,grid_20_rmsprop_early_stop_s2027,j5,1,10,1.76337194442749,0.376691102981567,2.33195805549622,0.176337194442749,49.005175113678,STATISVM7,12,12,1,2026-10-08 15:30:42
nncl,nncl_numeric.grid,grid_20_rmsprop_early_stop_s2027,j6,1,10,1.9085259437561,0.456402063369751,2.57562303543091,0.19085259437561,49.005175113678,STATISVM7,12,12,1,2026-10-08 15:30:42
nncl,nncl_numeric.grid,grid_20_rmsprop_early_stop_s2027,j7,1,10,1.81568694114685,0.406982183456421,2.41762614250183,0.181568694114685,49.005175113678,STATISVM7,12,12,1,2026-10-08 15:30:42
nncl,nncl_numeric.grid,grid_20_rmsprop_early_stop_s2027,j8,1,10,1.85343289375305,0.429263114929199,2.52993702888489,0.185343289375305,49.005175113678,STATISVM7,12,12,1,2026-10-08 15:30:42
nncl,nncl_numeric.grid,grid_20_rmsprop_early_stop_s2027,j9,1,10,1.76822090148926,0.388901948928833,2.3555178642273,0.176822090148926,49.005175113678,STATISVM7,12,12,1,2026-10-08 15:30:42
nncl,nncl_numeric.grid,grid_20_rmsprop_early_stop_s2027,j10,1,10,1.91612601280212,0.401458978652954,2.59795784950256,0.191612601280212,49.005175113678,STATISVM7,12,12,1,2026-10-08 15:30:42
nncl,nncl_numeric.grid,grid_20_rmsprop_early_stop_s2027,j11,1,10,1.93669104576111,0.412626028060913,2.62413597106934,0.193669104576111,49.005175113678,STATISVM7,12,12,1,2026-10-08 15:30:42
nncl,nncl_numeric.grid,grid_20_rmsprop_early_stop_s2027,j12,1,10,1.94815587997437,0.490936040878296,2.71082997322083,0.194815587997437,49.005175113678,STATISVM7,12,12,1,2026-10-08 15:30:42
nncl,nncl_numeric.grid,grid_20_rmsprop_early_stop_s2027,j13,1,10,1.85930299758911,0.41546106338501,2.47638416290283,0.185930299758911,49.005175113678,STATISVM7,12,12,1,2026-10-08 15:30:42
nncl,nncl_numeric.grid,grid_20_rmsprop_early_stop_s2027,j14,1,10,1.98672604560852,0.426270961761475,2.62834906578064,0.198672604560852,49.005175113678,STATISVM7,12,12,1,2026-10-08 15:30:42
nncl,nncl_numeric.grid,grid_20_rmsprop_early_stop_s2027,j15,1,10,1.87284183502197,0.445646047592163,2.53348088264465,0.187284183502197,49.005175113678,STATISVM7,12,12,1,2026-10-08 15:30:42
nncl,nncl_numeric.grid,grid_20_rmsprop_early_stop_s2027,j16,1,10,2.05094504356384,0.458005905151367,2.74378681182861,0.205094504356384,49.005175113678,STATISVM7,12,12,1,2026-10-08 15:30:42
nncl,nncl_numeric.grid,grid_20_rmsprop_early_stop_s2027,j17,1,10,2.00778603553772,0.523987054824829,2.81179213523865,0.200778603553772,49.005175113678,STATISVM7,12,12,1,2026-10-08 15:30:42
nncl,nncl_numeric.grid,grid_20_rmsprop_early_stop_s2027,j18,1,10,2.03794121742249,0.519786834716797,2.778244972229,0.203794121742249,49.005175113678,STATISVM7,12,12,1,2026-10-08 15:30:42
nncl,nncl_numeric.grid,grid_20_rmsprop_early_stop_s2027,j19,1,10,1.89961409568787,0.508594989776611,2.67111015319824,0.189961409568787,49.005175113678,STATISVM7,12,12,1,2026-10-08 15:30:42
nncl,nncl_numeric.grid,grid_20_rmsprop_paper_s2026,j1,1,5,1.40088295936584,0.541412115097046,2.16446995735168,0.280176591873169,36.2473952770233,STATISVM7,12,12,1,2026-10-08 15:20:17
nncl,nncl_numeric.grid,grid_20_rmsprop_paper_s2026,j2,1,5,1.24913096427917,0.374105930328369,1.84919095039368,0.249826192855835,36.2473952770233,STATISVM7,12,12,1,2026-10-08 15:20:17
nncl,nncl_numeric.grid,grid_20_rmsprop_paper_s2026,j3,1,5,1.18474912643433,0.373799800872803,1.78184485435486,0.236949825286865,36.2473952770233,STATISVM7,12,12,1,2026-10-08 15:20:17
nncl,nncl_numeric.grid,grid_20_rmsprop_paper_s2026,j4,1,5,1.34118294715881,0.352575063705444,1.92288994789124,0.268236589431763,36.2473952770233,STATISVM7,12,12,1,2026-10-08 15:20:17
nncl,nncl_numeric.grid,grid_20_rmsprop_paper_s2026,j5,1,5,1.34819197654724,0.391791105270386,1.94833111763001,0.269638395309448,36.2473952770233,STATISVM7,12,12,1,2026-10-08 15:20:17
nncl,nncl_numeric.grid,grid_20_rmsprop_paper_s2026,j6,1,5,1.25578093528748,0.415040016174316,1.88127303123474,0.251156187057495,36.2473952770233,STATISVM7,12,12,1,2026-10-08 15:20:17
nncl,nncl_numeric.grid,grid_20_rmsprop_paper_s2026,j7,1,5,1.24281406402588,0.380964040756226,1.84206199645996,0.248562812805176,36.2473952770233,STATISVM7,12,12,1,2026-10-08 15:20:17
nncl,nncl_numeric.grid,grid_20_rmsprop_paper_s2026,j8,1,5,1.15029001235962,0.414019107818604,1.74036812782288,0.230058002471924,36.2473952770233,STATISVM7,12,12,1,2026-10-08 15:20:17
nncl,nncl_numeric.grid,grid_20_rmsprop_paper_s2026,j9,1,5,1.13278198242188,0.405249118804932,1.76053810119629,0.226556396484375,36.2473952770233,STATISVM7,12,12,1,2026-10-08 15:20:17
nncl,nncl_numeric.grid,grid_20_rmsprop_paper_s2026,j10,1,5,1.23887419700623,0.552089929580689,2.09555816650391,0.247774839401245,36.2473952770233,STATISVM7,12,12,1,2026-10-08 15:20:17
nncl,nncl_numeric.grid,grid_20_rmsprop_paper_s2026,j11,1,5,1.27454304695129,0.559674024581909,2.03979110717773,0.254908609390259,36.2473952770233,STATISVM7,12,12,1,2026-10-08 15:20:17
nncl,nncl_numeric.grid,grid_20_rmsprop_paper_s2026,j12,1,5,1.30392217636108,0.445770025253296,1.95154905319214,0.260784435272217,36.2473952770233,STATISVM7,12,12,1,2026-10-08 15:20:17
nncl,nncl_numeric.grid,grid_20_rmsprop_paper_s2026,j13,1,5,1.22162795066834,0.456002950668335,1.8880181312561,0.244325590133667,36.2473952770233,STATISVM7,12,12,1,2026-10-08 15:20:17
nncl,nncl_numeric.grid,grid_20_rmsprop_paper_s2026,j14,1,5,1.3638060092926,0.413311958312988,1.96048188209534,0.272761201858521,36.2473952770233,STATISVM7,12,12,1,2026-10-08 15:20:17
nncl,nncl_numeric.grid,grid_20_rmsprop_paper_s2026,j15,1,5,1.27440190315247,0.431826114654541,1.92061400413513,0.254880380630493,36.2473952770233,STATISVM7,12,12,1,2026-10-08 15:20:17
nncl,nncl_numeric.grid,grid_20_rmsprop_paper_s2026,j16,1,5,1.23005104064941,0.472086906433106,1.89699387550354,0.246010208129883,36.2473952770233,STATISVM7,12,12,1,2026-10-08 15:20:17
nncl,nncl_numeric.grid,grid_20_rmsprop_paper_s2026,j17,1,5,1.3101019859314,0.481695890426636,2.02676105499268,0.262020397186279,36.2473952770233,STATISVM7,12,12,1,2026-10-08 15:20:17
nncl,nncl_numeric.grid,grid_20_rmsprop_paper_s2026,j18,1,5,1.19400000572205,0.408452033996582,1.81211495399475,0.238800001144409,36.2473952770233,STATISVM7,12,12,1,2026-10-08 15:20:17
nncl,nncl_numeric.grid,grid_20_rmsprop_paper_s2026,j19,1,5,1.15208005905151,0.42222785949707,1.76454496383667,0.230416011810303,36.2473952770233,STATISVM7,12,12,1,2026-10-08 15:20:17
nncl,nncl_numeric.grid,grid_20_rmsprop_paper_s2027,j1,1,5,1.33506393432617,0.624569177627564,2.16693615913391,0.267012786865234,35.6596717834473,STATISVM7,12,12,1,2026-10-08 15:30:13
nncl,nncl_numeric.grid,grid_20_rmsprop_paper_s2027,j2,1,5,1.21305799484253,0.365646839141846,1.77261185646057,0.242611598968506,35.6596717834473,STATISVM7,12,12,1,2026-10-08 15:30:13
nncl,nncl_numeric.grid,grid_20_rmsprop_paper_s2027,j3,1,5,1.0823187828064,0.392843008041382,1.6908438205719,0.216463756561279,35.6596717834473,STATISVM7,12,12,1,2026-10-08 15:30:13
nncl,nncl_numeric.grid,grid_20_rmsprop_paper_s2027,j4,1,5,1.22785687446594,0.348109006881714,1.81620097160339,0.245571374893189,35.6596717834473,STATISVM7,12,12,1,2026-10-08 15:30:13
nncl,nncl_numeric.grid,grid_20_rmsprop_paper_s2027,j5,1,5,1.19074201583862,0.404192924499512,1.7941689491272,0.238148403167725,35.6596717834473,STATISVM7,12,12,1,2026-10-08 15:30:13
nncl,nncl_numeric.grid,grid_20_rmsprop_paper_s2027,j6,1,5,1.25010395050049,0.409656047821045,1.87020802497864,0.250020790100098,35.6596717834473,STATISVM7,12,12,1,2026-10-08 15:30:13
nncl,nncl_numeric.grid,grid_20_rmsprop_paper_s2027,j7,1,5,1.2322268486023,0.411898136138916,1.85573697090149,0.246445369720459,35.6596717834473,STATISVM7,12,12,1,2026-10-08 15:30:13
nncl,nncl_numeric.grid,grid_20_rmsprop_paper_s2027,j8,1,5,1.37691307067871,0.439180135726929,2.08440709114075,0.275382614135742,35.6596717834473,STATISVM7,12,12,1,2026-10-08 15:30:13
nncl,nncl_numeric.grid,grid_20_rmsprop_paper_s2027,j9,1,5,1.28905701637268,0.495178937911987,1.97596096992493,0.257811403274536,35.6596717834473,STATISVM7,12,12,1,2026-10-08 15:30:13
nncl,nncl_numeric.grid,grid_20_rmsprop_paper_s2027,j10,1,5,1.42715001106262,0.435199022293091,2.03967094421387,0.285430002212524,35.6596717834473,STATISVM7,12,12,1,2026-10-08 15:30:13
nncl,nncl_numeric.grid,grid_20_rmsprop_paper_s2027,j11,1,5,1.12838006019592,0.41258692741394,1.72586894035339,0.225676012039185,35.6596717834473,STATISVM7,12,12,1,2026-10-08 15:30:13
nncl,nncl_numeric.grid,grid_20_rmsprop_paper_s2027,j12,1,5,1.09775304794312,0.405210018157959,1.71175885200501,0.219550609588623,35.6596717834473,STATISVM7,12,12,1,2026-10-08 15:30:13
nncl,nncl_numeric.grid,grid_20_rmsprop_paper_s2027,j13,1,5,1.35141777992249,0.483536005020142,2.04249000549316,0.270283555984497,35.6596717834473,STATISVM7,12,12,1,2026-10-08 15:30:13
nncl,nncl_numeric.grid,grid_20_rmsprop_paper_s2027,j14,1,5,1.13163781166077,0.446032047271729,1.78330302238464,0.226327562332153,35.6596717834473,STATISVM7,12,12,1,2026-10-08 15:30:13
nncl,nncl_numeric.grid,grid_20_rmsprop_paper_s2027,j15,1,5,1.13052296638489,0.429566144943237,1.82418012619019,0.226104593276978,35.6596717834473,STATISVM7,12,12,1,2026-10-08 15:30:13
nncl,nncl_numeric.grid,grid_20_rmsprop_paper_s2027,j16,1,5,1.24540996551514,0.454946041107178,1.87813401222229,0.249081993103027,35.6596717834473,STATISVM7,12,12,1,2026-10-08 15:30:13
nncl,nncl_numeric.grid,grid_20_rmsprop_paper_s2027,j17,1,5,1.17254400253296,0.444018125534058,1.84318208694458,0.234508800506592,35.6596717834473,STATISVM7,12,12,1,2026-10-08 15:30:13
nncl,nncl_numeric.grid,grid_20_rmsprop_paper_s2027,j18,1,5,1.3349928855896,0.449767112731934,1.99569702148438,0.26699857711792,35.6596717834473,STATISVM7,12,12,1,2026-10-08 15:30:13
nncl,nncl_numeric.grid,grid_20_rmsprop_paper_s2027,j19,1,5,1.11470103263855,0.456410884857178,1.78831195831299,0.22294020652771,35.6596717834473,STATISVM7,12,12,1,2026-10-08 15:30:13
nncl,nncl_numeric.grid,grid_20_sgd_early_stop_s2026,j1,1,10,1.67267203330994,0.535440921783447,2.48629498481751,0.167267203330994,41.3832218647003,STATISVM7,12,12,1,2026-10-08 15:30:14
nncl,nncl_numeric.grid,grid_20_sgd_early_stop_s2026,j2,1,10,1.5118248462677,0.376173973083496,2.1251859664917,0.15118248462677,41.3832218647003,STATISVM7,12,12,1,2026-10-08 15:30:14
nncl,nncl_numeric.grid,grid_20_sgd_early_stop_s2026,j3,1,10,1.61141490936279,0.417415142059326,2.22743391990662,0.161141490936279,41.3832218647003,STATISVM7,12,12,1,2026-10-08 15:30:14
nncl,nncl_numeric.grid,grid_20_sgd_early_stop_s2026,j4,1,10,1.46089196205139,0.357635974884033,2.02610301971436,0.146089196205139,41.3832218647003,STATISVM7,12,12,1,2026-10-08 15:30:14
nncl,nncl_numeric.grid,grid_20_sgd_early_stop_s2026,j5,1,10,1.43759202957153,0.3697509765625,2.00496888160706,0.143759202957153,41.3832218647003,STATISVM7,12,12,1,2026-10-08 15:30:14
nncl,nncl_numeric.grid,grid_20_sgd_early_stop_s2026,j6,1,10,1.42008495330811,0.357009887695313,1.99910092353821,0.142008495330811,41.3832218647003,STATISVM7,12,12,1,2026-10-08 15:30:14
nncl,nncl_numeric.grid,grid_20_sgd_early_stop_s2026,j7,1,10,1.38892412185669,0.376568794250488,1.97887396812439,0.138892412185669,41.3832218647003,STATISVM7,12,12,1,2026-10-08 15:30:14
nncl,nncl_numeric.grid,grid_20_sgd_early_stop_s2026,j8,1,10,1.50907421112061,0.375134944915772,2.08627510070801,0.150907421112061,41.3832218647003,STATISVM7,12,12,1,2026-10-08 15:30:14
nncl,nncl_numeric.grid,grid_20_sgd_early_stop_s2026,j9,1,10,1.70232701301575,0.450191974639893,2.36128687858582,0.170232701301575,41.3832218647003,STATISVM7,12,12,1,2026-10-08 15:30:14
nncl,nncl_numeric.grid,grid_20_sgd_early_stop_s2026,j10,1,10,2.05295920372009,0.362345933914185,2.69295907020569,0.205295920372009,41.3832218647003,STATISVM7,12,12,1,2026-10-08 15:30:14
nncl,nncl_numeric.grid,grid_20_sgd_early_stop_s2026,j11,1,10,1.72262287139893,0.376108169555664,2.29174518585205,0.172262287139893,41.3832218647003,STATISVM7,12,12,1,2026-10-08 15:30:14
nncl,nncl_numeric.grid,grid_20_sgd_early_stop_s2026,j12,1,10,1.53817200660706,0.40808892250061,2.13600897789001,0.153817200660706,41.3832218647003,STATISVM7,12,12,1,2026-10-08 15:30:14
nncl,nncl_numeric.grid,grid_20_sgd_early_stop_s2026,j13,1,10,1.56150889396667,0.409006118774414,2.18543910980225,0.156150889396667,41.3832218647003,STATISVM7,12,12,1,2026-10-08 15:30:14
nncl,nncl_numeric.grid,grid_20_sgd_early_stop_s2026,j14,1,10,1.44505906105042,0.420476913452148,2.13119697570801,0.144505906105042,41.3832218647003,STATISVM7,12,12,1,2026-10-08 15:30:14
nncl,nncl_numeric.grid,grid_20_sgd_early_stop_s2026,j15,1,10,1.43356895446777,0.426892042160034,2.10099101066589,0.143356895446777,41.3832218647003,STATISVM7,12,12,1,2026-10-08 15:30:14
nncl,nncl_numeric.grid,grid_20_sgd_early_stop_s2026,j16,1,10,1.62738299369812,0.405436992645264,2.24779295921326,0.162738299369812,41.3832218647003,STATISVM7,12,12,1,2026-10-08 15:30:14
nncl,nncl_numeric.grid,grid_20_sgd_early_stop_s2026,j17,1,10,1.53558707237244,0.412317037582397,2.22563600540161,0.153558707237244,41.3832218647003,STATISVM7,12,12,1,2026-10-08 15:30:14
nncl,nncl_numeric.grid,grid_20_sgd_early_stop_s2026,j18,1,10,1.38593912124634,0.434818983078003,2.05093812942505,0.138593912124634,41.3832218647003,STATISVM7,12,12,1,2026-10-08 15:30:14
nncl,nncl_numeric.grid,grid_20_sgd_early_stop_s2026,j19,1,10,1.42059397697449,0.401947975158691,2.02499079704285,0.142059397697449,41.3832218647003,STATISVM7,12,12,1,2026-10-08 15:30:14
nncl,nncl_numeric.grid,grid_20_sgd_early_stop_s2027,j1,1,10,1.60441899299622,0.51922607421875,2.3066680431366,0.160441899299622,42.1853039264679,STATISVM7,12,12,1,2026-10-08 15:30:50
nncl,nncl_numeric.grid,grid_20_sgd_early_stop_s2027,j2,1,10,1.62563610076904,0.395200967788696,2.23423910140991,0.162563610076904,42.1853039264679,STATISVM7,12,12,1,2026-10-08 15:30:50
nncl,nncl_numeric.grid,grid_20_sgd_early_stop_s2027,j3,1,10,1.51367497444153,0.3593909740448,2.0867919921875,0.151367497444153,42.1853039264679,STATISVM7,12,12,1,2026-10-08 15:30:50
nncl,nncl_numeric.grid,grid_20_sgd_early_stop_s2027,j4,1,10,1.49065113067627,0.355991840362549,2.06911683082581,0.149065113067627,42.1853039264679,STATISVM7,12,12,1,2026-10-08 15:30:50
nncl,nncl_numeric.grid,grid_20_sgd_early_stop_s2027,j5,1,10,1.47840785980225,0.407431125640869,2.10020303726196,0.147840785980225,42.1853039264679,STATISVM7,12,12,1,2026-10-08 15:30:50
nncl,nncl_numeric.grid,grid_20_sgd_early_stop_s2027,j6,1,10,1.64571595191956,0.379504919052124,2.27433586120605,0.164571595191956,42.1853039264679,STATISVM7,12,12,1,2026-10-08 15:30:50
nncl,nncl_numeric.grid,grid_20_sgd_early_stop_s2027,j7,1,10,1.70017004013062,0.386145114898682,2.30871605873108,0.170017004013062,42.1853039264679,STATISVM7,12,12,1,2026-10-08 15:30:50
nncl,nncl_numeric.grid,grid_20_sgd_early_stop_s2027,j8,1,10,1.56916308403015,0.371507883071899,2.14636206626892,0.156916308403015,42.1853039264679,STATISVM7,12,12,1,2026-10-08 15:30:50
nncl,nncl_numeric.grid,grid_20_sgd_early_stop_s2027,j9,1,10,1.51444292068481,0.41544508934021,2.1600079536438,0.151444292068481,42.1853039264679,STATISVM7,12,12,1,2026-10-08 15:30:50
nncl,nncl_numeric.grid,grid_20_sgd_early_stop_s2027,j10,1,10,1.59844303131104,0.440093994140625,2.25410103797913,0.159844303131104,42.1853039264679,STATISVM7,12,12,1,2026-10-08 15:30:50
nncl,nncl_numeric.grid,grid_20_sgd_early_stop_s2027,j11,1,10,1.57147908210754,0.416089057922363,2.23932003974915,0.157147908210754,42.1853039264679,STATISVM7,12,12,1,2026-10-08 15:30:50
nncl,nncl_numeric.grid,grid_20_sgd_early_stop_s2027,j12,1,10,1.83472800254822,0.432147026062012,2.54816102981567,0.183472800254822,42.1853039264679,STATISVM7,12,12,1,2026-10-08 15:30:50
nncl,nncl_numeric.grid,grid_20_sgd_early_stop_s2027,j13,1,10,1.48233509063721,0.394273042678833,2.15269494056702,0.148233509063721,42.1853039264679,STATISVM7,12,12,1,2026-10-08 15:30:50
nncl,nncl_numeric.grid,grid_20_sgd_early_stop_s2027,j14,1,10,1.93392109870911,0.458314895629883,2.74289894104004,0.193392109870911,42.1853039264679,STATISVM7,12,12,1,2026-10-08 15:30:50
nncl,nncl_numeric.grid,grid_20_sgd_early_stop_s2027,j15,1,10,1.65317797660828,0.438232898712158,2.3080518245697,0.165317797660828,42.1853039264679,STATISVM7,12,12,1,2026-10-08 15:30:50
nncl,nncl_numeric.grid,grid_20_sgd_early_stop_s2027,j16,1,10,1.42050194740295,0.463058948516846,2.12271809577942,0.142050194740295,42.1853039264679,STATISVM7,12,12,1,2026-10-08 15:30:50
nncl,nncl_numeric.grid,grid_20_sgd_early_stop_s2027,j17,1,10,1.55876588821411,0.403987169265747,2.1840500831604,0.155876588821411,42.1853039264679,STATISVM7,12,12,1,2026-10-08 15:30:50
nncl,nncl_numeric.grid,grid_20_sgd_early_stop_s2027,j18,1,3,0.828373908996582,0.426279067993164,1.51845407485962,0.276124636332194,42.1853039264679,STATISVM7,12,12,1,2026-10-08 15:30:50
nncl,nncl_numeric.grid,grid_20_sgd_early_stop_s2027,j19,1,9,1.75156998634338,0.422981023788452,2.42841291427612,0.194618887371487,42.1853039264679,STATISVM7,12,12,1,2026-10-08 15:30:50
nncl,nncl_numeric.grid,grid_20_sgd_paper_s2026,j1,1,5,1.02358603477478,0.5055091381073,1.81665420532227,0.204717206954956,30.6652648448944,STATISVM7,12,12,1,2026-10-08 15:29:58
nncl,nncl_numeric.grid,grid_20_sgd_paper_s2026,j2,1,5,1.09354496002197,0.378887176513672,1.68613004684448,0.218708992004395,30.6652648448944,STATISVM7,12,12,1,2026-10-08 15:29:58
nncl,nncl_numeric.grid,grid_20_sgd_paper_s2026,j3,1,5,0.969263792037964,0.373745203018189,1.54147100448608,0.193852758407593,30.6652648448944,STATISVM7,12,12,1,2026-10-08 15:29:58
nncl,nncl_numeric.grid,grid_20_sgd_paper_s2026,j4,1,5,0.920689105987549,0.35054087638855,1.50296592712402,0.18413782119751,30.6652648448944,STATISVM7,12,12,1,2026-10-08 15:29:58
nncl,nncl_numeric.grid,grid_20_sgd_paper_s2026,j5,1,5,0.995135068893433,0.416692972183228,1.63216996192932,0.199027013778687,30.6652648448944,STATISVM7,12,12,1,2026-10-08 15:29:58
nncl,nncl_numeric.grid,grid_20_sgd_paper_s2026,j6,1,5,0.853482007980347,0.370401859283447,1.41620707511902,0.170696401596069,30.6652648448944,STATISVM7,12,12,1,2026-10-08 15:29:58
nncl,nncl_numeric.grid,grid_20_sgd_paper_s2026,j7,1,5,1.40767598152161,0.377201080322266,2.00614404678345,0.281535196304321,30.6652648448944,STATISVM7,12,12,1,2026-10-08 15:29:58
nncl,nncl_numeric.grid,grid_20_sgd_paper_s2026,j8,1,5,1.11279082298279,0.365945100784302,1.68636512756348,0.222558164596558,30.6652648448944,STATISVM7,12,12,1,2026-10-08 15:29:58
nncl,nncl_numeric.grid,grid_20_sgd_paper_s2026,j9,1,5,1.05415296554565,0.380557060241699,1.64493012428284,0.210830593109131,30.6652648448944,STATISVM7,12,12,1,2026-10-08 15:29:58
nncl,nncl_numeric.grid,grid_20_sgd_paper_s2026,j10,1,5,0.817572116851807,0.392509937286377,1.39620995521545,0.163514423370361,30.6652648448944,STATISVM7,12,12,1,2026-10-08 15:29:58
nncl,nncl_numeric.grid,grid_20_sgd_paper_s2026,j11,1,5,0.94472599029541,0.359638929367065,1.50141096115112,0.188945198059082,30.6652648448944,STATISVM7,12,12,1,2026-10-08 15:29:58
nncl,nncl_numeric.grid,grid_20_sgd_paper_s2026,j12,1,5,0.952111959457397,0.443313121795654,1.59409689903259,0.19042239189148,30.6652648448944,STATISVM7,12,12,1,2026-10-08 15:29:58
nncl,nncl_numeric.grid,grid_20_sgd_paper_s2026,j13,1,5,0.97611403465271,0.415421962738037,1.59327983856201,0.195222806930542,30.6652648448944,STATISVM7,12,12,1,2026-10-08 15:29:58
nncl,nncl_numeric.grid,grid_20_sgd_paper_s2026,j14,1,5,0.987516164779663,0.398497819900513,1.616534948349,0.197503232955933,30.6652648448944,STATISVM7,12,12,1,2026-10-08 15:29:58
nncl,nncl_numeric.grid,grid_20_sgd_paper_s2026,j15,1,5,0.929863929748535,0.457171201705933,1.67371606826782,0.185972785949707,30.6652648448944,STATISVM7,12,12,1,2026-10-08 15:29:58
nncl,nncl_numeric.grid,grid_20_sgd_paper_s2026,j16,1,5,0.984802961349487,0.397983074188232,1.65449714660645,0.196960592269897,30.6652648448944,STATISVM7,12,12,1,2026-10-08 15:29:58
nncl,nncl_numeric.grid,grid_20_sgd_paper_s2026,j17,1,5,1.05415797233582,0.402573108673096,1.68994116783142,0.210831594467163,30.6652648448944,STATISVM7,12,12,1,2026-10-08 15:29:58
nncl,nncl_numeric.grid,grid_20_sgd_paper_s2026,j18,1,5,0.801179885864258,0.447677135467529,1.51201820373535,0.160235977172852,30.6652648448944,STATISVM7,12,12,1,2026-10-08 15:29:58
nncl,nncl_numeric.grid,grid_20_sgd_paper_s2026,j19,1,5,0.866633176803589,0.431777954101563,1.50052213668823,0.173326635360718,30.6652648448944,STATISVM7,12,12,1,2026-10-08 15:29:58
nncl,nncl_numeric.grid,grid_20_sgd_paper_s2027,j1,1,5,0.794822931289673,0.404810905456543,1.43725085258484,0.158964586257935,31.2153918743134,STATISVM7,12,12,1,2026-10-08 15:30:29
nncl,nncl_numeric.grid,grid_20_sgd_paper_s2027,j2,1,5,0.912158966064453,0.416877031326294,1.56795597076416,0.182431793212891,31.2153918743134,STATISVM7,12,12,1,2026-10-08 15:30:29
nncl,nncl_numeric.grid,grid_20_sgd_paper_s2027,j3,1,5,0.895756959915161,0.443755865097046,1.5597198009491,0.179151391983032,31.2153918743134,STATISVM7,12,12,1,2026-10-08 15:30:29
nncl,nncl_numeric.grid,grid_20_sgd_paper_s2027,j4,1,5,0.89110279083252,0.456171989440918,1.54697680473328,0.178220558166504,31.2153918743134,STATISVM7,12,12,1,2026-10-08 15:30:29
nncl,nncl_numeric.grid,grid_20_sgd_paper_s2027,j5,1,5,1.24473810195923,0.413402080535889,1.87033104896545,0.248947620391846,31.2153918743134,STATISVM7,12,12,1,2026-10-08 15:30:29
nncl,nncl_numeric.grid,grid_20_sgd_paper_s2027,j6,1,5,0.974379062652588,0.457119941711426,1.63096404075623,0.194875812530518,31.2153918743134,STATISVM7,12,12,1,2026-10-08 15:30:29
nncl,nncl_numeric.grid,grid_20_sgd_paper_s2027,j7,1,5,0.845130920410156,0.452199935913086,1.51660394668579,0.169026184082031,31.2153918743134,STATISVM7,12,12,1,2026-10-08 15:30:29
nncl,nncl_numeric.grid,grid_20_sgd_paper_s2027,j8,1,5,0.892867088317871,0.438843965530396,1.54393196105957,0.178573417663574,31.2153918743134,STATISVM7,12,12,1,2026-10-08 15:30:29
nncl,nncl_numeric.grid,grid_20_sgd_paper_s2027,j9,1,5,0.977957010269165,0.444052934646606,1.65677189826965,0.195591402053833,31.2153918743134,STATISVM7,12,12,1,2026-10-08 15:30:29
nncl,nncl_numeric.grid,grid_20_sgd_paper_s2027,j10,1,5,0.889285087585449,0.428843975067139,1.51514101028442,0.17785701751709,31.2153918743134,STATISVM7,12,12,1,2026-10-08 15:30:29
nncl,nncl_numeric.grid,grid_20_sgd_paper_s2027,j11,1,5,0.8576819896698,0.43859601020813,1.50177192687988,0.17153639793396,31.2153918743134,STATISVM7,12,12,1,2026-10-08 15:30:29
nncl,nncl_numeric.grid,grid_20_sgd_paper_s2027,j12,1,5,0.943372964859009,0.447048902511597,1.62195301055908,0.188674592971802,31.2153918743134,STATISVM7,12,12,1,2026-10-08 15:30:29
nncl,nncl_numeric.grid,grid_20_sgd_paper_s2027,j13,1,5,1.09432888031006,0.501818180084229,1.80987310409546,0.218865776062012,31.2153918743134,STATISVM7,12,12,1,2026-10-08 15:30:29
nncl,nncl_numeric.grid,grid_20_sgd_paper_s2027,j14,1,5,1.11688613891602,0.458079814910889,1.82573199272156,0.223377227783203,31.2153918743134,STATISVM7,12,12,1,2026-10-08 15:30:29
nncl,nncl_numeric.grid,grid_20_sgd_paper_s2027,j15,1,5,1.00463104248047,0.541522979736328,1.78474712371826,0.200926208496094,31.2153918743134,STATISVM7,12,12,1,2026-10-08 15:30:29
nncl,nncl_numeric.grid,grid_20_sgd_paper_s2027,j16,1,5,0.920490980148315,0.454906940460205,1.57987213134766,0.184098196029663,31.2153918743134,STATISVM7,12,12,1,2026-10-08 15:30:29
nncl,nncl_numeric.grid,grid_20_sgd_paper_s2027,j17,1,5,0.959175109863281,0.478174924850464,1.65412402153015,0.191835021972656,31.2153918743134,STATISVM7,12,12,1,2026-10-08 15:30:29
nncl,nncl_numeric.grid,grid_20_sgd_paper_s2027,j18,1,5,1.04972100257874,0.463982105255127,1.75297713279724,0.209944200515747,31.2153918743134,STATISVM7,12,12,1,2026-10-08 15:30:29
nncl,nncl_numeric.grid,grid_20_sgd_paper_s2027,j19,1,5,1.02653098106384,0.53305196762085,1.83869409561157,0.205306196212769,31.2153918743134,STATISVM7,12,12,1,2026-10-08 15:30:29
nncl,nncl_numeric.main,paper_q10,j1,1,5,0.915578842163086,0.538973808288574,1.6233606338501,0.183115768432617,34.4718763828278,vm,4,4,1,2026-10-08 12:00:08
nncl,nncl_numeric.main,paper_q10,j2,1,5,0.963135480880737,0.314934015274048,1.47602653503418,0.192627096176147,34.4718763828278,vm,4,4,1,2026-10-08 12:00:08
nncl,nncl_numeric.main,paper_q10,j3,1,5,1.23560738563538,0.351196765899658,1.83250164985657,0.247121477127075,34.4718763828278,vm,4,4,1,2026-10-08 12:00:08
nncl,nncl_numeric.main,paper_q10,j4,1,5,1.15751528739929,0.375948190689087,1.80961203575134,0.231503057479858,34.4718763828278,vm,4,4,1,2026-10-08 12:00:08
nncl,nncl_numeric.main,paper_q10,j5,1,5,1.0280225276947,0.320825338363647,1.54345369338989,0.20560450553894,34.4718763828278,vm,4,4,1,2026-10-08 12:00:08
nncl,nncl_numeric.main,paper_q10,j6,1,5,1.2812123298645,0.337239503860474,1.86706805229187,0.2562424659729,34.4718763828278,vm,4,4,1,2026-10-08 12:00:08
nncl,nncl_numeric.main,paper_q10,j7,1,5,1.28174066543579,0.497569561004639,2.02367663383484,0.256348133087158,34.4718763828278,vm,4,4,1,2026-10-08 12:00:08
nncl,nncl_numeric.main,paper_q10,j8,1,5,1.38438272476196,0.364163637161255,1.95650410652161,0.276876544952393,34.4718763828278,vm,4,4,1,2026-10-08 12:00:08
nncl,nncl_numeric.main,paper_q10,j9,1,5,1.01796746253967,0.341398477554321,1.57197880744934,0.203593492507935,34.4718763828278,vm,4,4,1,2026-10-08 12:00:08
nncl,nncl_numeric.main,paper_q10,j10,1,5,0.975831031799316,0.340380430221558,1.48595952987671,0.195166206359863,34.4718763828278,vm,4,4,1,2026-10-08 12:00:08
nncl,nncl_numeric.main,paper_q10,j11,1,5,1.09433031082153,0.413561105728149,1.70639586448669,0.218866062164307,34.4718763828278,vm,4,4,1,2026-10-08 12:00:08
nncl,nncl_numeric.main,paper_q10,j12,1,5,1.02660369873047,0.363301753997803,1.57441163063049,0.205320739746094,34.4718763828278,vm,4,4,1,2026-10-08 12:00:08
nncl,nncl_numeric.main,paper_q10,j13,1,5,1.31806039810181,0.374515295028687,1.88323736190796,0.263612079620361,34.4718763828278,vm,4,4,1,2026-10-08 12:00:08
nncl,nncl_numeric.main,paper_q10,j14,1,5,1.46350765228271,0.464204788208008,2.20732808113098,0.292701530456543,34.4718763828278,vm,4,4,1,2026-10-08 12:00:08
nncl,nncl_numeric.main,paper_q10,j15,1,5,1.78393793106079,0.537439107894898,2.53335905075073,0.356787586212158,34.4718763828278,vm,4,4,1,2026-10-08 12:00:08
nncl,nncl_numeric.main,paper_q10,j16,1,5,1.33620429039001,0.404850244522095,1.92680335044861,0.267240858078003,34.4718763828278,vm,4,4,1,2026-10-08 12:00:08
nncl,nncl_numeric.main,paper_q10,j17,1,5,1.16819906234741,0.419998168945313,1.76349639892578,0.233639812469482,34.4718763828278,vm,4,4,1,2026-10-08 12:00:08
nncl,nncl_numeric.main,paper_q10,j18,1,5,1.14322948455811,0.422741889953613,1.76305508613586,0.228645896911621,34.4718763828278,vm,4,4,1,2026-10-08 12:00:08
nncl,nncl_numeric.main,paper_q10,j19,1,5,1.25481534004211,0.439750909805298,1.9236478805542,0.250963068008423,34.4718763828278,vm,4,4,1,2026-10-08 12:00:08
nncl,nncl_numeric.main,paper_q20,j1,1,5,1.21354985237122,0.490716457366943,1.8991003036499,0.242709970474243,34.2350203990936,vm,4,4,1,2026-10-08 12:00:13
nncl,nncl_numeric.main,paper_q20,j2,1,5,1.24055409431458,0.32588529586792,1.7910737991333,0.248110818862915,34.2350203990936,vm,4,4,1,2026-10-08 12:00:13
nncl,nncl_numeric.main,paper_q20,j3,1,5,1.17662119865417,0.342508792877197,1.74363899230957,0.235324239730835,34.2350203990936,vm,4,4,1,2026-10-08 12:00:13
nncl,nncl_numeric.main,paper_q20,j4,1,5,1.21522355079651,0.366992712020874,1.80423474311829,0.243044710159302,34.2350203990936,vm,4,4,1,2026-10-08 12:00:13
nncl,nncl_numeric.main,paper_q20,j5,1,5,1.01640915870667,0.351397752761841,1.53372859954834,0.203281831741333,34.2350203990936,vm,4,4,1,2026-10-08 12:00:13
nncl,nncl_numeric.main,paper_q20,j6,1,5,0.948062896728516,0.37010669708252,1.48538756370544,0.189612579345703,34.2350203990936,vm,4,4,1,2026-10-08 12:00:13
nncl,nncl_numeric.main,paper_q20,j7,1,5,0.942835330963135,0.324535846710205,1.42774677276611,0.188567066192627,34.2350203990936,vm,4,4,1,2026-10-08 12:00:13
nncl,nncl_numeric.main,paper_q20,j8,1,5,1.03859496116638,0.346942663192749,1.7252254486084,0.207718992233276,34.2350203990936,vm,4,4,1,2026-10-08 12:00:13
nncl,nncl_numeric.main,paper_q20,j9,1,5,1.05297160148621,0.382492780685425,1.7411060333252,0.210594320297241,34.2350203990936,vm,4,4,1,2026-10-08 12:00:13
nncl,nncl_numeric.main,paper_q20,j10,1,5,1.26406693458557,0.346768617630005,1.81215453147888,0.252813386917114,34.2350203990936,vm,4,4,1,2026-10-08 12:00:13
nncl,nncl_numeric.main,paper_q20,j11,1,5,1.31131529808044,0.372849941253662,1.96687984466553,0.262263059616089,34.2350203990936,vm,4,4,1,2026-10-08 12:00:13
nncl,nncl_numeric.main,paper_q20,j12,1,5,1.74001526832581,0.398042678833008,2.34892153739929,0.348003053665161,34.2350203990936,vm,4,4,1,2026-10-08 12:00:13
nncl,nncl_numeric.main,paper_q20,j13,1,5,1.44515681266785,0.430499076843262,2.10019040107727,0.289031362533569,34.2350203990936,vm,4,4,1,2026-10-08 12:00:13
nncl,nncl_numeric.main,paper_q20,j14,1,5,1.12680816650391,0.382360696792603,1.68543934822083,0.225361633300781,34.2350203990936,vm,4,4,1,2026-10-08 12:00:13
nncl,nncl_numeric.main,paper_q20,j15,1,5,1.15938758850098,0.379636764526367,1.73995709419251,0.231877517700195,34.2350203990936,vm,4,4,1,2026-10-08 12:00:13
nncl,nncl_numeric.main,paper_q20,j16,1,5,1.33142971992493,0.378793001174927,1.97567200660706,0.266285943984985,34.2350203990936,vm,4,4,1,2026-10-08 12:00:13
nncl,nncl_numeric.main,paper_q20,j17,1,5,1.16809773445129,0.470352172851563,1.83786749839783,0.233619546890259,34.2350203990936,vm,4,4,1,2026-10-08 12:00:13
nncl,nncl_numeric.main,paper_q20,j18,1,5,1.13022398948669,0.407228708267212,1.780437707901,0.226044797897339,34.2350203990936,vm,4,4,1,2026-10-08 12:00:13
nncl,nncl_numeric.main,paper_q20,j19,1,5,1.18877482414246,0.455246210098267,1.83625817298889,0.237754964828491,34.2350203990936,vm,4,4,1,2026-10-08 12:00:13
nncl,nncl_numeric.main,paper_q5,j1,1,5,1.26830863952637,0.549866199493408,2.00017094612122,0.253661727905273,32.6610310077667,vm,4,4,1,2026-10-08 11:59:46
nncl,nncl_numeric.main,paper_q5,j2,1,5,1.1753237247467,0.40780520439148,1.80658674240112,0.235064744949341,32.6610310077667,vm,4,4,1,2026-10-08 11:59:46
nncl,nncl_numeric.main,paper_q5,j3,1,5,1.11573314666748,0.384269237518311,1.6832640171051,0.223146629333496,32.6610310077667,vm,4,4,1,2026-10-08 11:59:46
nncl,nncl_numeric.main,paper_q5,j4,1,5,1.11942791938782,0.307188510894775,1.60869479179382,0.223885583877563,32.6610310077667,vm,4,4,1,2026-10-08 11:59:46
nncl,nncl_numeric.main,paper_q5,j5,1,5,1.02564740180969,0.345233917236328,1.57250285148621,0.205129480361938,32.6610310077667,vm,4,4,1,2026-10-08 11:59:46
nncl,nncl_numeric.main,paper_q5,j6,1,5,0.927725076675415,0.321760654449463,1.40832018852234,0.185545015335083,32.6610310077667,vm,4,4,1,2026-10-08 11:59:46
nncl,nncl_numeric.main,paper_q5,j7,1,5,1.13009333610535,0.320634365081787,1.61620926856995,0.226018667221069,32.6610310077667,vm,4,4,1,2026-10-08 11:59:46
nncl,nncl_numeric.main,paper_q5,j8,1,5,0.95741081237793,0.33682131767273,1.55053567886353,0.191482162475586,32.6610310077667,vm,4,4,1,2026-10-08 11:59:46
nncl,nncl_numeric.main,paper_q5,j9,1,5,1.16847515106201,0.490935325622559,1.83856153488159,0.233695030212402,32.6610310077667,vm,4,4,1,2026-10-08 11:59:46
nncl,nncl_numeric.main,paper_q5,j10,1,5,1.21393346786499,0.344934225082397,1.79525995254517,0.242786693572998,32.6610310077667,vm,4,4,1,2026-10-08 11:59:46
nncl,nncl_numeric.main,paper_q5,j11,1,5,1.21428489685059,0.321602821350098,1.749183177948,0.242856979370117,32.6610310077667,vm,4,4,1,2026-10-08 11:59:46
nncl,nncl_numeric.main,paper_q5,j12,1,5,1.15839743614197,0.343029737472534,1.65975522994995,0.231679487228394,32.6610310077667,vm,4,4,1,2026-10-08 11:59:46
nncl,nncl_numeric.main,paper_q5,j13,1,5,0.847738742828369,0.36296010017395,1.38310647010803,0.169547748565674,32.6610310077667,vm,4,4,1,2026-10-08 11:59:46
nncl,nncl_numeric.main,paper_q5,j14,1,5,1.23296475410461,0.338424682617188,1.76124930381775,0.246592950820923,32.6610310077667,vm,4,4,1,2026-10-08 11:59:46
nncl,nncl_numeric.main,paper_q5,j15,1,5,1.0821533203125,0.511053085327148,1.81834626197815,0.2164306640625,32.6610310077667,vm,4,4,1,2026-10-08 11:59:46
nncl,nncl_numeric.main,paper_q5,j16,1,5,1.17025351524353,0.37815260887146,1.73605227470398,0.234050703048706,32.6610310077667,vm,4,4,1,2026-10-08 11:59:46
nncl,nncl_numeric.main,paper_q5,j17,1,5,1.32137107849121,0.483214855194092,2.01657223701477,0.264274215698242,32.6610310077667,vm,4,4,1,2026-10-08 11:59:46
nncl,nncl_numeric.main,paper_q5,j18,1,5,1.20180153846741,0.412657260894775,1.83079886436462,0.240360307693481,32.6610310077667,vm,4,4,1,2026-10-08 11:59:46
nncl,nncl_numeric.main,paper_q5,j19,1,5,1.1407356262207,0.424215078353882,1.82586121559143,0.228147125244141,32.6610310077667,vm,4,4,1,2026-10-08 11:59:46
nncl,nncl_numeric.main,s1_adam,j1,1,5,1.23429203033447,0.447898864746094,1.85478615760803,0.246858406066895,38.0931949615479,vm,4,4,1,2026-10-08 12:00:25
nncl,nncl_numeric.main,s1_adam,j2,1,5,1.28029036521912,0.392663478851318,1.8552074432373,0.256058073043823,38.0931949615479,vm,4,4,1,2026-10-08 12:00:25
nncl,nncl_numeric.main,s1_adam,j3,1,5,1.26554584503174,0.465622901916504,1.96655821800232,0.253109169006348,38.0931949615479,vm,4,4,1,2026-10-08 12:00:25
nncl,nncl_numeric.main,s1_adam,j4,1,5,1.38470578193665,0.431710004806519,2.00731444358826,0.276941156387329,38.0931949615479,vm,4,4,1,2026-10-08 12:00:25
nncl,nncl_numeric.main,s1_adam,j5,1,5,1.37606692314148,0.537926912307739,2.10470962524414,0.275213384628296,38.0931949615479,vm,4,4,1,2026-10-08 12:00:25
nncl,nncl_numeric.main,s1_adam,j6,1,5,1.40093111991882,0.457274913787842,2.14955902099609,0.280186223983765,38.0931949615479,vm,4,4,1,2026-10-08 12:00:25
nncl,nncl_numeric.main,s1_adam,j7,1,5,1.53096723556519,0.644193410873413,2.36336326599121,0.306193447113037,38.0931949615479,vm,4,4,1,2026-10-08 12:00:25
nncl,nncl_numeric.main,s1_adam,j8,1,5,1.39608335494995,0.486398220062256,2.05777382850647,0.27921667098999,38.0931949615479,vm,4,4,1,2026-10-08 12:00:25
nncl,nncl_numeric.main,s1_adam,j9,1,5,1.28731393814087,0.435574293136597,1.91527080535889,0.257462787628174,38.0931949615479,vm,4,4,1,2026-10-08 12:00:25
nncl,nncl_numeric.main,s1_adam,j10,1,5,1.18754553794861,0.456417798995972,1.89299058914185,0.237509107589722,38.0931949615479,vm,4,4,1,2026-10-08 12:00:25
nncl,nncl_numeric.main,s1_adam,j11,1,5,1.66601014137268,0.528831005096436,2.41906881332397,0.333202028274536,38.0931949615479,vm,4,4,1,2026-10-08 12:00:25
nncl,nncl_numeric.main,s1_adam,j12,1,5,1.34975814819336,0.523598432540894,2.08032321929932,0.269951629638672,38.0931949615479,vm,4,4,1,2026-10-08 12:00:25
nncl,nncl_numeric.main,s1_adam,j13,1,5,1.15488076210022,0.452033281326294,1.77160263061523,0.230976152420044,38.0931949615479,vm,4,4,1,2026-10-08 12:00:25
nncl,nncl_numeric.main,s1_adam,j14,1,5,1.06255531311035,0.445748567581177,1.67346453666687,0.21251106262207,38.0931949615479,vm,4,4,1,2026-10-08 12:00:25
nncl,nncl_numeric.main,s1_adam,j15,1,5,1.30357527732849,0.497420310974121,2.09292674064636,0.260715055465698,38.0931949615479,vm,4,4,1,2026-10-08 12:00:25
nncl,nncl_numeric.main,s1_adam,j16,1,5,1.25991702079773,0.535453081130981,1.97633814811707,0.251983404159546,38.0931949615479,vm,4,4,1,2026-10-08 12:00:25
nncl,nncl_numeric.main,s1_adam,j17,1,5,1.39667415618896,0.537117719650269,2.23307418823242,0.279334831237793,38.0931949615479,vm,4,4,1,2026-10-08 12:00:25
nncl,nncl_numeric.main,s1_adam,j18,1,5,1.15624117851257,0.515037775039673,1.84428691864014,0.231248235702515,38.0931949615479,vm,4,4,1,2026-10-08 12:00:25
nncl,nncl_numeric.main,s1_adam,j19,1,5,1.1298508644104,0.484224319458008,1.83457636833191,0.22597017288208,38.0931949615479,vm,4,4,1,2026-10-08 12:00:25
nncl,nncl_numeric.main,s2_early_stop,j1,1,10,2.33506464958191,0.590669631958008,3.24540948867798,0.233506464958191,47.6384878158569,vm,4,4,1,2026-10-08 12:00:47
nncl,nncl_numeric.main,s2_early_stop,j2,1,10,2.02129411697388,0.32178521156311,2.55386853218079,0.202129411697388,47.6384878158569,vm,4,4,1,2026-10-08 12:00:47
nncl,nncl_numeric.main,s2_early_stop,j3,1,10,2.13680243492126,0.333062410354614,2.6631600856781,0.213680243492126,47.6384878158569,vm,4,4,1,2026-10-08 12:00:47
nncl,nncl_numeric.main,s2_early_stop,j4,1,10,2.2880072593689,0.331899881362915,2.88913822174072,0.22880072593689,47.6384878158569,vm,4,4,1,2026-10-08 12:00:47
nncl,nncl_numeric.main,s2_early_stop,j5,1,10,1.94984197616577,0.353781938552856,2.48711752891541,0.194984197616577,47.6384878158569,vm,4,4,1,2026-10-08 12:00:47
nncl,nncl_numeric.main,s2_early_stop,j6,1,10,1.66150903701782,0.341545581817627,2.1795539855957,0.166150903701782,47.6384878158569,vm,4,4,1,2026-10-08 12:00:47
nncl,nncl_numeric.main,s2_early_stop,j7,1,10,1.42230772972107,0.344852924346924,2.01519441604614,0.142230772972107,47.6384878158569,vm,4,4,1,2026-10-08 12:00:47
nncl,nncl_numeric.main,s2_early_stop,j8,1,10,2.04898142814636,0.369743585586548,2.64844727516174,0.204898142814636,47.6384878158569,vm,4,4,1,2026-10-08 12:00:47
nncl,nncl_numeric.main,s2_early_stop,j9,1,10,1.77399730682373,0.365359306335449,2.34786415100098,0.177399730682373,47.6384878158569,vm,4,4,1,2026-10-08 12:00:47
nncl,nncl_numeric.main,s2_early_stop,j10,1,10,1.57979035377502,0.404361486434937,2.15319347381592,0.157979035377502,47.6384878158569,vm,4,4,1,2026-10-08 12:00:47
nncl,nncl_numeric.main,s2_early_stop,j11,1,10,1.46098875999451,0.361851692199707,1.99722385406494,0.146098875999451,47.6384878158569,vm,4,4,1,2026-10-08 12:00:47
nncl,nncl_numeric.main,s2_early_stop,j12,1,10,1.89542174339294,0.354629516601563,2.44646334648132,0.189542174339294,47.6384878158569,vm,4,4,1,2026-10-08 12:00:47
nncl,nncl_numeric.main,s2_early_stop,j13,1,10,2.11855292320251,0.406812906265259,2.75835871696472,0.211855292320251,47.6384878158569,vm,4,4,1,2026-10-08 12:00:47
nncl,nncl_numeric.main,s2_early_stop,j14,1,10,1.9276807308197,0.415846347808838,2.52556371688843,0.19276807308197,47.6384878158569,vm,4,4,1,2026-10-08 12:00:47
nncl,nncl_numeric.main,s2_early_stop,j15,1,10,1.77839779853821,0.380242824554443,2.34736490249634,0.177839779853821,47.6384878158569,vm,4,4,1,2026-10-08 12:00:47
nncl,nncl_numeric.main,s2_early_stop,j16,1,10,1.92938542366028,0.47266435623169,2.59717082977295,0.192938542366028,47.6384878158569,vm,4,4,1,2026-10-08 12:00:47
nncl,nncl_numeric.main,s2_early_stop,j17,1,10,2.03765034675598,0.390563011169434,2.61435437202454,0.203765034675598,47.6384878158569,vm,4,4,1,2026-10-08 12:00:47
nncl,nncl_numeric.main,s2_early_stop,j18,1,10,2.07975912094116,0.424913644790649,2.68181419372559,0.207975912094116,47.6384878158569,vm,4,4,1,2026-10-08 12:00:47
nncl,nncl_numeric.main,s2_early_stop,j19,1,10,1.77652096748352,0.458052158355713,2.48722672462463,0.177652096748352,47.6384878158569,vm,4,4,1,2026-10-08 12:00:47
nncl,nncl_numeric.main,s3_cl_start,j1,1,7,1.62194061279297,0.399094820022583,2.22176170349121,0.231705801827567,40.8340401649475,vm,4,4,1,2026-10-08 12:00:50
nncl,nncl_numeric.main,s3_cl_start,j2,1,10,1.76903796195984,0.430402517318726,2.36790895462036,0.176903796195984,40.8340401649475,vm,4,4,1,2026-10-08 12:00:50
nncl,nncl_numeric.main,s3_cl_start,j3,1,10,1.43249893188477,0.408377408981323,2.01392984390259,0.143249893188477,40.8340401649475,vm,4,4,1,2026-10-08 12:00:50
nncl,nncl_numeric.main,s3_cl_start,j4,1,10,2.01464557647705,0.400561332702637,2.60339403152466,0.201464557647705,40.8340401649475,vm,4,4,1,2026-10-08 12:00:50
nncl,nncl_numeric.main,s3_cl_start,j5,1,10,2.26477742195129,0.566418886184692,3.00292420387268,0.226477742195129,40.8340401649475,vm,4,4,1,2026-10-08 12:00:50
nncl,nncl_numeric.main,s3_cl_start,j6,1,10,1.63717865943909,0.470580577850342,2.28778624534607,0.163717865943909,40.8340401649475,vm,4,4,1,2026-10-08 12:00:50
nncl,nncl_numeric.main,s3_cl_start,j7,1,10,1.51363325119019,0.444047927856445,2.17446517944336,0.151363325119019,40.8340401649475,vm,4,4,1,2026-10-08 12:00:50
nncl,nncl_numeric.main,s3_cl_start,j8,1,10,2.13021636009216,0.442293167114258,2.75089025497437,0.213021636009216,40.8340401649475,vm,4,4,1,2026-10-08 12:00:50
nncl,nncl_numeric.main,s3_cl_start,j9,1,3,1.13509440422058,0.491224050521851,1.87641215324402,0.37836480140686,40.8340401649475,vm,4,4,1,2026-10-08 12:00:50
nncl,nncl_numeric.main,s3_cl_start,j10,1,8,1.79329681396484,0.50680947303772,2.50772953033447,0.224162101745605,40.8340401649475,vm,4,4,1,2026-10-08 12:00:50
nncl,nncl_numeric.main,s3_cl_start,j11,1,3,1.15412569046021,0.503576040267944,1.8271050453186,0.384708563486735,40.8340401649475,vm,4,4,1,2026-10-08 12:00:50
nncl,nncl_numeric.main,s3_cl_start,j12,1,5,1.3447003364563,0.494993686676025,2.06358122825623,0.26894006729126,40.8340401649475,vm,4,4,1,2026-10-08 12:00:50
nncl,nncl_numeric.main,s3_cl_start,j13,1,10,1.80094027519226,0.503881216049194,2.49751663208008,0.180094027519226,40.8340401649475,vm,4,4,1,2026-10-08 12:00:50
nncl,nncl_numeric.main,s3_cl_start,j14,1,3,1.17810249328613,0.497366905212402,1.8640193939209,0.392700831095378,40.8340401649475,vm,4,4,1,2026-10-08 12:00:50
nncl,nncl_numeric.main,s3_cl_start,j15,1,3,0.99172306060791,0.500267744064331,1.66960573196411,0.33057435353597,40.8340401649475,vm,4,4,1,2026-10-08 12:00:50
nncl,nncl_numeric.main,s3_cl_start,j16,1,3,1.01133489608765,0.497530221939087,1.7281985282898,0.337111632029216,40.8340401649475,vm,4,4,1,2026-10-08 12:00:50
nncl,nncl_numeric.main,s3_cl_start,j17,1,3,1.12857222557068,0.48983907699585,1.8061900138855,0.376190741856893,40.8340401649475,vm,4,4,1,2026-10-08 12:00:50
nncl,nncl_numeric.main,s3_cl_start,j18,1,6,1.23416876792908,0.511459112167358,1.91847109794617,0.205694794654846,40.8340401649475,vm,4,4,1,2026-10-08 12:00:50
nncl,nncl_numeric.main,s3_cl_start,j19,1,3,0.942531824111938,0.536411285400391,1.65215039253235,0.31417727470398,40.8340401649475,vm,4,4,1,2026-10-08 12:00:50
nncl,nncl_numeric.search.cl_start,tuned_cl_start_s2026,j1,1,7,1.90225219726563,0.589107990264893,2.74722719192505,0.271750313895089,47.61004114151,STATISVM7,12,12,1,2026-10-08 15:40:25
nncl,nncl_numeric.search.cl_start,tuned_cl_start_s2026,j2,1,10,2.25777983665466,0.397227048873901,2.95729184150696,0.225777983665466,47.61004114151,STATISVM7,12,12,1,2026-10-08 15:40:25
nncl,nncl_numeric.search.cl_start,tuned_cl_start_s2026,j3,1,10,2.10321307182312,0.436884164810181,2.77805304527283,0.210321307182312,47.61004114151,STATISVM7,12,12,1,2026-10-08 15:40:25
nncl,nncl_numeric.search.cl_start,tuned_cl_start_s2026,j4,1,10,2.1218569278717,0.389893054962158,2.72820687294006,0.21218569278717,47.61004114151,STATISVM7,12,12,1,2026-10-08 15:40:25
nncl,nncl_numeric.search.cl_start,tuned_cl_start_s2026,j5,1,10,2.1000189781189,0.394854068756104,2.71630096435547,0.21000189781189,47.61004114151,STATISVM7,12,12,1,2026-10-08 15:40:25
nncl,nncl_numeric.search.cl_start,tuned_cl_start_s2026,j6,1,10,2.32767391204834,0.433590173721314,2.99854612350464,0.232767391204834,47.61004114151,STATISVM7,12,12,1,2026-10-08 15:40:25
nncl,nncl_numeric.search.cl_start,tuned_cl_start_s2026,j7,1,10,2.16337299346924,0.439250946044922,2.88761615753174,0.216337299346924,47.61004114151,STATISVM7,12,12,1,2026-10-08 15:40:25
nncl,nncl_numeric.search.cl_start,tuned_cl_start_s2026,j8,1,10,2.09575009346008,0.456323862075806,2.7525589466095,0.209575009346008,47.61004114151,STATISVM7,12,12,1,2026-10-08 15:40:25
nncl,nncl_numeric.search.cl_start,tuned_cl_start_s2026,j9,1,3,1.29195904731751,0.441689014434814,1.96621894836426,0.430653015772502,47.61004114151,STATISVM7,12,12,1,2026-10-08 15:40:25
nncl,nncl_numeric.search.cl_start,tuned_cl_start_s2026,j10,1,8,2.09670090675354,0.444056987762451,2.76629495620728,0.262087613344193,47.61004114151,STATISVM7,12,12,1,2026-10-08 15:40:25
nncl,nncl_numeric.search.cl_start,tuned_cl_start_s2026,j11,1,3,1.2577919960022,0.399023056030273,1.8651750087738,0.419263998667399,47.61004114151,STATISVM7,12,12,1,2026-10-08 15:40:25
nncl,nncl_numeric.search.cl_start,tuned_cl_start_s2026,j12,1,5,1.69465494155884,0.42416787147522,2.36526989936829,0.338930988311768,47.61004114151,STATISVM7,12,12,1,2026-10-08 15:40:25
nncl,nncl_numeric.search.cl_start,tuned_cl_start_s2026,j13,1,10,2.53995704650879,0.481234073638916,3.23550605773926,0.253995704650879,47.61004114151,STATISVM7,12,12,1,2026-10-08 15:40:25
nncl,nncl_numeric.search.cl_start,tuned_cl_start_s2026,j14,1,3,1.36814188957214,0.5228271484375,2.13713002204895,0.456047296524048,47.61004114151,STATISVM7,12,12,1,2026-10-08 15:40:25
nncl,nncl_numeric.search.cl_start,tuned_cl_start_s2026,j15,1,3,1.41111898422241,0.483776092529297,2.12829899787903,0.470372994740804,47.61004114151,STATISVM7,12,12,1,2026-10-08 15:40:25
nncl,nncl_numeric.search.cl_start,tuned_cl_start_s2026,j16,1,3,1.35747504234314,0.457028865814209,2.04662799835205,0.452491680781047,47.61004114151,STATISVM7,12,12,1,2026-10-08 15:40:25
nncl,nncl_numeric.search.cl_start,tuned_cl_start_s2026,j17,1,3,1.27804899215698,0.461225986480713,1.97628402709961,0.426016330718994,47.61004114151,STATISVM7,12,12,1,2026-10-08 15:40:25
nncl,nncl_numeric.search.cl_start,tuned_cl_start_s2026,j18,1,6,1.77757906913757,0.510769844055176,2.5324079990387,0.296263178189596,47.61004114151,STATISVM7,12,12,1,2026-10-08 15:40:25
nncl,nncl_numeric.search.cl_start,tuned_cl_start_s2026,j19,1,3,1.26146197319031,0.549149036407471,2.02502608299255,0.420487324396769,47.61004114151,STATISVM7,12,12,1,2026-10-08 15:40:25
nncl,nncl_numeric.search.cl_start,tuned_cl_start_s2027,j1,1,3,1.29736280441284,0.534260988235474,2.0617208480835,0.432454268137614,48.4983432292938,STATISVM7,12,12,1,2026-10-08 15:41:14
nncl,nncl_numeric.search.cl_start,tuned_cl_start_s2027,j2,1,10,2.00630593299866,0.498270034790039,2.73088002204895,0.200630593299866,48.4983432292938,STATISVM7,12,12,1,2026-10-08 15:41:14
nncl,nncl_numeric.search.cl_start,tuned_cl_start_s2027,j3,1,10,1.99791383743286,0.535082101821899,2.75178503990173,0.199791383743286,48.4983432292938,STATISVM7,12,12,1,2026-10-08 15:41:14
nncl,nncl_numeric.search.cl_start,tuned_cl_start_s2027,j4,1,9,1.97677302360535,0.564704895019531,2.76957201957703,0.219641447067261,48.4983432292938,STATISVM7,12,12,1,2026-10-08 15:41:14
nncl,nncl_numeric.search.cl_start,tuned_cl_start_s2027,j5,1,10,2.2013578414917,0.584038972854614,3.07896995544434,0.22013578414917,48.4983432292938,STATISVM7,12,12,1,2026-10-08 15:41:14
nncl,nncl_numeric.search.cl_start,tuned_cl_start_s2027,j6,1,10,2.06926703453064,0.5640869140625,2.85246109962463,0.206926703453064,48.4983432292938,STATISVM7,12,12,1,2026-10-08 15:41:14
nncl,nncl_numeric.search.cl_start,tuned_cl_start_s2027,j7,1,10,2.17593598365784,0.559738874435425,2.96205902099609,0.217593598365784,48.4983432292938,STATISVM7,12,12,1,2026-10-08 15:41:14
nncl,nncl_numeric.search.cl_start,tuned_cl_start_s2027,j8,1,10,2.21031785011292,0.584902048110962,3.03251004219055,0.221031785011292,48.4983432292938,STATISVM7,12,12,1,2026-10-08 15:41:14
nncl,nncl_numeric.search.cl_start,tuned_cl_start_s2027,j9,1,4,1.47645902633667,0.583662033081055,2.3196280002594,0.369114756584168,48.4983432292938,STATISVM7,12,12,1,2026-10-08 15:41:14
nncl,nncl_numeric.search.cl_start,tuned_cl_start_s2027,j10,1,3,1.32825994491577,0.638599157333374,2.22045493125916,0.442753314971924,48.4983432292938,STATISVM7,12,12,1,2026-10-08 15:41:14
nncl,nncl_numeric.search.cl_start,tuned_cl_start_s2027,j11,1,3,1.46246886253357,0.671406984329224,2.39522385597229,0.487489620844523,48.4983432292938,STATISVM7,12,12,1,2026-10-08 15:41:14
nncl,nncl_numeric.search.cl_start,tuned_cl_start_s2027,j12,1,5,1.75496387481689,0.708625078201294,2.75844812393189,0.350992774963379,48.4983432292938,STATISVM7,12,12,1,2026-10-08 15:41:14
nncl,nncl_numeric.search.cl_start,tuned_cl_start_s2027,j13,1,5,1.82086181640625,0.684682130813599,2.70890712738037,0.36417236328125,48.4983432292938,STATISVM7,12,12,1,2026-10-08 15:41:14
nncl,nncl_numeric.search.cl_start,tuned_cl_start_s2027,j14,1,3,1.43656802177429,0.608947992324829,2.32575607299805,0.478856007258097,48.4983432292938,STATISVM7,12,12,1,2026-10-08 15:41:14
nncl,nncl_numeric.search.cl_start,tuned_cl_start_s2027,j15,1,3,1.29476189613342,0.66262698173523,2.21352791786194,0.431587298711141,48.4983432292938,STATISVM7,12,12,1,2026-10-08 15:41:14
nncl,nncl_numeric.search.cl_start,tuned_cl_start_s2027,j16,1,3,1.3596670627594,0.628729104995728,2.2266161441803,0.453222354253133,48.4983432292938,STATISVM7,12,12,1,2026-10-08 15:41:14
nncl,nncl_numeric.search.cl_start,tuned_cl_start_s2027,j17,1,3,1.37392401695251,0.6598060131073,2.27364110946655,0.457974672317505,48.4983432292938,STATISVM7,12,12,1,2026-10-08 15:41:14
nncl,nncl_numeric.search.cl_start,tuned_cl_start_s2027,j18,1,5,1.62069010734558,0.707283020019531,2.55733299255371,0.324138021469116,48.4983432292938,STATISVM7,12,12,1,2026-10-08 15:41:14
nncl,nncl_numeric.search.cl_start,tuned_cl_start_s2027,j19,1,3,1.30579900741577,0.69774603843689,2.25884890556335,0.435266335805257,48.4983432292938,STATISVM7,12,12,1,2026-10-08 15:41:14
nncl,nncl_numeric.search.early_stop,tuned_early_stop_s2026,j1,1,10,2.29050803184509,0.619946002960205,3.15455794334412,0.229050803184509,61.7758903503418,STATISVM7,12,12,1,2026-10-08 15:42:14
nncl,nncl_numeric.search.early_stop,tuned_early_stop_s2026,j2,1,10,1.86375594139099,0.614420890808106,2.69003891944885,0.186375594139099,61.7758903503418,STATISVM7,12,12,1,2026-10-08 15:42:14
nncl,nncl_numeric.search.early_stop,tuned_early_stop_s2026,j3,1,10,2.49489188194275,0.595076084136963,3.32458090782166,0.249489188194275,61.7758903503418,STATISVM7,12,12,1,2026-10-08 15:42:14
nncl,nncl_numeric.search.early_stop,tuned_early_stop_s2026,j4,1,10,2.09313488006592,0.631579160690308,3.03785395622253,0.209313488006592,61.7758903503418,STATISVM7,12,12,1,2026-10-08 15:42:14
nncl,nncl_numeric.search.early_stop,tuned_early_stop_s2026,j5,1,10,2.29897904396057,0.700546026229858,3.2336220741272,0.229897904396057,61.7758903503418,STATISVM7,12,12,1,2026-10-08 15:42:14
nncl,nncl_numeric.search.early_stop,tuned_early_stop_s2026,j6,1,10,2.31606602668762,0.702759981155396,3.2487370967865,0.231606602668762,61.7758903503418,STATISVM7,12,12,1,2026-10-08 15:42:14
nncl,nncl_numeric.search.early_stop,tuned_early_stop_s2026,j7,1,10,1.93875694274902,0.705499887466431,2.86543393135071,0.193875694274902,61.7758903503418,STATISVM7,12,12,1,2026-10-08 15:42:14
nncl,nncl_numeric.search.early_stop,tuned_early_stop_s2026,j8,1,10,2.28805112838745,0.658685922622681,3.15619993209839,0.228805112838745,61.7758903503418,STATISVM7,12,12,1,2026-10-08 15:42:14
nncl,nncl_numeric.search.early_stop,tuned_early_stop_s2026,j9,1,10,2.21139287948608,0.69747805595398,3.12962603569031,0.221139287948608,61.7758903503418,STATISVM7,12,12,1,2026-10-08 15:42:14
nncl,nncl_numeric.search.early_stop,tuned_early_stop_s2026,j10,1,10,2.38024306297302,0.739806890487671,3.37187790870667,0.238024306297302,61.7758903503418,STATISVM7,12,12,1,2026-10-08 15:42:14
nncl,nncl_numeric.search.early_stop,tuned_early_stop_s2026,j11,1,10,2.25727891921997,0.810457944869995,3.29554796218872,0.225727891921997,61.7758903503418,STATISVM7,12,12,1,2026-10-08 15:42:14
nncl,nncl_numeric.search.early_stop,tuned_early_stop_s2026,j12,1,10,2.2258939743042,0.706868171691895,3.18169713020325,0.22258939743042,61.7758903503418,STATISVM7,12,12,1,2026-10-08 15:42:14
nncl,nncl_numeric.search.early_stop,tuned_early_stop_s2026,j13,1,10,2.50604701042175,0.814759016036987,3.5713222026825,0.250604701042175,61.7758903503418,STATISVM7,12,12,1,2026-10-08 15:42:14
nncl,nncl_numeric.search.early_stop,tuned_early_stop_s2026,j14,1,10,2.3853771686554,0.827855825424194,3.45510101318359,0.23853771686554,61.7758903503418,STATISVM7,12,12,1,2026-10-08 15:42:14
nncl,nncl_numeric.search.early_stop,tuned_early_stop_s2026,j15,1,10,2.41156196594238,0.785672903060913,3.46361899375916,0.241156196594238,61.7758903503418,STATISVM7,12,12,1,2026-10-08 15:42:14
nncl,nncl_numeric.search.early_stop,tuned_early_stop_s2026,j16,1,10,2.22383809089661,0.821553945541382,3.26654005050659,0.222383809089661,61.7758903503418,STATISVM7,12,12,1,2026-10-08 15:42:14
nncl,nncl_numeric.search.early_stop,tuned_early_stop_s2026,j17,1,10,2.42268896102905,0.829475164413452,3.51129508018494,0.242268896102905,61.7758903503418,STATISVM7,12,12,1,2026-10-08 15:42:14
nncl,nncl_numeric.search.early_stop,tuned_early_stop_s2026,j18,1,10,2.38554000854492,0.83169412612915,3.44389915466309,0.238554000854492,61.7758903503418,STATISVM7,12,12,1,2026-10-08 15:42:14
nncl,nncl_numeric.search.early_stop,tuned_early_stop_s2026,j19,1,10,2.31259703636169,0.818670034408569,3.37434005737305,0.231259703636169,61.7758903503418,STATISVM7,12,12,1,2026-10-08 15:42:14
nncl,nncl_numeric.search.early_stop,tuned_early_stop_s2027,j1,1,10,2.3499608039856,0.845749139785767,3.42286205291748,0.23499608039856,64.5790455341339,STATISVM7,12,12,1,2026-10-08 15:43:19
nncl,nncl_numeric.search.early_stop,tuned_early_stop_s2027,j2,1,10,2.25659894943237,0.815165996551514,3.3213050365448,0.225659894943237,64.5790455341339,STATISVM7,12,12,1,2026-10-08 15:43:19
nncl,nncl_numeric.search.early_stop,tuned_early_stop_s2027,j3,1,10,2.23895692825317,0.906414985656738,3.39301586151123,0.223895692825317,64.5790455341339,STATISVM7,12,12,1,2026-10-08 15:43:19
nncl,nncl_numeric.search.early_stop,tuned_early_stop_s2027,j4,1,10,2.44603705406189,0.853487014770508,3.51889514923096,0.244603705406189,64.5790455341339,STATISVM7,12,12,1,2026-10-08 15:43:19
nncl,nncl_numeric.search.early_stop,tuned_early_stop_s2027,j5,1,10,2.23834013938904,0.867024898529053,3.35539603233337,0.223834013938904,64.5790455341339,STATISVM7,12,12,1,2026-10-08 15:43:19
nncl,nncl_numeric.search.early_stop,tuned_early_stop_s2027,j6,1,10,2.42734479904175,0.874088048934937,3.57383298873901,0.242734479904175,64.5790455341339,STATISVM7,12,12,1,2026-10-08 15:43:19
nncl,nncl_numeric.search.early_stop,tuned_early_stop_s2027,j7,1,10,2.22588706016541,1.02568387985229,3.48353004455566,0.222588706016541,64.5790455341339,STATISVM7,12,12,1,2026-10-08 15:43:19
nncl,nncl_numeric.search.early_stop,tuned_early_stop_s2027,j8,1,10,2.16970610618591,0.839332818984985,3.25088286399841,0.216970610618591,64.5790455341339,STATISVM7,12,12,1,2026-10-08 15:43:19
nncl,nncl_numeric.search.early_stop,tuned_early_stop_s2027,j9,1,10,2.43331003189087,0.83005690574646,3.63252592086792,0.243331003189087,64.5790455341339,STATISVM7,12,12,1,2026-10-08 15:43:19
nncl,nncl_numeric.search.early_stop,tuned_early_stop_s2027,j10,1,10,2.14033579826355,0.918467044830322,3.28805184364319,0.214033579826355,64.5790455341339,STATISVM7,12,12,1,2026-10-08 15:43:19
nncl,nncl_numeric.search.early_stop,tuned_early_stop_s2027,j11,1,10,2.4101390838623,0.874711036682129,3.54780101776123,0.24101390838623,64.5790455341339,STATISVM7,12,12,1,2026-10-08 15:43:19
nncl,nncl_numeric.search.early_stop,tuned_early_stop_s2027,j12,1,10,2.3069441318512,0.900144815444946,3.45509195327759,0.23069441318512,64.5790455341339,STATISVM7,12,12,1,2026-10-08 15:43:19
nncl,nncl_numeric.search.early_stop,tuned_early_stop_s2027,j13,1,10,2.08908987045288,0.872182130813599,3.17382121086121,0.208908987045288,64.5790455341339,STATISVM7,12,12,1,2026-10-08 15:43:19
nncl,nncl_numeric.search.early_stop,tuned_early_stop_s2027,j14,1,10,2.32322001457214,0.887166976928711,3.42947196960449,0.232322001457214,64.5790455341339,STATISVM7,12,12,1,2026-10-08 15:43:19
nncl,nncl_numeric.search.early_stop,tuned_early_stop_s2027,j15,1,10,2.41620993614197,0.855082988739014,3.50336503982544,0.241620993614197,64.5790455341339,STATISVM7,12,12,1,2026-10-08 15:43:19
nncl,nncl_numeric.search.early_stop,tuned_early_stop_s2027,j16,1,10,2.16070604324341,0.884979963302612,3.25625681877136,0.216070604324341,64.5790455341339,STATISVM7,12,12,1,2026-10-08 15:43:19
nncl,nncl_numeric.search.early_stop,tuned_early_stop_s2027,j17,1,10,2.2840461730957,0.913199901580811,3.42916488647461,0.22840461730957,64.5790455341339,STATISVM7,12,12,1,2026-10-08 15:43:19
nncl,nncl_numeric.search.early_stop,tuned_early_stop_s2027,j18,1,10,2.14857816696167,0.935881853103638,3.2919819355011,0.214857816696167,64.5790455341339,STATISVM7,12,12,1,2026-10-08 15:43:19
nncl,nncl_numeric.search.early_stop,tuned_early_stop_s2027,j19,1,10,2.10402297973633,0.901531934738159,3.25179290771484,0.210402297973633,64.5790455341339,STATISVM7,12,12,1,2026-10-08 15:43:19
nncl,nncl_numeric.search.paper,tuned_paper_s2026,j1,1,5,1.65359902381897,0.846752882003784,2.79760599136353,0.330719804763794,46.2538652420044,STATISVM7,12,12,1,2026-10-08 15:35:15
nncl,nncl_numeric.search.paper,tuned_paper_s2026,j2,1,5,1.41792893409729,0.775822162628174,2.41842603683472,0.283585786819458,46.2538652420044,STATISVM7,12,12,1,2026-10-08 15:35:15
nncl,nncl_numeric.search.paper,tuned_paper_s2026,j3,1,5,1.22914409637451,0.84503984451294,2.27704381942749,0.245828819274902,46.2538652420044,STATISVM7,12,12,1,2026-10-08 15:35:15
nncl,nncl_numeric.search.paper,tuned_paper_s2026,j4,1,5,1.34377813339233,0.759718894958496,2.31851387023926,0.268755626678467,46.2538652420044,STATISVM7,12,12,1,2026-10-08 15:35:15
nncl,nncl_numeric.search.paper,tuned_paper_s2026,j5,1,5,1.34617710113525,0.769649028778076,2.35550093650818,0.269235420227051,46.2538652420044,STATISVM7,12,12,1,2026-10-08 15:35:15
nncl,nncl_numeric.search.paper,tuned_paper_s2026,j6,1,5,1.15618109703064,0.774291038513184,2.13418292999268,0.231236219406128,46.2538652420044,STATISVM7,12,12,1,2026-10-08 15:35:15
nncl,nncl_numeric.search.paper,tuned_paper_s2026,j7,1,5,1.24129199981689,0.815516948699951,2.28674292564392,0.248258399963379,46.2538652420044,STATISVM7,12,12,1,2026-10-08 15:35:15
nncl,nncl_numeric.search.paper,tuned_paper_s2026,j8,1,5,1.19640803337097,0.754939079284668,2.16337299346924,0.239281606674194,46.2538652420044,STATISVM7,12,12,1,2026-10-08 15:35:15
nncl,nncl_numeric.search.paper,tuned_paper_s2026,j9,1,5,1.28588891029358,0.844235181808472,2.36943197250366,0.257177782058716,46.2538652420044,STATISVM7,12,12,1,2026-10-08 15:35:15
nncl,nncl_numeric.search.paper,tuned_paper_s2026,j10,1,5,1.19413805007935,0.770419836044312,2.18053698539734,0.238827610015869,46.2538652420044,STATISVM7,12,12,1,2026-10-08 15:35:15
nncl,nncl_numeric.search.paper,tuned_paper_s2026,j11,1,5,1.26651382446289,0.784377098083496,2.28428602218628,0.253302764892578,46.2538652420044,STATISVM7,12,12,1,2026-10-08 15:35:15
nncl,nncl_numeric.search.paper,tuned_paper_s2026,j12,1,5,1.49678492546082,0.957681894302368,2.69032096862793,0.299356985092163,46.2538652420044,STATISVM7,12,12,1,2026-10-08 15:35:15
nncl,nncl_numeric.search.paper,tuned_paper_s2026,j13,1,5,1.75984597206116,0.878504037857056,2.86805105209351,0.351969194412231,46.2538652420044,STATISVM7,12,12,1,2026-10-08 15:35:15
nncl,nncl_numeric.search.paper,tuned_paper_s2026,j14,1,5,1.43966603279114,0.894519805908203,2.54613280296326,0.287933206558228,46.2538652420044,STATISVM7,12,12,1,2026-10-08 15:35:15
nncl,nncl_numeric.search.paper,tuned_paper_s2026,j15,1,5,1.30080008506775,0.822509050369263,2.33424401283264,0.26016001701355,46.2538652420044,STATISVM7,12,12,1,2026-10-08 15:35:15
nncl,nncl_numeric.search.paper,tuned_paper_s2026,j16,1,5,1.20577192306519,0.851207971572876,2.36911511421204,0.241154384613037,46.2538652420044,STATISVM7,12,12,1,2026-10-08 15:35:15
nncl,nncl_numeric.search.paper,tuned_paper_s2026,j17,1,5,1.65591907501221,0.911334991455078,2.79350686073303,0.331183815002441,46.2538652420044,STATISVM7,12,12,1,2026-10-08 15:35:15
nncl,nncl_numeric.search.paper,tuned_paper_s2026,j18,1,5,1.47083687782288,0.916046142578125,2.63078498840332,0.294167375564575,46.2538652420044,STATISVM7,12,12,1,2026-10-08 15:35:15
nncl,nncl_numeric.search.paper,tuned_paper_s2026,j19,1,5,1.40177488327026,0.806600093841553,2.43606495857239,0.280354976654053,46.2538652420044,STATISVM7,12,12,1,2026-10-08 15:35:15
nncl,nncl_numeric.search.paper,tuned_paper_s2027,j1,1,5,1.37385106086731,0.658336877822876,2.29292702674866,0.274770212173462,38.3326630592346,STATISVM7,12,12,1,2026-10-08 15:40:16
nncl,nncl_numeric.search.paper,tuned_paper_s2027,j2,1,5,1.45546197891235,0.411267995834351,2.12319684028626,0.291092395782471,38.3326630592346,STATISVM7,12,12,1,2026-10-08 15:40:16
nncl,nncl_numeric.search.paper,tuned_paper_s2027,j3,1,5,1.50997495651245,0.435659885406494,2.17519283294678,0.30199499130249,38.3326630592346,STATISVM7,12,12,1,2026-10-08 15:40:16
nncl,nncl_numeric.search.paper,tuned_paper_s2027,j4,1,5,1.35191893577576,0.438812017440796,1.98628401756287,0.270383787155151,38.3326630592346,STATISVM7,12,12,1,2026-10-08 15:40:16
nncl,nncl_numeric.search.paper,tuned_paper_s2027,j5,1,5,1.16262006759644,0.430890083312988,1.82446813583374,0.232524013519287,38.3326630592346,STATISVM7,12,12,1,2026-10-08 15:40:16
nncl,nncl_numeric.search.paper,tuned_paper_s2027,j6,1,5,1.24114012718201,0.400822877883911,1.85824298858643,0.248228025436401,38.3326630592346,STATISVM7,12,12,1,2026-10-08 15:40:16
nncl,nncl_numeric.search.paper,tuned_paper_s2027,j7,1,5,1.34086418151855,0.439389944076538,1.99721193313599,0.268172836303711,38.3326630592346,STATISVM7,12,12,1,2026-10-08 15:40:16
nncl,nncl_numeric.search.paper,tuned_paper_s2027,j8,1,5,1.27864217758179,0.412501811981201,1.93080878257751,0.255728435516357,38.3326630592346,STATISVM7,12,12,1,2026-10-08 15:40:16
nncl,nncl_numeric.search.paper,tuned_paper_s2027,j9,1,5,1.45179605484009,0.481483936309815,2.17815399169922,0.290359210968018,38.3326630592346,STATISVM7,12,12,1,2026-10-08 15:40:16
nncl,nncl_numeric.search.paper,tuned_paper_s2027,j10,1,5,1.35109877586365,0.446084022521973,1.99539589881897,0.27021975517273,38.3326630592346,STATISVM7,12,12,1,2026-10-08 15:40:16
nncl,nncl_numeric.search.paper,tuned_paper_s2027,j11,1,5,1.29713702201843,0.442487001419067,1.96477913856506,0.259427404403687,38.3326630592346,STATISVM7,12,12,1,2026-10-08 15:40:16
nncl,nncl_numeric.search.paper,tuned_paper_s2027,j12,1,5,1.29922389984131,0.446635007858276,1.98164081573486,0.259844779968262,38.3326630592346,STATISVM7,12,12,1,2026-10-08 15:40:16
nncl,nncl_numeric.search.paper,tuned_paper_s2027,j13,1,5,1.33462190628052,0.456562995910645,2.0174458026886,0.266924381256104,38.3326630592346,STATISVM7,12,12,1,2026-10-08 15:40:16
nncl,nncl_numeric.search.paper,tuned_paper_s2027,j14,1,5,1.25321006774902,0.472019910812378,1.92912292480469,0.250642013549805,38.3326630592346,STATISVM7,12,12,1,2026-10-08 15:40:16
nncl,nncl_numeric.search.paper,tuned_paper_s2027,j15,1,5,1.1931619644165,0.441397905349731,1.94357299804688,0.238632392883301,38.3326630592346,STATISVM7,12,12,1,2026-10-08 15:40:16
nncl,nncl_numeric.search.paper,tuned_paper_s2027,j16,1,5,1.46203517913818,0.527620792388916,2.21940398216248,0.292407035827637,38.3326630592346,STATISVM7,12,12,1,2026-10-08 15:40:16
nncl,nncl_numeric.search.paper,tuned_paper_s2027,j17,1,5,1.18498086929321,0.441468000411987,1.86198782920837,0.236996173858643,38.3326630592346,STATISVM7,12,12,1,2026-10-08 15:40:16
nncl,nncl_numeric.search.paper,tuned_paper_s2027,j18,1,5,1.30023980140686,0.462520122528076,1.99533200263977,0.260047960281372,38.3326630592346,STATISVM7,12,12,1,2026-10-08 15:40:16
nncl,nncl_numeric.search.paper,tuned_paper_s2027,j19,1,5,1.27288198471069,0.496541976928711,2.0574951171875,0.254576396942139,38.3326630592346,STATISVM7,12,12,1,2026-10-08 15:40:16
nncl,nncl_numeric.search.cl_start,dropout=0.1,seed 2026 origin 15,14,,23.3887467384338,,,,88.2559158802033,STATISVM7,12,12,1,2026-10-08 15:34:54
nncl,nncl_numeric.search.cl_start,dropout=0.1,seed 2026 origin 18,17,,33.9594957828522,,,,88.2559158802033,STATISVM7,12,12,1,2026-10-08 15:34:54
nncl,nncl_numeric.search.cl_start,dropout=0,seed 2026 origin 15,14,,21.4610505104065,,,,84.5271389484406,STATISVM7,12,12,1,2026-10-08 15:33:25
nncl,nncl_numeric.search.cl_start,dropout=0,seed 2026 origin 18,17,,32.7203726768494,,,,84.5271389484406,STATISVM7,12,12,1,2026-10-08 15:33:25
nncl,nncl_numeric.search.early_stop,dropout=0.1,seed 2026 origin 15,14,,32.1132020950317,,,,103.429443120956,STATISVM7,12,12,1,2026-10-08 15:41:12
nncl,nncl_numeric.search.early_stop,dropout=0.1,seed 2026 origin 18,17,,38.1169667243958,,,,103.429443120956,STATISVM7,12,12,1,2026-10-08 15:41:12
nncl,nncl_numeric.search.early_stop,dropout=0,seed 2026 origin 15,14,,30.5647737979889,,,,97.9698469638824,STATISVM7,12,12,1,2026-10-08 15:33:44
nncl,nncl_numeric.search.early_stop,dropout=0,seed 2026 origin 18,17,,37.200204372406,,,,97.9698469638824,STATISVM7,12,12,1,2026-10-08 15:33:44
nncl,nncl_numeric.search.paper,"dropout=0.1, hidden=20, activation=tanh",seed 2026 origin 15,14,,19.4794704914093,,,,71.7761709690094,STATISVM7,12,12,1,2026-10-08 15:34:28
nncl,nncl_numeric.search.paper,"dropout=0.1, hidden=20, activation=tanh",seed 2026 origin 18,17,,23.9612998962402,,,,71.7761709690094,STATISVM7,12,12,1,2026-10-08 15:34:28
nncl,nncl_numeric.search.paper,"dropout=0, hidden=20, activation=tanh",seed 2026 origin 15,14,,17.3872232437134,,,,69.7159631252289,STATISVM7,12,12,1,2026-10-08 15:33:16
nncl,nncl_numeric.search.paper,"dropout=0, hidden=20, activation=tanh",seed 2026 origin 18,17,,22.9727058410645,,,,69.7159631252289,STATISVM7,12,12,1,2026-10-08 15:33:16
